"ID","SpellID","ModalNextSpell","SpellClassSet","SpellClassMask_0","SpellClassMask_1","SpellClassMask_2","SpellClassMask_3"
"43436","543","0","3","8","0","0","0"
"43437","633","0","10","32768","0","0","0"
"43438","172","0","5","2","0","0","0"
"43439","403","0","11","1","0","0","0"
"43440","597","0","3","1073741824","0","0","0"
"43441","598","0","6","128","0","0","0"
"43442","139","0","6","64","0","0","0"
"43443","136","0","9","8388608","0","0","0"
"43445","130","0","3","-2147483648","0","0","0"
"43446","71","0","4","8388608","0","0","0"
"43447","585","0","6","128","0","0","0"
"43448","586","0","6","16384","4096","0","0"
"43449","587","0","3","1073741824","0","0","0"
"43450","688","0","5","536870912","0","0","0"
"43451","99","0","7","8","0","0","0"
"43452","10","0","3","524416","0","0","0"
"43453","467","0","7","256","0","0","0"
"43454","116","0","3","1572896","0","0","0"
"43455","133","0","3","1","0","0","0"
"43456","143","0","3","1","0","0","0"
"43457","145","0","3","1","0","0","0"
"43458","547","0","11","64","0","0","0"
"43459","548","0","11","1","0","0","0"
"43461","635","0","10","-2147483648","0","0","0"
"43462","465","0","10","64","0","0","0"
"43463","589","0","6","32768","0","0","0"
"43464","53","0","8","8388612","0","0","0"
"43466","603","0","5","0","2","0","0"
"43467","689","0","5","8","0","0","0"
"43468","591","0","6","128","0","0","0"
"43469","339","0","7","512","0","0","0"
"43470","724","0","6","1073741824","0","0","0"
"43471","596","0","6","512","0","0","0"
"43472","552","0","6","0","1","0","0"
"43473","594","0","6","32768","0","0","0"
"43474","75","0","9","1","0","0","0"
"43476","408","0","8","2097152","0","0","0"
"43477","421","0","11","2","0","0","0"
"43478","639","0","10","-2147483648","0","0","0"
"43479","526","0","11","0","8","0","0"
"43480","78","0","4","64","0","0","0"
"43481","100","0","4","1","0","0","0"
"43482","453","0","6","0","64","0","0"
"43483","122","0","3","524352","0","0","0"
"43484","285","0","4","64","0","0","0"
"43489","602","0","6","2","0","0","0"
"43490","921","0","8","-2147483648","0","0","0"
"43491","913","0","11","64","0","0","0"
"43492","982","0","9","16777216","0","0","0"
"43493","984","0","6","128","0","0","0"
"43494","527","0","6","0","1","0","0"
"43495","528","0","6","0","1","0","0"
"43496","693","0","5","1048576","0","0","0"
"43497","853","0","10","2048","0","0","0"
"43501","66","0","3","-2147483648","0","0","0"
"43502","697","0","5","536870912","0","0","0"
"43503","779","0","7","0","1048576","0","0"
"43504","1026","0","10","-2147483648","0","0","0"
"43505","695","0","5","1","0","0","0"
"43506","780","0","7","0","1048576","0","0"
"43507","781","0","9","0","16384","0","0"
"43508","930","0","11","2","0","0","0"
"43509","686","0","5","1","0","0","0"
"43510","707","0","5","4","0","0","0"
"43511","709","0","5","8","0","0","0"
"43512","647","0","10","-2147483648","0","0","0"
"43513","783","0","7","0","16384","0","0"
"43515","772","0","4","32","0","0","0"
"43516","915","0","11","1","0","0","0"
"43517","1094","0","5","4","0","0","0"
"43518","1042","0","10","-2147483648","0","0","0"
"43519","703","0","8","256","0","0","0"
"43520","529","0","11","1","0","0","0"
"43521","782","0","7","256","0","0","0"
"43522","943","0","11","1","0","0","0"
"43523","1002","0","9","4194304","0","0","0"
"43524","1004","0","6","128","0","0","0"
"43525","604","0","3","8192","0","0","0"
"43526","605","0","6","131072","0","0","0"
"43527","837","0","3","1572896","0","0","0"
"43528","72","0","4","2048","0","0","0"
"43529","1714","0","5","-2147483648","0","0","0"
"43530","845","0","4","4194304","0","0","0"
"43532","691","0","5","536870912","0","0","0"
"43533","588","0","6","2","0","0","0"
"43534","1008","0","3","8192","0","0","0"
"43535","1010","0","5","-2147483648","0","0","0"
"43537","348","0","5","4","0","0","0"
"43538","355","0","4","32768","0","0","0"
"43539","370","0","11","0","2048","0","0"
"43540","676","0","4","512","0","0","0"
"43541","712","0","5","536870912","0","0","0"
"43543","759","0","3","1073741824","0","0","0"
"43544","871","0","4","8192","0","0","0"
"43545","284","0","4","64","0","0","0"
"43546","755","0","5","16777216","0","0","0"
"43547","865","0","3","524352","0","0","0"
"43548","1430","0","7","16","0","0","0"
"43549","939","0","11","64","0","0","0"
"43550","475","0","3","-2147483648","0","0","0"
"43551","1044","0","10","268435472","0","0","0"
"43552","905","0","11","1024","0","0","0"
"43553","324","0","11","1024","0","0","0"
"43554","331","0","11","64","0","0","0"
"43555","332","0","11","64","0","0","0"
"43556","1490","0","5","0","512","0","0"
"43557","205","0","3","1572896","0","0","0"
"43559","1108","0","5","32768","0","0","0"
"43560","1735","0","7","8","0","0","0"
"43561","1075","0","7","256","0","0","0"
"43562","3034","75","9","0","128","0","0"
"43563","1760","0","8","8388610","0","0","0"
"43564","2060","0","6","4096","0","0","0"
"43565","2061","0","6","2048","0","0","0"
"43566","1671","0","4","2048","0","0","0"
"43567","1672","0","4","2048","0","0","0"
"43568","1454","0","5","262144","0","0","0"
"43570","1978","75","9","16384","0","0","0"
"43571","1842","0","8","-2147483648","0","0","0"
"43572","1456","0","5","262144","0","0","0"
"43573","1766","0","8","16","0","0","0"
"43575","1776","0","8","8","0","0","0"
"43576","1767","0","8","16","0","0","0"
"43577","1768","0","8","16","0","0","0"
"43578","1769","0","8","16","0","0","0"
"43579","1244","0","6","8","0","0","0"
"43580","2687","0","4","256","0","0","0"
"43581","1161","0","4","524288","0","0","0"
"43582","774","0","7","16","0","0","0"
"43583","1082","0","7","4096","0","0","0"
"43585","3045","0","9","32","0","0","0"
"43586","959","0","11","64","0","0","0"
"43587","2791","0","6","8","0","0","0"
"43588","1088","0","5","1","0","0","0"
"43590","1459","0","3","1024","0","0","0"
"43591","1460","0","3","1024","0","0","0"
"43593","768","0","7","-2147483648","0","0","0"
"43594","769","0","7","0","1048576","0","0"
"43595","770","0","7","1024","0","0","0"
"43596","2098","0","8","8519680","0","0","0"
"43599","1014","0","5","1024","0","0","0"
"43600","1062","0","7","512","0","0","0"
"43601","1064","0","11","256","0","0","0"
"43602","2589","0","8","8388612","0","0","0"
"43603","2590","0","8","8388612","0","0","0"
"43606","2565","0","4","4096","0","0","0"
"43607","3029","0","7","4096","0","0","0"
"43608","1449","0","3","4096","0","0","0"
"43609","1495","0","9","2","0","0","0"
"43610","1680","0","4","0","4","0","0"
"43611","1757","0","8","8388610","0","0","0"
"43612","1758","0","8","8388610","0","0","0"
"43613","2591","0","8","8388612","0","0","0"
"43614","1455","0","5","262144","0","0","0"
"43615","1725","0","8","4096","0","0","0"
"43616","1160","0","4","131072","0","0","0"
"43617","988","0","6","0","1","0","0"
"43618","990","0","3","1073741824","0","0","0"
"43619","1786","0","8","4194304","0","0","0"
"43620","7386","0","4","16384","0","0","0"
"43621","1787","0","8","4194304","0","0","0"
"43622","699","0","5","8","0","0","0"
"43623","740","0","7","128","0","0","0"
"43624","1784","0","8","4194304","0","0","0"
"43625","1066","0","7","536870912","0","0","0"
"43627","1785","0","8","4194304","0","0","0"
"43628","1706","0","6","-2147483648","4096","0","0"
"43629","976","0","6","256","0","0","0"
"43630","1243","0","6","8","0","0","0"
"43631","1535","0","11","671088640","0","0","0"
"43633","1499","0","9","128","0","0","0"
"43634","778","0","7","1024","0","0","0"
"43635","2094","0","8","16777216","0","0","0"
"43636","1130","0","9","1024","0","0","0"
"43637","1245","0","6","8","0","0","0"
"43638","1463","0","3","32768","0","0","0"
"43639","1106","0","5","1","0","0","0"
"43640","1461","0","3","1024","0","0","0"
"43641","1058","0","7","16","0","0","0"
"43642","1464","0","4","2097152","0","0","0"
"43643","1777","0","8","8","0","0","0"
"43644","2006","0","6","1073741824","0","0","0"
"43646","1608","0","4","64","0","0","0"
"43647","1022","0","10","128","0","0","0"
"43648","1038","0","10","256","0","0","0"
"43649","1098","0","5","2048","0","0","0"
"43650","996","0","6","512","0","0","0"
"43651","970","0","6","32768","0","0","0"
"43652","1715","0","4","2","0","0","0"
"43653","1543","0","9","0","32768","0","0"
"43654","1120","0","5","16384","0","0","0"
"43655","1152","0","10","4096","0","0","0"
"43656","2908","0","7","16777216","131072","0","0"
"43657","2912","0","7","4","0","0","0"
"43659","9592","0","6","16384","4096","0","0"
"43660","2870","0","11","0","8","0","0"
"43661","2941","0","5","4","0","0","0"
"43662","2944","0","6","33554432","4096","0","0"
"43663","8423","0","3","4","0","0","0"
"43664","2120","0","3","4","0","0","0"
"43665","2138","0","3","2","0","0","0"
"43666","2983","0","8","64","0","0","0"
"43667","2943","0","6","524288","0","0","0"
"43669","2139","0","3","16384","0","0","0"
"43670","3747","0","6","1","0","0","0"
"43671","1759","0","8","8388610","0","0","0"
"43672","2973","0","9","2","0","0","0"
"43673","1126","0","7","262144","0","0","0"
"43674","1510","0","9","8192","0","0","0"
"43675","3043","75","9","32768","0","0","0"
"43676","3025","0","7","134217728","0","0","0"
"43677","2652","0","6","-2080374784","4096","0","0"
"43678","3044","75","9","2048","0","0","0"
"43680","2974","0","9","64","0","0","0"
"43684","1752","0","8","8388610","0","0","0"
"43687","2643","75","9","4096","0","0","0"
"43689","2121","0","3","4","0","0","0"
"43690","2767","0","6","32768","0","0","0"
"43691","1824","0","7","4096","0","0","0"
"43693","2782","0","7","0","4194304","0","0"
"43694","2008","0","11","0","0","0","0"
"43695","2645","0","11","2048","0","0","0"
"43696","1949","0","5","64","0","0","0"
"43697","2457","0","4","8388608","0","0","0"
"43698","2362","0","5","1048576","0","0","0"
"43699","2054","0","6","1024","0","0","0"
"43700","2055","0","6","1024","0","0","0"
"43701","1943","0","8","1048576","0","0","0"
"43703","2010","0","6","1073741824","0","0","0"
"43704","2800","0","10","32768","0","0","0"
"43705","1856","0","8","2048","0","0","0"
"43707","1823","0","7","4096","0","0","0"
"43708","2484","0","11","536870912","0","0","0"
"43709","2090","0","7","16","0","0","0"
"43710","2137","0","3","2","0","0","0"
"43711","2893","0","7","0","4","0","0"
"43712","2637","0","7","16777216","131072","0","0"
"43713","2096","0","6","67108864","0","0","0"
"43714","2947","0","5","8388608","0","0","0"
"43715","2948","0","3","16","0","0","0"
"43716","2050","0","6","262144","0","0","0"
"43717","2052","0","6","262144","0","0","0"
"43718","2070","0","8","128","0","0","0"
"43719","2091","0","7","16","0","0","0"
"43720","2651","0","6","-2147483648","4096","0","0"
"43721","2053","0","6","262144","0","0","0"
"43722","2860","0","11","2","0","0","0"
"43724","2136","0","3","2","0","0","0"
"43725","8422","0","3","4","0","0","0"
"43726","1822","0","7","4096","0","0","0"
"43727","1833","0","8","1024","0","0","0"
"43728","1953","0","3","65536","0","0","0"
"43729","1857","0","8","2048","0","0","0"
"43734","3700","0","5","16777216","0","0","0"
"43737","3627","0","7","16","0","0","0"
"43738","3698","0","5","16777216","0","0","0"
"43740","3561","0","3","-2147483648","0","0","0"
"43743","3662","0","9","8388608","0","0","0"
"43746","3472","0","10","-2147483648","0","0","0"
"43747","9492","0","7","8388608","0","0","0"
"43749","3562","0","3","-2147483648","0","0","0"
"43750","3563","0","3","-2147483648","0","0","0"
"43751","3599","0","11","16","0","0","0"
"43753","3110","0","5","4096","0","0","0"
"43754","3111","0","9","8388608","0","0","0"
"43758","3674","75","0","0","0","0","0"
"43760","2458","0","4","8388608","0","0","0"
"43763","9490","0","7","8","0","0","0"
"43764","3565","0","3","-2147483648","0","0","0"
"43765","3552","0","3","1073741824","0","0","0"
"43766","3566","0","3","-2147483648","0","0","0"
"43767","3567","0","3","-2147483648","0","0","0"
"43768","3661","0","9","8388608","0","0","0"
"43769","3140","0","3","1","0","0","0"
"43770","5186","0","7","32","0","0","0"
"43772","5308","0","4","536870912","0","0","0"
"43773","5504","0","3","1073741824","0","0","0"
"43774","5505","0","3","1073741824","0","0","0"
"43775","5506","0","3","1073741824","0","0","0"
"43776","4987","0","10","4096","0","0","0"
"43777","5138","0","5","16","0","0","0"
"43778","5187","0","7","32","0","0","0"
"43779","5188","0","7","32","0","0","0"
"43780","5185","0","7","32","0","0","0"
"43786","3699","0","5","16777216","0","0","0"
"43788","3716","0","5","33554432","0","0","0"
"43792","5116","75","9","512","0","0","0"
"43793","5699","0","5","1048576","0","0","0"
"43794","6076","0","6","64","0","0","0"
"43795","5384","0","9","256","0","0","0"
"43796","5221","0","7","32768","0","0","0"
"43797","6074","0","6","64","0","0","0"
"43798","6075","0","6","64","0","0","0"
"43799","5189","0","7","32","0","0","0"
"43800","6060","0","6","128","0","0","0"
"43801","5242","0","4","65536","0","0","0"
"43802","6064","0","6","1024","0","0","0"
"43803","5196","0","7","512","0","0","0"
"43805","6117","0","3","268435456","0","0","0"
"43807","5195","0","7","512","0","0","0"
"43808","5484","0","5","0","8","0","0"
"43809","6077","0","6","64","0","0","0"
"43810","5730","0","11","8","0","0","0"
"43812","9889","0","7","32","0","0","0"
"43813","5421","0","7","0","0","0","0"
"43815","5143","0","3","2048","0","0","0"
"43816","5144","0","3","2048","0","0","0"
"43817","5201","0","7","4096","0","0","0"
"43818","5118","0","9","2097152","0","0","0"
"43819","6063","0","6","1024","0","0","0"
"43820","5394","0","11","524288","0","0","0"
"43821","9888","0","7","32","0","0","0"
"43822","5180","0","7","1","0","0","0"
"43823","5215","0","7","16384","0","0","0"
"43824","5229","0","7","524288","0","0","0"
"43825","5232","0","7","262144","0","0","0"
"43826","5176","0","7","1","0","0","0"
"43827","5177","0","7","1","0","0","0"
"43828","5178","0","7","1","0","0","0"
"43829","5179","0","7","1","0","0","0"
"43830","5211","0","7","8192","0","0","0"
"43831","6222","0","5","2","0","0","0"
"43833","5589","0","10","2048","0","0","0"
"43835","6127","0","3","1073741824","0","0","0"
"43836","6554","0","4","8","0","0","0"
"43838","5171","0","8","262144","0","0","0"
"43839","5588","0","10","2048","0","0","0"
"43843","6219","0","5","32","0","0","0"
"43845","6129","0","3","1073741824","0","0","0"
"43851","6940","0","10","268435456","0","0","0"
"43853","9752","0","7","8388608","0","0","0"
"43854","6307","0","5","8388608","0","0","0"
"43856","8417","0","3","2048","0","0","0"
"43857","8416","0","3","2048","0","0","0"
"43858","5487","0","7","1073741824","0","0","0"
"43859","5234","0","7","262144","0","0","0"
"43860","5277","0","8","32","0","0","0"
"43861","5782","0","5","0","1024","0","0"
"43862","9747","0","7","8","0","0","0"
"43863","6546","0","4","32","0","0","0"
"43864","6131","0","3","524352","0","0","0"
"43865","9749","0","7","1024","0","0","0"
"43866","9750","0","7","64","0","0","0"
"43867","5145","0","3","2048","0","0","0"
"43868","6495","0","11","536870912","0","0","0"
"43869","6078","0","6","64","0","0","0"
"43870","5246","0","4","262144","0","0","0"
"43872","6041","0","11","1","0","0","0"
"43874","6190","0","4","131072","0","0","0"
"43876","6141","0","3","524416","0","0","0"
"43877","6201","0","5","1048576","0","0","0"
"43878","5570","0","7","2097152","0","0","0"
"43879","6192","0","4","65536","0","0","0"
"43880","6065","0","6","1","0","0","0"
"43881","5740","0","5","32","0","0","0"
"43883","6202","0","5","1048576","0","0","0"
"43885","7294","0","10","8","0","0","0"
"43886","5676","0","5","256","0","0","0"
"43888","6392","0","11","8","0","0","0"
"43893","6785","0","7","65536","0","0","0"
"43894","6548","0","4","32","0","0","0"
"43896","6770","0","8","128","0","0","0"
"43898","6346","0","6","-2147483648","4096","0","0"
"43899","6783","0","7","16384","0","0","0"
"43902","6572","0","4","1024","0","0","0"
"43903","6547","0","4","32","0","0","0"
"43904","6363","0","11","16","0","0","0"
"43906","9745","0","7","2048","0","0","0"
"43907","6365","0","11","16","0","0","0"
"43908","6390","0","11","8","0","0","0"
"43910","7384","0","4","4","0","0","0"
"43911","6391","0","11","8","0","0","0"
"43912","6774","0","8","262144","0","0","0"
"43914","6213","0","5","0","1024","0","0"
"43918","7128","0","6","2","0","0","0"
"43919","7268","0","3","2097152","0","0","0"
"43920","7269","0","3","2097152","0","0","0"
"43921","8439","0","3","4096","0","0","0"
"43922","7270","0","3","2097152","0","0","0"
"43923","6760","0","8","8519680","0","0","0"
"43924","6756","0","7","262144","0","0","0"
"43925","6552","0","4","8","0","0","0"
"43926","6768","0","8","134217728","0","0","0"
"43927","6789","0","5","524288","0","0","0"
"43928","7301","0","3","34078720","0","0","0"
"43929","6364","0","11","16","0","0","0"
"43933","6205","0","5","32768","0","0","0"
"43934","6358","0","5","1073741824","0","0","0"
"43935","6226","0","5","16","0","0","0"
"43936","6223","0","5","2","0","0","0"
"43937","6143","0","3","524544","0","0","0"
"43938","8495","0","3","32768","0","0","0"
"43939","6673","0","4","65536","0","0","0"
"43940","6778","0","7","32","0","0","0"
"43941","6780","0","7","1","0","0","0"
"43942","6761","0","8","8519680","0","0","0"
"43943","6762","0","8","8519680","0","0","0"
"43944","6343","0","4","128","0","0","0"
"43945","6217","0","5","1024","0","0","0"
"43946","12042","0","3","0","0","0","0"
"43948","5675","0","11","524288","0","0","0"
"43949","6178","0","4","1","0","0","0"
"43950","6795","0","7","0","8","0","0"
"43955","6353","0","5","0","128","0","0"
"43956","6215","0","5","0","1024","0","0"
"43957","6366","0","5","1048576","0","0","0"
"43958","6360","0","5","1073741824","0","0","0"
"43959","6375","0","11","524288","0","0","0"
"43960","6377","0","11","524288","0","0","0"
"43961","6809","0","7","2048","0","0","0"
"43962","7300","0","3","34078720","0","0","0"
"43965","6798","0","7","8192","0","0","0"
"43966","6800","0","7","32768","0","0","0"
"43967","1006","0","6","2","0","0","0"
"43971","7648","0","5","2","0","0","0"
"43972","7641","0","5","1","0","0","0"
"43973","7870","0","5","1073741824","0","0","0"
"43975","8418","0","3","2097152","0","0","0"
"43976","7804","0","5","8388608","0","0","0"
"43977","992","0","6","32768","0","0","0"
"43978","7373","0","4","2","0","0","0"
"43979","7805","0","5","8388608","0","0","0"
"43980","8498","0","11","671088640","0","0","0"
"43981","8949","0","7","4","0","0","0"
"43982","8052","0","11","268435456","0","0","0"
"43983","8413","0","3","2","0","0","0"
"43984","5857","0","5","64","0","0","0"
"43985","5599","0","10","128","0","0","0"
"43986","6807","0","7","2048","0","0","0"
"43987","8044","0","11","1048576","0","0","0"
"43989","7887","0","4","4","0","0","0"
"43990","7799","0","5","4096","0","0","0"
"43991","7800","0","5","4096","0","0","0"
"43992","7801","0","5","4096","0","0","0"
"43993","7802","0","5","4096","0","0","0"
"43994","8444","0","3","16","0","0","0"
"43997","7402","0","4","134217728","0","0","0"
"43998","1032","0","10","64","0","0","0"
"43999","8972","0","7","2048","0","0","0"
"44000","8450","0","3","8192","0","0","0"
"44001","8951","0","7","4","0","0","0"
"44003","7302","0","3","34078720","0","0","0"
"44004","8012","0","11","0","2048","0","0"
"44005","8004","0","11","128","0","0","0"
"44006","8005","0","11","64","0","0","0"
"44007","7320","0","3","34078720","0","0","0"
"44009","168","0","3","34078720","0","0","0"
"44011","8010","0","11","128","0","0","0"
"44012","8955","0","7","16777216","131072","0","0"
"44013","6066","0","6","1","0","0","0"
"44014","7651","0","5","8","0","0","0"
"44015","1079","0","7","8388608","0","0","0"
"44017","7379","0","4","1024","0","0","0"
"44018","7400","0","4","134217728","0","0","0"
"44020","7816","0","5","8192","0","0","0"
"44022","8676","0","8","8389120","0","0","0"
"44023","8492","0","3","1573376","0","0","0"
"44024","8104","0","6","8192","0","0","0"
"44025","8455","0","3","8192","0","0","0"
"44026","8458","0","3","8","0","0","0"
"44029","8461","0","3","524544","0","0","0"
"44030","8512","0","11","536870912","0","0","0"
"44031","8438","0","3","4096","0","0","0"
"44032","9493","0","7","8388608","0","0","0"
"44034","8129","0","6","16","0","0","0"
"44035","8629","0","8","8","0","0","0"
"44036","8105","0","6","8192","0","0","0"
"44038","8462","0","3","524544","0","0","0"
"44039","8106","0","6","8192","0","0","0"
"44040","980","0","5","1024","0","0","0"
"44042","8045","0","11","1048576","0","0","0"
"44043","8631","0","8","256","0","0","0"
"44044","8437","0","3","4096","0","0","0"
"44045","8232","0","11","0","2048","0","0"
"44046","8075","0","11","536870912","0","0","0"
"44047","10054","0","3","1073741824","0","0","0"
"44049","8235","0","11","0","2048","0","0"
"44051","8419","0","3","2097152","0","0","0"
"44052","8632","0","8","256","0","0","0"
"44053","600","0","6","1","0","0","0"
"44054","8639","0","8","1048576","0","0","0"
"44055","8623","0","8","8519680","0","0","0"
"44056","10053","0","3","1073741824","0","0","0"
"44058","945","0","11","1024","0","0","0"
"44060","8160","0","11","536870912","0","0","0"
"44061","7658","0","5","-2147483648","0","0","0"
"44062","643","0","10","64","0","0","0"
"44064","8640","0","8","1048576","0","0","0"
"44067","8914","0","7","256","0","0","0"
"44069","7659","0","5","-2147483648","0","0","0"
"44070","8446","0","3","16","0","0","0"
"44071","11958","0","3","0","4","0","0"
"44072","7369","0","4","4194304","0","0","0"
"44073","8204","0","4","128","0","0","0"
"44074","6574","0","4","1024","0","0","0"
"44075","8427","0","3","524416","0","0","0"
"44076","6808","0","7","2048","0","0","0"
"44078","8053","0","11","268435456","0","0","0"
"44079","8056","0","11","-2147483648","0","0","0"
"44081","8380","0","4","16384","0","0","0"
"44082","8008","0","11","128","0","0","0"
"44083","8190","0","11","4096","0","0","0"
"44084","8192","0","6","0","64","0","0"
"44086","8643","0","8","2097152","0","0","0"
"44087","8835","0","11","536870912","0","0","0"
"44088","8647","0","8","524288","0","0","0"
"44089","6787","0","7","65536","0","0","0"
"44091","8155","0","11","536870912","0","0","0"
"44092","8046","0","11","1048576","0","0","0"
"44098","7372","0","4","2","0","0","0"
"44102","8451","0","3","8192","0","0","0"
"44104","8131","0","6","16","0","0","0"
"44106","8918","0","7","128","0","0","0"
"44108","325","0","11","1024","0","0","0"
"44109","8637","0","8","134217728","0","0","0"
"44110","8122","0","6","65536","0","0","0"
"44112","8071","0","11","536870912","0","0","0"
"44113","8042","0","11","1048576","0","0","0"
"44114","7322","0","3","1572896","0","0","0"
"44115","8983","0","7","8192","0","0","0"
"44117","8412","0","3","2","0","0","0"
"44118","704","0","5","-2147483648","0","0","0"
"44119","8161","0","11","536870912","0","0","0"
"44122","8407","0","3","1572896","0","0","0"
"44123","8408","0","3","1572896","0","0","0"
"44124","8050","0","11","268435456","0","0","0"
"44126","8205","0","4","128","0","0","0"
"44127","7405","0","4","16384","0","0","0"
"44128","8725","0","8","8389120","0","0","0"
"44129","9856","0","7","64","0","0","0"
"44130","9913","0","7","16384","0","0","0"
"44131","10186","0","3","524416","0","0","0"
"44132","9857","0","7","64","0","0","0"
"44133","8134","0","11","1024","0","0","0"
"44134","8170","0","11","536870912","0","0","0"
"44135","8936","0","7","64","0","0","0"
"44136","28593","0","3","0","0","0","0"
"44137","10185","0","3","524416","0","0","0"
"44138","10187","0","3","524416","0","0","0"
"44139","9484","0","6","1073741824","4096","0","0"
"44141","9634","0","7","1073741824","0","0","0"
"44143","9578","0","6","16384","4096","0","0"
"44144","9756","0","7","256","0","0","0"
"44145","8177","0","11","537133056","0","0","0"
"44148","10151","0","3","1","0","0","0"
"44149","8499","0","11","671088640","0","0","0"
"44151","14914","0","6","1048576","0","0","0"
"44152","7646","0","5","32768","0","0","0"
"44153","9835","0","7","2","0","0","0"
"44155","9485","0","6","1073741824","4096","0","0"
"44156","10496","0","11","524288","0","0","0"
"44157","10211","0","3","2048","0","0","0"
"44158","10212","0","3","2048","0","0","0"
"44159","10159","0","3","1573376","0","0","0"
"44160","1719","0","4","16","0","0","0"
"44161","10180","0","3","1572896","0","0","0"
"44162","10181","0","3","1572896","0","0","0"
"44163","10173","0","3","8192","0","0","0"
"44164","9850","0","7","4096","0","0","0"
"44165","8649","0","8","524288","0","0","0"
"44166","8905","0","7","1","0","0","0"
"44167","28592","0","3","0","0","0","0"
"44168","9833","0","7","2","0","0","0"
"44169","10951","0","6","2","0","0","0"
"44171","9853","0","7","512","0","0","0"
"44172","9758","0","7","32","0","0","0"
"44173","8921","0","7","2","0","0","0"
"44174","10174","0","3","8192","0","0","0"
"44175","10177","0","3","524544","0","0","0"
"44176","8924","0","7","2","0","0","0"
"44177","8938","0","7","64","0","0","0"
"44178","10216","0","3","4","0","0","0"
"44179","710","0","5","0","0","0","0"
"44180","10225","0","3","8","0","0","0"
"44181","8939","0","7","64","0","0","0"
"44182","8103","0","6","8192","0","0","0"
"44183","9907","0","7","1024","0","0","0"
"44185","8633","0","8","256","0","0","0"
"44187","8929","0","7","2","0","0","0"
"44188","8400","0","3","1","0","0","0"
"44189","8198","0","4","128","0","0","0"
"44190","8820","0","4","2097152","0","0","0"
"44191","8457","0","3","8","0","0","0"
"44192","8926","0","7","2","0","0","0"
"44193","8289","0","5","16384","0","0","0"
"44194","8406","0","3","1572896","0","0","0"
"44195","8621","0","8","8388610","0","0","0"
"44196","9904","0","7","4096","0","0","0"
"44197","8927","0","7","2","0","0","0"
"44198","8181","0","11","536870912","0","0","0"
"44201","8058","0","11","-2147483648","0","0","0"
"44202","8946","0","7","0","4","0","0"
"44203","10160","0","3","1573376","0","0","0"
"44204","8903","0","7","32","0","0","0"
"44205","8928","0","7","2","0","0","0"
"44206","8124","0","6","65536","0","0","0"
"44207","8696","0","8","64","0","0","0"
"44208","8650","0","8","524288","0","0","0"
"44209","8184","0","11","536870912","0","0","0"
"44210","8401","0","3","1","0","0","0"
"44211","10145","0","3","1073741824","0","0","0"
"44212","10179","0","3","1572896","0","0","0"
"44213","9862","0","7","128","0","0","0"
"44214","8624","0","8","8519680","0","0","0"
"44215","8992","0","7","32768","0","0","0"
"44216","8317","0","5","8388608","0","0","0"
"44217","17","0","6","1","0","0","0"
"44218","8875","0","9","33554432","0","0","0"
"44219","10220","0","3","34078720","0","0","0"
"44220","9839","0","7","16","0","0","0"
"44221","9841","0","7","16","0","0","0"
"44222","8925","0","7","2","0","0","0"
"44223","8143","0","11","536870912","0","0","0"
"44224","10219","0","3","34078720","0","0","0"
"44227","9849","0","7","4096","0","0","0"
"44228","8288","0","5","16384","0","0","0"
"44229","8227","0","11","536870912","0","0","0"
"44231","8724","0","8","8389120","0","0","0"
"44232","10215","0","3","4","0","0","0"
"44233","9852","0","7","512","0","0","0"
"44234","8154","0","11","536870912","0","0","0"
"44235","9823","0","7","131072","0","0","0"
"44236","9827","0","7","131072","0","0","0"
"44237","8316","0","5","8388608","0","0","0"
"44238","9910","0","7","256","0","0","0"
"44239","9912","0","7","1","0","0","0"
"44240","8494","0","3","32768","0","0","0"
"44241","8249","0","11","536870912","0","0","0"
"44243","8092","0","6","8192","0","0","0"
"44244","10462","0","11","524288","0","0","0"
"44245","10396","0","11","64","0","0","0"
"44247","14520","0","6","0","0","0","0"
"44249","11095","0","3","0","0","0","0"
"44250","10892","0","6","32768","0","0","0"
"44251","10199","0","3","2","0","0","0"
"44252","9866","0","7","65536","0","0","0"
"44253","10192","0","3","32768","0","0","0"
"44254","9898","0","7","8","0","0","0"
"44255","9901","0","7","16777216","131072","0","0"
"44256","10797","0","6","2097152","0","0","0"
"44258","10585","0","11","4096","0","0","0"
"44259","10587","0","11","4096","0","0","0"
"44260","10898","0","6","1","0","0","0"
"44261","10900","0","6","1","0","0","0"
"44262","10191","0","3","32768","0","0","0"
"44263","9875","0","7","4","0","0","0"
"44264","11273","0","8","1048576","0","0","0"
"44265","12952","0","3","0","0","0","0"
"44266","9867","0","7","65536","0","0","0"
"44267","11275","0","8","1048576","0","0","0"
"44268","10957","0","6","256","0","0","0"
"44269","11113","0","3","8388608","64","0","0"
"44270","10193","0","3","32768","0","0","0"
"44272","10308","0","10","2048","0","0","0"
"44273","8950","0","7","4","0","0","0"
"44275","10427","0","11","8","0","0","0"
"44276","10412","0","11","1048576","0","0","0"
"44277","10201","0","3","4096","0","0","0"
"44278","11274","0","8","1048576","0","0","0"
"44279","10911","0","6","131072","0","0","0"
"44280","10223","0","3","8","0","0","0"
"44281","10202","0","3","4096","0","0","0"
"44282","10432","0","11","1024","0","0","0"
"44284","10197","0","3","2","0","0","0"
"44285","8907","0","7","262144","0","0","0"
"44286","10301","0","10","8","0","0","0"
"44287","10149","0","3","1","0","0","0"
"44288","9863","0","7","128","0","0","0"
"44289","10150","0","3","1","0","0","0"
"44290","10600","0","11","536870912","0","0","0"
"44291","10958","0","6","256","0","0","0"
"44292","10431","0","11","1024","0","0","0"
"44293","10406","0","11","536870912","0","0","0"
"44294","694","0","4","134217728","0","0","0"
"44295","10473","0","11","-2147483648","0","0","0"
"44296","10478","0","11","536870912","0","0","0"
"44297","10292","0","10","64","0","0","0"
"44298","10293","0","10","64","0","0","0"
"44299","9894","0","7","8388608","0","0","0"
"44300","8910","0","7","16","0","0","0"
"44301","8940","0","7","64","0","0","0"
"44302","8941","0","7","64","0","0","0"
"44303","10300","0","10","8","0","0","0"
"44305","10156","0","3","1024","0","0","0"
"44306","12846","0","3","0","0","0","0"
"44307","10899","0","6","1","0","0","0"
"44308","11175","0","3","0","0","0","0"
"44309","11180","0","3","0","0","0","0"
"44310","10148","0","3","1","0","0","0"
"44311","9896","0","7","8388608","0","0","0"
"44312","10538","0","11","536870912","0","0","0"
"44313","10479","0","11","536870912","0","0","0"
"44315","120","0","3","1573376","0","0","0"
"44316","8402","0","3","1","0","0","0"
"44317","9840","0","7","16","0","0","0"
"44318","8166","0","11","536870912","0","0","0"
"44319","10963","0","6","4096","0","0","0"
"44320","10964","0","6","4096","0","0","0"
"44322","9908","0","7","0","1048576","0","0"
"44323","10170","0","3","8192","0","0","0"
"44324","11170","0","3","0","0","0","0"
"44325","10413","0","11","1048576","0","0","0"
"44326","10139","0","3","1073741824","0","0","0"
"44327","9830","0","7","32768","0","0","0"
"44328","9881","0","7","2048","0","0","0"
"44329","9884","0","7","262144","0","0","0"
"44330","10140","0","3","1073741824","0","0","0"
"44331","10965","0","6","4096","0","0","0"
"44332","9035","0","6","-2080374784","4096","0","0"
"44334","10442","0","11","536870912","0","0","0"
"44335","8721","0","8","8388612","0","0","0"
"44336","9472","0","6","2048","0","0","0"
"44337","9473","0","6","2048","0","0","0"
"44338","9474","0","6","2048","0","0","0"
"44341","10622","0","11","256","0","0","0"
"44342","9834","0","7","2","0","0","0"
"44343","10138","0","3","1073741824","0","0","0"
"44344","9829","0","7","32768","0","0","0"
"44345","10206","0","3","16","0","0","0"
"44346","10328","0","10","-2147483648","0","0","0"
"44347","10961","0","6","512","0","0","0"
"44349","10169","0","3","8192","0","0","0"
"44350","10391","0","11","1","0","0","0"
"44351","10392","0","11","1","0","0","0"
"44352","10207","0","3","16","0","0","0"
"44354","12953","0","3","0","0","0","0"
"44356","9876","0","7","4","0","0","0"
"44357","10447","0","11","268435456","0","0","0"
"44358","10278","0","10","128","0","0","0"
"44359","9579","0","6","16384","4096","0","0"
"44360","10901","0","6","1","0","0","0"
"44361","10059","0","3","-2147483648","0","0","0"
"44362","10060","0","6","-2147483648","4096","0","0"
"44365","9858","0","7","64","0","0","0"
"44366","11103","0","3","0","0","0","0"
"44367","705","0","5","1","0","0","0"
"44368","9754","0","7","0","1048576","0","0"
"44369","10952","0","6","2","0","0","0"
"44373","10310","0","10","32768","0","0","0"
"44374","10157","0","3","1024","0","0","0"
"44375","9005","0","7","131072","0","0","0"
"44376","9885","0","7","262144","0","0","0"
"44378","9880","0","7","2048","0","0","0"
"44379","11108","0","3","0","0","0","0"
"44380","10395","0","11","64","0","0","0"
"44382","10144","0","3","1073741824","0","0","0"
"44383","10329","0","10","-2147483648","0","0","0"
"44384","10230","0","3","524352","0","0","0"
"44386","11207","0","3","0","0","0","0"
"44389","11730","0","5","1048576","0","0","0"
"44390","11115","0","3","0","0","0","0"
"44391","11210","0","3","0","0","0","0"
"44392","10414","0","11","1048576","0","0","0"
"44393","11604","0","4","2097152","0","0","0"
"44395","10613","0","11","536870912","0","0","0"
"44397","11315","0","11","671088640","0","0","0"
"44399","11426","0","3","0","1","0","0"
"44400","12359","0","3","0","0","0","0"
"44401","12523","0","3","4194304","0","0","0"
"44402","11366","0","3","4194304","0","0","0"
"44403","11367","0","3","0","0","0","0"
"44404","10953","0","6","0","64","0","0"
"44405","10526","0","11","536870912","0","0","0"
"44408","11222","0","3","0","0","0","0"
"44409","10614","0","11","536870912","0","0","0"
"44411","11762","0","5","4096","0","0","0"
"44412","11763","0","5","4096","0","0","0"
"44414","11247","0","3","0","0","0","0"
"44417","11605","0","4","2097152","0","0","0"
"44421","11549","0","4","65536","0","0","0"
"44422","10946","0","6","8192","0","0","0"
"44423","11185","0","3","0","0","0","0"
"44424","11581","0","4","128","0","0","0"
"44425","11596","0","4","16384","0","0","0"
"44426","14912","0","6","0","0","0","0"
"44427","12606","0","3","0","0","0","0"
"44430","10941","0","6","16384","4096","0","0"
"44431","28595","0","3","0","0","0","0"
"44433","11314","0","11","671088640","0","0","0"
"44434","12351","0","3","0","0","0","0"
"44435","12353","0","3","0","0","0","0"
"44436","11071","0","3","0","512","0","0"
"44437","11190","0","3","0","0","0","0"
"44438","11684","0","5","64","0","0","0"
"44439","11198","0","8","524288","0","0","0"
"44440","11070","0","3","0","0","0","0"
"44441","10938","0","6","8","0","0","0"
"44442","12496","0","3","0","512","0","0"
"44444","10205","0","3","16","0","0","0"
"44445","10942","0","6","16384","4096","0","0"
"44446","11069","0","3","0","0","0","0"
"44448","11303","0","8","134217728","0","0","0"
"44449","11305","0","8","64","0","0","0"
"44451","10472","0","11","-2147483648","0","0","0"
"44452","11585","0","4","4","0","0","0"
"44453","11368","0","3","0","0","0","0"
"44454","11597","0","4","16384","0","0","0"
"44455","11213","0","3","0","0","0","0"
"44456","12598","0","3","0","0","0","0"
"44459","11252","0","3","0","0","0","0"
"44460","11567","0","4","64","0","0","0"
"44461","11279","0","8","8388612","0","0","0"
"44463","11578","0","4","1","0","0","0"
"44466","11129","0","3","0","0","0","0"
"44467","11280","0","8","8388612","0","0","0"
"44469","11078","0","3","0","0","0","0"
"44472","10605","0","11","2","0","0","0"
"44473","12497","0","3","0","512","0","0"
"44474","10497","0","11","524288","0","0","0"
"44475","10448","0","11","268435456","0","0","0"
"44478","10273","0","3","2097152","0","0","0"
"44482","12486","0","3","1048576","0","0","0"
"44483","10927","0","6","64","0","0","0"
"44484","10486","0","11","0","2048","0","0"
"44486","10274","0","3","2097152","0","0","0"
"44487","10928","0","6","64","0","0","0"
"44491","11165","0","3","0","0","0","0"
"44493","11094","0","3","0","0","0","0"
"44494","10894","0","6","32768","0","0","0"
"44495","7811","0","5","33554432","0","0","0"
"44496","11120","0","3","0","0","0","0"
"44497","10291","0","10","64","0","0","0"
"44498","10595","0","11","536870912","0","0","0"
"44499","11151","0","3","0","0","0","0"
"44500","10874","0","6","16","0","0","0"
"44501","10875","0","6","16","0","0","0"
"44502","12848","0","3","0","0","0","0"
"44503","10438","0","11","16","0","0","0"
"44505","10428","0","11","8","0","0","0"
"44506","10437","0","11","16","0","0","0"
"44509","10495","0","11","524288","0","0","0"
"44510","11255","0","3","0","0","0","0"
"44511","10912","0","6","131072","0","0","0"
"44512","10909","0","6","67108864","0","0","0"
"44514","10463","0","11","524288","0","0","0"
"44515","10627","0","11","536870912","0","0","0"
"44516","10881","0","6","1073741824","0","0","0"
"44517","10467","0","11","128","0","0","0"
"44518","28594","0","3","0","0","0","0"
"44519","10955","0","6","1073741824","4096","0","0"
"44520","11300","0","8","8519680","0","0","0"
"44522","10468","0","11","128","0","0","0"
"44523","10407","0","11","536870912","0","0","0"
"44524","10888","0","6","65536","0","0","0"
"44526","10947","0","6","8192","0","0","0"
"44529","11417","0","3","-2147483648","0","0","0"
"44532","11608","0","4","4194304","0","0","0"
"44533","10623","0","11","256","0","0","0"
"44535","28996","0","6","0","0","0","0"
"44536","10586","0","11","4096","0","0","0"
"44538","10466","0","11","128","0","0","0"
"44539","702","0","5","32768","0","0","0"
"44544","10408","0","11","536870912","0","0","0"
"44545","10929","0","6","64","0","0","0"
"44546","10915","0","6","2048","0","0","0"
"44547","10916","0","6","2048","0","0","0"
"44548","11418","0","3","-2147483648","0","0","0"
"44549","11419","0","3","-2147483648","0","0","0"
"44551","10933","0","6","128","0","0","0"
"44553","10917","0","6","2048","0","0","0"
"44555","11242","0","3","0","0","0","0"
"44560","10290","0","10","64","0","0","0"
"44561","10880","0","6","1073741824","0","0","0"
"44563","10537","0","11","536870912","0","0","0"
"44564","10601","0","11","536870912","0","0","0"
"44565","12472","0","3","0","16384","0","0"
"44566","10876","0","6","16","0","0","0"
"44567","10934","0","6","128","0","0","0"
"44568","11100","0","3","0","0","0","0"
"44569","12873","0","3","0","0","0","0"
"44571","10890","0","6","65536","0","0","0"
"44572","10893","0","6","32768","0","0","0"
"44573","11119","0","3","0","0","0","0"
"44574","11299","0","8","8519680","0","0","0"
"44575","10960","0","6","512","0","0","0"
"44577","11160","0","3","0","0","0","0"
"44578","12399","0","3","0","0","0","0"
"44579","12400","0","3","0","0","0","0"
"44580","12287","0","4","0","0","0","0"
"44581","11712","0","5","1024","0","0","0"
"44582","12536","0","3","0","2","0","0"
"44583","20784","0","9","-2147483648","0","0","0"
"44584","12294","0","4","33554432","0","0","0"
"44586","11711","0","5","1024","0","0","0"
"44588","11565","0","4","64","0","0","0"
"44589","12327","0","4","0","0","0","0"
"44590","11566","0","4","64","0","0","0"
"44591","12697","0","4","0","0","0","0"
"44594","12876","0","4","0","0","0","0"
"44596","12574","0","3","0","0","0","0"
"44597","12308","0","4","0","0","0","0"
"44598","12569","0","3","0","0","0","0"
"44599","12810","0","4","0","0","0","0"
"44601","12321","0","4","0","0","0","0"
"44602","12577","0","3","0","0","0","0"
"44603","12302","0","4","0","0","0","0"
"44604","12475","0","3","0","0","0","0"
"44605","11703","0","5","16","0","0","0"
"44606","12678","0","4","0","0","0","0"
"44608","10937","0","6","8","0","0","0"
"44609","12340","0","3","0","0","0","0"
"44610","12341","0","3","0","0","0","0"
"44613","12849","0","4","0","0","0","0"
"44614","11725","0","5","2048","0","0","0"
"44615","10298","0","10","8","0","0","0"
"44616","10299","0","10","8","0","0","0"
"44617","12488","0","3","0","0","0","0"
"44618","12489","0","3","0","0","0","0"
"44619","12357","0","3","0","0","0","0"
"44620","11729","0","5","1048576","0","0","0"
"44621","11580","0","4","128","0","0","0"
"44624","12342","0","3","0","0","0","0"
"44625","11551","0","4","65536","0","0","0"
"44626","12301","0","4","0","0","0","0"
"44627","13043","0","3","0","0","0","0"
"44628","10945","0","6","8192","0","0","0"
"44629","12950","0","4","0","0","0","0"
"44630","12323","0","4","0","32","0","0"
"44631","11671","0","5","2","0","0","0"
"44632","12485","0","3","1048576","0","0","0"
"44633","11124","0","3","0","0","0","0"
"44634","11778","0","5","8192","0","0","0"
"44635","11678","0","5","32","0","0","0"
"44636","12665","0","4","0","0","0","0"
"44638","12677","0","4","0","0","0","0"
"44640","11550","0","4","65536","0","0","0"
"44641","12467","0","3","0","0","0","0"
"44642","12803","0","4","0","0","0","0"
"44643","12804","0","4","0","0","0","0"
"44644","12349","0","3","0","0","0","0"
"44645","11564","0","4","64","0","0","0"
"44647","12286","0","4","0","0","0","0"
"44648","12350","0","3","0","0","0","0"
"44650","12313","0","4","0","0","0","0"
"44651","12318","0","4","0","0","0","0"
"44654","11683","0","5","64","0","0","0"
"44655","11713","0","5","1024","0","0","0"
"44656","12469","0","3","0","0","0","0"
"44659","12282","0","4","0","0","0","0"
"44660","11600","0","4","1024","0","0","0"
"44661","12324","0","4","0","0","0","0"
"44662","12473","0","3","0","0","0","0"
"44663","12659","0","4","0","0","0","0"
"44664","12524","0","3","4194304","0","0","0"
"44667","11573","0","4","32","0","0","0"
"44668","11574","0","4","32","0","0","0"
"44669","11708","0","5","32768","0","0","0"
"44670","11189","0","3","0","0","0","0"
"44671","11601","0","4","1024","0","0","0"
"44673","11665","0","5","4","0","0","0"
"44675","12672","0","3","0","0","0","0"
"44679","12358","0","3","0","0","0","0"
"44680","12360","0","3","0","0","0","0"
"44681","12522","0","3","4194304","0","0","0"
"44682","11555","0","4","131072","0","0","0"
"44683","12575","0","3","0","0","0","0"
"44684","11289","0","8","256","0","0","0"
"44685","11770","0","5","8388608","0","0","0"
"44687","11294","0","8","8388610","0","0","0"
"44688","11785","0","5","1073741824","0","0","0"
"44689","12378","0","3","0","0","0","0"
"44691","11660","0","5","1","0","0","0"
"44692","11290","0","8","256","0","0","0"
"44693","11080","0","3","0","0","0","0"
"44694","11237","0","3","0","0","0","0"
"44695","11572","0","4","32","0","0","0"
"44697","12051","0","3","67108864","0","0","0"
"44698","11661","0","5","1","0","0","0"
"44699","11667","0","5","4","0","0","0"
"44700","11668","0","5","4","0","0","0"
"44702","11584","0","4","4","0","0","0"
"44704","11416","0","3","-2147483648","0","0","0"
"44705","11775","0","5","33554432","0","0","0"
"44706","11659","0","5","1","0","0","0"
"44707","11672","0","5","2","0","0","0"
"44708","12487","0","3","0","0","0","0"
"44709","12285","0","4","0","0","0","0"
"44710","12289","0","4","0","0","0","0"
"44711","11694","0","5","16777216","0","0","0"
"44712","11695","0","5","16777216","0","0","0"
"44713","11677","0","5","32","0","0","0"
"44714","11726","0","5","2048","0","0","0"
"44715","11609","0","4","4194304","0","0","0"
"44716","11083","0","3","0","0","0","0"
"44717","12312","0","4","0","0","0","0"
"44718","11693","0","5","16777216","0","0","0"
"44719","11554","0","4","131072","0","0","0"
"44721","12505","0","3","4194304","0","0","0"
"44722","11688","0","5","262144","0","0","0"
"44724","11689","0","5","262144","0","0","0"
"44725","11784","0","5","1073741824","0","0","0"
"44727","11771","0","5","8388608","0","0","0"
"44728","13159","0","9","2097152","0","0","0"
"44729","11268","0","8","8389120","0","0","0"
"44730","12666","0","4","0","0","0","0"
"44732","11704","0","5","16","0","0","0"
"44735","12525","0","3","4194304","0","0","0"
"44736","12526","0","3","4194304","0","0","0"
"44737","11197","0","8","524288","0","0","0"
"44738","11293","0","8","8388610","0","0","0"
"44739","11687","0","5","262144","0","0","0"
"44740","11721","0","5","0","512","0","0"
"44742","11780","0","5","8192","0","0","0"
"44743","11675","0","5","16384","0","0","0"
"44745","11717","0","5","-2147483648","0","0","0"
"44746","11774","0","5","33554432","0","0","0"
"44748","12592","0","3","0","0","0","0"
"44749","12043","0","3","0","32","0","0"
"44750","11556","0","4","131072","0","0","0"
"44751","11269","0","8","8389120","0","0","0"
"44752","11722","0","5","0","512","0","0"
"44753","12576","0","3","0","0","0","0"
"44754","11707","0","5","32768","0","0","0"
"44755","12765","0","4","0","0","0","0"
"44757","12338","0","3","0","0","0","0"
"44759","12799","0","4","0","0","0","0"
"44760","12290","0","4","0","0","0","0"
"44761","13553","75","9","16384","0","0","0"
"44762","18749","0","5","0","0","0","0"
"44763","12605","0","3","0","0","0","0"
"44764","13032","0","3","0","1","0","0"
"44765","13033","0","3","0","1","0","0"
"44767","12329","0","4","0","0","0","0"
"44768","12330","0","4","0","0","0","0"
"44770","12339","0","3","0","0","0","0"
"44775","12809","0","4","67108864","0","0","0"
"44777","12295","0","4","0","0","0","0"
"44779","13019","0","3","8388608","64","0","0"
"44780","11719","0","5","-2147483648","0","0","0"
"44782","11420","0","3","-2147483648","0","0","0"
"44784","14083","0","8","0","0","0","0"
"44786","14523","0","6","0","0","0","0"
"44789","11281","0","8","8388612","0","0","0"
"44790","15631","75","9","65536","131072","0","0"
"44791","13896","0","6","-2147483648","0","0","0"
"44793","14267","0","9","64","0","0","0"
"44795","11267","0","8","8389120","0","0","0"
"44796","12811","0","4","0","0","0","0"
"44797","12797","0","4","0","0","0","0"
"44798","12800","0","4","0","0","0","0"
"44799","15629","75","9","65536","131072","0","0"
"44800","12886","0","4","0","0","0","0"
"44802","12985","0","3","0","0","0","0"
"44803","14290","75","9","4096","0","0","0"
"44804","12834","0","4","0","0","0","0"
"44805","14269","0","9","2","0","0","0"
"44806","14270","0","9","2","0","0","0"
"44807","14271","0","9","2","0","0","0"
"44808","13165","0","9","1048576","0","0","0"
"44809","10161","0","3","1573376","0","0","0"
"44812","17122","0","7","0","4194308","0","0"
"44813","14261","0","9","2","0","0","0"
"44814","12818","0","4","0","0","0","0"
"44815","14315","0","9","4","0","0","0"
"44818","12826","0","3","16777216","0","0","0"
"44819","12311","0","4","0","0","0","0"
"44820","12463","0","3","0","0","0","0"
"44821","12945","0","4","0","0","0","0"
"44822","12879","0","4","0","0","0","0"
"44823","14913","0","6","0","0","0","0"
"44828","12836","0","4","0","0","0","0"
"44829","12824","0","3","16777216","0","0","0"
"44830","12519","0","3","0","0","0","0"
"44832","12490","0","3","0","0","0","0"
"44833","11286","0","8","8","0","0","0"
"44834","12571","0","3","0","0","0","0"
"44835","11285","0","8","8","0","0","0"
"44836","12842","0","3","0","0","0","0"
"44838","11779","0","5","8192","0","0","0"
"44839","12837","0","4","0","0","0","0"
"44840","12841","0","3","0","0","0","0"
"44841","11699","0","5","8","0","0","0"
"44842","12668","0","4","0","0","0","0"
"44843","12807","0","4","0","0","0","0"
"44844","11297","0","8","128","0","0","0"
"44845","12982","0","3","0","0","0","0"
"44848","12838","0","4","0","0","0","0"
"44849","12398","0","3","0","0","0","0"
"44852","12839","0","3","0","0","0","0"
"44853","12654","0","3","134217728","0","0","0"
"44854","14268","0","9","64","0","0","0"
"44855","18755","0","5","0","0","0","0"
"44856","15630","75","9","65536","131072","0","0"
"44857","13555","75","9","16384","0","0","0"
"44858","14910","0","6","0","0","0","0"
"44859","11767","0","5","8388608","0","0","0"
"44860","13163","0","9","524288","0","0","0"
"44862","12484","0","3","1048576","0","0","0"
"44863","15632","75","9","65536","131072","0","0"
"44864","12658","0","4","0","0","0","0"
"44865","12676","0","4","0","0","0","0"
"44866","12840","0","3","0","0","0","0"
"44868","13018","0","3","8388608","64","0","0"
"44869","11681","0","5","64","0","0","0"
"44870","11700","0","5","8","0","0","0"
"44871","13020","0","3","8388608","64","0","0"
"44872","13021","0","3","8388608","64","0","0"
"44873","13552","75","9","16384","0","0","0"
"44876","11766","0","5","8388608","0","0","0"
"44878","12958","0","4","0","0","0","0"
"44881","12847","0","3","0","0","0","0"
"44882","12878","0","4","0","0","0","0"
"44883","12663","0","4","0","0","0","0"
"44884","12664","0","4","0","0","0","0"
"44885","12835","0","4","0","0","0","0"
"44886","12872","0","3","0","0","0","0"
"44887","14911","0","6","0","0","0","0"
"44890","13031","0","3","0","1","0","0"
"44891","12464","0","3","0","0","0","0"
"44893","12518","0","3","0","0","0","0"
"44895","28609","0","3","524544","0","0","0"
"44896","12862","0","4","0","0","0","0"
"44897","14284","75","9","2048","0","0","0"
"44902","14132","0","8","0","0","0","0"
"44903","14160","0","8","0","0","0","0"
"44905","14272","0","9","0","16384","0","0"
"44908","13742","0","8","0","0","0","0"
"44909","13543","0","9","8388608","0","0","0"
"44910","14161","0","8","0","0","0","0"
"44911","14114","0","8","0","0","0","0"
"44912","14171","0","8","0","0","0","0"
"44914","14279","75","9","0","128","0","0"
"44915","13809","0","9","128","0","0","0"
"44916","14285","75","9","2048","0","0","0"
"44917","14299","0","9","4","0","0","0"
"44918","14300","0","9","4","0","0","0"
"44920","13975","0","8","0","0","0","0"
"44921","13741","0","8","0","0","0","0"
"44924","14280","75","9","0","128","0","0"
"44925","14278","0","8","1140850688","0","0","0"
"44926","12983","0","3","0","0","0","0"
"44927","12984","0","3","0","0","0","0"
"44928","14062","0","8","0","0","0","0"
"44929","14195","0","8","0","0","0","0"
"44930","14137","0","8","0","0","0","0"
"44931","14286","75","9","2048","0","0","0"
"44932","14113","0","8","0","0","0","0"
"44933","14159","0","8","0","0","0","0"
"44934","14325","0","9","1024","0","0","0"
"44936","12877","0","4","0","0","0","0"
"44937","14066","0","8","0","0","0","0"
"44941","13797","0","9","4","0","0","0"
"44943","15261","0","6","1048576","0","0","0"
"44944","14162","0","8","0","0","0","0"
"44945","13863","0","8","0","0","0","0"
"44946","14169","0","8","0","0","0","0"
"44947","14301","0","9","4","0","0","0"
"44948","15264","0","6","1048576","0","0","0"
"44949","14316","0","9","128","0","0","0"
"44952","14057","0","8","0","0","0","0"
"44953","14166","0","8","0","0","0","0"
"44954","14287","75","9","2048","0","0","0"
"44955","14288","75","9","4096","0","0","0"
"44956","14289","75","9","4096","0","0","0"
"44958","15207","0","11","1","0","0","0"
"44962","15263","0","6","1048576","0","0","0"
"44963","14094","0","8","0","0","0","0"
"44964","14782","0","6","0","0","0","0"
"44965","14783","0","6","0","0","0","0"
"44966","14784","0","6","0","0","0","0"
"44968","14172","0","8","0","0","0","0"
"44969","13754","0","8","0","0","0","0"
"44971","14787","0","6","0","0","0","0"
"44972","13743","0","8","0","0","0","0"
"44974","14168","0","8","0","0","0","0"
"44975","13732","0","8","0","0","0","0"
"44976","13733","0","8","0","0","0","0"
"44979","14167","0","8","0","0","0","0"
"44980","13544","0","9","8388608","0","0","0"
"44981","13813","0","9","128","0","0","0"
"44982","14260","0","9","2","0","0","0"
"44983","14273","0","9","0","16384","0","0"
"44984","14274","75","9","65536","131072","0","0"
"44985","14298","0","9","4","0","0","0"
"44986","14081","0","8","0","0","0","0"
"44987","13812","0","9","4","0","0","0"
"44989","13795","0","9","128","0","0","0"
"44991","14281","75","9","2048","0","0","0"
"44992","14780","0","6","0","0","0","0"
"44993","14781","0","6","0","0","0","0"
"44994","15107","0","11","536870912","0","0","0"
"44995","14310","0","9","128","0","0","0"
"44996","18736","0","5","134217728","0","0","0"
"44998","592","0","6","1","0","0","0"
"45001","13908","0","6","16777216","0","0","0"
"45002","12963","0","4","0","0","0","0"
"45003","14303","0","9","128","0","0","0"
"45005","14135","0","8","0","0","0","0"
"45006","14158","0","8","0","0","0","0"
"45007","13976","0","8","0","0","0","0"
"45008","14173","0","8","0","0","0","0"
"45010","14174","0","8","0","0","0","0"
"45012","14063","0","8","0","0","0","0"
"45013","14294","0","9","8192","0","0","0"
"45016","18739","0","5","268435456","0","0","0"
"45017","12858","0","4","0","0","0","0"
"45018","14079","0","8","0","0","0","0"
"45019","14080","0","8","0","0","0","0"
"45021","14311","0","9","128","0","0","0"
"45022","14314","0","9","4","0","0","0"
"45025","13981","0","8","0","0","0","0"
"45027","30893","0","8","0","0","0","0"
"45029","12867","0","4","0","0","0","0"
"45030","118","0","3","16777216","0","0","0"
"45031","14164","0","8","0","0","0","0"
"45032","14165","0","8","0","0","0","0"
"45033","12860","0","4","0","0","0","0"
"45034","14304","0","9","128","0","0","0"
"45035","14175","0","8","0","0","0","0"
"45036","14176","0","8","0","0","0","0"
"45037","12861","0","4","0","0","0","0"
"45039","13979","0","8","0","0","0","0"
"45040","13980","0","8","0","0","0","0"
"45041","13554","75","9","16384","0","0","0"
"45042","12825","0","3","16777216","0","0","0"
"45044","12857","0","4","0","0","0","0"
"45047","14156","0","8","0","0","0","0"
"45049","30892","0","8","0","0","0","0"
"45051","13542","0","9","8388608","0","0","0"
"45052","13849","0","8","0","0","0","0"
"45053","13852","0","8","0","0","0","0"
"45054","14305","0","9","128","0","0","0"
"45055","14264","0","9","2","0","0","0"
"45056","14265","0","9","2","0","0","0"
"45057","14266","0","9","2","0","0","0"
"45058","14193","0","8","0","0","0","0"
"45059","14194","0","8","0","0","0","0"
"45060","14076","0","8","0","0","0","0"
"45061","14302","0","9","128","0","0","0"
"45063","14082","0","8","0","0","0","0"
"45064","13551","75","9","16384","0","0","0"
"45065","13549","75","9","16384","0","0","0"
"45066","13550","75","9","16384","0","0","0"
"45067","14262","0","9","2","0","0","0"
"45068","14263","0","9","2","0","0","0"
"45070","15014","0","6","0","0","0","0"
"45075","15320","0","6","0","0","0","0"
"45076","14785","0","6","0","0","0","0"
"45077","15323","0","6","0","0","0","0"
"45078","14818","0","6","32","0","0","0"
"45079","14819","0","6","32","0","0","0"
"45080","14323","0","9","1024","0","0","0"
"45082","15018","0","6","0","0","0","0"
"45084","15020","0","6","0","0","0","0"
"45085","15317","0","6","0","0","0","0"
"45087","14770","0","6","0","0","0","0"
"45088","14771","0","6","0","0","0","0"
"45089","15362","0","6","0","0","0","0"
"45091","14772","0","6","0","0","0","0"
"45092","18809","0","3","4194304","0","0","0"
"45093","14908","0","6","0","0","0","0"
"45094","14909","0","6","0","0","0","0"
"45097","15313","0","6","0","0","0","0"
"45098","15314","0","6","0","0","0","0"
"45100","15052","0","3","0","0","0","0"
"45101","15053","0","3","0","0","0","0"
"45104","14183","0","8","0","32","0","0"
"45106","15275","0","6","0","0","0","0"
"45108","15324","0","6","0","0","0","0"
"45109","14179","0","8","0","0","0","0"
"45110","13877","0","8","1073741824","0","0","0"
"45111","15208","0","11","1","0","0","0"
"45112","15328","0","6","0","0","0","0"
"45113","14190","0","8","0","0","0","0"
"45114","13872","0","8","0","0","0","0"
"45115","28612","0","3","1073741824","0","0","0"
"45116","15112","0","11","536870912","0","0","0"
"45118","15318","0","6","0","0","0","0"
"45119","15330","0","6","0","0","0","0"
"45120","15237","0","6","4194304","0","0","0"
"45121","15312","0","6","0","0","0","0"
"45127","15017","0","6","0","0","0","0"
"45128","14318","0","9","1048576","0","0","0"
"45129","14319","0","9","1048576","0","0","0"
"45130","14073","0","8","0","0","0","0"
"45131","14064","0","8","0","0","0","0"
"45133","14747","0","6","0","0","0","0"
"45134","15111","0","11","536870912","0","0","0"
"45136","14065","0","8","0","0","0","0"
"45138","25997","0","10","0","0","0","0"
"45140","13851","0","8","0","0","0","0"
"45141","13865","0","8","0","0","0","0"
"45142","15308","0","6","0","0","0","0"
"45143","13867","0","8","0","0","0","0"
"45144","14074","0","8","0","0","0","0"
"45145","14075","0","8","0","0","0","0"
"45146","14324","0","9","1024","0","0","0"
"45147","14186","0","8","0","0","0","0"
"45148","13866","0","8","0","0","0","0"
"45149","14282","75","9","2048","0","0","0"
"45150","14072","0","8","0","0","0","0"
"45151","14128","0","8","0","0","0","0"
"45152","13848","0","8","0","0","0","0"
"45156","14768","0","6","0","0","0","0"
"45157","14769","0","6","0","0","0","0"
"45158","15325","0","6","0","0","0","0"
"45159","15059","0","3","0","0","0","0"
"45160","14177","0","8","0","64","0","0"
"45162","15265","0","6","1048576","0","0","0"
"45163","15316","0","6","0","0","0","0"
"45166","14898","0","6","0","0","0","0"
"45168","14163","0","8","0","0","0","0"
"45169","13792","0","8","0","0","0","0"
"45170","14283","75","9","2048","0","0","0"
"45171","14901","0","6","0","0","0","0"
"45173","14116","0","8","0","0","0","0"
"45174","14322","0","9","1048576","0","0","0"
"45175","14786","0","6","0","0","0","0"
"45176","14136","0","8","0","0","0","0"
"45177","15326","0","6","0","0","0","0"
"45178","15327","0","6","0","0","0","0"
"45181","15047","0","3","0","0","0","0"
"45182","14743","0","6","0","4096","0","0"
"45184","15029","0","6","0","0","0","0"
"45185","14320","0","9","1048576","0","0","0"
"45186","14117","0","8","0","0","0","0"
"45187","14889","0","6","0","0","0","0"
"45188","13715","0","8","0","0","0","0"
"45189","15273","0","6","0","0","0","0"
"45190","15274","0","6","0","0","0","0"
"45191","15030","0","6","0","0","0","0"
"45192","15031","0","6","0","0","0","0"
"45194","15010","0","6","0","0","0","0"
"45195","14892","0","6","0","0","0","0"
"45196","14251","0","8","0","256","0","0"
"45198","14750","0","6","0","0","0","0"
"45199","15272","0","6","0","0","0","0"
"45201","7810","0","5","33554432","0","0","0"
"45203","15333","0","6","0","0","0","0"
"45205","14748","0","6","0","0","0","0"
"45207","14317","0","9","128","0","0","0"
"45209","14751","0","6","0","4096","0","0"
"45213","17123","0","7","0","0","0","0"
"45214","15012","0","6","0","0","0","0"
"45215","15013","0","6","0","0","0","0"
"45218","16196","0","11","0","0","0","0"
"45219","15392","0","6","0","0","0","0"
"45220","15356","0","6","0","0","0","0"
"45221","15058","0","3","0","0","0","0"
"45223","14296","75","0","0","0","0","0"
"45227","16038","0","11","0","0","0","0"
"45228","16039","0","11","0","0","0","0"
"45229","13793","0","8","0","0","0","0"
"45232","15332","0","6","0","0","0","0"
"45234","7812","0","5","33554432","0","0","0"
"45235","15266","0","6","1048576","0","0","0"
"45236","15267","0","6","1048576","0","0","0"
"45237","14115","0","8","0","0","0","0"
"45240","16240","0","11","0","0","0","0"
"45242","16173","0","11","0","0","0","0"
"45243","16035","0","11","0","0","0","0"
"45245","14321","0","9","1048576","0","0","0"
"45246","16176","0","11","0","0","0","0"
"45249","7809","0","5","33554432","0","0","0"
"45251","30160","0","11","0","0","0","0"
"45252","14749","0","6","0","0","0","0"
"45253","14295","0","9","8192","0","0","0"
"45254","15331","0","6","0","0","0","0"
"45256","16219","0","11","0","0","0","0"
"45261","7814","0","5","8192","0","0","0"
"45262","7815","0","5","8192","0","0","0"
"45264","16224","0","11","0","0","0","0"
"45265","16235","0","11","0","0","0","0"
"45268","15309","0","6","0","0","0","0"
"45269","15473","0","6","-2147483648","2048","0","0"
"45270","18767","0","5","0","0","0","0"
"45271","15260","0","6","0","0","0","0"
"45272","15268","0","6","0","0","0","0"
"45273","15310","0","6","0","0","0","0"
"45274","15311","0","6","0","0","0","0"
"45278","15363","0","6","0","0","0","0"
"45281","15329","0","6","0","0","0","0"
"45282","15431","0","6","4194304","0","0","0"
"45288","14752","0","6","32","0","0","0"
"45289","15487","0","6","-2080374784","4096","0","0"
"45290","14767","0","6","0","0","0","0"
"45291","15349","0","6","0","0","0","0"
"45298","1966","0","8","134217728","0","0","0"
"45300","15028","0","6","0","0","0","0"
"45301","15354","0","6","0","0","0","0"
"45302","19256","0","9","0","0","0","0"
"45303","16544","0","11","0","0","0","0"
"45306","15262","0","6","1048576","0","0","0"
"45307","18769","0","5","0","0","0","0"
"45308","17311","0","6","8388608","0","0","0"
"45309","7813","0","5","1073741824","0","0","0"
"45310","11682","0","5","64","0","0","0"
"45313","16178","0","11","0","0","0","0"
"45314","18748","0","5","0","0","0","0"
"45316","16217","0","11","0","0","0","0"
"45317","15011","0","6","0","0","0","0"
"45318","15259","0","6","0","0","0","0"
"45321","16228","0","11","0","0","0","0"
"45322","16234","0","11","0","0","0","0"
"45324","16116","0","11","0","0","0","0"
"45326","16998","0","7","0","0","0","0"
"45327","18821","0","5","0","0","0","0"
"45328","18822","0","5","0","0","0","0"
"45330","16118","0","11","0","0","0","0"
"45332","17111","0","7","0","0","0","0"
"45333","17118","0","7","0","0","0","0"
"45335","8102","0","6","8192","0","0","0"
"45336","8445","0","3","16","0","0","0"
"45337","18750","0","5","0","0","0","0"
"45340","16293","0","11","0","0","0","0"
"45342","16117","0","11","0","0","0","0"
"45344","16689","0","7","1048576","0","0","0"
"45346","16184","0","11","0","0","0","0"
"45348","17348","0","8","41943040","0","0","0"
"45350","16763","0","3","0","0","0","0"
"45355","17063","0","7","0","0","0","0"
"45357","16226","0","11","0","0","0","0"
"45359","16040","0","11","0","0","0","0"
"45360","16999","0","7","0","0","0","0"
"45363","17124","0","7","0","0","0","0"
"45364","16295","0","11","0","0","0","0"
"45365","16041","0","11","0","0","0","0"
"45367","16897","0","7","0","0","0","0"
"45370","16043","0","11","0","0","0","0"
"45371","16511","0","8","41943040","0","0","0"
"45373","17850","0","5","33554432","0","0","0"
"45374","16114","0","11","0","0","0","0"
"45375","16115","0","11","0","0","0","0"
"45377","15008","0","6","0","0","0","0"
"45378","18768","0","5","0","0","0","0"
"45379","16581","0","11","0","0","0","0"
"45380","18771","0","5","0","0","0","0"
"45381","18773","0","5","0","0","0","0"
"45382","17121","0","7","0","0","0","0"
"45383","16262","0","11","0","0","0","0"
"45384","16111","0","11","0","0","0","0"
"45386","15009","0","6","0","0","0","0"
"45387","16954","0","7","0","0","0","0"
"45390","16119","0","11","0","0","0","0"
"45392","19468","0","9","0","0","0","0"
"45393","16899","0","7","0","0","0","0"
"45394","16900","0","7","0","0","0","0"
"45395","16120","0","11","0","0","0","0"
"45397","13875","0","8","0","0","0","0"
"45399","16901","0","7","0","0","0","0"
"45404","19458","0","9","0","0","0","0"
"45405","16227","0","11","0","0","0","0"
"45407","19466","0","9","0","0","0","0"
"45408","15448","0","6","0","0","0","0"
"45413","15257","0","6","0","0","0","0"
"45414","15060","0","3","0","0","0","0"
"45415","17728","0","5","1048576","0","0","0"
"45417","16291","0","11","0","0","0","0"
"45422","16207","0","11","0","0","0","0"
"45423","18772","0","5","0","0","0","0"
"45428","16208","0","11","0","0","0","0"
"45430","16209","0","11","0","0","0","0"
"45431","16210","0","11","0","0","0","0"
"45433","16769","0","3","0","0","0","0"
"45434","16770","0","3","0","0","0","0"
"45435","16187","0","11","0","0","0","0"
"45436","16188","0","11","0","128","0","0"
"45438","16212","0","11","0","0","0","0"
"45439","16216","0","11","0","0","0","0"
"45440","16218","0","11","0","0","0","0"
"45443","16190","0","11","536870912","0","0","0"
"45444","16211","0","11","0","0","0","0"
"45451","16258","0","11","0","0","0","0"
"45452","16213","0","11","0","0","0","0"
"45453","16160","0","11","0","0","0","0"
"45454","16161","0","11","0","0","0","0"
"45455","18829","0","5","0","0","0","0"
"45456","16230","0","11","0","0","0","0"
"45457","16493","0","4","0","0","0","0"
"45458","16494","0","4","0","0","0","0"
"45459","15355","0","6","0","0","0","0"
"45460","16105","0","11","0","0","0","0"
"45461","16106","0","11","0","0","0","0"
"45464","16233","0","11","0","0","0","0"
"45466","15307","0","6","0","0","0","0"
"45470","16362","0","11","0","2048","0","0"
"45473","16107","0","11","0","0","0","0"
"45474","16109","0","11","0","0","0","0"
"45476","16179","0","11","0","0","0","0"
"45478","16130","0","11","0","0","0","0"
"45479","16108","0","11","0","0","0","0"
"45480","16515","0","8","0","0","0","0"
"45481","16089","0","11","0","0","0","0"
"45483","16229","0","11","0","0","0","0"
"45484","15407","0","6","8388608","0","0","0"
"45486","16719","0","8","0","0","0","0"
"45487","16232","0","11","0","0","0","0"
"45489","16198","0","11","0","0","0","0"
"45490","16513","0","8","0","0","0","0"
"45491","18770","0","5","0","0","0","0"
"45494","16112","0","11","0","0","0","0"
"45496","16182","0","11","0","0","0","0"
"45500","16113","0","11","0","0","0","0"
"45502","16580","0","11","0","0","0","0"
"45504","16110","0","11","0","0","0","0"
"45505","15430","0","6","4194304","0","0","0"
"45507","16205","0","11","0","0","0","0"
"45508","16290","0","11","0","0","0","0"
"45511","20218","0","10","67108864","32","0","0"
"45513","16206","0","11","0","0","0","0"
"45514","16813","0","7","1048576","0","0","0"
"45517","18756","0","5","0","0","0","0"
"45524","17751","0","5","33554432","0","0","0"
"45527","16861","0","7","0","0","0","0"
"45528","17058","0","7","0","0","0","0"
"45529","16812","0","7","1048576","0","0","0"
"45531","17750","0","5","33554432","0","0","0"
"45532","17347","0","8","41943040","0","0","0"
"45534","16923","0","7","0","0","0","0"
"45535","17055","0","7","0","0","0","0"
"45536","16968","0","7","0","0","0","0"
"45537","16822","0","7","0","0","0","0"
"45538","16940","0","7","0","0","0","0"
"45539","16941","0","7","0","0","0","0"
"45540","17074","0","7","0","0","0","0"
"45541","16858","0","7","0","0","0","0"
"45542","16846","0","7","0","0","0","0"
"45543","16911","0","7","0","0","0","0"
"45545","16860","0","7","0","0","0","0"
"45548","16909","0","7","0","0","0","0"
"45549","16937","0","7","0","0","0","0"
"45551","17767","0","5","33554432","0","0","0"
"45552","16720","0","8","0","0","0","0"
"45553","18869","0","5","128","0","0","0"
"45554","16514","0","8","0","0","0","0"
"45557","18870","0","5","128","0","0","0"
"45558","17792","0","5","0","0","0","0"
"45560","17249","0","7","0","0","0","0"
"45561","18271","0","5","0","0","0","0"
"45563","16979","0","7","0","1","0","0"
"45564","16919","0","7","0","0","0","0"
"45565","16920","0","7","0","0","0","0"
"45566","17787","0","5","0","0","0","0"
"45569","18272","0","5","0","0","0","0"
"45570","16839","0","7","0","0","0","0"
"45571","18275","0","5","0","0","0","0"
"45573","16975","0","7","0","0","0","0"
"45575","17783","0","5","0","0","0","0"
"45576","17784","0","5","0","0","0","0"
"45578","16896","0","7","0","0","0","0"
"45579","15286","0","6","4","0","0","0"
"45580","17790","0","5","0","0","0","0"
"45581","17390","0","7","1024","0","0","0"
"45582","16820","0","7","0","0","0","0"
"45583","16833","0","7","0","0","0","0"
"45584","16166","0","11","0","0","0","0"
"45585","16862","0","7","0","0","0","0"
"45586","18274","0","5","0","0","0","0"
"45587","15334","0","6","0","0","0","0"
"45588","18754","0","5","0","0","0","0"
"45589","17853","0","5","33554432","0","0","0"
"45590","17061","0","7","0","0","0","0"
"45593","16765","0","3","0","0","0","0"
"45594","16819","0","7","0","0","0","0"
"45597","16966","0","7","0","0","0","0"
"45599","17392","0","7","1024","0","0","0"
"45600","16924","0","7","0","0","0","0"
"45602","16387","0","11","536870912","0","0","0"
"45604","16766","0","3","0","0","0","0"
"45607","16974","0","7","0","0","0","0"
"45609","16938","0","7","0","0","0","0"
"45612","17789","0","5","0","0","0","0"
"45614","16582","0","11","0","0","0","0"
"45616","16578","0","11","0","0","0","0"
"45619","17065","0","7","0","0","0","0"
"45620","17066","0","7","0","0","0","0"
"45621","16086","0","11","0","0","0","0"
"45625","17070","0","7","0","0","0","0"
"45626","17071","0","7","0","0","0","0"
"45627","17072","0","7","0","0","0","0"
"45631","16214","0","11","0","0","0","0"
"45632","16215","0","11","0","0","0","0"
"45633","16287","0","11","0","0","0","0"
"45634","17778","0","5","0","0","0","0"
"45635","16821","0","7","0","0","0","0"
"45637","16757","0","3","0","0","0","0"
"45641","16880","0","7","0","0","0","0"
"45642","16952","0","7","0","0","0","0"
"45646","16758","0","3","0","0","0","0"
"45647","17120","0","7","0","0","0","0"
"45648","17854","0","5","33554432","0","0","0"
"45653","16834","0","7","0","0","0","0"
"45654","17785","0","5","0","0","0","0"
"45655","16918","0","7","0","0","0","0"
"45657","16266","0","11","0","0","0","0"
"45658","17076","0","7","0","0","0","0"
"45660","17051","0","7","0","0","0","0"
"45661","16223","0","11","0","0","0","0"
"45663","17060","0","7","0","0","0","0"
"45667","16835","0","7","0","0","0","0"
"45669","17314","0","6","8388608","0","0","0"
"45672","16220","0","11","0","0","0","0"
"45673","16259","0","11","0","0","0","0"
"45676","17075","0","7","0","0","0","0"
"45677","17788","0","5","0","0","0","0"
"45678","16914","0","7","4194304","0","0","0"
"45679","17786","0","5","0","0","0","0"
"45680","17077","0","7","0","0","0","0"
"45681","16840","0","7","0","0","0","0"
"45682","16261","0","11","0","0","0","0"
"45683","16221","0","11","0","0","0","0"
"45684","16222","0","11","0","0","0","0"
"45685","17073","0","7","0","0","0","0"
"45686","16972","0","7","0","0","0","0"
"45687","16225","0","11","0","0","0","0"
"45688","17054","0","7","0","0","0","0"
"45689","17951","0","5","1048576","0","0","0"
"45690","18121","0","5","0","0","0","0"
"45694","17813","0","5","0","0","0","0"
"45697","18122","0","5","0","0","0","0"
"45698","18132","0","5","0","0","0","0"
"45701","17852","0","5","33554432","0","0","0"
"45702","17812","0","5","0","0","0","0"
"45703","17918","0","5","0","0","0","0"
"45704","18119","0","5","0","0","0","0"
"45706","17917","0","5","0","0","0","0"
"45708","18133","0","5","0","0","0","0"
"45710","17402","0","7","4194304","0","0","0"
"45711","17401","0","7","4194304","0","0","0"
"45712","18120","0","5","0","0","0","0"
"45713","18213","0","5","0","0","0","0"
"45714","17851","0","5","33554432","0","0","0"
"45715","18218","0","5","0","0","0","0"
"45716","18123","0","5","0","0","0","0"
"45717","17921","0","5","256","0","0","0"
"45718","17922","0","5","256","0","0","0"
"45719","17923","0","5","256","0","0","0"
"45720","17002","0","7","0","0","0","0"
"45721","18220","0","5","-2147483648","0","0","0"
"45722","16579","0","11","0","0","0","0"
"45723","16180","0","11","0","0","0","0"
"45726","18827","0","5","0","0","0","0"
"45729","17067","0","7","0","0","0","0"
"45730","17068","0","7","0","0","0","0"
"45731","18137","0","6","-2147483648","4096","0","0"
"45732","18128","0","5","0","0","0","0"
"45733","16189","0","11","0","0","0","0"
"45734","16194","0","11","0","0","0","0"
"45735","16164","0","11","0","0","0","0"
"45736","19276","0","6","33554432","4096","0","0"
"45738","17078","0","7","0","0","0","0"
"45739","17957","0","5","0","0","0","0"
"45740","18867","0","5","128","0","0","0"
"45741","18868","0","5","128","0","0","0"
"45742","17955","0","5","0","0","0","0"
"45743","16181","0","11","0","0","0","0"
"45744","17053","0","7","0","0","0","0"
"45745","17810","0","5","0","0","0","0"
"45747","17803","0","5","0","0","0","0"
"45748","18129","0","5","0","0","0","0"
"45749","18130","0","5","0","0","0","0"
"45751","18095","0","5","0","0","0","0"
"45752","17050","0","7","0","0","0","0"
"45753","18179","0","5","0","0","0","0"
"45754","18219","0","5","0","0","0","0"
"45758","18183","0","5","0","0","0","0"
"45760","17953","0","5","1048576","0","0","0"
"45761","17954","0","5","0","0","0","0"
"45764","17877","0","5","128","0","0","0"
"45765","17391","0","7","1024","0","0","0"
"45766","17069","0","7","0","0","0","0"
"45767","16818","0","7","0","0","0","0"
"45769","16850","0","7","0","0","0","0"
"45771","16934","0","7","0","0","0","0"
"45772","16947","0","7","0","0","0","0"
"45773","18729","0","5","67108864","0","0","0"
"45774","17793","0","5","0","0","0","0"
"45776","17245","0","7","0","0","0","0"
"45778","16836","0","7","0","0","0","0"
"45779","16949","0","7","0","0","0","0"
"45781","16845","0","7","0","0","0","0"
"45782","16910","0","7","0","0","0","0"
"45783","18223","0","5","4194304","0","0","0"
"45784","16948","0","7","0","0","0","0"
"45789","16814","0","7","0","0","0","0"
"45791","16912","0","7","0","0","0","0"
"45792","17791","0","5","0","0","0","0"
"45793","17752","0","5","33554432","0","0","0"
"45794","16913","0","7","0","0","0","0"
"45795","17007","0","7","0","0","0","0"
"45797","17727","0","5","1048576","0","0","0"
"45798","17313","0","6","8388608","0","0","0"
"45800","17116","0","7","0","524288","0","0"
"45801","17119","0","7","0","0","0","0"
"45802","17104","0","7","0","0","0","0"
"45803","17059","0","7","0","0","0","0"
"45804","17056","0","7","0","0","0","0"
"45805","16936","0","7","0","0","0","0"
"45807","18134","0","5","0","0","0","0"
"45808","18135","0","5","0","0","0","0"
"45809","18136","0","5","0","0","0","0"
"45811","26187","0","4","128","0","0","0"
"45812","17312","0","6","8388608","0","0","0"
"45814","17329","0","7","1048576","0","0","0"
"45815","17248","0","7","0","0","0","0"
"45820","17247","0","7","0","0","0","0"
"45821","18127","0","5","0","0","0","0"
"45824","18094","0","5","0","0","0","0"
"45825","17191","0","6","0","0","0","0"
"45827","17112","0","7","0","0","0","0"
"45830","17925","0","5","524288","0","0","0"
"45831","17113","0","7","0","0","0","0"
"45832","16857","0","7","1024","0","0","0"
"45835","17919","0","5","256","0","0","0"
"45836","17920","0","5","256","0","0","0"
"45837","16815","0","7","0","0","0","0"
"45838","16816","0","7","0","0","0","0"
"45839","16859","0","7","0","0","0","0"
"45841","16811","0","7","1048576","0","0","0"
"45842","16847","0","7","0","0","0","0"
"45845","16817","0","7","0","0","0","0"
"45846","16810","0","7","1048576","0","0","0"
"45847","20104","0","10","0","0","0","0"
"45848","17796","0","5","0","0","0","0"
"45849","20101","0","10","0","0","0","0"
"45850","20102","0","10","0","0","0","0"
"45851","20103","0","10","0","0","0","0"
"45852","20105","0","10","0","0","0","0"
"45854","18735","0","5","134217728","0","0","0"
"45855","19251","0","6","524288","0","0","0"
"45856","19236","0","6","16777216","0","0","0"
"45857","19238","0","6","16777216","0","0","0"
"45859","19240","0","6","16777216","0","0","0"
"45860","18708","0","5","0","0","0","0"
"45861","18738","0","5","134217728","0","0","0"
"45863","19407","0","9","0","0","0","0"
"45864","19304","0","6","2097152","0","0","0"
"45865","18709","0","5","0","0","0","0"
"45866","19305","0","6","2097152","0","0","0"
"45869","17811","0","5","0","0","0","0"
"45870","17814","0","5","0","0","0","0"
"45871","17815","0","5","0","0","0","0"
"45872","18740","0","5","268435456","0","0","0"
"45877","19275","0","6","-2147483648","0","0","0"
"45879","18705","0","5","0","0","0","0"
"45880","18706","0","5","0","0","0","0"
"45881","18707","0","5","0","0","0","0"
"45882","19233","0","9","0","0","0","0"
"45883","18530","0","6","0","0","0","0"
"45884","18737","0","5","134217728","0","0","0"
"45885","18534","0","6","0","0","0","0"
"45886","16935","0","7","0","0","0","0"
"45890","17779","0","5","0","0","0","0"
"45891","18547","0","6","0","0","0","0"
"45892","18548","0","6","0","0","0","0"
"45894","18126","0","5","0","0","0","0"
"45895","19255","0","9","0","0","0","0"
"45896","17780","0","5","0","0","0","0"
"45897","17781","0","5","0","0","0","0"
"45898","17782","0","5","0","0","0","0"
"45900","19377","0","9","0","0","0","0"
"45902","21082","0","10","512","0","0","0"
"45903","18535","0","6","0","0","0","0"
"45908","19257","0","9","0","0","0","0"
"45909","18531","0","6","0","0","0","0"
"45910","19258","0","9","0","0","0","0"
"45911","19259","0","9","0","0","0","0"
"45914","19376","0","9","0","0","0","0"
"45917","19232","0","9","0","0","0","0"
"45918","17834","0","5","0","0","0","0"
"45919","19438","0","5","33554432","0","0","0"
"45921","17962","0","5","512","0","0","0"
"45922","18459","0","3","0","0","0","0"
"45923","18460","0","3","0","0","0","0"
"45926","18174","0","5","0","0","0","0"
"45927","18175","0","5","0","0","0","0"
"45928","19801","0","9","65536","0","0","0"
"45930","18427","0","8","0","0","0","0"
"45931","18544","0","6","0","0","0","0"
"45932","19386","0","9","0","4096","0","0"
"45936","19273","0","6","-2147483648","0","0","0"
"45937","17804","0","5","0","0","0","0"
"45938","19241","0","6","16777216","0","0","0"
"45940","18265","0","5","0","1","0","0"
"45946","18288","0","5","0","0","0","0"
"45948","18533","0","6","0","0","0","0"
"45949","17836","0","5","0","0","0","0"
"45953","18549","0","6","0","0","0","0"
"45954","18498","0","8","0","0","0","0"
"45955","18499","0","4","268435456","0","0","0"
"45956","18096","0","5","0","0","0","0"
"45958","19242","0","6","16777216","0","0","0"
"45959","18550","0","6","0","0","0","0"
"45960","18728","0","5","67108864","0","0","0"
"45961","18879","0","5","0","1","0","0"
"45963","20271","0","10","8388608","0","0","0"
"45965","19265","0","6","-2080374784","4096","0","0"
"45966","17956","0","5","0","0","0","0"
"45967","18540","0","5","0","0","0","0"
"45968","18182","0","5","0","0","0","0"
"45972","19266","0","6","-2080374784","4096","0","0"
"45974","17805","0","5","0","0","0","0"
"45976","20742","0","7","285212672","0","0","0"
"45977","19239","0","9","0","0","0","0"
"45978","18177","0","5","0","0","0","0"
"45981","18273","0","5","0","0","0","0"
"45983","19243","0","6","16777216","0","0","0"
"45984","17927","0","5","0","0","0","0"
"45990","17952","0","5","1048576","0","0","0"
"45991","17958","0","5","0","0","0","0"
"45992","17959","0","5","0","0","0","0"
"45994","19007","0","5","0","0","0","0"
"45997","23920","0","4","0","2","0","0"
"45998","23923","0","4","0","513","0","0"
"46000","19262","0","6","-2080374784","4096","0","0"
"46001","19263","0","9","0","2","0","0"
"46002","19277","0","6","33554432","4096","0","0"
"46003","19278","0","6","33554432","4096","0","0"
"46004","18176","0","5","0","0","0","0"
"46005","18657","0","7","16777216","131072","0","0"
"46006","17833","0","5","0","0","0","0"
"46007","17835","0","5","0","0","0","0"
"46009","18658","0","7","16777216","131072","0","0"
"46011","18428","0","8","0","0","0","0"
"46014","17928","0","5","0","8","0","0"
"46015","17929","0","5","0","0","0","0"
"46016","17930","0","5","0","0","0","0"
"46017","18429","0","8","0","0","0","0"
"46018","17322","0","6","0","0","0","0"
"46020","17323","0","6","0","0","0","0"
"46024","18180","0","5","0","0","0","0"
"46027","20662","0","4","536870912","0","0","0"
"46029","19418","0","9","0","0","0","0"
"46030","19424","0","9","0","0","0","0"
"46033","19457","0","9","0","0","0","0"
"46034","19454","0","9","0","0","0","0"
"46036","18880","0","5","0","1","0","0"
"46037","19871","0","4","0","0","0","0"
"46038","19941","0","10","1073741824","0","0","0"
"46039","19942","0","10","1073741824","0","0","0"
"46040","19943","0","10","1073741824","0","0","0"
"46041","19252","0","6","524288","0","0","0"
"46043","19244","0","5","0","0","0","0"
"46044","19245","0","9","0","0","0","0"
"46048","19870","0","4","0","0","0","0"
"46050","19487","0","9","0","0","0","0"
"46051","19488","0","9","0","0","0","0"
"46052","19489","0","9","0","0","0","0"
"46053","19582","0","9","268435456","0","0","0"
"46054","18731","0","5","0","0","0","0"
"46056","19900","0","10","67108864","16","0","0"
"46060","19279","0","6","33554432","4096","0","0"
"46061","19837","0","10","268435458","0","0","0"
"46062","19490","0","9","0","0","0","0"
"46063","18703","0","5","0","0","0","0"
"46064","18704","0","5","0","0","0","0"
"46065","19280","0","6","33554432","4096","0","0"
"46066","19559","0","9","0","0","0","0"
"46067","19387","0","9","0","0","0","0"
"46068","18871","0","5","128","0","0","0"
"46069","18178","0","5","0","0","0","0"
"46075","19423","0","9","0","0","0","0"
"46076","19425","0","9","0","0","0","0"
"46077","19977","0","10","268435456","0","0","0"
"46078","19575","0","9","0","0","0","0"
"46079","19249","0","6","524288","0","0","0"
"46081","18131","0","5","0","0","0","0"
"46082","18073","0","5","0","0","0","0"
"46083","19895","0","10","67108864","16","0","0"
"46084","19228","0","9","0","0","0","0"
"46085","17924","0","5","0","128","0","0"
"46086","17926","0","5","524288","0","0","0"
"46087","19388","0","9","0","0","0","0"
"46088","19285","0","6","-2080374784","4096","0","0"
"46089","19498","0","9","0","0","0","0"
"46090","19838","0","10","268435458","0","0","0"
"46091","19740","0","10","268435458","0","0","0"
"46093","19421","0","9","0","0","0","0"
"46094","19422","0","9","0","0","0","0"
"46097","19184","0","9","0","0","0","0"
"46099","19485","0","9","0","0","0","0"
"46100","19621","0","9","0","0","0","0"
"46101","19253","0","6","524288","0","0","0"
"46102","19414","0","9","0","0","0","0"
"46104","19511","0","9","0","0","0","0"
"46106","18372","0","5","0","0","0","0"
"46110","19271","0","6","-2147483648","0","0","0"
"46112","19750","0","10","1073741824","0","0","0"
"46113","19306","0","9","0","524288","0","0"
"46114","18710","0","5","0","0","0","0"
"46115","18727","0","5","67108864","0","0","0"
"46117","18694","0","5","0","0","0","0"
"46120","19434","75","9","131072","0","0","0"
"46121","19580","0","9","67108864","0","0","0"
"46123","18647","0","5","0","0","0","0"
"46125","19461","0","9","0","0","0","0"
"46126","19462","0","9","0","0","0","0"
"46128","19854","0","10","268500992","0","0","0"
"46129","19254","0","6","524288","0","0","0"
"46130","19979","0","10","268435456","0","0","0"
"46131","17802","0","5","0","0","0","0"
"46133","18741","0","5","268435456","0","0","0"
"46136","19299","0","6","2097152","0","0","0"
"46138","19583","0","9","0","0","0","0"
"46139","19585","0","9","0","0","0","0"
"46140","20091","0","10","0","0","0","0"
"46141","17735","0","5","33554432","0","0","0"
"46142","19560","0","9","0","0","0","0"
"46143","18931","0","5","512","0","0","0"
"46144","18881","0","5","0","1","0","0"
"46146","20216","0","10","0","256","0","0"
"46147","20217","0","10","285212672","0","0","0"
"46152","17801","0","5","0","0","0","0"
"46153","19159","0","9","0","0","0","0"
"46154","18932","0","5","512","0","0","0"
"46155","18730","0","5","67108864","0","0","0"
"46156","18696","0","5","0","0","0","0"
"46157","18692","0","5","0","0","0","0"
"46158","18693","0","5","0","0","0","0"
"46161","18930","0","5","512","0","0","0"
"46162","19274","0","6","-2147483648","0","0","0"
"46163","19308","0","6","-2147483648","4096","0","0"
"46164","19303","0","6","2097152","0","0","0"
"46166","18937","0","5","-2147483648","0","0","0"
"46167","19264","0","6","-2080374784","4096","0","0"
"46170","18960","0","7","0","0","0","0"
"46172","18695","0","5","0","0","0","0"
"46173","19503","0","9","262144","0","0","0"
"46174","19555","0","9","0","0","0","0"
"46175","19752","0","10","0","0","0","0"
"46176","19261","0","6","-2080374784","4096","0","0"
"46178","18744","0","5","0","0","0","0"
"46181","19282","0","6","-2080374784","4096","0","0"
"46182","18807","0","6","8388608","0","0","0"
"46183","18562","0","7","0","2","0","0"
"46184","19302","0","6","2097152","0","0","0"
"46185","19549","0","9","0","0","0","0"
"46186","19550","0","9","0","0","0","0"
"46188","20375","0","10","33554432","0","0","0"
"46189","19551","0","9","0","0","0","0"
"46190","20291","0","10","134217728","0","0","0"
"46191","19415","0","9","0","0","0","0"
"46192","19416","0","9","0","0","0","0"
"46193","19456","0","9","0","0","0","0"
"46194","19610","0","9","0","0","0","0"
"46195","20752","0","5","1048576","0","0","0"
"46196","19500","0","9","0","0","0","0"
"46198","19464","0","9","0","0","0","0"
"46199","19465","0","9","0","0","0","0"
"46204","19584","0","9","0","0","0","0"
"46205","19586","0","9","0","0","0","0"
"46206","19609","0","9","0","0","0","0"
"46207","19419","0","9","0","0","0","0"
"46208","19420","0","9","0","0","0","0"
"46210","20249","0","10","0","0","0","0"
"46211","20042","0","10","0","0","0","0"
"46212","19939","0","10","1073741824","0","0","0"
"46213","19940","0","10","1073741824","0","0","0"
"46214","20292","0","10","134217728","0","0","0"
"46215","19592","0","9","0","0","0","0"
"46216","20166","0","10","134217728","0","0","0"
"46217","19581","0","9","134217728","0","0","0"
"46218","19898","0","10","67108864","16","0","0"
"46220","20770","0","6","1073741824","0","0","0"
"46221","19505","0","5","0","0","0","0"
"46222","20046","0","10","0","0","0","0"
"46223","20047","0","10","0","0","0","0"
"46225","19624","0","9","0","0","0","0"
"46226","19625","0","9","0","0","0","0"
"46227","19601","0","9","0","0","0","0"
"46228","19443","0","5","33554432","0","0","0"
"46229","18742","0","5","268435456","0","0","0"
"46230","20336","0","10","0","0","0","0"
"46231","19572","0","9","0","0","0","0"
"46232","19573","0","9","0","0","0","0"
"46233","19417","0","9","0","0","0","0"
"46234","19734","0","5","0","0","0","0"
"46235","19160","0","9","0","0","0","0"
"46236","18743","0","5","0","0","0","0"
"46237","20345","0","10","524288","0","0","0"
"46238","20346","0","10","524288","0","0","0"
"46240","20608","0","11","512","0","0","0"
"46241","19442","0","5","33554432","0","0","0"
"46243","19281","0","6","-2080374784","4096","0","0"
"46244","20235","0","10","0","0","0","0"
"46245","19616","0","9","0","0","0","0"
"46246","19617","0","9","0","0","0","0"
"46249","20066","0","10","4","0","0","0"
"46250","19602","0","9","0","0","0","0"
"46251","20045","0","10","0","0","0","0"
"46253","19852","0","10","268500992","0","0","0"
"46254","20185","0","10","524288","0","0","0"
"46256","20154","0","10","134217728","0","0","0"
"46258","19623","0","9","0","0","0","0"
"46259","20609","0","11","0","0","0","0"
"46260","19618","0","9","0","0","0","0"
"46261","19897","0","10","67108864","16","0","0"
"46262","20245","0","10","0","0","0","0"
"46263","19599","0","9","0","0","0","0"
"46264","19600","0","9","0","0","0","0"
"46265","20305","0","10","512","0","0","0"
"46266","20468","0","10","0","0","0","0"
"46267","19619","0","9","0","0","0","0"
"46268","20344","0","10","524288","0","0","0"
"46269","20244","0","10","0","0","0","0"
"46270","19620","0","9","0","0","0","0"
"46271","19574","0","9","0","0","0","0"
"46273","19596","0","9","0","0","0","0"
"46274","19853","0","10","268500992","0","0","0"
"46275","19622","0","9","0","0","0","0"
"46277","19440","0","5","33554432","0","0","0"
"46279","19455","0","9","0","0","0","0"
"46280","20254","0","10","0","0","0","0"
"46281","19467","0","9","0","0","0","0"
"46282","19612","0","9","0","0","0","0"
"46284","20043","0","9","0","4194304","0","0"
"46290","19746","0","10","131072","0","0","0"
"46291","19876","0","10","67108864","16","0","0"
"46292","20469","0","10","0","0","0","0"
"46293","20470","0","10","0","0","0","0"
"46294","19480","0","5","0","0","0","0"
"46296","19896","0","10","67108864","16","0","0"
"46297","19899","0","10","67108864","16","0","0"
"46298","19587","0","9","0","0","0","0"
"46300","20250","0","10","0","0","0","0"
"46301","19499","0","9","0","0","0","0"
"46302","19978","0","10","268435456","0","0","0"
"46304","19736","0","5","0","0","0","0"
"46305","20165","0","10","134217728","0","0","0"
"46308","19647","0","5","0","0","0","0"
"46309","19506","0","9","0","2097152","0","0"
"46313","19836","0","10","268435458","0","0","0"
"46315","19598","0","9","0","0","0","0"
"46316","19290","0","9","0","0","0","0"
"46318","19441","0","5","33554432","0","0","0"
"46319","19731","0","5","0","0","0","0"
"46320","19312","0","6","-2147483648","4096","0","0"
"46321","19309","0","6","-2147483648","4096","0","0"
"46322","20048","0","10","0","0","0","0"
"46324","19412","0","9","0","0","0","0"
"46325","19552","0","9","0","0","0","0"
"46326","19286","0","9","0","0","0","0"
"46330","19413","0","9","0","0","0","0"
"46331","19553","0","9","0","0","0","0"
"46332","19294","0","9","0","0","0","0"
"46333","19283","0","6","-2080374784","4096","0","0"
"46334","19284","0","6","-2080374784","4096","0","0"
"46335","19554","0","9","0","0","0","0"
"46340","20092","0","10","0","0","0","0"
"46346","20184","0","10","1048576","0","0","0"
"46349","19891","0","10","67108864","16","0","0"
"46350","19287","0","9","0","0","0","0"
"46352","19311","0","6","-2147483648","4096","0","0"
"46353","19310","0","6","-2147483648","4096","0","0"
"46356","19296","0","6","2097152","0","0","0"
"46357","19850","0","10","268500992","0","0","0"
"46358","20164","0","10","134217728","0","0","0"
"46360","18938","0","5","-2147483648","0","0","0"
"46361","19556","0","9","0","0","0","0"
"46362","20215","0","10","0","0","0","0"
"46364","19834","0","10","268435458","0","0","0"
"46369","19835","0","10","268435458","0","0","0"
"46371","19742","0","10","268500992","0","0","0"
"46372","20928","0","10","0","64","0","0"
"46373","21562","0","6","8","0","0","0"
"46376","21183","0","10","536870912","0","0","0"
"46378","21084","0","10","134217728","0","0","0"
"46382","21553","0","4","33554432","0","0","0"
"46384","20776","0","11","0","0","0","0"
"46386","20209","0","10","0","0","0","0"
"46387","20210","0","10","0","0","0","0"
"46388","20777","0","11","0","0","0","0"
"46390","20900","75","9","131072","0","0","0"
"46391","20902","75","9","131072","0","0","0"
"46392","20904","75","9","131072","0","0","0"
"46397","20920","0","10","33554432","0","0","0"
"46398","20923","0","10","32","0","0","0"
"46400","20500","0","4","0","0","0","0"
"46401","20501","0","4","0","0","0","0"
"46402","20186","0","10","524288","0","0","0"
"46404","20356","0","10","134217728","0","0","0"
"46405","20331","0","10","0","0","0","0"
"46406","20913","0","10","268435456","0","0","0"
"46407","20286","0","10","1024","0","0","0"
"46408","21169","0","11","512","0","0","0"
"46409","20348","0","10","134217728","0","0","0"
"46417","20914","0","10","268435456","0","0","0"
"46419","20918","0","10","33554432","0","0","0"
"46420","20138","0","10","0","0","0","0"
"46421","20256","0","10","0","0","0","0"
"46422","20252","0","4","1073741824","0","0","0"
"46424","20139","0","10","0","0","0","0"
"46426","20234","0","10","0","0","0","0"
"46431","20502","0","4","0","0","0","0"
"46432","20188","0","10","536870912","0","0","0"
"46435","20175","0","10","0","0","0","0"
"46437","20915","0","10","33554432","0","0","0"
"46439","20140","0","10","0","0","0","0"
"46440","20307","0","10","512","0","0","0"
"46441","20610","0","11","0","0","0","0"
"46442","20332","0","10","0","0","0","0"
"46443","20290","0","10","134217728","0","0","0"
"46444","20361","0","10","0","0","0","0"
"46445","20349","0","10","134217728","0","0","0"
"46448","20162","0","10","512","0","0","0"
"46449","19888","0","10","67108864","16","0","0"
"46450","20347","0","10","134217728","0","0","0"
"46451","20503","0","4","0","0","0","0"
"46452","20212","0","10","0","0","0","0"
"46454","20224","0","10","0","0","0","0"
"46455","20504","0","4","0","0","0","0"
"46456","20237","0","10","0","0","0","0"
"46457","20354","0","10","524288","0","0","0"
"46458","20359","0","10","0","0","0","0"
"46459","20238","0","10","0","0","0","0"
"46460","20239","0","10","0","0","0","0"
"46461","20355","0","10","524288","0","0","0"
"46465","20306","0","10","512","0","0","0"
"46466","20187","0","10","1024","0","0","0"
"46467","20569","0","4","4194304","0","0","0"
"46469","20330","0","10","0","0","0","0"
"46474","20360","0","10","0","0","0","0"
"46475","20190","0","9","0","4194304","0","0"
"46477","20308","0","10","512","0","0","0"
"46478","20116","0","10","32","0","0","0"
"46484","21564","0","6","8","0","0","0"
"46487","20616","0","4","1073741824","0","0","0"
"46488","20617","0","4","1073741824","0","0","0"
"46490","20174","0","10","0","0","0","0"
"46491","20302","0","10","536870912","0","0","0"
"46492","20782","0","9","0","0","0","0"
"46493","20300","0","10","536870912","0","0","0"
"46494","20141","0","10","0","0","0","0"
"46495","20142","0","10","0","0","0","0"
"46496","20205","0","10","0","0","0","0"
"46497","20206","0","10","0","0","0","0"
"46498","20484","0","7","285212672","0","0","0"
"46499","21850","0","7","262144","0","0","0"
"46501","20736","75","9","65536","131072","0","0"
"46502","20961","0","10","0","0","0","0"
"46503","20962","0","10","0","0","0","0"
"46506","20289","0","10","134217728","0","0","0"
"46508","20647","0","4","536870912","0","0","0"
"46509","20922","0","10","32","0","0","0"
"46510","20496","0","4","0","0","0","0"
"46512","19589","0","9","536870912","0","0","0"
"46514","19590","0","9","0","0","0","0"
"46515","19591","0","9","1073741824","0","0","0"
"46518","20213","0","10","0","0","0","0"
"46519","20214","0","10","0","0","0","0"
"46522","20425","0","10","0","0","0","0"
"46523","20287","0","10","134217728","0","0","0"
"46525","20225","0","10","0","0","0","0"
"46526","20729","0","10","268435456","0","0","0"
"46527","22895","0","7","0","0","0","0"
"46530","20967","0","10","0","0","0","0"
"46531","20208","0","10","0","0","0","0"
"46532","20207","0","10","0","0","0","0"
"46533","20739","0","7","285212672","0","0","0"
"46535","20660","0","4","536870912","0","0","0"
"46540","20756","0","5","1048576","0","0","0"
"46543","20919","0","10","33554432","0","0","0"
"46544","20473","0","10","2097152","0","0","0"
"46545","20335","0","10","0","0","0","0"
"46548","20357","0","10","134217728","0","0","0"
"46549","20288","0","10","134217728","0","0","0"
"46551","20293","0","10","134217728","0","0","0"
"46552","20488","0","10","0","0","0","0"
"46553","20924","0","10","32","0","0","0"
"46554","20910","0","9","0","524288","0","0"
"46556","20251","0","10","0","0","0","0"
"46558","20280","0","10","1024","0","0","0"
"46559","20911","0","10","268435456","0","0","0"
"46561","20255","0","10","0","0","0","0"
"46562","20658","0","4","536870912","0","0","0"
"46563","20661","0","4","536870912","0","0","0"
"46564","20281","0","10","1024","0","0","0"
"46567","21551","0","4","33554432","0","0","0"
"46569","20968","0","10","0","0","0","0"
"46570","21552","0","4","33554432","0","0","0"
"46572","20930","0","10","2097152","0","0","0"
"46577","20925","0","10","0","64","0","0"
"46578","20285","0","10","1024","0","0","0"
"46589","20282","0","10","1024","0","0","0"
"46590","20283","0","10","1024","0","0","0"
"46591","20284","0","10","1024","0","0","0"
"46593","20755","0","5","1048576","0","0","0"
"46596","20757","0","5","1048576","0","0","0"
"46597","20747","0","7","285212672","0","0","0"
"46600","20337","0","10","0","0","0","0"
"46603","20559","0","4","134217728","0","0","0"
"46628","20560","0","4","134217728","0","0","0"
"46634","23459","0","6","134217728","0","0","0"
"46636","20748","0","7","285212672","0","0","0"
"46647","20487","0","10","0","0","0","0"
"46648","20489","0","10","0","0","0","0"
"46655","20912","0","10","268435456","0","0","0"
"46659","22827","0","7","8388608","0","0","0"
"46665","22782","0","3","268435456","0","0","0"
"46668","20301","0","10","536870912","0","0","0"
"46669","20303","0","10","536870912","0","0","0"
"46677","20927","0","10","0","64","0","0"
"46678","20929","0","10","2097152","0","0","0"
"46680","22959","0","3","0","0","0","0"
"46684","22896","0","7","0","0","0","0"
"46686","21849","0","7","262144","0","0","0"
"46688","20909","0","9","0","524288","0","0"
"46696","20901","75","9","131072","0","0","0"
"46699","20903","75","9","131072","0","0","0"
"46707","22570","0","7","0","128","0","0"
"46712","22783","0","3","268435456","0","0","0"
"46714","22828","0","7","8388608","0","0","0"
"46724","23584","0","4","0","0","0","0"
"46729","24133","0","9","0","4096","0","0"
"46730","24134","0","9","0","256","0","0"
"46734","22829","0","7","8388608","0","0","0"
"46739","23891","0","4","0","0","0","0"
"46740","23588","0","4","0","0","0","0"
"46741","24135","0","9","0","256","0","0"
"46746","23989","0","9","0","0","0","0"
"46748","23695","0","4","0","0","0","0"
"46749","23585","0","4","0","0","0","0"
"46753","23586","0","4","0","0","0","0"
"46761","23587","0","4","0","0","0","0"
"46765","24239","0","10","0","128","0","0"
"46767","21178","0","7","33554432","0","0","0"
"46770","23455","0","6","134217728","0","0","0"
"46784","24132","0","9","0","4096","0","0"
"46789","23028","0","3","1024","0","0","0"
"46790","22842","0","7","0","0","0","0"
"46791","22568","0","7","8388608","0","0","0"
"46809","22812","0","7","0","262144","0","0"
"46828","23880","0","4","0","0","0","0"
"46829","23881","0","4","0","1024","0","0"
"46841","25300","0","8","8388612","0","0","0"
"46842","25302","0","8","134217728","0","0","0"
"46851","24858","0","7","0","8192","0","0"
"46861","24866","0","7","0","0","0","0"
"46874","23893","0","4","0","1024","0","0"
"46875","23894","0","4","0","1024","0","0"
"46891","24396","0","9","0","0","0","0"
"46903","23885","0","4","0","0","0","0"
"46911","24395","0","9","0","0","0","0"
"46912","23892","0","4","0","1024","0","0"
"46922","23458","0","6","134217728","0","0","0"
"46923","24131","0","9","0","256","0","0"
"46928","24397","0","9","0","0","0","0"
"46929","23886","0","4","0","0","0","0"
"46931","23887","0","4","0","0","0","0"
"46932","23888","0","4","0","0","0","0"
"46933","23889","0","4","0","0","0","0"
"46934","23890","0","4","0","0","0","0"
"46946","24406","0","9","0","0","0","0"
"46963","25345","0","3","2048","0","0","0"
"46965","25359","0","11","536870912","0","0","0"
"46968","25288","0","4","1024","0","0","0"
"46970","24943","0","7","0","0","0","0"
"46973","24970","0","7","0","0","0","0"
"46974","24972","0","7","0","0","0","0"
"46977","24974","0","7","2097152","0","0","0"
"46978","25306","0","3","1","0","0","0"
"46979","25307","0","5","1","0","0","0"
"46980","25309","0","5","4","0","0","0"
"46981","25314","0","6","4096","0","0","0"
"46982","25357","0","11","64","0","0","0"
"46983","25361","0","11","536870912","0","0","0"
"46988","25297","0","7","32","0","0","0"
"46998","24691","0","9","0","0","0","0"
"46999","23922","0","4","0","513","0","0"
"47001","23924","0","4","0","513","0","0"
"47002","23925","0","4","0","513","0","0"
"47004","24968","0","7","0","0","0","0"
"47007","27681","0","6","32","0","0","0"
"47017","24969","0","7","0","0","0","0"
"47020","24275","0","10","0","128","0","0"
"47021","25315","0","6","64","0","0","0"
"47026","25316","0","6","512","0","0","0"
"47027","24844","0","11","0","0","0","0"
"47041","24530","0","3","131074","0","0","0"
"47047","25299","0","7","16","0","0","0"
"47048","24283","0","9","0","0","0","0"
"47051","25304","0","3","1572896","0","0","0"
"47052","24248","0","7","8388608","0","0","0"
"47053","24274","0","10","0","128","0","0"
"47055","24443","0","9","0","0","0","0"
"47056","25289","0","4","65536","0","0","0"
"47059","25290","0","10","268500992","0","0","0"
"47060","25291","0","10","268435458","0","0","0"
"47062","25295","75","9","16384","0","0","0"
"47064","25916","0","10","268435458","0","0","0"
"47065","25918","0","10","268500992","0","0","0"
"47067","26090","0","4","128","0","0","0"
"47068","25902","0","10","2097152","0","0","0"
"47069","28379","0","6","33554432","0","0","0"
"47077","25011","0","11","0","0","0","0"
"47081","25008","0","11","0","0","0","0"
"47082","25010","0","11","0","0","0","0"
"47090","25898","0","10","285212672","0","0","0"
"47091","25956","0","10","0","0","0","0"
"47094","25294","75","9","4096","0","0","0"
"47096","25908","0","11","536870912","0","0","0"
"47101","25292","0","10","-2147483648","0","0","0"
"47102","24946","0","7","0","0","0","0"
"47104","25296","0","9","1048576","0","0","0"
"47105","25298","0","7","4","0","0","0"
"47110","25311","0","5","2","0","0","0"
"47112","24945","0","7","0","0","0","0"
"47113","25346","0","3","2097152","0","0","0"
"47114","25957","0","10","0","0","0","0"
"47123","24971","0","7","0","0","0","0"
"47132","25009","0","11","0","0","0","0"
"47139","25895","0","10","256","0","0","0"
"47141","25286","0","4","64","0","0","0"
"47142","24975","0","7","2097152","0","0","0"
"47144","25782","0","10","268435458","0","0","0"
"47146","25012","0","11","0","0","0","0"
"47147","26188","0","4","128","0","0","0"
"47148","24944","0","7","0","0","0","0"
"47157","25076","0","11","0","0","0","0"
"47171","26364","0","11","1024","0","0","0"
"47172","27683","0","6","256","0","0","0"
"47173","26363","0","11","1024","0","0","0"
"47185","28332","0","3","0","0","0","0"
"47189","26369","0","11","1024","0","0","0"
"47190","26370","0","11","1024","0","0","0"
"47193","24976","0","7","2097152","0","0","0"
"47194","24977","0","7","2097152","0","0","0"
"47196","26366","0","11","1024","0","0","0"
"47197","26367","0","11","1024","0","0","0"
"47199","28272","0","3","16777216","0","0","0"
"47219","26365","0","11","1024","0","0","0"
"47226","25911","0","10","2097152","0","0","0"
"47230","25912","0","10","2097152","0","0","0"
"47231","25913","0","10","0","65536","0","0"
"47232","25914","0","10","0","65536","0","0"
"47245","25903","0","10","0","65536","0","0"
"47269","25780","0","10","1","0","0","0"
"47270","25781","0","10","0","0","0","0"
"47282","25890","0","10","268435456","0","0","0"
"47287","25899","0","10","268435456","0","0","0"
"47289","25894","0","10","268500992","0","0","0"
"47291","27870","0","6","1073741824","0","0","0"
"47292","28380","0","6","33554432","0","0","0"
"47293","27902","0","6","0","0","0","0"
"47295","28377","0","6","33554432","0","0","0"
"47296","27904","0","6","0","0","0","0"
"47301","27813","0","6","0","4096","0","0"
"47307","28382","0","6","33554432","0","0","0"
"47311","27903","0","6","0","0","0","0"
"47312","28378","0","6","33554432","0","0","0"
"47313","28381","0","6","33554432","0","0","0"
"47314","27901","0","6","0","0","0","0"
"47316","29205","0","11","0","0","0","0"
"47317","27871","0","6","1073741824","0","0","0"
"47320","27839","0","6","0","0","0","0"
"47324","27900","0","6","0","0","0","0"
"47326","27811","0","6","0","0","0","0"
"47327","27803","0","6","134217728","0","0","0"
"47328","27815","0","6","0","0","0","0"
"47331","27789","0","6","0","0","0","0"
"47333","27805","0","6","134217728","0","0","0"
"47334","27818","0","6","0","4096","0","0"
"47336","26573","0","10","32","0","0","0"
"47341","27790","0","6","0","0","0","0"
"47342","27816","0","6","0","0","0","0"
"47343","27817","0","6","0","4096","0","0"
"47348","27804","0","6","134217728","0","0","0"
"47363","27840","0","6","0","0","0","0"
"47364","27841","0","6","32","0","0","0"
"47366","27800","0","6","4194304","0","0","0"
"47367","27801","0","6","4194304","0","0","0"
"47368","27828","0","6","0","4096","0","0"
"47371","27799","0","6","4194304","0","0","0"
"47377","30165","0","11","0","0","0","0"
"47379","29438","0","3","0","0","0","0"
"47381","29446","0","3","0","0","0","0"
"47387","28997","0","6","0","0","0","0"
"47389","28998","0","6","0","0","0","0"
"47393","30866","0","11","0","0","0","0"
"47394","30867","0","11","0","0","0","0"
"47398","29080","0","11","0","0","0","0"
"47401","29187","0","11","0","0","0","0"
"47413","28999","0","11","0","0","0","0"
"47416","30868","0","11","0","0","0","0"
"47417","30869","0","11","0","0","0","0"
"47422","29180","0","11","0","0","0","0"
"47423","29228","0","11","268435456","0","0","0"
"47432","29166","0","7","0","4096","0","0"
"47433","29202","0","11","0","0","0","0"
"47438","31018","0","7","8388608","0","0","0"
"47440","29178","0","11","0","0","0","0"
"47442","29179","0","11","0","0","0","0"
"47443","29000","0","11","0","0","0","0"
"47448","30864","0","11","0","0","0","0"
"47449","30865","0","11","0","0","0","0"
"47455","29079","0","11","0","0","0","0"
"47473","29075","0","3","0","0","0","0"
"47474","29177","0","11","0","0","0","0"
"47482","29076","0","3","0","0","0","0"
"47491","30819","0","8","0","0","0","0"
"47501","29206","0","11","0","0","0","0"
"47504","29074","0","3","0","0","0","0"
"47508","28271","0","3","16777216","0","0","0"
"47516","30814","0","11","0","0","0","0"
"47517","30816","0","8","0","0","0","0"
"47518","30818","0","8","0","0","0","0"
"47522","30812","0","11","0","0","0","0"
"47523","30813","0","11","0","0","0","0"
"47532","29440","0","3","0","0","0","0"
"47533","29441","0","3","0","0","0","0"
"47534","29192","0","11","0","0","0","0"
"47535","29193","0","11","0","0","0","0"
"47536","29444","0","3","0","0","0","0"
"47545","29439","0","3","0","0","0","0"
"47548","29063","0","11","0","0","0","0"
"47550","29445","0","3","0","0","0","0"
"47553","29189","0","11","0","0","0","0"
"47554","29191","0","11","0","0","0","0"
"47555","29447","0","3","0","0","0","0"
"47566","30872","0","11","0","0","0","0"
"47568","31016","0","8","8519680","0","0","0"
"57166","25217","0","6","1","0","0","0"
"57167","25218","0","6","1","0","0","0"
"57168","25464","0","11","-2147483648","0","0","0"
"57169","25467","0","6","33554432","4096","0","0"
"57170","25557","0","11","536870912","0","0","0"
"57172","25560","0","11","536870912","0","0","0"
"57173","26371","0","11","1024","0","0","0"
"57174","26372","0","11","1024","0","0","0"
"57178","27131","0","3","32768","0","0","0"
"57179","27132","0","3","4194304","0","0","0"
"57180","27133","0","3","8388608","64","0","0"
"57181","27173","0","10","32","0","0","0"
"57182","27174","0","10","2097152","0","0","0"
"57183","27175","0","10","0","65536","0","0"
"57184","27176","0","10","2097152","0","0","0"
"57185","27266","0","5","512","0","0","0"
"57186","27267","0","5","4096","0","0","0"
"57187","27268","0","5","8388608","0","0","0"
"57188","27269","0","5","8388608","0","0","0"
"57189","25221","0","6","64","0","0","0"
"57190","25222","0","6","64","0","0","0"
"57191","25363","0","6","128","0","0","0"
"57192","25469","0","11","1024","0","0","0"
"57193","25470","0","6","-2080374784","4096","0","0"
"57195","25563","0","11","536870912","0","0","0"
"57199","26884","0","8","256","0","0","0"
"57200","26978","0","7","32","0","0","0"
"57201","26979","0","7","32","0","0","0"
"57202","26980","0","7","64","0","0","0"
"57203","27044","0","9","1048576","0","0","0"
"57204","27045","0","9","0","4194304","0","0"
"57205","27046","0","9","8388608","0","0","0"
"57206","27134","0","3","0","1","0","0"
"57207","27135","0","10","-2147483648","0","0","0"
"57208","27136","0","10","-2147483648","0","0","0"
"57209","27137","0","10","1073741824","0","0","0"
"57210","27138","0","10","0","2","0","0"
"57211","27179","0","10","0","64","0","0"
"57212","27180","0","10","0","128","0","0"
"57213","27270","0","5","33554432","0","0","0"
"57214","27271","0","5","33554432","0","0","0"
"57215","27272","0","5","33554432","0","0","0"
"57216","25225","0","4","16384","0","0","0"
"57217","25364","0","6","128","0","0","0"
"57218","25367","0","6","32768","0","0","0"
"57219","25368","0","6","32768","0","0","0"
"57220","25472","0","11","1024","0","0","0"
"57221","25567","0","11","524288","0","0","0"
"57223","25570","0","11","524288","0","0","0"
"57225","26889","0","8","2048","0","0","0"
"57228","26981","0","7","16","0","0","0"
"57229","26982","0","7","16","0","0","0"
"57230","26983","0","7","128","0","0","0"
"57231","26984","0","7","1","0","0","0"
"57232","27139","0","10","0","2","0","0"
"57233","27140","0","10","268435458","0","0","0"
"57234","27141","0","10","268435458","0","0","0"
"57236","27273","0","5","33554432","0","0","0"
"57237","27274","0","5","8192","0","0","0"
"57238","27275","0","5","1073741824","0","0","0"
"57239","25231","0","4","4194304","0","0","0"
"57240","25233","0","6","2048","0","0","0"
"57241","25234","0","4","536870912","0","0","0"
"57242","25372","0","6","8192","0","0","0"
"57243","25375","0","6","8192","0","0","0"
"57244","25477","0","6","-2147483648","4096","0","0"
"57245","25479","0","11","4194304","0","0","0"
"57248","25574","0","11","536870912","0","0","0"
"57249","26985","0","7","1","0","0","0"
"57250","26986","0","7","4","0","0","0"
"57251","26987","0","7","2","0","0","0"
"57252","26988","0","7","2","0","0","0"
"57253","27142","0","10","268500992","0","0","0"
"57254","27143","0","10","268500992","0","0","0"
"57259","27276","0","5","0","0","0","0"
"57260","27277","0","5","0","0","0","0"
"57261","25235","0","6","2048","0","0","0"
"57262","25236","0","4","536870912","0","0","0"
"57263","25379","0","6","16","0","0","0"
"57264","25380","0","6","16","0","0","0"
"57265","25384","0","6","1048576","0","0","0"
"57269","25485","0","11","4194304","0","0","0"
"57271","25577","0","11","536870912","0","0","0"
"57275","26989","0","7","512","0","0","0"
"57276","26990","0","7","262144","0","0","0"
"57277","26991","0","7","262144","0","0","0"
"57278","27063","0","4","128","0","0","0"
"57279","27144","0","10","268435456","0","0","0"
"57280","27145","0","10","268435456","0","0","0"
"57281","27209","0","5","1","0","0","0"
"57282","27210","0","5","256","0","0","0"
"57283","27211","0","5","0","128","0","0"
"57284","27212","0","5","32","0","0","0"
"57286","25241","0","4","2097152","0","0","0"
"57287","25242","0","4","2097152","0","0","0"
"57288","25387","0","6","8388608","0","0","0"
"57289","25389","0","6","8","0","0","0"
"57291","25489","0","11","0","2048","0","0"
"57294","26992","0","7","256","0","0","0"
"57295","26993","0","7","1024","0","0","0"
"57296","26994","0","7","285212672","0","0","0"
"57297","26995","0","7","16777216","131072","0","0"
"57298","27065","75","9","131072","0","0","0"
"57299","27066","0","9","0","2097152","0","0"
"57300","27067","0","9","0","524288","0","0"
"57301","27147","0","10","268435456","0","0","0"
"57302","27148","0","10","268435456","0","0","0"
"57303","27149","0","10","64","0","0","0"
"57304","27213","0","5","64","0","0","0"
"57305","27214","0","5","64","0","0","0"
"57306","27215","0","5","4","0","0","0"
"57307","27216","0","5","2","0","0","0"
"57308","27285","0","5","0","32784","0","0"
"57311","25248","0","4","33554432","0","0","0"
"57313","25391","0","11","64","0","0","0"
"57314","25392","0","6","8","0","0","0"
"57315","25585","0","11","536870912","0","0","0"
"57316","25587","0","11","536870912","0","0","0"
"57318","26996","0","7","2048","0","0","0"
"57319","26997","0","7","0","1048576","0","0"
"57320","26998","0","7","8","0","0","0"
"57321","26999","0","7","0","0","0","0"
"57322","27068","0","9","0","4096","0","0"
"57323","27069","0","9","0","256","0","0"
"57324","27070","0","3","1","0","0","0"
"57325","27150","0","10","8","0","0","0"
"57326","27151","0","10","67108864","16","0","0"
"57327","27152","0","10","67108864","16","0","0"
"57328","27217","0","5","16384","0","0","0"
"57329","27218","0","5","1024","0","0","0"
"57330","27219","0","5","8","0","0","0"
"57332","28172","0","5","1048576","0","0","0"
"57333","25251","0","4","0","1024","0","0"
"57334","25252","0","4","0","0","0","0"
"57335","25253","0","4","0","0","0","0"
"57336","25396","0","11","64","0","0","0"
"57337","25420","0","11","128","0","0","0"
"57338","25422","0","11","256","0","0","0"
"57339","25500","0","11","0","2048","0","0"
"57343","25596","0","6","0","64","0","0"
"57344","26669","0","8","32","0","0","0"
"57345","27000","0","7","4096","0","0","0"
"57346","27001","0","7","32768","0","0","0"
"57347","27002","0","7","32768","0","0","0"
"57348","27003","0","7","4096","0","0","0"
"57349","27071","0","3","1572896","0","0","0"
"57350","27072","0","3","1572896","0","0","0"
"57351","27073","0","3","16","0","0","0"
"57352","27074","0","3","16","0","0","0"
"57353","27153","0","10","67108864","16","0","0"
"57354","27154","0","10","32768","0","0","0"
"57355","27220","0","5","8","0","0","0"
"57356","27221","0","5","16","0","0","0"
"57357","27222","0","5","262144","0","0","0"
"57358","27223","0","5","524288","0","0","0"
"57359","28176","0","5","0","32","0","0"
"57361","25258","0","4","0","513","0","0"
"57362","25264","0","4","128","0","0","0"
"57363","25423","0","11","256","0","0","0"
"57364","25429","0","6","16384","4096","0","0"
"57365","25505","0","11","0","2048","0","0"
"57368","25508","0","11","536870912","0","0","0"
"57369","26679","0","8","8388608","1","0","0"
"57371","27005","0","7","65536","0","0","0"
"57372","27006","0","7","131072","0","0","0"
"57373","27075","0","3","2048","0","0","0"
"57374","27076","0","3","2097152","0","0","0"
"57375","27078","0","3","2","0","0","0"
"57376","27079","0","3","2","0","0","0"
"57377","27155","0","10","134217728","0","0","0"
"57379","27157","0","10","1024","0","0","0"
"57380","27224","0","5","32768","0","0","0"
"57381","27226","0","5","-2147483648","0","0","0"
"57382","28189","0","5","0","32","0","0"
"57383","25266","0","4","134217728","0","0","0"
"57384","25269","0","4","1024","0","0","0"
"57385","25431","0","6","2","0","0","0"
"57386","25433","0","6","256","0","0","0"
"57387","25509","0","11","536870912","0","0","0"
"57389","26839","0","8","256","0","0","0"
"57390","27008","0","7","8388608","0","0","0"
"57391","27009","0","7","1048576","0","0","0"
"57392","27080","0","3","4096","0","0","0"
"57393","27082","0","3","4096","0","0","0"
"57394","27158","0","10","512","0","0","0"
"57395","27159","0","10","536870912","0","0","0"
"57396","27228","0","5","0","512","0","0"
"57401","25272","0","4","1073741824","0","0","0"
"57402","25275","0","4","1073741824","0","0","0"
"57403","25435","0","6","1073741824","0","0","0"
"57404","25437","0","6","16777216","0","0","0"
"57405","25439","0","11","2","0","0","0"
"57406","25525","0","11","8","0","0","0"
"57408","25528","0","11","536870912","0","0","0"
"57410","27011","0","7","1024","0","0","0"
"57411","27012","0","7","4194304","0","0","0"
"57412","27085","0","3","524416","0","0","0"
"57413","27086","0","3","4","0","0","0"
"57414","27087","0","3","1573376","0","0","0"
"57415","27160","0","10","134217728","0","0","0"
"57417","27162","0","10","524288","0","0","0"
"57418","27230","0","5","1048576","0","0","0"
"57423","25441","0","6","-2147483648","0","0","0"
"57424","25442","0","11","2","0","0","0"
"57427","25533","0","11","16","0","0","0"
"57428","27013","0","7","2097152","0","0","0"
"57429","27014","0","9","2","0","0","0"
"57430","27015","0","9","0","16384","0","0"
"57431","27088","0","3","524352","0","0","0"
"57432","27090","0","3","1073741824","0","0","0"
"57434","27164","0","10","524288","0","0","0"
"57437","27238","0","5","1048576","0","0","0"
"57438","27441","0","8","8389120","0","0","0"
"57440","25308","0","6","512","0","0","0"
"57441","25446","0","6","2097152","0","0","0"
"57442","25448","0","11","1","0","0","0"
"57447","26861","0","8","8388610","0","0","0"
"57448","27016","75","9","16384","0","0","0"
"57450","27018","75","9","0","128","0","0"
"57451","27095","0","8","0","0","0","0"
"57452","27096","0","8","0","0","0","0"
"57453","27097","0","8","0","0","0","0"
"57454","27166","0","10","134217728","0","0","0"
"57456","27243","0","5","0","16","0","0"
"57457","27448","0","8","134217728","0","0","0"
"57458","25202","0","4","131072","0","0","0"
"57459","25203","0","4","131072","0","0","0"
"57460","25312","0","6","32","0","0","0"
"57461","25449","0","11","1","0","0","0"
"57463","25546","0","11","671088640","0","0","0"
"57464","26862","0","8","8388610","0","0","0"
"57465","26863","0","8","8388612","0","0","0"
"57466","26864","0","8","41943040","0","0","0"
"57467","27019","75","9","2048","0","0","0"
"57468","27020","75","9","65536","131072","0","0"
"57469","27021","75","9","4096","0","0","0"
"57470","27022","0","9","8192","0","0","0"
"57471","27099","0","8","0","0","0","0"
"57472","27101","0","3","1073741824","0","0","0"
"57474","27168","0","10","268435456","0","0","0"
"57475","27250","0","5","1048576","0","0","0"
"57477","25208","0","4","32","0","0","0"
"57478","25210","0","6","4096","0","0","0"
"57479","25454","0","11","1048576","0","0","0"
"57481","25457","0","11","268435456","0","0","0"
"57482","25547","0","11","671088640","0","0","0"
"57484","26865","0","8","8519680","0","0","0"
"57485","26866","0","8","524288","0","0","0"
"57486","27023","0","9","128","0","0","0"
"57487","27024","0","9","4","0","0","0"
"57488","27025","0","9","128","0","0","0"
"57489","27124","0","3","34078720","0","0","0"
"57490","27125","0","3","268435456","0","0","0"
"57491","27126","0","3","1024","0","0","0"
"57492","27169","0","10","268435456","0","0","0"
"57494","27259","0","5","16777216","0","0","0"
"57495","27260","0","5","0","32","0","0"
"57497","25212","0","4","2","0","0","0"
"57498","25213","0","6","4096","0","0","0"
"57499","25329","0","6","134217728","0","0","0"
"57500","25331","0","6","4194304","0","0","0"
"57501","25460","0","6","524288","0","0","0"
"57502","25461","0","6","-2080374784","4096","0","0"
"57503","25552","0","11","4096","0","0","0"
"57508","26867","0","8","1048576","0","0","0"
"57510","27127","0","3","1024","0","0","0"
"57511","27128","0","3","8","0","0","0"
"57513","27130","0","3","8192","0","0","0"
"57514","27170","0","10","33554432","0","0","0"
"57515","27171","0","10","0","520","0","0"
"57516","27172","0","10","0","0","0","0"
"57517","27263","0","5","128","0","0","0"
"57518","27264","0","5","0","1","0","0"
"57519","27265","0","5","-2147483648","0","0","0"
"57527","29598","0","4","0","0","0","0"
"57528","29599","0","4","0","0","0","0"
"57529","29600","0","4","0","0","0","0"
"57530","29707","0","4","64","0","0","0"
"57531","29787","0","4","0","0","0","0"
"57539","30194","0","5","0","0","0","0"
"57541","30283","0","5","0","4096","0","0"
"57551","29790","0","4","0","0","0","0"
"57552","29792","0","4","0","0","0","0"
"57557","30054","0","5","0","0","0","0"
"57558","30057","0","5","0","0","0","0"
"57559","30198","0","5","0","0","0","0"
"57561","30288","0","5","0","0","0","0"
"57562","30289","0","5","0","0","0","0"
"57570","29721","0","4","0","0","0","0"
"57571","29888","0","4","0","0","0","0"
"57572","29889","0","4","0","0","0","0"
"57574","30060","0","5","0","0","0","0"
"57575","30061","0","5","0","0","0","0"
"57576","30062","0","5","0","0","0","0"
"57577","30290","0","5","0","0","0","0"
"57578","30291","0","5","0","0","0","0"
"57579","30292","0","5","0","0","0","0"
"57580","30293","0","5","0","0","0","0"
"57581","30449","0","3","0","16","0","0"
"57582","30451","0","3","536870912","0","0","0"
"57591","29722","0","5","0","64","0","0"
"57592","29723","0","4","0","0","0","0"
"57593","29724","0","4","0","0","0","0"
"57594","29801","0","4","1048576","0","0","0"
"57595","29893","0","5","0","0","0","0"
"57598","30063","0","5","0","0","0","0"
"57599","30064","0","5","0","0","0","0"
"57601","30295","0","5","0","0","0","0"
"57602","30296","0","5","0","0","0","0"
"57603","30455","0","3","131072","0","0","0"
"57610","29623","0","4","1048576","0","0","0"
"57611","29725","0","4","0","0","0","0"
"57613","30213","0","4","4194304","0","0","0"
"57614","30299","0","5","0","0","0","0"
"57615","30300","0","5","0","0","0","0"
"57616","30301","0","5","0","0","0","0"
"57617","30459","0","5","256","0","0","0"
"57623","30219","0","4","4194304","0","0","0"
"57624","30302","0","5","0","0","0","0"
"57632","30223","0","4","4194304","0","0","0"
"57645","30242","0","5","0","0","0","0"
"57646","30319","0","5","0","0","0","0"
"57647","30320","0","5","0","0","0","0"
"57648","30321","0","5","0","0","0","0"
"57649","30404","0","5","0","256","0","0"
"57650","30405","0","5","0","256","0","0"
"57654","30108","0","5","0","256","0","0"
"57655","30245","0","5","0","0","0","0"
"57656","30246","0","5","0","0","0","0"
"57657","30247","0","5","0","0","0","0"
"57658","30248","0","5","0","0","0","0"
"57661","30324","0","4","64","0","0","0"
"57664","29759","0","4","0","0","0","0"
"57665","29760","0","4","0","0","0","0"
"57666","29834","0","4","0","0","0","0"
"57667","29836","0","4","0","0","0","0"
"57670","30326","0","5","0","0","0","0"
"57671","30327","0","5","0","0","0","0"
"57672","30328","0","5","0","0","0","0"
"57674","30413","0","5","0","4096","0","0"
"57675","28275","0","6","1073741824","0","0","0"
"57680","29761","0","4","0","0","0","0"
"57681","29762","0","4","0","0","0","0"
"57682","29763","0","4","0","0","0","0"
"57683","29838","0","4","0","0","0","0"
"57685","29841","0","4","0","0","0","0"
"57687","30016","0","4","16384","0","0","0"
"57689","30022","0","4","16384","0","0","0"
"57692","30330","0","4","33554432","0","0","0"
"57693","30414","0","5","0","4096","0","0"
"57702","29842","0","4","0","0","0","0"
"57705","30143","0","5","0","0","0","0"
"57706","30144","0","5","0","0","0","0"
"57707","30335","0","4","0","1024","0","0"
"57708","30339","0","4","0","0","0","0"
"57709","30340","0","4","0","0","0","0"
"57710","28385","0","6","33554432","0","0","0"
"57723","29859","0","4","0","0","0","0"
"57724","30029","0","4","0","0","0","0"
"57725","30030","0","4","1048576","0","0","0"
"57726","30031","0","4","0","0","0","0"
"57727","30032","0","4","0","0","0","0"
"57728","30145","0","5","0","0","0","0"
"57729","30146","0","5","536870912","0","0","0"
"57730","30147","0","5","67108864","0","0","0"
"57731","30148","0","5","134217728","0","0","0"
"57732","30149","0","5","268435456","0","0","0"
"57743","29776","0","4","0","0","0","0"
"57749","30033","0","4","1048576","0","0","0"
"57751","30151","0","5","0","0","0","0"
"57764","29704","0","4","2048","0","0","0"
"57768","30356","0","4","0","513","0","0"
"57769","30357","0","4","1024","0","0","0"
"57770","31785","0","10","0","4096","0","0"
"57771","30669","0","11","0","0","0","0"
"57772","30670","0","11","0","0","0","0"
"57773","30671","0","11","0","0","0","0"
"57774","30672","0","11","0","0","0","0"
"57776","31226","0","8","0","0","0","0"
"57777","31227","0","8","0","0","0","0"
"57778","31385","0","8","0","0","0","0"
"57783","31789","0","10","0","4","0","0"
"57786","30673","0","11","0","0","0","0"
"57787","30674","0","11","0","0","0","0"
"57788","30675","0","11","0","0","0","0"
"57789","30908","0","5","16","0","0","0"
"57790","30909","0","5","32768","0","0","0"
"57791","30910","0","5","0","2","0","0"
"57792","31228","0","8","0","1024","0","0"
"57793","31229","0","8","0","1024","0","0"
"57794","31638","0","3","0","0","0","0"
"57795","31639","0","3","0","0","0","0"
"57796","31640","0","3","0","0","0","0"
"57800","30678","0","11","0","0","0","0"
"57801","30679","0","11","0","0","0","0"
"57802","30680","0","11","0","0","0","0"
"57803","30911","0","5","0","1","0","0"
"57804","30912","0","5","512","0","0","0"
"57809","31230","0","8","0","1024","0","0"
"57813","31569","0","3","0","0","0","0"
"57814","31570","0","3","0","0","0","0"
"57815","31571","0","3","0","0","0","0"
"57816","31641","0","3","0","0","0","0"
"57817","31642","0","3","0","0","0","0"
"57818","31643","0","3","0","0","0","0"
"57820","30681","0","11","0","0","0","0"
"57823","31233","0","8","0","0","0","0"
"57824","31234","0","8","0","0","0","0"
"57825","31235","0","8","0","0","0","0"
"57826","31236","0","8","0","0","0","0"
"57827","31237","0","8","0","0","0","0"
"57828","31572","0","3","0","0","0","0"
"57829","31573","0","3","0","0","0","0"
"57830","31574","0","3","0","0","0","0"
"57831","31575","0","3","0","0","0","0"
"57836","31801","0","10","33554432","0","0","0"
"57837","31803","0","10","0","2048","0","0"
"57838","31804","0","10","0","8","0","0"
"57843","31238","0","8","0","0","0","0"
"57844","31239","0","8","0","0","0","0"
"57845","31240","0","8","0","0","0","0"
"57846","31241","0","8","0","0","0","0"
"57851","31579","0","3","0","0","0","0"
"57864","31117","0","5","0","0","0","0"
"57865","31242","0","8","0","0","0","0"
"57867","31244","0","8","0","0","0","0"
"57868","31582","0","3","0","0","0","0"
"57869","31583","0","3","0","0","0","0"
"57870","31584","0","3","0","0","0","0"
"57887","31245","0","8","0","0","0","0"
"57890","31585","0","3","0","0","0","0"
"57891","31586","0","3","0","0","0","0"
"57892","31587","0","3","0","0","0","0"
"57893","31588","0","3","0","0","0","0"
"57895","31656","0","3","0","0","0","0"
"57896","31657","0","3","0","0","0","0"
"57897","31658","0","3","0","0","0","0"
"57901","30545","0","5","0","128","0","0"
"57907","30706","0","11","536870912","0","0","0"
"57908","31124","0","8","0","0","0","0"
"57912","31589","0","3","-2147483648","0","0","0"
"57913","31659","0","3","0","0","0","0"
"57914","31660","0","3","0","0","0","0"
"57915","31661","0","3","8388608","0","0","0"
"57916","31821","0","10","0","0","0","0"
"57917","31822","0","10","0","0","0","0"
"57918","31823","0","10","0","0","0","0"
"57919","31824","0","10","0","0","0","0"
"57920","30546","0","5","128","0","0","0"
"57922","30708","0","11","67108864","0","0","0"
"57924","31126","0","8","0","0","0","0"
"57934","31667","0","3","0","0","0","0"
"57938","31825","0","10","0","0","0","0"
"57939","31826","0","10","4096","0","0","0"
"57941","31828","0","10","0","0","0","0"
"57950","31668","0","3","0","0","0","0"
"57951","31669","0","3","0","0","0","0"
"57952","31670","0","3","0","0","0","0"
"57953","31672","0","3","0","0","0","0"
"57957","31674","0","3","0","0","0","0"
"57958","31675","0","3","0","0","0","0"
"57960","30482","0","3","262144","0","0","0"
"57966","30873","0","11","0","0","0","0"
"57968","31676","0","3","0","0","0","0"
"57969","31677","0","3","0","0","0","0"
"57970","31678","0","3","0","0","0","0"
"57971","31679","0","3","0","0","0","0"
"57980","31680","0","3","0","0","0","0"
"57982","31682","0","3","0","0","0","0"
"57983","31683","0","3","0","0","0","0"
"57985","30881","0","11","0","0","0","0"
"57986","30883","0","11","0","0","0","0"
"57987","30884","0","11","0","0","0","0"
"57989","31216","0","8","0","0","0","0"
"57990","31217","0","8","0","0","0","0"
"57991","31218","0","8","0","0","0","0"
"57993","31684","0","3","0","0","0","0"
"57994","31685","0","3","0","0","0","0"
"57995","31686","0","3","0","0","0","0"
"57999","30664","0","11","0","0","0","0"
"58000","30885","0","11","0","0","0","0"
"58001","30886","0","11","0","0","0","0"
"58003","31219","0","8","0","0","0","0"
"58004","31220","0","8","0","0","0","0"
"58007","31687","0","3","524288","0","0","0"
"58009","30665","0","11","0","0","0","0"
"58010","30666","0","11","0","0","0","0"
"58011","30667","0","11","0","0","0","0"
"58012","30668","0","11","0","0","0","0"
"58017","31223","0","8","0","0","0","0"
"58018","31224","0","8","1073741824","0","0","0"
"58020","31380","0","8","0","0","0","0"
"58021","31382","0","8","0","0","0","0"
"58022","31383","0","8","0","0","0","0"
"58023","31384","0","8","0","0","0","0"
"58025","31852","0","10","0","0","0","0"
"58026","31853","0","10","0","0","0","0"
"58027","31854","0","10","0","0","0","0"
"58037","32394","0","5","0","0","0","0"
"58053","31858","0","10","0","0","0","0"
"58054","31859","0","10","0","0","0","0"
"58059","32477","0","5","0","0","0","0"
"58069","31860","0","10","0","0","0","0"
"58070","31861","0","10","0","0","0","0"
"58071","31862","0","10","0","0","0","0"
"58079","32483","0","5","0","0","0","0"
"58080","32484","0","5","0","0","0","0"
"58081","32645","0","8","8388608","8","0","0"
"58082","32796","0","3","524544","0","0","0"
"58083","31935","0","10","0","16384","0","0"
"58093","33041","0","3","8388608","0","0","0"
"58094","33042","0","3","8388608","0","0","0"
"58095","31869","0","10","0","0","0","0"
"58096","31870","0","10","0","0","0","0"
"58097","32175","0","11","0","16","0","0"
"58098","32176","0","11","0","16","0","0"
"58107","33043","0","3","8388608","0","0","0"
"58108","31876","0","10","0","0","0","0"
"58111","32182","0","11","0","64","0","0"
"58112","32266","0","3","-2147483648","0","0","0"
"58118","31877","0","10","0","0","0","0"
"58119","31878","0","10","0","0","0","0"
"58120","31879","0","10","0","0","0","0"
"58123","32267","0","3","-2147483648","0","0","0"
"58125","32271","0","3","-2147483648","0","0","0"
"58134","31880","0","10","0","0","0","0"
"58135","31881","0","10","0","0","0","0"
"58136","31882","0","10","0","0","0","0"
"58138","32272","0","3","-2147483648","0","0","0"
"58144","31883","0","10","0","0","0","0"
"58145","31884","0","10","0","8192","0","0"
"58154","32593","0","11","0","1024","0","0"
"58163","32594","0","11","0","1024","0","0"
"58170","32996","0","6","0","2","0","0"
"58171","31829","0","10","0","0","0","0"
"58172","31830","0","10","0","0","0","0"
"58175","31892","0","10","0","1024","0","0"
"58176","31893","0","10","0","1024","0","0"
"58177","32043","0","10","0","0","0","0"
"58180","32601","0","8","0","0","0","0"
"58182","32684","0","8","8388608","8","0","0"
"58183","32841","0","6","1073741824","0","0","0"
"58185","32999","0","6","32","0","0","0"
"58186","31833","0","10","0","0","0","0"
"58187","31834","0","10","0","16384","0","0"
"58188","31835","0","10","0","0","0","0"
"58189","31895","0","10","134217728","0","0","0"
"58190","31896","0","10","1048576","0","0","0"
"58192","32375","0","6","0","128","0","0"
"58198","31836","0","10","0","0","0","0"
"58199","31837","0","10","0","0","0","0"
"58200","31838","0","10","0","0","0","0"
"58201","31839","0","10","0","0","0","0"
"58202","31898","0","10","0","8","0","0"
"58208","32379","0","6","0","2","0","0"
"58209","32381","0","5","0","0","0","0"
"58216","31840","0","10","0","0","0","0"
"58217","31841","0","10","0","0","0","0"
"58218","31842","0","10","0","16384","0","0"
"58224","32223","0","10","67108864","16","0","0"
"58227","32382","0","5","0","0","0","0"
"58228","32383","0","5","0","0","0","0"
"58229","32385","0","5","0","0","0","0"
"58231","32699","0","10","0","16384","0","0"
"58236","31844","0","10","0","0","0","0"
"58237","31845","0","10","0","0","0","0"
"58238","31846","0","10","0","0","0","0"
"58239","31847","0","10","0","0","0","0"
"58243","32386","0","5","-2147483648","0","0","0"
"58244","32387","0","5","0","0","0","0"
"58245","32388","0","5","-2147483648","0","0","0"
"58246","32389","0","5","-2147483648","0","0","0"
"58247","32546","0","6","0","4","0","0"
"58248","32700","0","10","0","16384","0","0"
"58256","31848","0","10","0","0","0","0"
"58257","31849","0","10","0","0","0","0"
"58258","31850","0","10","0","0","0","0"
"58259","31851","0","10","0","0","0","0"
"58261","32231","0","5","0","64","0","0"
"58263","32390","0","5","-2147483648","0","0","0"
"58264","32391","0","5","-2147483648","0","0","0"
"58265","32392","0","5","0","0","0","0"
"58266","32393","0","5","0","0","0","0"
"58267","32548","0","6","-2147483648","4096","0","0"
"58278","33161","0","6","0","0","0","0"
"58279","33162","0","6","0","0","0","0"
"58280","33223","0","6","0","0","0","0"
"58281","33224","0","6","0","0","0","0"
"58282","33225","0","6","0","0","0","0"
"58290","33698","0","5","33554432","0","0","0"
"58291","33699","0","5","33554432","0","0","0"
"58292","33700","0","5","33554432","0","0","0"
"58293","33701","0","5","33554432","0","0","0"
"58294","33776","0","10","0","4096","0","0"
"58296","33851","0","7","0","0","0","0"
"58297","33852","0","7","0","0","0","0"
"58298","33853","0","7","0","0","0","0"
"58299","33982","0","7","0","1024","0","0"
"58300","33983","0","7","0","1024","0","0"
"58302","33167","0","6","0","0","0","0"
"58312","33855","0","7","0","0","0","0"
"58313","33856","0","7","0","0","0","0"
"58316","33986","0","7","0","64","0","0"
"58317","33987","0","7","0","64","0","0"
"58326","33171","0","6","0","0","0","0"
"58327","33172","0","6","0","0","0","0"
"58335","33786","0","7","0","32","0","0"
"58337","33859","0","7","0","0","0","0"
"58348","33174","0","6","0","0","0","0"
"58349","33405","0","3","0","1","0","0"
"58361","34151","0","7","0","0","0","0"
"58362","34152","0","7","0","0","0","0"
"58363","34153","0","7","0","0","0","0"
"58373","33717","0","3","1073741824","0","0","0"
"58376","33866","0","7","0","0","0","0"
"58377","33867","0","7","0","0","0","0"
"58378","33868","0","7","0","0","0","0"
"58383","33182","0","6","0","0","0","0"
"58392","33869","0","7","0","0","0","0"
"58393","33872","0","7","0","0","0","0"
"58394","33933","0","3","8388608","64","0","0"
"58395","34074","0","9","0","262144","0","0"
"58398","33186","0","6","0","0","0","0"
"58405","33873","0","7","0","0","0","0"
"58408","33938","0","3","4194304","0","0","0"
"58413","33190","0","6","0","0","0","0"
"58414","33191","0","6","0","0","0","0"
"58421","33876","0","7","0","1024","0","0"
"58423","33878","0","7","0","64","0","0"
"58424","33943","0","7","0","32768","0","0"
"58425","33944","0","3","8192","0","0","0"
"58428","33192","0","6","0","0","0","0"
"58429","33193","0","6","0","0","0","0"
"58430","33194","0","6","0","0","0","0"
"58431","33195","0","6","0","0","0","0"
"58438","33589","0","7","0","0","0","0"
"58439","33590","0","7","0","0","0","0"
"58440","33591","0","7","0","0","0","0"
"58441","33592","0","7","0","0","0","0"
"58442","33736","0","11","0","32","0","0"
"58444","33879","0","7","0","0","0","0"
"58445","33880","0","7","0","0","0","0"
"58446","33881","0","7","0","0","0","0"
"58447","33946","0","3","8192","0","0","0"
"58451","33196","0","6","0","0","0","0"
"58452","33197","0","6","0","0","0","0"
"58453","33198","0","6","0","0","0","0"
"58454","33199","0","6","0","0","0","0"
"58455","33200","0","6","0","0","0","0"
"58461","33596","0","7","0","0","0","0"
"58462","33597","0","7","0","0","0","0"
"58463","33599","0","7","0","0","0","0"
"58464","33882","0","7","0","0","0","0"
"58465","33883","0","7","0","0","0","0"
"58467","33072","0","10","2097152","0","0","0"
"58468","33073","0","10","2097152","0","0","0"
"58469","33074","0","10","0","65536","0","0"
"58470","33142","0","6","0","0","0","0"
"58471","33143","0","6","0","4096","0","0"
"58472","33201","0","6","0","0","0","0"
"58473","33202","0","6","0","0","0","0"
"58474","33203","0","6","0","0","0","0"
"58475","33204","0","6","0","0","0","0"
"58482","33600","0","7","0","0","0","0"
"58483","33601","0","7","0","0","0","0"
"58484","33602","0","7","0","0","0","0"
"58485","33603","0","7","0","0","0","0"
"58486","33745","0","7","0","256","0","0"
"58489","33886","0","7","0","0","0","0"
"58490","33887","0","7","0","0","0","0"
"58491","33888","0","7","0","0","0","0"
"58492","33956","0","7","0","0","0","0"
"58493","33957","0","7","0","0","0","0"
"58497","33076","0","6","0","32","0","0"
"58498","33145","0","6","0","0","0","0"
"58499","33146","0","6","0","0","0","0"
"58500","33205","0","6","0","0","0","0"
"58501","33206","0","6","-2147483648","4096","0","0"
"58506","33604","0","7","0","0","0","0"
"58507","33605","0","7","0","0","0","0"
"58508","33606","0","7","0","0","0","0"
"58512","33831","0","7","0","512","0","0"
"58513","33889","0","7","0","0","0","0"
"58514","33890","0","7","0","0","0","0"
"58515","34026","0","9","0","2048","0","0"
"58521","33150","0","6","0","0","0","0"
"58522","33151","0","6","0","4096","0","0"
"58531","33607","0","7","0","0","0","0"
"58537","33891","0","7","0","65536","0","0"
"58543","33154","0","6","0","0","0","0"
"58545","33213","0","6","0","0","0","0"
"58546","33214","0","6","0","0","0","0"
"58547","33215","0","6","0","0","0","0"
"58548","33371","0","6","0","0","0","0"
"58552","33763","0","7","0","16","0","0"
"58569","33690","0","3","-2147483648","0","0","0"
"58570","33691","0","3","-2147483648","0","0","0"
"58576","34120","75","9","0","1","0","0"
"58579","33158","0","6","0","0","0","0"
"58580","33159","0","6","0","0","0","0"
"58581","33160","0","6","0","0","0","0"
"58584","33221","0","6","0","0","0","0"
"58585","33222","0","6","0","0","0","0"
"58603","34296","0","3","0","0","0","0"
"58604","34297","0","7","0","0","0","0"
"58605","34299","0","7","0","0","0","0"
"58610","34508","0","9","0","0","0","0"
"58611","34600","0","9","128","0","0","0"
"58614","34839","0","9","0","0","0","0"
"58615","34916","0","6","0","1024","0","0"
"58616","34917","0","6","0","1024","0","0"
"58627","35446","0","4","0","0","0","0"
"58628","34300","0","7","0","0","0","0"
"58650","35448","0","4","0","0","0","0"
"58651","35449","0","4","0","0","0","0"
"58652","35450","0","4","0","0","0","0"
"58653","35451","0","4","0","0","0","0"
"58657","34453","0","9","0","0","0","0"
"58658","34454","0","9","0","0","0","0"
"58659","34455","0","9","0","0","0","0"
"58662","34692","0","9","0","0","0","0"
"58669","34457","0","9","0","32","0","0"
"58671","34459","0","9","0","0","0","0"
"58672","34460","0","9","0","0","0","0"
"58676","35395","0","10","0","32768","0","0"
"58678","34462","0","9","0","0","0","0"
"58679","34464","0","9","0","0","0","0"
"58680","34465","0","9","0","0","0","0"
"58681","34859","0","6","0","0","0","0"
"58682","34860","0","6","0","0","0","0"
"58683","34861","0","6","268435456","0","0","0"
"58685","35396","0","10","0","0","0","0"
"58686","35397","0","10","0","0","0","0"
"58696","34466","0","9","0","0","0","0"
"58697","34467","0","9","0","0","0","0"
"58698","34468","0","9","0","0","0","0"
"58699","34469","0","9","0","0","0","0"
"58702","34863","0","6","268435456","0","0","0"
"58703","34864","0","6","268435456","0","0","0"
"58704","34865","0","6","268435456","0","0","0"
"58705","34935","0","3","0","0","0","0"
"58706","34936","0","5","0","0","0","0"
"58714","34470","0","9","0","0","0","0"
"58715","34471","0","9","0","0","0","0"
"58723","34866","0","6","268435456","0","0","0"
"58724","34938","0","3","0","0","0","0"
"58725","34939","0","3","0","0","0","0"
"58728","35323","0","9","0","1024","0","0"
"58730","34411","0","8","0","0","0","0"
"58732","34475","0","9","0","0","0","0"
"58733","34476","0","9","0","0","0","0"
"58734","34477","0","9","0","1048576","0","0"
"58740","34412","0","8","0","0","0","0"
"58741","34413","0","8","0","0","0","0"
"58752","35098","0","9","0","0","0","0"
"58753","35099","0","9","0","0","0","0"
"58754","35100","0","9","0","0","0","0"
"58759","34482","0","9","0","0","0","0"
"58760","34483","0","9","0","0","0","0"
"58761","34484","0","9","0","0","0","0"
"58762","34485","0","9","0","0","0","0"
"58763","34486","0","9","0","0","0","0"
"58766","34948","0","9","0","0","0","0"
"58767","34949","0","9","0","0","0","0"
"58768","34950","0","9","0","0","0","0"
"58769","35029","0","9","0","0","0","0"
"58770","35030","0","9","0","0","0","0"
"58771","35102","0","9","0","0","0","0"
"58772","35103","0","9","0","0","0","0"
"58773","35104","0","9","0","0","0","0"
"58782","34487","0","9","0","0","0","0"
"58783","34488","0","9","0","0","0","0"
"58784","34489","0","9","0","0","0","0"
"58785","34490","75","9","262144","0","0","0"
"58788","34889","0","9","0","1024","0","0"
"58789","34954","0","9","0","0","0","0"
"58797","34491","0","9","0","0","0","0"
"58798","34492","0","9","0","0","0","0"
"58799","34493","0","9","0","0","0","0"
"58800","34494","0","9","0","0","0","0"
"58805","35110","0","9","0","0","0","0"
"58806","35111","0","9","0","0","0","0"
"58808","35346","0","9","0","0","0","0"
"58810","34428","0","4","0","256","0","0"
"58812","34496","0","9","0","0","0","0"
"58813","34497","0","9","0","0","0","0"
"58814","34498","0","9","0","0","0","0"
"58821","34433","0","6","-1073741824","256","0","0"
"58822","34499","0","9","0","0","0","0"
"58823","34500","0","9","0","0","0","0"
"58826","34666","0","9","0","4","0","0"
"58828","34753","0","6","0","0","0","0"
"58836","34502","0","9","0","0","0","0"
"58837","34503","0","9","0","0","0","0"
"58839","34667","0","9","0","8","0","0"
"58840","34754","0","6","0","512","0","0"
"58842","34833","0","9","0","0","0","0"
"58843","34834","0","9","0","0","0","0"
"58845","34908","0","6","0","0","0","0"
"58846","34909","0","6","0","0","0","0"
"58847","34910","0","6","0","0","0","0"
"58853","34293","0","3","0","0","0","0"
"58855","34295","0","3","0","0","0","0"
"58858","34506","0","9","0","0","0","0"
"58859","34507","0","9","0","0","0","0"
"58860","34675","0","9","0","16","0","0"
"58862","34835","0","9","0","0","0","0"
"58863","34836","0","9","0","0","0","0"
"58864","34837","0","9","0","0","0","0"
"58865","34838","0","9","0","0","0","0"
"58866","34911","0","6","0","0","0","0"
"58867","34912","0","6","0","0","0","0"
"58869","34914","0","6","0","1024","0","0"
"58871","35363","0","7","0","0","0","0"
"58872","35364","0","7","0","0","0","0"
"58875","35691","0","5","0","0","0","0"
"58887","35692","0","5","0","0","0","0"
"58888","35693","0","5","0","0","0","0"
"58889","35694","0","11","0","0","0","0"
"58890","35695","0","5","0","8192","0","0"
"58901","35697","0","5","0","16384","0","0"
"58902","35698","0","11","0","0","0","0"
"58905","35541","0","8","0","0","0","0"
"58919","36591","0","11","0","0","0","0"
"58921","35550","0","8","0","0","0","0"
"58922","35551","0","8","0","0","0","0"
"58923","35552","0","8","0","0","0","0"
"58927","35553","0","8","0","0","0","0"
"58928","35715","0","3","-2147483648","0","0","0"
"58929","35717","0","3","-2147483648","0","0","0"
"58960","35578","0","3","0","0","0","0"
"58971","35581","0","3","0","0","0","0"
"58993","36554","0","8","0","512","0","0"
"59093","37420","0","3","1073741824","0","0","0"
"59163","36916","0","9","2","0","0","0"
"59237","36936","0","11","0","0","0","0"
"59270","38764","0","8","8","0","0","0"
"59271","38768","0","8","16","0","0","0"
"59308","38692","0","3","1","0","0","0"
"59325","38697","0","3","1572896","0","0","0"
"59326","38699","0","3","2048","0","0","0"
"59327","38700","0","3","2097152","0","0","0"
"59337","38703","0","3","2097152","0","0","0"
"59338","38704","0","3","2048","0","0","0"
"59481","39967","0","8","8388608","8","0","0"
"59482","40120","0","7","0","32768","0","0"
"59502","39374","0","6","256","0","0","0"
"59639","41021","0","10","0","0","0","0"
"59649","41026","0","10","0","0","0","0"
"59741","42198","0","3","524416","0","0","0"
"59748","42208","0","3","524416","0","0","0"
"59749","42209","0","3","524416","0","0","0"
"59750","42210","0","3","524416","0","0","0"
"59751","42211","0","3","524416","0","0","0"
"59752","42212","0","3","524416","0","0","0"
"59753","42213","0","3","524416","0","0","0"
"59756","43339","0","11","0","0","0","0"
"59759","42218","0","5","32","0","0","0"
"59760","42223","0","5","32","0","0","0"
"59768","42224","0","5","32","0","0","0"
"59769","42225","0","5","32","0","0","0"
"59770","42226","0","5","32","0","0","0"
"59779","42230","0","7","4194304","0","0","0"
"59780","42231","0","7","4194304","0","0","0"
"59781","42232","0","7","4194304","0","0","0"
"59782","42233","0","7","4194304","0","0","0"
"59783","42234","0","9","8192","0","0","0"
"59808","42243","0","9","8192","0","0","0"
"59809","42244","0","9","8192","0","0","0"
"59810","42245","0","9","8192","0","0","0"
"59852","45290","0","11","1","0","0","0"
"59853","45291","0","11","1","0","0","0"
"59854","45292","0","11","1","0","0","0"
"59855","45293","0","11","1","0","0","0"
"59857","45294","0","11","1","0","0","0"
"59858","45295","0","11","1","0","0","0"
"59859","45296","0","11","1","0","0","0"
"59860","45297","0","11","2","0","0","0"
"59861","45438","0","3","0","129","0","0"
"59872","45298","0","11","2","0","0","0"
"59873","45299","0","11","2","0","0","0"
"59874","45300","0","11","2","0","0","0"
"59885","45301","0","11","2","0","0","0"
"59886","45302","0","11","2","0","0","0"
"59889","45471","0","4","0","4096","0","0"
"59925","43987","0","3","0","0","0","0"
"59933","45237","0","6","0","4096","0","0"
"59949","45241","0","6","0","4096","0","0"
"59950","45242","0","6","0","4096","0","0"
"60001","44041","0","6","0","16","0","0"
"60002","44043","0","6","0","16","0","0"
"60003","44044","0","6","0","16","0","0"
"60012","45284","0","11","1","0","0","0"
"60016","44045","0","6","0","16","0","0"
"60017","44046","0","6","0","16","0","0"
"60018","44047","0","6","0","16","0","0"
"60024","45286","0","11","1","0","0","0"
"60025","45287","0","11","1","0","0","0"
"60026","45288","0","11","1","0","0","0"
"60027","45289","0","11","1","0","0","0"
"60046","49358","0","3","-2147483648","0","0","0"
"60047","49359","0","3","-2147483648","0","0","0"
"60054","49360","0","3","-2147483648","0","0","0"
"60055","49361","0","3","-2147483648","0","0","0"
"60208","67","0","10","0","16384","0","0"
"60209","131","0","11","0","2048","0","0"
"60210","379","0","11","0","0","0","0"
"60211","469","0","4","0","128","0","0"
"60212","498","0","10","0","16384","0","0"
"60213","546","0","11","0","2048","0","0"
"60214","642","0","10","4194304","0","0","0"
"60215","706","0","5","0","32","0","0"
"60216","879","0","10","0","2","0","0"
"60217","974","0","11","0","1024","0","0"
"60218","1020","0","10","4194304","0","0","0"
"60219","1086","0","5","0","32","0","0"
"60220","1329","0","8","0","0","0","0"
"60221","1513","0","9","0","65536","0","0"
"60222","2048","0","4","65536","0","0","0"
"60223","2062","0","11","536870912","0","0","0"
"60224","2812","0","10","0","2","0","0"
"60225","2825","0","11","0","64","0","0"
"60226","2878","0","10","0","16384","0","0"
"60227","2894","0","11","536870912","0","0","0"
"60229","3738","0","11","536870912","0","0","0"
"60234","5573","0","10","0","16384","0","0"
"60235","5614","0","10","0","2","0","0"
"60236","5615","0","10","0","2","0","0"
"60237","5627","0","10","0","16384","0","0"
"60238","5938","0","8","536870912","0","0","0"
"60243","7381","0","4","0","2048","0","0"
"60244","8017","0","11","4194304","0","0","0"
"60245","8018","0","11","4194304","0","0","0"
"60246","8019","0","11","4194304","0","0","0"
"60247","8024","0","11","0","2048","0","0"
"60248","8027","0","11","0","2048","0","0"
"60249","8030","0","11","0","2048","0","0"
"60250","8033","0","11","0","2048","0","0"
"60251","8038","0","11","0","2048","0","0"
"60257","10312","0","10","0","2","0","0"
"60258","10313","0","10","0","2","0","0"
"60259","10314","0","10","0","2","0","0"
"60260","10318","0","10","0","2","0","0"
"60261","10326","0","10","0","16384","0","0"
"60262","10399","0","11","4194304","0","0","0"
"60263","10456","0","11","0","2048","0","0"
"60267","11733","0","5","0","32","0","0"
"60268","11734","0","5","0","32","0","0"
"60269","11735","0","5","0","32","0","0"
"60270","12303","0","4","0","0","0","0"
"60272","12788","0","4","0","0","0","0"
"60273","12789","0","4","0","0","0","0"
"60274","12966","0","4","0","0","0","0"
"60275","12967","0","4","0","0","0","0"
"60276","12968","0","4","0","0","0","0"
"60277","12969","0","4","0","0","0","0"
"60278","12970","0","4","0","0","0","0"
"60279","13750","0","8","0","128","0","0"
"60280","14326","0","9","0","65536","0","0"
"60281","14327","0","9","0","65536","0","0"
"60292","16314","0","11","4194304","0","0","0"
"60293","16315","0","11","4194304","0","0","0"
"60294","16316","0","11","4194304","0","0","0"
"60295","16339","0","11","0","2048","0","0"
"60296","16341","0","11","0","2048","0","0"
"60297","16342","0","11","0","2048","0","0"
"60298","16355","0","11","0","2048","0","0"
"60299","16356","0","11","0","2048","0","0"
"60300","16864","0","7","0","2097152","0","0"
"60304","17106","0","7","0","0","0","0"
"60305","17107","0","7","0","0","0","0"
"60306","17108","0","7","0","0","0","0"
"60307","17364","0","11","0","16","0","0"
"60315","20230","0","4","0","8","0","0"
"60318","20243","0","4","16384","0","0","0"
"60320","20467","0","10","0","520","0","0"
"60321","20905","0","9","0","2097152","0","0"
"60322","20906","0","9","0","2097152","0","0"
"60323","20963","0","10","0","520","0","0"
"60324","20964","0","10","0","520","0","0"
"60325","20965","0","10","0","520","0","0"
"60326","20966","0","10","0","520","0","0"
"60329","24224","0","8","0","0","0","0"
"60330","24398","0","11","0","32","0","0"
"60331","24907","0","7","0","8192","0","0"
"60332","26017","0","10","0","16384","0","0"
"60333","26018","0","10","0","16384","0","0"
"60482","348700","0","10","0","1024","0","0"
"60483","348701","0","10","0","1024","0","0"
"60485","348704","0","10","33554432","0","0","0"
"60954","356110","0","10","0","2048","0","0"
"60956","356112","0","10","0","8","0","0"
"62138","713","0","5","536870912","0","0","0"
