"ID","DifficultyID","BaseLevel","MaxLevel","SpellLevel","MaxPassiveAuraLevel","SpellID"
"97395","0","20","29","20","0","543"
"97400","0","10","0","10","0","633"
"97402","0","4","9","4","0","172"
"97405","0","1","6","1","0","403"
"97406","0","12","21","12","0","597"
"97407","0","14","19","14","0","598"
"97410","0","8","13","8","0","139"
"97414","0","30","0","30","0","556"
"97415","0","12","0","12","0","136"
"97419","0","6","0","6","0","498"
"97421","0","22","0","22","0","126"
"97423","0","12","0","12","0","130"
"97424","0","26","0","26","0","132"
"97425","0","10","0","10","0","71"
"97430","0","1","6","1","0","585"
"97431","0","8","18","8","0","586"
"97432","0","6","15","6","0","587"
"97434","0","1","0","1","0","688"
"97435","0","10","20","10","0","99"
"97436","0","20","25","20","0","10"
"97438","0","6","0","6","0","467"
"97440","0","68","0","68","0","469"
"97442","0","4","8","4","0","116"
"97453","0","1","5","1","0","133"
"97454","0","6","10","6","0","143"
"97455","0","12","16","12","0","145"
"97458","0","28","0","28","0","546"
"97459","0","12","17","12","0","547"
"97460","0","14","19","14","0","548"
"97471","0","1","5","1","0","635"
"97473","0","34","0","34","0","642"
"97479","0","1","9","1","0","465"
"97481","0","4","0","4","0","589"
"97483","0","4","0","4","0","53"
"97486","0","60","69","60","0","603"
"97493","0","14","19","14","0","689"
"97495","0","6","11","6","0","591"
"97500","0","8","0","8","0","339"
"97501","0","40","46","40","0","724"
"97502","0","30","39","30","0","596"
"97504","0","32","0","32","0","552"
"97505","0","10","0","10","0","594"
"97510","0","1","0","1","0","75"
"97514","0","30","0","30","0","408"
"97518","0","32","37","32","0","421"
"97519","0","6","11","6","0","639"
"97521","0","16","0","16","0","526"
"97524","0","1","0","1","0","78"
"97526","0","4","0","4","0","100"
"97528","0","20","0","20","0","453"
"97530","0","10","15","10","0","122"
"97532","0","16","0","16","0","285"
"97540","0","30","0","30","0","602"
"97542","0","4","0","4","0","921"
"97544","0","18","23","18","0","913"
"97546","0","10","0","10","0","982"
"97547","0","22","27","22","0","984"
"97551","0","18","0","18","0","527"
"97552","0","14","32","14","0","528"
"97554","0","18","0","18","0","693"
"97555","0","8","0","8","0","853"
"97557","0","10","0","10","0","696"
"97563","0","68","0","68","0","66"
"97566","0","10","0","10","0","697"
"97567","0","20","0","20","0","698"
"97569","0","16","0","16","0","779"
"97573","0","22","27","22","0","1026"
"97575","0","6","11","6","0","695"
"97579","0","24","0","24","0","780"
"97580","0","20","30","20","0","781"
"97581","0","40","45","40","0","930"
"97582","0","1","5","1","0","686"
"97583","0","10","15","10","0","707"
"97584","0","30","35","30","0","709"
"97585","0","14","19","14","0","647"
"97595","0","30","0","30","0","783"
"97596","0","1","0","1","0","687"
"97600","0","4","0","4","0","772"
"97601","0","20","25","20","0","915"
"97604","0","20","25","20","0","1094"
"97613","0","30","35","30","0","1042"
"97618","0","14","0","14","0","703"
"97625","0","8","13","8","0","529"
"97627","0","14","0","14","0","782"
"97628","0","26","31","26","0","943"
"97629","0","14","0","14","0","1002"
"97630","0","30","35","30","0","1004"
"97631","0","12","0","12","0","604"
"97632","0","30","42","30","0","605"
"97633","0","14","18","14","0","837"
"97639","0","12","0","12","0","72"
"97644","0","26","0","26","0","1714"
"97646","0","20","0","20","0","845"
"97654","0","30","0","30","0","691"
"97656","0","12","0","12","0","588"
"97657","0","18","0","18","0","1008"
"97659","0","38","0","38","0","1010"
"97665","0","10","0","10","0","883"
"97666","0","1","5","1","0","348"
"97667","0","10","0","10","0","355"
"97669","0","12","0","12","0","370"
"97670","0","0","0","1","0","379"
"97671","0","18","0","18","0","676"
"97672","0","20","25","20","0","879"
"97674","0","20","0","20","0","712"
"97679","0","28","0","28","0","759"
"97681","0","28","0","28","0","871"
"97682","0","8","0","8","0","284"
"97688","0","12","0","12","0","755"
"97692","0","26","31","26","0","865"
"97695","0","16","21","16","0","1430"
"97701","0","24","29","24","0","939"
"97705","0","18","0","18","0","475"
"97706","0","18","0","18","0","1044"
"97707","0","24","0","24","0","905"
"97709","0","8","0","8","0","324"
"97710","0","1","5","1","0","331"
"97711","0","6","11","6","0","332"
"97713","0","32","0","32","0","1490"
"97720","0","50","0","50","0","1020"
"97721","0","8","12","8","0","205"
"97723","0","12","0","12","0","1108"
"97728","0","20","30","20","0","1735"
"97729","0","24","0","24","0","1075"
"97731","0","36","0","36","0","3034"
"97733","0","50","0","50","0","1122"
"97736","0","30","0","30","0","1760"
"97737","0","25","35","25","0","1754"
"97740","0","40","45","40","0","2060"
"97741","0","20","25","20","0","2061"
"97751","0","32","0","32","0","1671"
"97752","0","52","0","52","0","1672"
"97753","0","6","16","6","0","1454"
"97764","0","4","0","4","0","1978"
"97766","0","30","0","30","0","1842"
"97769","0","26","36","26","0","1456"
"97770","0","12","0","12","0","1766"
"97772","0","6","0","6","0","1776"
"97776","0","26","0","26","0","1767"
"97777","0","42","0","42","0","1768"
"97778","0","58","0","58","0","1769"
"97779","0","12","22","12","0","1244"
"97780","0","66","70","66","0","2062"
"97791","0","10","0","10","0","2687"
"97795","0","26","0","26","0","1161"
"97796","0","24","0","24","0","1462"
"97801","0","4","9","4","0","774"
"97804","0","20","0","20","0","1082"
"97810","0","26","0","26","0","3045"
"97812","0","32","37","32","0","959"
"97817","0","36","46","36","0","2791"
"97818","0","20","25","20","0","1088"
"97822","0","1","10","1","0","1459"
"97823","0","14","24","14","0","1460"
"97831","0","20","0","20","0","768"
"97841","0","34","0","34","0","769"
"97842","0","18","0","18","0","770"
"97849","0","1","0","1","0","2098"
"97853","0","18","0","18","0","1014"
"97857","0","18","0","18","0","1062"
"97858","0","40","45","40","0","1064"
"97867","0","12","0","12","0","2589"
"97868","0","20","0","20","0","2590"
"97871","0","16","0","16","0","2565"
"97874","0","28","0","28","0","3029"
"97875","0","35","45","35","0","1755"
"97876","0","45","55","45","0","1756"
"97879","0","14","19","14","0","1449"
"97880","0","16","0","16","0","1495"
"97881","0","36","0","36","0","1680"
"97882","0","6","0","6","0","1757"
"97883","0","14","0","14","0","1758"
"97885","0","28","0","28","0","2591"
"97886","0","16","26","16","0","1455"
"97887","0","22","0","22","0","1725"
"97892","0","14","24","14","0","1160"
"97893","0","36","0","36","0","988"
"97894","0","22","31","22","0","990"
"97895","0","40","59","40","0","1786"
"97898","0","10","0","10","0","7386"
"97899","0","60","0","60","0","1787"
"97900","0","22","27","22","0","699"
"97901","0","30","36","30","0","740"
"97905","0","1","19","1","0","1784"
"97908","0","16","0","16","0","1066"
"97914","0","50","59","50","0","974"
"97915","0","20","39","20","0","1785"
"97916","0","10","40","10","0","1178"
"97917","0","34","0","34","0","1706"
"97918","0","30","0","30","0","976"
"97920","0","1","10","1","0","1243"
"97925","0","12","0","12","0","1535"
"97927","0","20","0","20","0","1499"
"97940","0","30","0","30","0","778"
"97941","0","34","0","34","0","2094"
"97942","0","6","0","6","0","1130"
"97955","0","24","34","24","0","1245"
"97956","0","30","0","30","0","1086"
"97968","0","20","27","20","0","1463"
"97970","0","28","33","28","0","1106"
"97971","0","28","38","28","0","1461"
"97974","0","10","15","10","0","1058"
"97975","0","30","0","30","0","1464"
"97978","0","18","0","18","0","1777"
"97987","0","10","0","10","0","2006"
"97988","0","1","0","1","0","1494"
"97995","0","24","0","24","0","1608"
"97997","0","14","0","14","0","1513"
"97998","0","10","0","10","0","1022"
"97999","0","26","0","26","0","1038"
"98000","0","30","43","30","0","1098"
"98002","0","1","0","1","0","1804"
"98005","0","40","49","40","0","996"
"98006","0","18","0","18","0","970"
"98010","0","8","0","8","0","1715"
"98011","0","32","0","32","0","1543"
"98012","0","10","0","10","0","1120"
"98013","0","8","0","8","0","1152"
"98014","0","22","0","22","0","2908"
"98015","0","20","25","20","0","2912"
"98019","0","24","0","24","0","2836"
"98024","0","40","50","40","0","9592"
"98031","0","22","0","22","0","2870"
"98038","0","56","0","56","0","3009"
"98039","0","24","0","24","0","2878"
"98046","0","26","0","26","0","1850"
"98047","0","30","35","30","0","2941"
"98048","0","20","0","20","0","2944"
"98051","0","40","45","40","0","8423"
"98054","0","48","0","48","0","3010"
"98057","0","0","0","38","0","2837"
"98060","0","16","21","16","0","2120"
"98063","0","68","0","68","0","2894"
"98067","0","22","27","22","0","2138"
"98072","0","8","0","8","0","2981"
"98073","0","16","0","16","0","2982"
"98074","0","10","0","10","0","2983"
"98077","0","10","0","10","0","2943"
"98084","0","40","0","40","0","2976"
"98095","0","24","0","24","0","2139"
"98101","0","24","29","24","0","3747"
"98105","0","22","0","22","0","1759"
"98108","0","48","0","48","0","2977"
"98109","0","1","0","1","0","2973"
"98110","0","1","0","1","0","1126"
"98111","0","40","0","40","0","1510"
"98112","0","22","0","22","0","3043"
"98115","0","20","0","20","0","3025"
"98117","0","10","0","10","0","2652"
"98118","0","6","11","6","0","3044"
"98126","0","12","0","12","0","2974"
"98127","0","32","0","32","0","2975"
"98159","0","1","0","1","0","1752"
"98164","0","18","0","18","0","2643"
"98176","0","0","0","30","0","2835"
"98179","0","24","29","24","0","2121"
"98180","0","34","0","34","0","2767"
"98186","0","44","0","44","0","1824"
"98196","0","24","0","24","0","2782"
"98202","0","70","0","70","0","2825"
"98208","0","25","0","25","0","1749"
"98215","0","69","76","69","0","2048"
"98216","0","12","0","12","0","2008"
"98217","0","20","0","20","0","2645"
"98222","0","15","25","15","0","1753"
"98225","0","30","40","30","0","1949"
"98226","0","1","0","1","0","2457"
"98232","0","36","0","36","0","2362"
"98235","0","16","21","16","0","2054"
"98236","0","22","27","22","0","2055"
"98244","0","20","0","20","0","1943"
"98253","0","1","10","1","0","2649"
"98257","0","22","0","22","0","2010"
"98264","0","10","0","10","0","1515"
"98265","0","30","0","30","0","2800"
"98272","0","22","41","22","0","1856"
"98274","0","34","0","34","0","1823"
"98275","0","6","0","6","0","2484"
"98280","0","22","27","22","0","2090"
"98281","0","14","19","14","0","2137"
"98283","0","26","0","26","0","2893"
"98289","0","18","0","18","0","2637"
"98292","0","15","0","15","0","1748"
"98297","0","22","0","22","0","2096"
"98303","0","14","0","14","0","2947"
"98304","0","22","26","22","0","2948"
"98307","0","1","3","1","0","2050"
"98308","0","4","9","4","0","2052"
"98311","0","28","0","28","0","2070"
"98312","0","28","33","28","0","2091"
"98313","0","20","0","20","0","2651"
"98314","0","10","15","10","0","2053"
"98316","0","48","53","48","0","2860"
"98319","0","10","0","10","0","2641"
"98321","0","6","11","6","0","2136"
"98322","0","0","0","1","0","1853"
"98323","0","5","15","5","0","1742"
"98324","0","5","0","5","0","1747"
"98325","0","32","37","32","0","8422"
"98329","0","50","54","50","0","2812"
"98330","0","24","0","24","0","1822"
"98333","0","40","0","40","0","1860"
"98335","0","35","0","35","0","1750"
"98336","0","45","0","45","0","1751"
"98337","0","26","0","26","0","1833"
"98339","0","20","0","20","0","1953"
"98344","0","42","61","42","0","1857"
"98368","0","36","0","36","0","3700"
"98370","0","12","0","12","0","4511"
"98400","0","34","39","34","0","3627"
"98401","0","20","0","20","0","3698"
"98416","0","20","0","20","0","3561"
"98441","0","36","0","36","0","3662"
"98449","0","38","43","38","0","3472"
"98452","0","24","0","24","0","3667"
"98457","0","56","0","56","0","3666"
"98459","0","28","0","28","0","9492"
"98491","0","20","0","20","0","3562"
"98492","0","20","0","20","0","3563"
"98493","0","10","0","10","0","3599"
"98498","0","1","5","1","0","3110"
"98499","0","20","0","20","0","3111"
"98504","0","70","0","70","0","3411"
"98508","0","50","0","50","0","3674"
"98521","0","0","0","20","0","3420"
"98522","0","0","0","50","0","3421"
"98539","0","30","0","30","0","2458"
"98547","0","32","42","32","0","9490"
"98549","0","1","0","1","0","2980"
"98550","0","30","0","30","0","3565"
"98551","0","38","0","38","0","3552"
"98553","0","30","0","30","0","3566"
"98554","0","20","0","20","0","3567"
"98559","0","26","0","26","0","3137"
"98565","0","28","0","28","0","3661"
"98572","0","18","22","18","0","3140"
"98601","0","8","13","8","0","5186"
"98608","0","0","0","30","0","4199"
"98640","0","24","0","24","0","5308"
"98653","0","4","13","4","0","5504"
"98654","0","10","19","10","0","5505"
"98655","0","20","29","20","0","5506"
"98658","0","42","0","42","0","4987"
"98667","0","24","29","24","0","5138"
"98675","0","0","0","10","0","4195"
"98688","0","14","19","14","0","5187"
"98689","0","20","25","20","0","5188"
"98697","0","1","5","1","0","5185"
"98711","0","0","0","48","0","4194"
"98718","0","0","0","1","0","4187"
"98738","0","0","0","12","0","4188"
"98740","0","0","0","12","0","4196"
"98762","0","28","0","28","0","3699"
"98769","0","0","0","18","0","4197"
"98770","0","0","0","24","0","4198"
"98781","0","0","0","18","0","4189"
"98783","0","0","0","42","0","4201"
"98797","0","0","0","48","0","4202"
"98800","0","10","15","10","0","3716"
"98805","0","0","0","24","0","4190"
"98806","0","0","0","30","0","4191"
"98807","0","0","0","36","0","4192"
"98808","0","0","0","42","0","4193"
"98833","0","8","0","8","0","5116"
"98842","0","34","0","34","0","5699"
"98850","0","0","0","36","0","4200"
"98853","0","26","31","26","0","6076"
"98856","0","30","0","30","0","5384"
"98857","0","22","0","22","0","5221"
"98859","0","14","19","14","0","6074"
"98860","0","20","25","20","0","6075"
"98864","0","16","0","16","0","5697"
"98869","0","26","31","26","0","5189"
"98870","0","38","43","38","0","6060"
"98874","0","12","21","12","0","5242"
"98883","0","34","39","34","0","6064"
"98884","0","38","0","38","0","5196"
"98894","0","34","0","34","0","6117"
"98918","0","28","0","28","0","5195"
"98922","0","10","0","10","0","5149"
"98926","0","40","52","40","0","5484"
"98933","0","32","37","32","0","6077"
"98938","0","8","0","8","0","5730"
"98956","0","56","61","56","0","9889"
"98969","0","16","36","16","0","5421"
"98979","0","8","12","8","0","5143"
"98980","0","16","20","16","0","5144"
"98981","0","38","0","38","0","5201"
"98982","0","20","0","20","0","5118"
"98986","0","30","0","30","0","5784"
"98988","0","28","33","28","0","6063"
"98996","0","32","0","32","0","5225"
"99002","0","20","0","20","0","5502"
"99012","0","20","0","20","0","5394"
"99021","0","50","55","50","0","9888"
"99027","0","30","36","30","0","5180"
"99032","0","20","39","20","0","5215"
"99038","0","24","0","24","0","5217"
"99047","0","20","30","20","0","14917"
"99054","0","12","0","12","0","5229"
"99059","0","10","0","10","0","5232"
"99073","0","1","5","1","0","5176"
"99074","0","6","12","6","0","5177"
"99075","0","14","20","14","0","5178"
"99076","0","22","28","22","0","5179"
"99081","0","28","0","28","0","5209"
"99082","0","14","0","14","0","5211"
"99095","0","14","19","14","0","6222"
"99098","0","40","0","40","0","5589"
"99107","0","30","39","30","0","6127"
"99110","0","58","0","58","0","6554"
"99120","0","10","0","10","0","5171"
"99122","0","24","0","24","0","5588"
"99136","0","1","48","0","0","6281"
"99137","0","1","48","0","0","6282"
"99138","0","34","39","34","0","6219"
"99141","0","38","0","38","0","5627"
"99158","0","32","41","32","0","6129"
"99161","0","0","0","54","0","5041"
"99162","0","0","0","60","0","5042"
"99169","0","46","0","46","0","6940"
"99174","0","44","0","44","0","9752"
"99175","0","4","14","4","0","6307"
"99178","0","1","48","0","0","6283"
"99182","0","10","0","10","0","6991"
"99184","0","40","46","40","0","7001"
"99189","0","40","44","40","0","8417"
"99190","0","32","36","32","0","8416"
"99191","0","10","40","10","0","5487"
"99194","0","30","0","30","0","5234"
"99198","0","8","0","8","0","5277"
"99202","0","18","0","18","0","5573"
"99205","0","8","0","8","0","5782"
"99212","0","42","52","42","0","9747"
"99216","0","10","0","10","0","6546"
"99222","0","40","45","40","0","6131"
"99223","0","42","0","42","0","9749"
"99224","0","42","47","42","0","9750"
"99227","0","24","28","24","0","5145"
"99228","0","34","0","34","0","6495"
"99230","0","0","0","54","0","5048"
"99232","0","38","43","38","0","6078"
"99233","0","22","0","22","0","5246"
"99240","0","24","0","24","0","5763"
"99244","0","0","0","60","0","5049"
"99247","0","32","37","32","0","6041"
"99252","0","24","34","24","0","6190"
"99257","0","28","33","28","0","6141"
"99258","0","10","0","10","0","6201"
"99259","0","20","29","20","0","5570"
"99260","0","22","31","22","0","6192"
"99261","0","14","0","14","0","6197"
"99266","0","30","35","30","0","6065"
"99267","0","20","25","20","0","5740"
"99274","0","22","0","22","0","6202"
"99287","0","16","0","16","0","7294"
"99289","0","60","0","60","0","6542"
"99290","0","18","24","18","0","5676"
"99292","0","38","0","38","0","6392"
"99304","0","32","0","32","0","6785"
"99305","0","30","0","30","0","6548"
"99308","0","30","0","30","0","7381"
"99317","0","10","0","10","0","6770"
"99321","0","20","0","20","0","6346"
"99323","0","40","59","40","0","6783"
"99339","0","14","0","14","0","6572"
"99340","0","20","0","20","0","6547"
"99341","0","20","0","20","0","6363"
"99343","0","8","14","8","0","8018"
"99346","0","42","0","42","0","9745"
"99353","0","40","0","40","0","6365"
"99354","0","18","0","18","0","6390"
"99358","0","12","0","12","0","7384"
"99361","0","28","0","28","0","6391"
"99368","0","42","0","42","0","6774"
"99371","0","32","0","32","0","6213"
"99394","0","20","0","20","0","7128"
"99396","0","8","12","8","0","7268"
"99397","0","16","20","16","0","7269"
"99398","0","24","0","24","0","5500"
"99403","0","38","43","38","0","8439"
"99406","0","24","28","24","0","7270"
"99407","0","8","0","8","0","6760"
"99411","0","20","0","20","0","6756"
"99420","0","38","0","38","0","6552"
"99421","0","28","38","28","0","6768"
"99422","0","42","48","42","0","6789"
"99428","0","20","0","20","0","7301"
"99431","0","30","0","30","0","6364"
"99443","0","28","33","28","0","5614"
"99445","0","22","0","22","0","6205"
"99451","0","26","0","26","0","6358"
"99456","0","34","39","34","0","6226"
"99460","0","24","29","24","0","6223"
"99467","0","22","31","22","0","6143"
"99469","0","36","43","36","0","8495"
"99475","0","1","11","1","0","6673"
"99480","0","32","37","32","0","6778"
"99481","0","38","44","38","0","6780"
"99496","0","36","41","36","0","5615"
"99498","0","16","0","16","0","6761"
"99499","0","24","0","24","0","6762"
"99502","0","6","0","6","0","6343"
"99504","0","28","0","28","0","6217"
"99510","0","32","41","32","0","6229"
"99511","0","0","0","1","0","12042"
"99513","0","26","0","26","0","5675"
"99516","0","26","0","26","0","6178"
"99518","0","10","0","10","0","6795"
"99522","0","1","48","0","0","6286"
"99532","0","48","54","48","0","6353"
"99538","0","56","0","56","0","6215"
"99539","0","28","0","28","0","6366"
"99542","0","22","32","22","0","6360"
"99543","0","36","0","36","0","6793"
"99546","0","30","0","30","0","6375"
"99552","0","40","0","40","0","6377"
"99555","0","26","0","26","0","6809"
"99558","0","10","0","10","0","7300"
"99572","0","30","0","30","0","6798"
"99573","0","30","0","30","0","6800"
"99578","0","40","0","40","0","1006"
"99586","0","34","39","34","0","7648"
"99587","0","12","0","12","0","7328"
"99591","0","36","41","36","0","7641"
"99596","0","32","0","32","0","7870"
"99599","0","40","44","40","0","8418"
"99601","0","14","24","14","0","7804"
"99602","0","26","0","26","0","992"
"99603","0","54","0","54","0","7373"
"99605","0","26","36","26","0","7805"
"99608","0","22","0","22","0","8498"
"99609","0","26","32","26","0","8949"
"99610","0","18","23","18","0","8052"
"99611","0","38","43","38","0","8413"
"99613","0","30","40","30","0","5857"
"99614","0","24","0","24","0","5599"
"99615","0","10","0","10","0","6807"
"99618","0","8","13","8","0","8044"
"99623","0","0","0","20","0","8681"
"99629","0","28","0","28","0","7887"
"99631","0","8","13","8","0","7799"
"99632","0","18","23","18","0","7800"
"99633","0","28","33","28","0","7801"
"99634","0","38","43","38","0","7802"
"99636","0","28","32","28","0","8444"
"99650","0","36","0","36","0","7402"
"99651","0","40","49","40","0","1032"
"99655","0","20","0","20","0","2842"
"99658","0","34","0","34","0","8972"
"99660","0","24","0","24","0","8450"
"99661","0","42","48","42","0","8951"
"99666","0","1","6","1","0","8017"
"99669","0","1","6","1","0","7371"
"99671","0","30","0","30","0","7302"
"99673","0","32","0","32","0","8012"
"99675","0","20","25","20","0","8004"
"99676","0","40","45","40","0","8005"
"99677","0","40","0","40","0","7320"
"99679","0","18","24","18","0","8027"
"99681","0","28","36","28","0","8038"
"99690","0","1","0","1","0","168"
"99694","0","36","41","36","0","8010"
"99696","0","38","0","38","0","8955"
"99714","0","10","16","10","0","8024"
"99716","0","36","41","36","0","6066"
"99719","0","38","43","38","0","7651"
"99725","0","20","0","20","0","1079"
"99727","0","34","0","34","0","7379"
"99736","0","26","0","26","0","7400"
"99749","0","36","0","36","0","7816"
"99754","0","26","34","26","0","8030"
"99779","0","18","0","18","0","8676"
"99780","0","34","39","34","0","8492"
"99782","0","28","33","28","0","8104"
"99785","0","30","0","30","0","8455"
"99786","0","40","49","40","0","8458"
"99790","0","20","0","20","0","706"
"99791","0","32","41","32","0","8461"
"99793","0","32","0","32","0","8512"
"99794","0","30","35","30","0","8438"
"99795","0","36","0","36","0","9493"
"99800","0","24","29","24","0","8129"
"99802","0","32","0","32","0","8629"
"99806","0","34","39","34","0","8105"
"99810","0","42","51","42","0","8462"
"99813","0","40","45","40","0","8106"
"99816","0","8","0","8","0","980"
"99821","0","14","19","14","0","8045"
"99825","0","22","0","22","0","8631"
"99826","0","22","27","22","0","8437"
"99833","0","30","38","30","0","8232"
"99837","0","10","0","10","0","8075"
"99838","0","58","0","58","0","10054"
"99841","0","40","48","40","0","8235"
"99847","0","32","36","32","0","8419"
"99854","0","30","0","30","0","8632"
"99856","0","18","23","18","0","600"
"99857","0","30","40","30","0","14918"
"99858","0","28","0","28","0","8639"
"99859","0","32","0","32","0","8623"
"99860","0","48","0","48","0","10053"
"99862","0","0","0","36","0","8691"
"99867","0","32","0","32","0","945"
"99869","0","24","0","24","0","8160"
"99871","0","28","0","28","0","7658"
"99873","0","20","26","20","0","8033"
"99881","0","20","29","20","0","643"
"99897","0","36","0","36","0","8640"
"99898","0","38","0","38","0","8694"
"99906","0","10","0","10","0","7376"
"99911","0","34","0","34","0","8914"
"99913","0","42","0","42","0","7659"
"99916","0","40","44","40","0","8446"
"99917","0","30","0","30","0","11958"
"99919","0","30","0","30","0","7369"
"99920","0","0","0","1","0","7370"
"99922","0","28","0","28","0","8204"
"99923","0","26","0","26","0","6196"
"99924","0","50","60","50","0","14920"
"99925","0","24","0","24","0","6574"
"99926","0","36","41","36","0","8427"
"99927","0","18","0","18","0","6808"
"99929","0","28","33","28","0","8053"
"99930","0","20","25","20","0","8056"
"99935","0","34","0","34","0","8380"
"99936","0","28","33","28","0","8008"
"99943","0","26","0","26","0","8190"
"99946","0","36","0","36","0","8192"
"99948","0","50","0","50","0","8643"
"99950","0","42","0","42","0","8835"
"99951","0","14","0","14","0","8647"
"99952","0","42","0","42","0","6787"
"99959","0","24","0","24","0","8155"
"99962","0","24","29","24","0","8046"
"99970","0","32","0","32","0","7372"
"99974","0","36","0","36","0","8451"
"99979","0","32","37","32","0","8131"
"99983","0","40","46","40","0","8918"
"99990","0","16","0","16","0","325"
"99992","0","40","50","40","0","8637"
"99999","0","14","0","14","0","8122"
"100001","0","4","0","4","0","8071"
"100003","0","4","9","4","0","8042"
"100004","0","20","24","20","0","7322"
"100006","0","46","0","46","0","8983"
"100008","0","30","35","30","0","8412"
"100009","0","14","0","14","0","704"
"100010","0","38","0","38","0","8161"
"100014","0","32","36","32","0","8407"
"100015","0","38","42","38","0","8408"
"100016","0","10","15","10","0","8050"
"100023","0","0","0","28","0","8687"
"100028","0","38","0","38","0","8205"
"100035","0","22","0","22","0","7405"
"100037","0","34","0","34","0","8725"
"100040","0","48","53","48","0","9856"
"100041","0","60","0","60","0","9913"
"100043","0","52","57","52","0","10186"
"100045","0","54","59","54","0","9857"
"100047","0","40","0","40","0","8134"
"100048","0","38","0","38","0","8170"
"100050","0","48","0","48","0","9845"
"100051","0","60","0","60","0","9846"
"100052","0","12","17","12","0","8936"
"100063","0","0","0","1","0","28593"
"100065","0","44","49","44","0","10185"
"100066","0","60","65","60","0","10187"
"100070","0","20","0","20","0","9484"
"100074","0","40","70","40","0","9634"
"100077","0","20","30","20","0","9578"
"100079","0","44","0","44","0","9756"
"100081","0","30","0","30","0","8177"
"100084","0","60","64","60","0","10151"
"100087","0","40","70","40","0","9635"
"100092","0","32","0","32","0","8499"
"100095","0","20","24","20","0","14914"
"100099","0","32","0","32","0","7646"
"100100","0","16","22","16","0","8019"
"100104","0","58","63","58","0","9835"
"100110","0","40","0","40","0","9485"
"100111","0","46","0","46","0","10496"
"100112","0","48","52","48","0","10211"
"100113","0","56","60","56","0","10212"
"100114","0","42","47","42","0","10159"
"100115","0","50","0","50","0","1719"
"100121","0","50","54","50","0","10180"
"100122","0","56","60","56","0","10181"
"100125","0","48","0","48","0","10173"
"100129","0","58","0","58","0","9850"
"100137","0","46","0","46","0","9821"
"100138","0","26","0","26","0","8649"
"100139","0","46","52","46","0","8905"
"100143","0","0","0","1","0","28592"
"100144","0","46","51","46","0","9833"
"100145","0","50","0","50","0","10951"
"100147","0","58","0","58","0","9853"
"100148","0","44","49","44","0","9758"
"100150","0","22","0","22","0","131"
"100151","0","4","9","4","0","8921"
"100154","0","60","0","60","0","10174"
"100155","0","52","59","52","0","10177"
"100157","0","10","15","10","0","8924"
"100158","0","18","23","18","0","8938"
"100162","0","56","61","56","0","10216"
"100163","0","28","0","28","0","710"
"100169","0","60","68","60","0","10225"
"100170","0","24","29","24","0","8939"
"100171","0","22","27","22","0","8103"
"100173","0","54","0","54","0","9907"
"100176","0","38","0","38","0","8633"
"100180","0","40","45","40","0","8929"
"100184","0","24","28","24","0","8400"
"100187","0","18","0","18","0","8198"
"100190","0","40","50","40","0","9000"
"100192","0","38","0","38","0","8820"
"100195","0","30","39","30","0","8457"
"100199","0","22","27","22","0","8926"
"100201","0","38","0","38","0","8289"
"100202","0","26","30","26","0","8406"
"100203","0","38","0","38","0","8621"
"100205","0","54","0","54","0","9904"
"100206","0","28","33","28","0","8927"
"100207","0","24","0","24","0","8181"
"100211","0","34","39","34","0","8058"
"100213","0","14","0","14","0","8946"
"100227","0","50","55","50","0","10160"
"100228","0","38","43","38","0","8903"
"100232","0","34","39","34","0","8928"
"100234","0","28","38","28","0","8998"
"100237","0","28","0","28","0","8124"
"100240","0","34","0","34","0","8696"
"100241","0","36","0","36","0","8650"
"100242","0","28","0","28","0","8184"
"100243","0","30","34","30","0","8401"
"100244","0","52","61","52","0","10145"
"100245","0","44","48","44","0","10179"
"100246","0","50","56","50","0","9862"
"100251","0","40","0","40","0","8624"
"100253","0","38","0","38","0","8992"
"100255","0","34","0","34","0","8317"
"100256","0","6","11","6","0","17"
"100261","0","60","0","60","0","10220"
"100263","0","46","51","46","0","9839"
"100264","0","58","63","58","0","9841"
"100266","0","16","21","16","0","8925"
"100267","0","18","0","18","0","8143"
"100272","0","50","0","50","0","10219"
"100275","0","48","0","48","0","9849"
"100276","0","24","0","24","0","8288"
"100281","0","28","0","28","0","8227"
"100286","0","26","0","26","0","8724"
"100287","0","48","53","48","0","10215"
"100288","0","48","0","48","0","9852"
"100291","0","14","0","14","0","8154"
"100293","0","46","0","46","0","9823"
"100294","0","46","0","46","0","9824"
"100295","0","56","0","56","0","9826"
"100296","0","56","0","56","0","9827"
"100297","0","24","0","24","0","8316"
"100298","0","54","0","54","0","9910"
"100299","0","54","60","54","0","9912"
"100305","0","28","35","28","0","8494"
"100307","0","38","0","38","0","8249"
"100310","0","10","15","10","0","8092"
"100317","0","50","0","50","0","10462"
"100320","0","56","61","56","0","10396"
"100324","0","42","0","42","0","10892"
"100325","0","54","59","54","0","10199"
"100329","0","50","0","50","0","9866"
"100330","0","52","59","52","0","10192"
"100331","0","52","62","52","0","9898"
"100333","0","54","0","54","0","9901"
"100334","0","10","16","10","0","10797"
"100339","0","36","0","36","0","10585"
"100340","0","56","0","56","0","10587"
"100342","0","42","47","42","0","10898"
"100343","0","36","0","36","0","10324"
"100345","0","54","59","54","0","10900"
"100346","0","44","51","44","0","10191"
"100347","0","50","56","50","0","9875"
"100348","0","44","0","44","0","11273"
"100349","0","0","0","1","0","12952"
"100350","0","58","0","58","0","9867"
"100354","0","60","0","60","0","11275"
"100355","0","42","0","42","0","10957"
"100356","0","30","36","30","0","11113"
"100359","0","60","67","60","0","10193"
"100370","0","54","0","54","0","10308"
"100372","0","24","0","24","0","10322"
"100374","0","34","40","34","0","8950"
"100377","0","48","0","48","0","10427"
"100378","0","36","41","36","0","10412"
"100379","0","46","51","46","0","10201"
"100380","0","52","0","52","0","11274"
"100381","0","44","56","44","0","10911"
"100382","0","50","59","50","0","10223"
"100385","0","60","64","60","0","10318"
"100387","0","54","59","54","0","10202"
"100388","0","56","0","56","0","10432"
"100390","0","46","51","46","0","10197"
"100393","0","40","0","40","0","8907"
"100399","0","56","0","56","0","10301"
"100401","0","48","52","48","0","10149"
"100406","0","60","66","60","0","9863"
"100408","0","54","58","54","0","10150"
"100409","0","44","0","44","0","10600"
"100411","0","56","0","56","0","10958"
"100415","0","48","0","48","0","10431"
"100416","0","34","0","34","0","10406"
"100418","0","16","0","16","0","694"
"100420","0","24","32","24","0","10399"
"100421","0","58","63","58","0","10473"
"100422","0","38","0","38","0","10478"
"100423","0","50","59","50","0","10292"
"100424","0","60","69","60","0","10293"
"100425","0","52","0","52","0","9894"
"100427","0","40","45","40","0","8910"
"100428","0","30","35","30","0","8940"
"100429","0","36","41","36","0","8941"
"100430","0","46","0","46","0","10300"
"100432","0","42","52","42","0","10156"
"100436","0","0","0","1","0","12846"
"100437","0","48","53","48","0","10899"
"100438","0","0","0","1","0","11175"
"100443","0","0","0","1","0","11180"
"100444","0","42","46","42","0","10148"
"100445","0","60","0","60","0","9896"
"100446","0","58","0","58","0","10538"
"100447","0","54","0","54","0","10479"
"100451","0","26","31","26","0","120"
"100452","0","36","40","36","0","8402"
"100453","0","52","57","52","0","9840"
"100458","0","22","0","22","0","8166"
"100459","0","46","51","46","0","10963"
"100460","0","52","57","52","0","10964"
"100463","0","54","0","54","0","9908"
"100469","0","54","0","54","0","10170"
"100472","0","0","0","1","0","11170"
"100473","0","36","0","36","0","9007"
"100474","0","48","53","48","0","10413"
"100476","0","50","59","50","0","10139"
"100484","0","54","0","54","0","9830"
"100485","0","58","0","58","0","9881"
"100487","0","50","0","50","0","9884"
"100488","0","60","65","60","0","10140"
"100491","0","58","63","58","0","10965"
"100493","0","10","0","10","0","9035"
"100497","0","52","0","52","0","10442"
"100499","0","36","0","36","0","8721"
"100500","0","26","31","26","0","9472"
"100501","0","32","37","32","0","9473"
"100502","0","38","43","38","0","9474"
"100507","0","46","51","46","0","10622"
"100508","0","52","57","52","0","9834"
"100516","0","40","49","40","0","10138"
"100518","0","46","0","46","0","9829"
"100519","0","52","56","52","0","10206"
"100520","0","46","51","46","0","10328"
"100521","0","60","69","60","0","10961"
"100523","0","42","0","42","0","10169"
"100524","0","38","43","38","0","10391"
"100525","0","44","49","44","0","10392"
"100526","0","58","62","58","0","10207"
"100528","0","0","0","1","0","12953"
"100530","0","58","64","58","0","9876"
"100533","0","40","45","40","0","10447"
"100534","0","38","0","38","0","10278"
"100536","0","30","40","30","0","9579"
"100537","0","60","65","60","0","10901"
"100538","0","40","0","40","0","10059"
"100539","0","40","0","40","0","10060"
"100546","0","60","65","60","0","9858"
"100547","0","0","0","1","0","11103"
"100549","0","12","17","12","0","705"
"100550","0","44","0","44","0","9754"
"100553","0","60","0","60","0","10952"
"100555","0","44","49","44","0","10312"
"100562","0","52","57","52","0","10313"
"100563","0","60","65","60","0","10314"
"100568","0","38","46","38","0","10456"
"100572","0","50","0","50","0","10310"
"100574","0","56","66","56","0","10157"
"100575","0","36","0","36","0","9005"
"100577","0","60","0","60","0","9885"
"100579","0","50","0","50","0","9880"
"100580","0","0","0","1","0","11108"
"100582","0","48","53","48","0","10395"
"100585","0","42","51","42","0","10144"
"100589","0","54","59","54","0","10329"
"100592","0","54","59","54","0","10230"
"100595","0","0","0","1","0","11207"
"100603","0","58","0","58","0","11730"
"100608","0","0","0","1","0","11115"
"100611","0","0","0","1","0","11210"
"100612","0","60","65","60","0","10414"
"100615","0","46","0","46","0","11604"
"100617","0","42","0","42","0","10613"
"100621","0","52","0","52","0","11315"
"100623","0","40","46","40","0","11426"
"100625","0","0","0","1","0","12359"
"100626","0","36","42","36","0","12523"
"100629","0","20","24","20","0","11366"
"100630","0","0","0","2","0","11367"
"100633","0","52","0","52","0","10953"
"100636","0","48","0","48","0","10526"
"100641","0","0","0","1","0","11222"
"100642","0","52","0","52","0","10614"
"100645","0","48","53","48","0","11762"
"100646","0","58","63","58","0","11763"
"100653","0","0","0","1","0","11247"
"100658","0","54","0","54","0","11605"
"100663","0","32","41","32","0","11549"
"100666","0","52","57","52","0","10946"
"100667","0","0","0","1","0","11185"
"100672","0","58","0","58","0","11581"
"100674","0","46","0","46","0","11596"
"100675","0","0","0","1","0","12606"
"100679","0","50","60","50","0","10941"
"100680","0","0","0","52","0","11342"
"100683","0","0","0","44","0","11341"
"100684","0","0","0","1","0","28595"
"100685","0","42","0","42","0","11314"
"100688","0","0","0","1","0","12351"
"100689","0","0","0","1","0","12353"
"100691","0","0","0","1","0","11071"
"100694","0","0","0","1","0","11190"
"100695","0","54","64","54","0","11684"
"100696","0","56","0","56","0","11198"
"100697","0","0","0","1","0","11070"
"100698","0","60","70","60","0","10938"
"100699","0","0","0","1","0","12496"
"100701","0","46","50","46","0","10205"
"100702","0","60","70","60","0","10942"
"100705","0","0","0","1","0","11069"
"100708","0","0","0","1","0","11232"
"100710","0","52","62","52","0","11303"
"100711","0","58","0","58","0","11305"
"100717","0","46","51","46","0","10472"
"100718","0","60","0","60","0","11585"
"100720","0","0","0","2","0","11368"
"100722","0","58","0","58","0","11597"
"100723","0","0","0","1","0","11213"
"100724","0","0","0","1","0","12598"
"100726","0","0","0","1","0","12281"
"100736","0","0","0","1","0","11252"
"100737","0","56","0","56","0","11567"
"100738","0","44","0","44","0","11279"
"100741","0","46","0","46","0","11578"
"100745","0","40","0","40","0","11129"
"100747","0","52","0","52","0","11280"
"100749","0","0","0","1","0","11078"
"100755","0","56","61","56","0","10605"
"100756","0","0","0","1","0","12497"
"100759","0","56","0","56","0","10497"
"100760","0","52","62","52","0","9892"
"100761","0","52","57","52","0","10448"
"100767","0","48","52","48","0","10273"
"100772","0","10","0","10","0","12486"
"100773","0","44","49","44","0","10927"
"100774","0","50","58","50","0","10486"
"100776","0","56","60","56","0","10274"
"100782","0","50","55","50","0","10928"
"100788","0","0","0","1","0","11165"
"100789","0","0","0","1","0","11094"
"100790","0","58","0","58","0","10894"
"100794","0","40","45","40","0","7811"
"100798","0","0","0","1","0","11120"
"100799","0","30","39","30","0","10291"
"100801","0","30","0","30","0","10595"
"100802","0","0","0","1","0","11151"
"100803","0","40","45","40","0","10874"
"100805","0","48","53","48","0","10875"
"100806","0","0","0","1","0","12848"
"100807","0","60","0","60","0","10438"
"100808","0","0","0","60","0","11343"
"100810","0","58","0","58","0","10428"
"100811","0","50","0","50","0","10437"
"100816","0","42","51","42","0","11739"
"100819","0","36","0","36","0","10495"
"100820","0","0","0","1","0","11255"
"100821","0","58","70","58","0","10912"
"100823","0","44","0","44","0","10909"
"100828","0","60","0","60","0","10463"
"100830","0","40","0","40","0","11733"
"100831","0","56","0","56","0","10627"
"100832","0","46","0","46","0","10881"
"100833","0","52","57","52","0","10467"
"100834","0","0","0","1","0","28594"
"100835","0","60","0","60","0","10955"
"100836","0","56","0","56","0","11300"
"100842","0","60","65","60","0","10468"
"100844","0","44","0","44","0","10407"
"100845","0","42","0","42","0","10888"
"100847","0","58","63","58","0","10947"
"100852","0","40","0","40","0","11417"
"100853","0","52","0","52","0","10326"
"100857","0","40","0","40","0","11608"
"100861","0","54","59","54","0","10623"
"100866","0","46","0","46","0","10586"
"100868","0","44","49","44","0","10466"
"100869","0","4","0","4","0","702"
"100879","0","54","0","54","0","10408"
"100880","0","56","61","56","0","10929"
"100882","0","44","49","44","0","10915"
"100883","0","50","55","50","0","10916"
"100884","0","40","0","40","0","11418"
"100885","0","50","0","50","0","11419"
"100888","0","46","51","46","0","10933"
"100891","0","56","61","56","0","10917"
"100893","0","0","0","1","0","11242"
"100900","0","10","19","10","0","10290"
"100901","0","34","0","34","0","10880"
"100903","0","42","0","42","0","10537"
"100907","0","60","0","60","0","10601"
"100909","0","20","0","20","0","12472"
"100910","0","56","61","56","0","10876"
"100911","0","54","59","54","0","10934"
"100912","0","0","0","1","0","11100"
"100914","0","56","0","56","0","10890"
"100916","0","50","0","50","0","10893"
"100918","0","0","0","1","0","11119"
"100919","0","48","0","48","0","11299"
"100921","0","50","59","50","0","10960"
"100924","0","0","0","1","0","11160"
"100926","0","0","0","1","0","12399"
"100927","0","0","0","1","0","12284"
"100928","0","0","0","1","0","12400"
"100929","0","0","0","1","0","12287"
"100930","0","48","0","48","0","11712"
"100932","0","10","0","10","0","12536"
"100938","0","0","0","1","0","12701"
"100940","0","0","0","1","0","12297"
"100941","0","40","0","40","0","12294"
"100942","0","0","0","1","0","12763"
"100947","0","38","0","38","0","11711"
"100952","0","40","0","40","0","11565"
"100955","0","0","0","1","0","12327"
"100960","0","48","0","48","0","11566"
"100961","0","0","0","1","0","12697"
"100966","0","0","0","1","0","12876"
"100968","0","0","0","1","0","12296"
"100969","0","0","0","1","0","12574"
"100970","0","0","0","1","0","12303"
"100971","0","0","0","1","0","12308"
"100972","0","0","0","1","0","12569"
"100974","0","0","0","1","0","12810"
"100978","0","0","0","1","0","12321"
"100979","0","0","0","1","0","12322"
"100980","0","0","0","1","0","12577"
"100982","0","0","0","1","0","12300"
"100983","0","0","0","1","0","12302"
"100984","0","0","0","1","0","12319"
"100985","0","0","0","1","0","12475"
"100987","0","44","49","44","0","11703"
"100992","0","0","0","20","0","12678"
"100995","0","48","58","48","0","10937"
"100998","0","0","0","1","0","12340"
"100999","0","0","0","1","0","12341"
"101002","0","0","0","1","0","12703"
"101003","0","0","0","1","0","12781"
"101005","0","0","0","1","0","12849"
"101006","0","44","56","44","0","11725"
"101007","0","26","0","26","0","10298"
"101008","0","36","0","36","0","10299"
"101009","0","0","0","1","0","12488"
"101010","0","0","0","1","0","12489"
"101011","0","0","0","1","0","12357"
"101017","0","0","0","1","0","12762"
"101018","0","46","0","46","0","11729"
"101019","0","48","0","48","0","11580"
"101025","0","0","0","1","0","12342"
"101026","0","52","61","52","0","11551"
"101027","0","0","0","1","0","12301"
"101028","0","0","0","1","0","12751"
"101029","0","0","0","1","0","12752"
"101030","0","0","0","1","0","13043"
"101032","0","46","51","46","0","10945"
"101033","0","0","0","1","0","12950"
"101035","0","0","0","1","0","12323"
"101039","0","44","49","44","0","11671"
"101040","0","10","0","10","0","12485"
"101042","0","0","0","1","0","12753"
"101043","0","10","0","10","0","12355"
"101044","0","0","0","1","0","11124"
"101045","0","44","0","44","0","11778"
"101046","0","58","63","58","0","11678"
"101047","0","0","0","1","0","12665"
"101048","0","0","0","1","0","12750"
"101050","0","0","0","1","0","12677"
"101055","0","42","51","42","0","11550"
"101056","0","0","0","1","0","12467"
"101058","0","0","0","1","0","12803"
"101059","0","0","0","1","0","12804"
"101060","0","0","0","1","0","12349"
"101061","0","32","0","32","0","11564"
"101067","0","0","0","1","0","12852"
"101069","0","0","0","1","0","12286"
"101071","0","0","0","1","0","12695"
"101073","0","0","0","1","0","12292"
"101074","0","0","0","1","0","12350"
"101077","0","0","0","1","0","12313"
"101078","0","0","0","1","0","12317"
"101079","0","0","0","1","0","12318"
"101082","0","42","52","42","0","11683"
"101083","0","58","0","58","0","11713"
"101084","0","0","0","1","0","12469"
"101087","0","0","0","1","0","12282"
"101088","0","44","0","44","0","11600"
"101089","0","0","0","1","0","12163"
"101091","0","0","0","1","0","12324"
"101094","0","0","0","1","0","12473"
"101098","0","0","0","1","0","12659"
"101100","0","42","48","42","0","12524"
"101104","0","0","0","1","0","12696"
"101107","0","0","0","1","0","12789"
"101112","0","50","0","50","0","11573"
"101113","0","60","0","60","0","11574"
"101114","0","52","0","52","0","11708"
"101116","0","0","0","1","0","11189"
"101117","0","54","0","54","0","11601"
"101121","0","52","59","52","0","11740"
"101122","0","50","0","50","0","11734"
"101123","0","60","0","60","0","11735"
"101124","0","0","0","1","0","12500"
"101125","0","0","0","1","0","12501"
"101126","0","0","0","1","0","12503"
"101128","0","40","45","40","0","11665"
"101133","0","0","0","1","0","12672"
"101139","0","0","0","1","0","12358"
"101140","0","0","0","1","0","12360"
"101141","0","30","36","30","0","12522"
"101142","0","44","54","44","0","11555"
"101143","0","0","0","1","0","12575"
"101144","0","46","0","46","0","11289"
"101147","0","44","0","44","0","11770"
"101149","0","54","0","54","0","11294"
"101150","0","58","68","58","0","11785"
"101151","0","0","0","1","0","12378"
"101153","0","52","57","52","0","11660"
"101154","0","54","0","54","0","11290"
"101156","0","0","0","1","0","11080"
"101157","0","0","0","1","0","11237"
"101159","0","40","0","40","0","11572"
"101163","0","20","0","20","0","12051"
"101165","0","60","65","60","0","11661"
"101166","0","50","55","50","0","11667"
"101167","0","60","65","60","0","11668"
"101171","0","44","0","44","0","11584"
"101173","0","40","0","40","0","11416"
"101175","0","60","65","60","0","11775"
"101176","0","44","49","44","0","11659"
"101177","0","54","59","54","0","11672"
"101178","0","0","0","1","0","12487"
"101179","0","0","0","1","0","12502"
"101180","0","0","0","1","0","12320"
"101181","0","0","0","54","0","11358"
"101185","0","0","0","1","0","12285"
"101186","0","0","0","1","0","12289"
"101187","0","52","0","52","0","11694"
"101188","0","60","0","60","0","11695"
"101189","0","46","51","46","0","11677"
"101191","0","58","70","58","0","11726"
"101193","0","50","0","50","0","11609"
"101194","0","0","0","1","0","11083"
"101195","0","0","0","1","0","12312"
"101196","0","0","0","1","0","12785"
"101198","0","44","0","44","0","11693"
"101202","0","34","44","34","0","11554"
"101203","0","0","0","1","0","12812"
"101206","0","24","30","24","0","12505"
"101207","0","10","0","10","0","12494"
"101208","0","46","56","46","0","11688"
"101210","0","56","66","56","0","11689"
"101211","0","46","0","46","0","11784"
"101213","0","54","0","54","0","11771"
"101214","0","40","0","40","0","13159"
"101215","0","50","0","50","0","11268"
"101216","0","0","0","1","0","12700"
"101219","0","0","0","1","0","12666"
"101226","0","54","59","54","0","11704"
"101228","0","0","0","46","0","11357"
"101230","0","48","54","48","0","12525"
"101231","0","54","60","54","0","12526"
"101233","0","46","0","46","0","11197"
"101235","0","0","0","1","0","13046"
"101238","0","46","0","46","0","11293"
"101239","0","36","46","36","0","11687"
"101240","0","46","0","46","0","11721"
"101245","0","60","0","60","0","11780"
"101253","0","52","0","52","0","11675"
"101257","0","56","0","56","0","11717"
"101261","0","50","55","50","0","11774"
"101264","0","0","0","1","0","12783"
"101265","0","0","0","1","0","12592"
"101266","0","0","0","1","0","12043"
"101268","0","0","0","1","0","12784"
"101269","0","54","64","54","0","11556"
"101271","0","58","0","58","0","11269"
"101274","0","60","0","60","0","11722"
"101275","0","0","0","1","0","12576"
"101276","0","42","0","42","0","11707"
"101277","0","0","0","1","0","12765"
"101280","0","0","0","1","0","12761"
"101281","0","0","0","1","0","12969"
"101283","0","0","0","1","0","12338"
"101287","0","0","0","1","0","12970"
"101288","0","0","0","1","0","12799"
"101291","0","0","0","1","0","12290"
"101292","0","42","0","42","0","13553"
"101293","0","0","0","1","0","12815"
"101297","0","0","0","1","0","12605"
"101299","0","52","58","52","0","13032"
"101300","0","58","64","58","0","13033"
"101303","0","0","0","1","0","12329"
"101304","0","0","0","1","0","12330"
"101308","0","0","0","1","0","12299"
"101309","0","0","0","1","0","12339"
"101314","0","0","0","1","0","12788"
"101321","0","0","0","1","0","12328"
"101323","0","30","0","30","0","12809"
"101331","0","0","0","1","0","12295"
"101333","0","44","50","44","0","13019"
"101338","0","50","0","50","0","11719"
"101340","0","50","0","50","0","11420"
"101342","0","0","0","1","0","12764"
"101344","0","0","0","1","0","13804"
"101349","0","60","0","60","0","11281"
"101353","0","50","59","50","0","15631"
"101357","0","20","0","20","0","13896"
"101362","0","38","0","38","0","14267"
"101365","0","42","0","42","0","11267"
"101369","0","0","0","1","0","12811"
"101370","0","0","0","1","0","12813"
"101371","0","0","0","1","0","12814"
"101373","0","0","0","1","0","12797"
"101374","0","0","0","1","0","12800"
"101375","0","30","39","30","0","15629"
"101379","0","0","0","1","0","12886"
"101381","0","0","0","1","0","12985"
"101383","0","54","0","54","0","14290"
"101386","0","0","0","1","0","12834"
"101388","0","30","0","30","0","14269"
"101389","0","44","0","44","0","14270"
"101390","0","58","0","58","0","14271"
"101393","0","10","0","10","0","13165"
"101394","0","58","63","58","0","10161"
"101396","0","10","0","10","0","13481"
"101398","0","0","0","1","0","13805"
"101399","0","0","0","1","0","13806"
"101400","0","0","0","1","0","13807"
"101407","0","16","0","16","0","14261"
"101409","0","0","0","1","0","12818"
"101411","0","54","60","54","0","14315"
"101415","0","60","0","60","0","12826"
"101416","0","0","0","1","0","12311"
"101417","0","0","0","1","0","12298"
"101418","0","0","0","1","0","12463"
"101420","0","0","0","1","0","12945"
"101421","0","0","0","1","0","12879"
"101424","0","0","0","48","0","13229"
"101428","0","0","0","1","0","12836"
"101429","0","20","0","20","0","12824"
"101430","0","0","0","1","0","12519"
"101433","0","0","0","1","0","12490"
"101434","0","0","0","1","0","12972"
"101437","0","60","0","60","0","11286"
"101439","0","0","0","1","0","12571"
"101440","0","46","0","46","0","11285"
"101442","0","0","0","1","0","12842"
"101447","0","52","0","52","0","11779"
"101449","0","0","0","1","0","12837"
"101450","0","0","0","1","0","12841"
"101451","0","0","0","1","0","12702"
"101453","0","46","51","46","0","11699"
"101455","0","0","0","1","0","12668"
"101457","0","10","0","10","0","12798"
"101458","0","0","0","1","0","12971"
"101460","0","0","0","1","0","12807"
"101461","0","0","0","1","0","13002"
"101462","0","48","0","48","0","11297"
"101464","0","0","0","1","0","12959"
"101465","0","0","0","1","0","12960"
"101469","0","0","0","1","0","12982"
"101473","0","0","0","1","0","12838"
"101475","0","0","0","1","0","12398"
"101482","0","0","0","1","0","12839"
"101484","0","0","0","1","0","12973"
"101485","0","0","0","1","0","12704"
"101487","0","99","0","99","0","12654"
"101488","0","60","0","60","0","14268"
"101490","0","40","49","40","0","15630"
"101491","0","58","0","58","0","13555"
"101496","0","0","0","1","0","13045"
"101497","0","50","60","50","0","11767"
"101498","0","20","0","20","0","26064"
"101499","0","30","0","30","0","13161"
"101500","0","4","0","4","0","13163"
"101503","0","0","0","1","0","12726"
"101505","0","1","0","1","0","12484"
"101506","0","60","69","60","0","15632"
"101507","0","0","0","1","0","12658"
"101508","0","0","0","1","0","12676"
"101509","0","0","0","1","0","12840"
"101515","0","36","42","36","0","13018"
"101518","0","0","0","1","0","12725"
"101520","0","0","0","1","0","12856"
"101522","0","42","52","42","0","11681"
"101523","0","52","0","52","0","11400"
"101526","0","54","59","54","0","11700"
"101527","0","52","58","52","0","13020"
"101528","0","60","66","60","0","13021"
"101529","0","34","0","34","0","13552"
"101532","0","0","0","1","0","12999"
"101533","0","38","48","38","0","11766"
"101535","0","0","0","1","0","12711"
"101536","0","0","0","1","0","12727"
"101538","0","0","0","1","0","12958"
"101545","0","0","0","1","0","12847"
"101546","0","0","0","1","0","12967"
"101550","0","0","0","1","0","13001"
"101552","0","0","0","1","0","12878"
"101553","0","0","0","1","0","12663"
"101554","0","0","0","1","0","12664"
"101556","0","0","0","1","0","12835"
"101563","0","0","0","40","0","13228"
"101564","0","0","0","1","0","12853"
"101566","0","46","52","46","0","13031"
"101567","0","0","0","1","0","12464"
"101574","0","0","0","1","0","12518"
"101578","0","0","0","56","0","13230"
"101579","0","0","0","1","0","13000"
"101580","0","60","69","60","0","28609"
"101582","0","0","0","1","0","12862"
"101584","0","36","43","36","0","14284"
"101591","0","34","44","34","0","14272"
"101597","0","52","0","52","0","13543"
"101601","0","0","0","1","0","13803"
"101602","0","46","0","46","0","14279"
"101603","0","28","0","28","0","13809"
"101604","0","44","51","44","0","14285"
"101605","0","36","42","36","0","14299"
"101606","0","46","52","46","0","14300"
"101607","0","0","0","1","0","13961"
"101609","0","56","0","56","0","14280"
"101610","0","0","0","1","0","12983"
"101611","0","0","0","1","0","12984"
"101616","0","0","0","1","0","14195"
"101619","0","0","0","1","0","13706"
"101620","0","0","0","1","0","13960"
"101621","0","52","59","52","0","14286"
"101622","0","30","0","30","0","13819"
"101625","0","58","0","58","0","14325"
"101629","0","0","0","1","0","12877"
"101633","0","16","22","16","0","13797"
"101635","0","60","66","60","0","15261"
"101638","0","56","62","56","0","14301"
"101639","0","0","0","1","0","13802"
"101640","0","36","42","36","0","15264"
"101642","0","44","50","44","0","14316"
"101643","0","60","70","60","0","14921"
"101646","0","60","67","60","0","14287"
"101647","0","30","0","30","0","14288"
"101648","0","42","0","42","0","14289"
"101649","0","0","0","1","0","13964"
"101652","0","50","55","50","0","15207"
"101653","0","0","0","1","0","13800"
"101654","0","30","0","30","0","14326"
"101656","0","30","36","30","0","15263"
"101658","0","46","0","46","0","14327"
"101660","0","0","0","1","0","13801"
"101667","0","0","0","1","0","13962"
"101675","0","60","0","60","0","13544"
"101676","0","34","40","34","0","13813"
"101681","0","8","0","8","0","14260"
"101684","0","48","58","48","0","14273"
"101685","0","20","29","20","0","14274"
"101686","0","26","32","26","0","14298"
"101689","0","34","40","34","0","13812"
"101691","0","16","22","16","0","13795"
"101694","0","40","50","40","0","14919"
"101695","0","12","19","12","0","14281"
"101701","0","0","0","1","0","12712"
"101702","0","36","0","36","0","15107"
"101703","0","40","0","40","0","14310"
"101704","0","0","0","1","0","12975"
"101705","0","0","0","1","0","12976"
"101712","0","12","17","12","0","592"
"101714","0","10","16","10","0","13908"
"101715","0","0","0","1","0","13707"
"101719","0","0","0","1","0","12961"
"101720","0","0","0","1","0","12962"
"101721","0","0","0","1","0","12963"
"101722","0","36","42","36","0","14303"
"101726","0","0","0","1","0","13709"
"101727","0","0","0","1","0","13048"
"101728","0","0","0","1","0","12964"
"101736","0","50","0","50","0","14294"
"101741","0","0","0","1","0","12858"
"101743","0","60","0","60","0","14311"
"101744","0","44","50","44","0","14314"
"101751","0","0","0","1","0","13968"
"101752","0","0","0","1","0","12867"
"101753","0","0","0","1","0","13047"
"101755","0","8","0","8","0","118"
"101757","0","0","0","1","0","12860"
"101758","0","46","52","46","0","14304"
"101759","0","0","0","1","0","13967"
"101762","0","0","0","1","0","12714"
"101763","0","0","0","1","0","12724"
"101764","0","0","0","1","0","12861"
"101768","0","0","0","32","0","13220"
"101774","0","50","0","50","0","13554"
"101775","0","40","0","40","0","12825"
"101777","0","0","0","1","0","12857"
"101780","0","0","0","1","0","13966"
"101785","0","0","0","1","0","12855"
"101788","0","0","0","1","0","12974"
"101790","0","44","0","44","0","13542"
"101793","0","56","62","56","0","14305"
"101794","0","0","0","1","0","12713"
"101795","0","40","0","40","0","14264"
"101796","0","48","0","48","0","14265"
"101797","0","56","0","56","0","14266"
"101798","0","0","0","1","0","14193"
"101799","0","0","0","1","0","14194"
"101800","0","26","32","26","0","14302"
"101802","0","0","0","1","0","12723"
"101804","0","26","0","26","0","13551"
"101812","0","0","0","1","0","12966"
"101813","0","0","0","1","0","12968"
"101814","0","10","0","10","0","13549"
"101815","0","18","0","18","0","13550"
"101817","0","24","0","24","0","14262"
"101818","0","32","0","32","0","14263"
"101827","0","40","50","40","0","14818"
"101828","0","50","60","50","0","14819"
"101832","0","22","0","22","0","14323"
"101842","0","60","66","60","0","18809"
"101845","0","0","0","1","0","15052"
"101846","0","0","0","1","0","15053"
"101852","0","20","0","20","0","14183"
"101853","0","0","0","1","0","13877"
"101857","0","56","61","56","0","15208"
"101860","0","0","0","60","0","14927"
"101864","0","0","0","1","0","14190"
"101865","0","60","65","60","0","28612"
"101871","0","56","0","56","0","15112"
"101877","0","20","26","20","0","15237"
"101886","0","18","0","18","0","14318"
"101887","0","28","0","28","0","14319"
"101889","0","46","0","46","0","15111"
"101894","0","1","0","1","0","25997"
"101901","0","40","0","40","0","14324"
"101902","0","0","0","1","0","14186"
"101904","0","20","27","20","0","14282"
"101918","0","0","0","30","0","14924"
"101919","0","0","0","40","0","14925"
"101920","0","42","48","42","0","15265"
"101925","0","28","35","28","0","14283"
"101928","0","58","0","58","0","14322"
"101931","0","60","69","60","0","28610"
"101933","0","0","0","20","0","14923"
"101934","0","0","0","50","0","14926"
"101938","0","0","0","1","0","15047"
"101940","0","38","0","38","0","14320"
"101941","0","0","0","1","0","13963"
"101942","0","0","0","10","0","14922"
"101953","0","0","0","1","0","13969"
"101956","0","30","35","30","0","7810"
"101960","0","0","0","1","0","16252"
"101971","0","54","60","54","0","14317"
"102001","0","0","0","1","0","16538"
"102007","0","60","0","60","0","14296"
"102028","0","10","20","10","0","14916"
"102030","0","16","22","16","0","7812"
"102035","0","0","0","1","0","16539"
"102036","0","48","54","48","0","15266"
"102037","0","54","60","54","0","15267"
"102047","0","48","0","48","0","14321"
"102052","0","20","25","20","0","7809"
"102066","0","58","0","58","0","14295"
"102079","0","20","0","20","0","7814"
"102080","0","28","0","28","0","7815"
"102091","0","0","0","1","0","16540"
"102111","0","36","42","36","0","15431"
"102124","0","30","40","30","0","14752"
"102161","0","16","26","16","0","1966"
"102174","0","24","30","24","0","15262"
"102177","0","28","36","28","0","17311"
"102183","0","34","44","34","0","7813"
"102184","0","54","64","54","0","11682"
"102187","0","0","0","1","0","16541"
"102188","0","0","0","1","0","16542"
"102200","0","55","0","55","0","16698"
"102219","0","16","21","16","0","8102"
"102220","0","34","38","34","0","8445"
"102224","0","44","52","44","0","16315"
"102234","0","10","0","10","0","16689"
"102238","0","58","0","58","0","17348"
"102240","0","0","0","1","0","16763"
"102250","0","0","0","1","0","16272"
"102257","0","0","0","1","0","16273"
"102258","0","0","0","1","0","16274"
"102264","0","0","0","1","0","16306"
"102265","0","0","0","1","0","16307"
"102266","0","0","0","1","0","16308"
"102268","0","30","0","30","0","16511"
"102270","0","26","32","26","0","17850"
"102274","0","34","42","34","0","16314"
"102276","0","40","0","40","0","17266"
"102277","0","55","65","55","0","16697"
"102288","0","0","0","1","0","16309"
"102310","0","60","0","60","0","17728"
"102316","0","1","0","0","0","16268"
"102317","0","54","62","54","0","16316"
"102319","0","24","0","24","0","17264"
"102326","0","32","0","32","0","17265"
"102327","0","0","0","1","0","16769"
"102328","0","0","0","1","0","16770"
"102330","0","0","0","1","0","16188"
"102336","0","40","0","40","0","16190"
"102352","0","46","54","46","0","16341"
"102375","0","58","65","58","0","16356"
"102383","0","60","68","60","0","16362"
"102397","0","20","28","20","0","15407"
"102399","0","56","64","56","0","16342"
"102420","0","28","34","28","0","15430"
"102427","0","56","0","56","0","17261"
"102428","0","8","0","8","0","17262"
"102432","0","30","0","30","0","20218"
"102435","0","48","0","48","0","16813"
"102436","0","40","0","40","0","16832"
"102446","0","32","0","32","0","17258"
"102447","0","48","58","48","0","17751"
"102454","0","38","0","38","0","16812"
"102456","0","36","46","36","0","17750"
"102457","0","0","0","1","0","16283"
"102458","0","0","0","1","0","16284"
"102459","0","46","0","46","0","17347"
"102464","0","1","0","1","0","16827"
"102466","0","0","0","1","0","16299"
"102478","0","16","0","16","0","17263"
"102484","0","18","24","18","0","17767"
"102486","0","40","46","40","0","18869"
"102494","0","48","54","48","0","18870"
"102506","0","20","0","20","0","16979"
"102527","0","1","0","1","0","15286"
"102530","0","30","0","30","0","17390"
"102531","0","0","0","1","0","16166"
"102536","0","16","0","16","0","16829"
"102537","0","50","56","50","0","17853"
"102548","0","0","0","1","0","16765"
"102552","0","48","0","48","0","17267"
"102553","0","56","0","56","0","17268"
"102557","0","54","0","54","0","17392"
"102559","0","0","0","1","0","16282"
"102563","0","58","0","58","0","16387"
"102566","0","0","0","1","0","16766"
"102577","0","0","0","1","0","16271"
"102589","0","36","44","36","0","16339"
"102600","0","0","0","1","0","16253"
"102604","0","0","0","1","0","16301"
"102605","0","0","0","1","0","16302"
"102606","0","0","0","1","0","16303"
"102607","0","0","0","1","0","16304"
"102608","0","0","0","1","0","16305"
"102617","0","0","0","1","0","16300"
"102620","0","24","0","24","0","16830"
"102621","0","32","0","32","0","16831"
"102627","0","58","64","58","0","17854"
"102632","0","0","0","1","0","16254"
"102633","0","0","0","1","0","16255"
"102640","0","0","0","1","0","16256"
"102649","0","48","0","48","0","17260"
"102659","0","0","0","1","0","16281"
"102662","0","52","60","52","0","17314"
"102668","0","40","46","40","0","16914"
"102671","0","48","56","48","0","16355"
"102677","0","36","0","36","0","17951"
"102699","0","42","48","42","0","17852"
"102706","0","60","66","60","0","17402"
"102709","0","50","56","50","0","17401"
"102710","0","34","40","34","0","17851"
"102714","0","42","48","42","0","17921"
"102715","0","50","56","50","0","17922"
"102716","0","58","64","58","0","17923"
"102718","0","40","50","40","0","18220"
"102727","0","16","0","16","0","17256"
"102728","0","24","0","24","0","17257"
"102729","0","40","0","40","0","17259"
"102739","0","20","0","20","0","18137"
"102745","0","0","0","1","0","16189"
"102746","0","0","0","1","0","16164"
"102747","0","28","0","28","0","19276"
"102752","0","1","0","1","0","17253"
"102756","0","24","30","24","0","18867"
"102757","0","32","38","32","0","18868"
"102765","0","1","0","1","0","18095"
"102775","0","56","0","56","0","17953"
"102785","0","20","24","20","0","17877"
"102786","0","42","0","42","0","17391"
"102825","0","20","26","20","0","16864"
"102832","0","60","70","60","0","17752"
"102833","0","1","0","1","0","17254"
"102834","0","48","0","48","0","17727"
"102835","0","44","52","44","0","17313"
"102839","0","0","0","1","0","17116"
"102841","0","8","0","8","0","17255"
"102844","0","35","0","35","0","18093"
"102847","0","40","44","40","0","26187"
"102848","0","8","0","8","0","16828"
"102850","0","36","44","36","0","17312"
"102855","0","58","0","58","0","17329"
"102859","0","40","0","40","0","17364"
"102863","0","0","0","1","0","16298"
"102870","0","1","0","1","0","18094"
"102884","0","50","56","50","0","17925"
"102887","0","25","0","25","0","16857"
"102890","0","26","32","26","0","17919"
"102891","0","34","40","34","0","17920"
"102894","0","28","0","28","0","16811"
"102897","0","18","0","18","0","16810"
"102909","0","20","0","20","0","23992"
"102910","0","30","0","30","0","19251"
"102912","0","18","24","18","0","19236"
"102913","0","26","32","26","0","19238"
"102916","0","34","40","34","0","19240"
"102922","0","50","56","50","0","19304"
"102924","0","58","64","58","0","19305"
"102939","0","60","0","60","0","19275"
"102954","0","6","12","6","0","21082"
"102981","0","24","30","24","0","19438"
"102982","0","60","70","60","0","18662"
"102985","0","40","46","40","0","17962"
"102990","0","60","0","60","0","19801"
"102993","0","40","0","40","0","19386"
"102997","0","40","0","40","0","19273"
"102998","0","42","48","42","0","19241"
"103001","0","30","38","30","0","18265"
"103013","0","32","0","32","0","18499"
"103015","0","50","56","50","0","19242"
"103016","0","38","48","38","0","18879"
"103019","0","4","0","4","0","20271"
"103022","0","50","0","50","0","19265"
"103023","0","60","0","60","0","18540"
"103028","0","60","0","60","0","19266"
"103030","0","40","0","40","0","20742"
"103047","0","58","64","58","0","19243"
"103057","0","46","0","46","0","17952"
"103059","0","30","0","30","0","19007"
"103064","0","60","0","60","0","18541"
"103066","0","48","0","48","0","23923"
"103070","0","30","0","30","0","19262"
"103071","0","20","0","20","0","19263"
"103072","0","36","0","36","0","19277"
"103073","0","44","0","44","0","19278"
"103076","0","38","0","38","0","18657"
"103079","0","58","0","58","0","18658"
"103082","0","54","66","54","0","17928"
"103097","0","56","0","56","0","20662"
"103099","0","0","0","1","0","20097"
"103103","0","0","0","1","0","20098"
"103104","0","0","0","1","0","20099"
"103105","0","0","0","1","0","20100"
"103113","0","48","58","48","0","18880"
"103114","0","42","47","42","0","19941"
"103115","0","50","55","50","0","19942"
"103116","0","58","63","58","0","19943"
"103117","0","40","0","40","0","19252"
"103118","0","36","0","36","0","19244"
"103127","0","60","0","60","0","19900"
"103133","0","52","0","52","0","19279"
"103135","0","42","0","42","0","19837"
"103137","0","60","0","60","0","19280"
"103141","0","40","0","40","0","19882"
"103142","0","18","0","18","0","19884"
"103143","0","56","62","56","0","18871"
"103159","0","40","0","40","0","19977"
"103166","0","12","18","12","0","26177"
"103167","0","20","0","20","0","19249"
"103173","0","40","0","40","0","19895"
"103174","0","56","62","56","0","17924"
"103175","0","58","64","58","0","17926"
"103176","0","60","0","60","0","19285"
"103179","0","52","0","52","0","19838"
"103180","0","0","0","1","0","20118"
"103182","0","4","0","4","0","19740"
"103186","0","0","0","1","0","20119"
"103199","0","56","0","56","0","19660"
"103200","0","50","0","50","0","19253"
"103212","0","30","0","30","0","19271"
"103217","0","20","25","20","0","19750"
"103222","0","30","0","30","0","19306"
"103226","0","20","0","20","0","19434"
"103236","0","48","0","48","0","18647"
"103247","0","54","0","54","0","19854"
"103249","0","60","0","60","0","19254"
"103250","0","60","0","60","0","19979"
"103260","0","26","32","26","0","19299"
"103263","0","24","34","24","0","17735"
"103267","0","24","28","24","0","26178"
"103270","0","54","60","54","0","18931"
"103271","0","58","62","58","0","18881"
"103278","0","20","0","20","0","20217"
"103283","0","60","64","60","0","18932"
"103285","0","48","54","48","0","18930"
"103286","0","50","0","50","0","19274"
"103287","0","28","0","28","0","19308"
"103288","0","42","48","42","0","19303"
"103289","0","50","60","50","0","18937"
"103290","0","40","0","40","0","19264"
"103291","0","40","0","40","0","19028"
"103297","0","10","0","10","0","18960"
"103299","0","30","0","30","0","19503"
"103302","0","30","0","30","0","19752"
"103303","0","20","0","20","0","19261"
"103312","0","30","0","30","0","19282"
"103313","0","60","68","60","0","18807"
"103315","0","0","0","1","0","18562"
"103317","0","34","40","34","0","19302"
"103322","0","20","28","20","0","20375"
"103324","0","42","48","42","0","20291"
"103325","0","30","0","30","0","20752"
"103331","0","30","0","30","0","19577"
"103334","0","0","0","1","0","20113"
"103338","0","26","31","26","0","19939"
"103339","0","34","39","34","0","19940"
"103342","0","50","56","50","0","20292"
"103343","0","38","0","38","0","20166"
"103344","0","56","0","56","0","19898"
"103346","0","58","0","58","0","20770"
"103347","0","48","0","48","0","20772"
"103348","0","30","36","30","0","19505"
"103351","0","56","62","56","0","19443"
"103356","0","46","52","46","0","19734"
"103357","0","50","0","50","0","20345"
"103358","0","60","0","60","0","20346"
"103359","0","10","0","10","0","19883"
"103360","0","24","0","24","0","19885"
"103362","0","30","0","30","0","20608"
"103363","0","48","54","48","0","19442"
"103365","0","20","0","20","0","19281"
"103370","0","40","0","40","0","19655"
"103371","0","20","0","20","0","20066"
"103372","0","48","0","48","0","19656"
"103377","0","34","0","34","0","19852"
"103378","0","30","0","30","0","20185"
"103379","0","1","7","1","0","20154"
"103381","0","24","0","24","0","20609"
"103384","0","44","0","44","0","19897"
"103385","0","22","30","22","0","20305"
"103387","0","40","0","40","0","20344"
"103388","0","40","0","40","0","19574"
"103393","0","44","0","44","0","19853"
"103395","0","32","38","32","0","19440"
"103398","0","46","0","46","0","20043"
"103399","0","0","0","1","0","20111"
"103400","0","0","0","1","0","20112"
"103410","0","22","0","22","0","19746"
"103411","0","28","0","28","0","19876"
"103416","0","32","0","32","0","19478"
"103418","0","42","0","42","0","19480"
"103420","0","52","0","52","0","19896"
"103421","0","48","0","48","0","19899"
"103432","0","50","0","50","0","19978"
"103434","0","54","60","54","0","19736"
"103438","0","30","36","30","0","19658"
"103441","0","30","0","30","0","20165"
"103444","0","52","0","52","0","19647"
"103446","0","40","0","40","0","19506"
"103452","0","32","0","32","0","19836"
"103456","0","40","46","40","0","19441"
"103458","0","38","44","38","0","19731"
"103459","0","38","44","38","0","19732"
"103460","0","46","52","46","0","19733"
"103461","0","60","0","60","0","19312"
"103462","0","36","0","36","0","19309"
"103472","0","40","0","40","0","19283"
"103473","0","50","0","50","0","19284"
"103479","0","22","0","22","0","20184"
"103480","0","36","0","36","0","19891"
"103485","0","52","0","52","0","19311"
"103486","0","44","0","44","0","19310"
"103488","0","54","60","54","0","19735"
"103490","0","18","24","18","0","19296"
"103493","0","24","0","24","0","19850"
"103494","0","22","0","22","0","20164"
"103496","0","60","70","60","0","18938"
"103505","0","12","0","12","0","19834"
"103506","0","0","0","1","0","20096"
"103509","0","22","0","22","0","19835"
"103513","0","14","0","14","0","19742"
"103515","0","60","69","60","0","20928"
"103516","0","48","58","48","0","21562"
"103521","0","6","0","6","0","21183"
"103523","0","60","0","60","0","20906"
"103525","0","1","7","1","0","21084"
"103533","0","60","0","60","0","21553"
"103537","0","40","0","40","0","20719"
"103541","0","48","0","48","0","20776"
"103544","0","60","0","60","0","20777"
"103546","0","30","0","30","0","20711"
"103550","0","28","0","28","0","20900"
"103551","0","44","0","44","0","20902"
"103552","0","60","0","60","0","20904"
"103555","0","32","0","32","0","19878"
"103564","0","60","68","60","0","20920"
"103565","0","50","0","50","0","20923"
"103569","0","38","0","38","0","20186"
"103570","0","1","0","1","0","21156"
"103573","0","50","0","50","0","19879"
"103575","0","48","0","48","0","20356"
"103577","0","50","0","50","0","20913"
"103578","0","58","64","58","0","20286"
"103579","0","30","0","30","0","21169"
"103581","0","50","0","50","0","20348"
"103593","0","60","0","60","0","20914"
"103597","0","40","48","40","0","20918"
"103599","0","30","0","30","0","20252"
"103601","0","0","0","1","0","20150"
"103606","0","0","0","1","0","20120"
"103609","0","12","0","12","0","20188"
"103616","0","30","38","30","0","20915"
"103617","0","0","0","1","0","20198"
"103619","0","42","50","42","0","20307"
"103620","0","36","0","36","0","20610"
"103622","0","34","40","34","0","20290"
"103624","0","0","0","1","0","20121"
"103625","0","60","0","60","0","20349"
"103629","0","12","20","12","0","20162"
"103631","0","32","0","32","0","19888"
"103632","0","40","0","40","0","20347"
"103640","0","0","0","1","0","20149"
"103642","0","48","0","48","0","20354"
"103643","0","58","0","58","0","20355"
"103646","0","26","0","26","0","19880"
"103648","0","50","0","50","0","20243"
"103653","0","32","40","32","0","20306"
"103655","0","1","7","1","0","20187"
"103656","0","60","0","60","0","20569"
"103670","0","56","0","56","0","20190"
"103673","0","52","60","52","0","20308"
"103674","0","60","0","60","0","20773"
"103675","0","30","39","30","0","20116"
"103676","0","0","0","1","0","20117"
"103677","0","0","0","1","0","20143"
"103684","0","60","70","60","0","21564"
"103687","0","42","0","42","0","20616"
"103688","0","52","0","52","0","20617"
"103694","0","42","0","42","0","20302"
"103695","0","0","0","1","0","20196"
"103696","0","0","0","1","0","20197"
"103698","0","22","0","22","0","20300"
"103699","0","0","0","1","0","20144"
"103700","0","0","0","1","0","20145"
"103701","0","0","0","1","0","20146"
"103706","0","20","0","20","0","20484"
"103710","0","60","0","60","0","21850"
"103712","0","12","19","12","0","20736"
"103717","0","40","48","40","0","20961"
"103718","0","30","38","30","0","20962"
"103719","0","30","38","30","0","20963"
"103723","0","26","32","26","0","20289"
"103725","0","40","48","40","0","20964"
"103729","0","1","0","1","0","20647"
"103731","0","40","49","40","0","20922"
"103732","0","0","0","1","0","20496"
"103753","0","20","28","20","0","20425"
"103754","0","60","68","60","0","20966"
"103755","0","10","16","10","0","20287"
"103764","0","50","0","50","0","20905"
"103771","0","54","0","54","0","20729"
"103774","0","46","0","46","0","22895"
"103781","0","1","0","1","0","21184"
"103785","0","50","58","50","0","20967"
"103787","0","30","0","30","0","20739"
"103790","0","40","0","40","0","20660"
"103800","0","50","0","50","0","20756"
"103809","0","50","58","50","0","20919"
"103812","0","0","0","1","0","20199"
"103815","0","40","0","40","0","20473"
"103820","0","0","0","1","0","20200"
"103827","0","58","0","58","0","20357"
"103828","0","18","24","18","0","20288"
"103839","0","58","64","58","0","20293"
"103840","0","50","58","50","0","20965"
"103841","0","60","69","60","0","20924"
"103843","0","54","0","54","0","20910"
"103844","0","10","16","10","0","20280"
"103845","0","30","0","30","0","20911"
"103853","0","32","0","32","0","20658"
"103854","0","48","0","48","0","20661"
"103857","0","18","24","18","0","20281"
"103858","0","0","0","1","0","20147"
"103866","0","48","0","48","0","21551"
"103872","0","60","68","60","0","20968"
"103875","0","54","0","54","0","21552"
"103876","0","56","0","56","0","20930"
"103883","0","40","49","40","0","20925"
"103884","0","50","56","50","0","20285"
"103897","0","20","28","20","0","20467"
"103903","0","26","32","26","0","20282"
"103904","0","34","40","34","0","20283"
"103905","0","42","48","42","0","20284"
"103906","0","20","0","20","0","20230"
"103911","0","40","0","40","0","20755"
"103918","0","60","0","60","0","20757"
"103920","0","50","0","50","0","20747"
"103928","0","46","0","46","0","20559"
"103951","0","0","0","1","0","20148"
"103976","0","56","0","56","0","20560"
"103994","0","36","42","36","0","23459"
"103995","0","50","0","50","0","23148"
"103997","0","60","0","60","0","20748"
"104032","0","40","0","40","0","20912"
"104035","0","40","0","40","0","22827"
"104055","0","46","0","46","0","22782"
"104061","0","32","0","32","0","20301"
"104062","0","52","0","52","0","20303"
"104071","0","50","59","50","0","20927"
"104072","0","48","0","48","0","20929"
"104078","0","40","0","40","0","23147"
"104090","0","56","0","56","0","22896"
"104091","0","50","0","50","0","21849"
"104092","0","42","0","42","0","20909"
"104104","0","36","0","36","0","20901"
"104108","0","52","0","52","0","20903"
"104122","0","40","0","40","0","24603"
"104139","0","62","0","62","0","22570"
"104145","0","50","0","50","0","23150"
"104159","0","58","0","58","0","22783"
"104160","0","48","0","48","0","22828"
"104183","0","60","0","60","0","24133"
"104184","0","50","0","50","0","24134"
"104194","0","56","0","56","0","22829"
"104198","0","60","0","60","0","23891"
"104199","0","60","0","60","0","24135"
"104205","0","0","0","1","0","23695"
"104224","0","30","0","30","0","23145"
"104225","0","30","0","30","0","23146"
"104230","0","60","65","60","0","24239"
"104231","0","60","0","60","0","23161"
"104233","0","1","0","1","0","21178"
"104242","0","20","26","20","0","23455"
"104255","0","40","0","40","0","23149"
"104263","0","50","0","50","0","24132"
"104265","0","30","0","30","0","23099"
"104269","0","60","0","60","0","23214"
"104278","0","56","66","56","0","23028"
"104279","0","36","0","36","0","22842"
"104282","0","32","0","32","0","22568"
"104312","0","44","0","44","0","22812"
"104336","0","40","0","40","0","23880"
"104337","0","40","0","40","0","23881"
"104342","0","30","0","30","0","23100"
"104346","0","0","0","54","0","24631"
"104347","0","0","0","60","0","24632"
"104349","0","24","0","24","0","24584"
"104355","0","30","40","30","0","24450"
"104356","0","0","0","50","0","24516"
"104357","0","60","0","60","0","25300"
"104358","0","60","70","60","0","25302"
"104364","0","50","0","50","0","24445"
"104365","0","20","0","20","0","24446"
"104366","0","50","0","50","0","24449"
"104367","0","50","60","50","0","24453"
"104372","0","40","0","40","0","24454"
"104377","0","40","0","40","0","24500"
"104380","0","50","0","50","0","24455"
"104381","0","40","0","40","0","24858"
"104385","0","8","0","8","0","24423"
"104393","0","50","0","50","0","24501"
"104394","0","50","0","50","0","24507"
"104411","0","54","0","54","0","23893"
"104412","0","60","0","60","0","23894"
"104418","0","30","0","30","0","24447"
"104420","0","40","0","40","0","24394"
"104426","0","40","0","40","0","24448"
"104438","0","40","0","40","0","24396"
"104446","0","40","0","40","0","23885"
"104456","0","0","0","20","0","24495"
"104459","0","40","0","40","0","24395"
"104460","0","48","0","48","0","23892"
"104466","0","0","0","40","0","24444"
"104472","0","28","34","28","0","23458"
"104475","0","40","70","40","0","24905"
"104476","0","40","70","40","0","24907"
"104480","0","40","0","40","0","24131"
"104488","0","40","0","40","0","24397"
"104490","0","48","0","48","0","23886"
"104491","0","54","0","54","0","23887"
"104492","0","60","0","60","0","23888"
"104493","0","48","0","48","0","23889"
"104494","0","60","0","60","0","23890"
"104502","0","0","0","8","0","24424"
"104510","0","0","0","40","0","24463"
"104514","0","60","60","60","0","24406"
"104519","0","0","0","40","0","24607"
"104520","0","0","0","24","0","24608"
"104521","0","0","0","10","0","24609"
"104534","0","40","0","40","0","23109"
"104538","0","50","0","50","0","23110"
"104539","0","40","0","40","0","23111"
"104540","0","50","0","50","0","23112"
"104546","0","60","64","60","0","25345"
"104549","0","60","0","60","0","25359"
"104551","0","60","0","60","0","25288"
"104563","0","0","0","18","0","24550"
"104564","0","0","0","24","0","24551"
"104565","0","0","0","30","0","24552"
"104566","0","0","0","36","0","24553"
"104567","0","0","0","42","0","24554"
"104568","0","30","39","30","0","24974"
"104570","0","24","0","24","0","24605"
"104571","0","60","64","60","0","25306"
"104572","0","60","65","60","0","25307"
"104573","0","60","65","60","0","25309"
"104574","0","60","65","60","0","25314"
"104575","0","60","65","60","0","25357"
"104576","0","60","0","60","0","25361"
"104578","0","0","0","42","0","24561"
"104580","0","60","65","60","0","25297"
"104590","0","40","0","40","0","23922"
"104593","0","54","0","54","0","23924"
"104594","0","60","0","60","0","23925"
"104603","0","60","70","60","0","27681"
"104614","0","0","0","10","0","24547"
"104620","0","0","0","60","0","25347"
"104628","0","0","0","30","0","24559"
"104630","0","20","0","20","0","24492"
"104631","0","20","0","20","0","24493"
"104632","0","30","0","30","0","24451"
"104634","0","0","0","24","0","24558"
"104635","0","44","49","44","0","24275"
"104636","0","0","0","54","0","24629"
"104637","0","0","0","60","0","24630"
"104638","0","56","0","56","0","24587"
"104639","0","40","0","40","0","24506"
"104640","0","60","65","60","0","25315"
"104646","0","0","0","20","0","24475"
"104647","0","0","0","30","0","24476"
"104648","0","8","0","8","0","24641"
"104649","0","0","0","40","0","24477"
"104650","0","0","0","50","0","24478"
"104651","0","40","0","40","0","24586"
"104653","0","24","0","24","0","24577"
"104655","0","0","0","20","0","24494"
"104656","0","30","0","30","0","24497"
"104658","0","0","0","56","0","24599"
"104661","0","8","0","8","0","24640"
"104662","0","60","69","60","0","25316"
"104664","0","1","7","1","0","24844"
"104665","0","40","0","40","0","24588"
"104666","0","56","0","56","0","24589"
"104669","0","1","0","1","0","24845"
"104674","0","48","0","48","0","24578"
"104675","0","56","0","56","0","24579"
"104677","0","0","0","48","0","24555"
"104678","0","50","0","50","0","24504"
"104679","0","30","0","30","0","24505"
"104680","0","0","0","40","0","24509"
"104682","0","24","0","24","0","24583"
"104683","0","60","60","60","0","24530"
"104688","0","56","0","56","0","24597"
"104691","0","60","65","60","0","25299"
"104692","0","0","0","30","0","24514"
"104693","0","30","0","30","0","24439"
"104694","0","0","0","20","0","24440"
"104696","0","20","0","20","0","24488"
"104697","0","0","0","12","0","24556"
"104698","0","60","64","60","0","25304"
"104699","0","0","0","36","0","24560"
"104700","0","10","0","10","0","24604"
"104701","0","63","0","63","0","24248"
"104702","0","0","0","12","0","24549"
"104703","0","0","0","30","0","24441"
"104706","0","52","57","52","0","24274"
"104707","0","60","0","60","0","24224"
"104708","0","40","50","40","0","24452"
"104709","0","0","0","50","0","24464"
"104710","0","30","0","30","0","24502"
"104712","0","0","0","18","0","24557"
"104713","0","0","0","48","0","24562"
"104714","0","40","0","40","0","24503"
"104716","0","24","0","24","0","25014"
"104718","0","60","68","60","0","25289"
"104722","0","36","0","36","0","25015"
"104724","0","60","0","60","0","25290"
"104725","0","60","60","60","0","25291"
"104726","0","60","0","60","0","25295"
"104729","0","48","0","48","0","25016"
"104730","0","60","60","60","0","25916"
"104731","0","60","0","60","0","25918"
"104733","0","0","0","40","0","24515"
"104738","0","30","34","30","0","26090"
"104739","0","56","63","56","0","25902"
"104740","0","36","0","36","0","28379"
"104751","0","48","54","48","0","25011"
"104758","0","12","18","12","0","25008"
"104759","0","36","42","36","0","25010"
"104760","0","48","54","48","0","26201"
"104761","0","0","0","48","0","26202"
"104767","0","50","0","50","0","26190"
"104770","0","0","0","40","0","24512"
"104771","0","0","0","50","0","24513"
"104773","0","0","0","24","0","24580"
"104774","0","0","0","40","0","24581"
"104776","0","60","0","60","0","25898"
"104780","0","0","0","56","0","24582"
"104781","0","0","0","20","0","24490"
"104783","0","0","0","30","0","24508"
"104784","0","0","0","50","0","24510"
"104785","0","0","0","30","0","24511"
"104786","0","30","0","30","0","26094"
"104796","0","60","0","60","0","25294"
"104797","0","60","0","60","0","25017"
"104801","0","50","0","50","0","25908"
"104808","0","60","65","60","0","25292"
"104812","0","60","0","60","0","25296"
"104813","0","60","66","60","0","25298"
"104820","0","60","64","60","0","25311"
"104824","0","60","64","60","0","25346"
"104825","0","0","0","30","0","25077"
"104851","0","24","30","24","0","25009"
"104852","0","0","0","1","0","24545"
"104859","0","0","0","12","0","26184"
"104870","0","60","0","60","0","25895"
"104874","0","60","0","60","0","25286"
"104875","0","40","49","40","0","24975"
"104876","0","36","40","36","0","26179"
"104878","0","52","0","52","0","25782"
"104881","0","0","0","24","0","26185"
"104882","0","0","0","36","0","26186"
"104885","0","60","66","60","0","25012"
"104886","0","12","0","12","0","25013"
"104887","0","50","54","50","0","26188"
"104888","0","40","0","40","0","26189"
"104909","0","30","0","30","0","25076"
"104913","0","0","0","20","0","26065"
"104927","0","8","0","8","0","26364"
"104929","0","56","0","56","0","27683"
"104931","0","56","0","56","0","26363"
"104948","0","0","0","1","0","28332"
"104954","0","40","0","40","0","26369"
"104955","0","48","0","48","0","26370"
"104959","0","50","59","50","0","24976"
"104960","0","60","69","60","0","24977"
"104969","0","24","0","24","0","26366"
"104970","0","32","0","32","0","26367"
"104978","0","0","0","60","0","28343"
"104979","0","60","0","60","0","28272"
"105005","0","16","0","16","0","26365"
"105025","0","48","55","48","0","25911"
"105032","0","40","47","40","0","25912"
"105033","0","48","55","48","0","25913"
"105034","0","40","47","40","0","25914"
"105052","0","56","63","56","0","25903"
"105079","0","60","66","60","0","27685"
"105083","0","16","0","16","0","25780"
"105084","0","0","0","1","0","25781"
"105111","0","60","0","60","0","25890"
"105121","0","60","0","60","0","25899"
"105125","0","54","0","54","0","25894"
"105131","0","50","56","50","0","27870"
"105133","0","44","0","44","0","28380"
"105135","0","20","0","20","0","28377"
"105136","0","60","66","60","0","27874"
"105170","0","60","0","60","0","28382"
"105184","0","28","0","28","0","28378"
"105185","0","52","0","52","0","28381"
"105189","0","60","66","60","0","27871"
"105192","0","50","56","50","0","27873"
"105200","0","44","50","44","0","27803"
"105207","0","60","66","60","0","27805"
"105212","0","20","29","20","0","26573"
"105223","0","52","58","52","0","27804"
"105227","0","0","0","1","0","26654"
"105248","0","60","70","60","0","27841"
"105249","0","52","58","52","0","27800"
"105250","0","60","66","60","0","27801"
"105253","0","44","50","44","0","27799"
"105267","0","0","0","1","0","29438"
"105269","0","0","0","1","0","29446"
"105285","0","0","0","1","0","29082"
"105290","0","0","0","1","0","29084"
"105307","0","60","67","60","0","29228"
"105335","0","40","0","40","0","29166"
"105337","0","0","0","1","0","29203"
"105342","0","60","0","60","0","31018"
"105354","0","0","0","1","0","29077"
"105367","0","0","0","1","0","29086"
"105377","0","0","0","1","0","29087"
"105378","0","0","0","1","0","29088"
"105384","0","0","0","1","0","29075"
"105399","0","0","0","1","0","29076"
"105409","0","0","0","1","0","29074"
"105410","0","60","0","60","0","28271"
"105455","0","0","0","1","0","29440"
"105456","0","0","0","1","0","29441"
"105460","0","0","0","1","0","29444"
"105469","0","0","0","1","0","29439"
"105480","0","0","0","1","0","29445"
"105484","0","0","0","1","0","29447"
"105504","0","60","0","60","0","31016"
"117814","0","65","69","65","0","25217"
"117815","0","70","74","70","0","25218"
"117816","0","68","72","68","0","25464"
"117817","0","68","0","68","0","25467"
"117818","0","67","0","67","0","25557"
"117820","0","67","0","67","0","25560"
"117821","0","63","0","63","0","26371"
"117822","0","70","0","70","0","26372"
"117826","0","68","75","68","0","27131"
"117827","0","66","72","66","0","27132"
"117828","0","65","71","65","0","27133"
"117829","0","70","79","70","0","27173"
"117830","0","64","0","64","0","27174"
"117831","0","64","69","64","0","27175"
"117832","0","64","69","64","0","27176"
"117833","0","65","69","65","0","27266"
"117834","0","68","73","68","0","27267"
"117835","0","62","72","62","0","27268"
"117836","0","64","0","64","0","27269"
"117837","0","64","0","64","0","27361"
"117838","0","0","0","70","0","27362"
"117841","0","65","69","65","0","25221"
"117842","0","70","74","70","0","25222"
"117843","0","61","66","61","0","25363"
"117844","0","63","68","63","0","25469"
"117845","0","70","0","70","0","25470"
"117847","0","68","0","68","0","25563"
"117852","0","70","0","70","0","26884"
"117853","0","0","0","62","0","26969"
"117854","0","62","67","62","0","26978"
"117855","0","69","74","69","0","26979"
"117856","0","65","70","65","0","26980"
"117857","0","68","0","68","0","27044"
"117858","0","68","0","68","0","27045"
"117859","0","68","0","68","0","27046"
"117860","0","70","80","70","0","27047"
"117861","0","64","70","64","0","27134"
"117862","0","62","67","62","0","27135"
"117863","0","70","75","70","0","27136"
"117864","0","66","71","66","0","27137"
"117865","0","68","73","68","0","27138"
"117866","0","70","79","70","0","27179"
"117867","0","68","73","68","0","27180"
"117868","0","70","75","70","0","27270"
"117869","0","63","70","63","0","27271"
"117870","0","66","72","66","0","27272"
"117871","0","0","0","70","0","27364"
"117872","0","60","0","60","0","27366"
"117875","0","67","0","67","0","25225"
"117876","0","69","75","69","0","25364"
"117877","0","65","0","65","0","25367"
"117878","0","70","0","70","0","25368"
"117879","0","70","74","70","0","25472"
"117880","0","69","0","69","0","25567"
"117882","0","65","0","65","0","25570"
"117887","0","62","81","62","0","26889"
"117890","0","63","68","63","0","26981"
"117891","0","69","74","69","0","26982"
"117892","0","70","76","70","0","26983"
"117893","0","61","67","61","0","26984"
"117894","0","65","75","65","0","27048"
"117895","0","64","0","64","0","27049"
"117896","0","64","0","64","0","27050"
"117897","0","64","0","64","0","27051"
"117898","0","60","0","60","0","27052"
"117899","0","69","73","69","0","27139"
"117900","0","70","78","70","0","27140"
"117901","0","70","78","70","0","27141"
"117904","0","64","70","64","0","27273"
"117905","0","68","0","68","0","27274"
"117906","0","70","80","70","0","27275"
"117909","0","68","0","68","0","25231"
"117910","0","61","65","61","0","25233"
"117911","0","65","0","65","0","25234"
"117912","0","63","68","63","0","25372"
"117913","0","69","74","69","0","25375"
"117914","0","68","0","68","0","25477"
"117915","0","62","66","62","0","25479"
"117919","0","69","0","69","0","25574"
"117924","0","0","0","68","0","26892"
"117925","0","69","75","69","0","26985"
"117926","0","67","73","67","0","26986"
"117927","0","63","68","63","0","26987"
"117928","0","70","75","70","0","26988"
"117929","0","60","0","60","0","27053"
"117930","0","60","0","60","0","27054"
"117931","0","60","0","60","0","27055"
"117932","0","60","0","60","0","27056"
"117933","0","65","0","65","0","27142"
"117934","0","65","0","65","0","27143"
"117939","0","62","68","62","0","27276"
"117940","0","70","76","70","0","27277"
"117941","0","62","68","62","0","27278"
"117942","0","70","76","70","0","27279"
"117947","0","67","71","67","0","25235"
"117948","0","70","0","70","0","25236"
"117949","0","63","68","63","0","25379"
"117950","0","70","75","70","0","25380"
"117951","0","66","72","66","0","25384"
"117955","0","70","74","70","0","25485"
"117957","0","65","0","65","0","25577"
"117962","0","68","77","68","0","26989"
"117963","0","70","0","70","0","26990"
"117964","0","70","0","70","0","26991"
"117965","0","64","0","64","0","27060"
"117966","0","0","0","70","0","27061"
"117967","0","0","0","70","0","27062"
"117968","0","60","64","60","0","27063"
"117969","0","69","0","69","0","27144"
"117970","0","69","0","69","0","27145"
"117971","0","69","74","69","0","27209"
"117972","0","65","69","65","0","27210"
"117973","0","64","68","64","0","27211"
"117974","0","69","74","69","0","27212"
"117975","0","64","0","64","0","27280"
"117977","0","0","0","70","0","27282"
"117980","0","61","0","61","0","25241"
"117981","0","69","0","69","0","25242"
"117982","0","68","76","68","0","25387"
"117983","0","70","0","70","0","25389"
"117985","0","64","68","64","0","25489"
"117994","0","64","0","64","0","26992"
"117995","0","66","0","66","0","26993"
"117996","0","69","0","69","0","26994"
"117997","0","70","0","70","0","26995"
"117998","0","70","0","70","0","27065"
"117999","0","70","0","70","0","27066"
"118000","0","66","0","66","0","27067"
"118001","0","62","0","62","0","27147"
"118002","0","70","0","70","0","27148"
"118003","0","70","79","70","0","27149"
"118004","0","68","78","68","0","27213"
"118005","0","68","78","68","0","27214"
"118006","0","69","74","69","0","27215"
"118007","0","65","70","65","0","27216"
"118008","0","0","0","64","0","27283"
"118009","0","70","0","70","0","27285"
"118014","0","66","0","66","0","25248"
"118016","0","63","68","63","0","25391"
"118017","0","70","0","70","0","25392"
"118018","0","61","0","61","0","25585"
"118019","0","70","0","70","0","25587"
"118024","0","67","0","67","0","26996"
"118025","0","64","0","64","0","26997"
"118026","0","62","72","62","0","26998"
"118027","0","65","0","65","0","26999"
"118028","0","70","0","70","0","27068"
"118029","0","70","0","70","0","27069"
"118030","0","66","70","66","0","27070"
"118031","0","66","0","66","0","27150"
"118032","0","63","0","63","0","27151"
"118033","0","68","0","68","0","27152"
"118034","0","67","0","67","0","27217"
"118035","0","67","0","67","0","27218"
"118036","0","62","67","62","0","27219"
"118043","0","66","0","66","0","28172"
"118044","0","66","0","66","0","25251"
"118045","0","66","0","66","0","25252"
"118046","0","66","0","66","0","25253"
"118047","0","70","73","70","0","25396"
"118048","0","66","69","66","0","25420"
"118049","0","61","66","61","0","25422"
"118050","0","66","70","66","0","25500"
"118053","0","67","0","67","0","25596"
"118055","0","50","0","50","0","26669"
"118058","0","67","0","67","0","27000"
"118059","0","61","0","61","0","27001"
"118060","0","70","0","70","0","27002"
"118061","0","64","0","64","0","27003"
"118062","0","63","67","63","0","27071"
"118063","0","69","73","69","0","27072"
"118064","0","65","69","65","0","27073"
"118065","0","70","74","70","0","27074"
"118066","0","70","0","70","0","27153"
"118067","0","69","0","69","0","27154"
"118068","0","69","74","69","0","27220"
"118069","0","63","68","63","0","27221"
"118070","0","68","78","68","0","27222"
"118071","0","68","74","68","0","27223"
"118075","0","62","0","62","0","28176"
"118077","0","66","0","66","0","25258"
"118078","0","67","0","67","0","25264"
"118079","0","68","73","68","0","25423"
"118080","0","66","75","66","0","25429"
"118081","0","68","76","68","0","25505"
"118084","0","63","0","63","0","25508"
"118088","0","64","0","64","0","26679"
"118090","0","69","79","69","0","27004"
"118091","0","66","0","66","0","27005"
"118092","0","66","0","66","0","27006"
"118093","0","66","0","66","0","27007"
"118094","0","63","67","63","0","27075"
"118095","0","64","68","64","0","27076"
"118096","0","61","66","61","0","27078"
"118097","0","70","75","70","0","27079"
"118098","0","66","72","66","0","27155"
"118100","0","66","72","66","0","27157"
"118101","0","61","0","61","0","27224"
"118102","0","69","0","69","0","27226"
"118106","0","69","0","69","0","28189"
"118107","0","65","0","65","0","25266"
"118108","0","63","0","63","0","25269"
"118109","0","69","0","69","0","25431"
"118110","0","68","0","68","0","25433"
"118111","0","70","0","70","0","25509"
"118118","0","61","0","61","0","26839"
"118119","0","67","0","67","0","27008"
"118120","0","68","77","68","0","27009"
"118121","0","62","67","62","0","27080"
"118122","0","70","75","70","0","27082"
"118123","0","61","69","61","0","27158"
"118124","0","62","0","62","0","27159"
"118125","0","69","0","69","0","27228"
"118131","0","61","0","61","0","25272"
"118134","0","69","0","69","0","25275"
"118135","0","68","0","68","0","25435"
"118136","0","66","72","66","0","25437"
"118137","0","63","68","63","0","25439"
"118138","0","67","71","67","0","25525"
"118140","0","65","0","65","0","25528"
"118142","0","66","0","66","0","27011"
"118143","0","70","76","70","0","27012"
"118144","0","68","73","68","0","27085"
"118145","0","64","69","64","0","27086"
"118146","0","65","70","65","0","27087"
"118147","0","69","0","69","0","27160"
"118149","0","70","0","70","0","27162"
"118150","0","68","0","68","0","27230"
"118157","0","70","0","70","0","25441"
"118158","0","70","73","70","0","25442"
"118161","0","69","0","69","0","25533"
"118162","0","70","79","70","0","27013"
"118163","0","63","0","63","0","27014"
"118164","0","62","72","62","0","27015"
"118165","0","67","74","67","0","27088"
"118167","0","70","75","70","0","27090"
"118169","0","68","0","68","0","27164"
"118173","0","70","0","70","0","27238"
"118175","0","66","0","66","0","27441"
"118180","0","68","75","68","0","25308"
"118181","0","66","72","66","0","25446"
"118182","0","62","66","62","0","25448"
"118187","0","62","0","62","0","26861"
"118188","0","67","72","67","0","27016"
"118190","0","66","0","66","0","27018"
"118192","0","60","0","60","0","27095"
"118193","0","60","0","60","0","27096"
"118194","0","60","0","60","0","27097"
"118195","0","67","0","67","0","27166"
"118198","0","70","0","70","0","27243"
"118199","0","0","0","70","0","27344"
"118200","0","64","74","64","0","27448"
"118205","0","62","70","62","0","25202"
"118206","0","70","78","70","0","25203"
"118207","0","70","80","70","0","25312"
"118208","0","67","71","67","0","25449"
"118214","0","61","0","61","0","25546"
"118215","0","70","0","70","0","26862"
"118216","0","68","0","68","0","26863"
"118217","0","70","0","70","0","26864"
"118218","0","69","76","69","0","27019"
"118219","0","69","78","69","0","27020"
"118220","0","67","0","67","0","27021"
"118221","0","67","0","67","0","27022"
"118222","0","60","0","60","0","27099"
"118223","0","68","0","68","0","27101"
"118225","0","70","0","70","0","27168"
"118226","0","66","0","66","0","27250"
"118230","0","65","0","65","0","27346"
"118231","0","64","0","64","0","27347"
"118232","0","64","0","64","0","27348"
"118233","0","0","0","64","0","27349"
"118237","0","68","0","68","0","25208"
"118238","0","63","67","63","0","25210"
"118239","0","69","73","69","0","25454"
"118241","0","70","74","70","0","25457"
"118242","0","70","0","70","0","25547"
"118245","0","64","0","64","0","26865"
"118246","0","66","0","66","0","26866"
"118247","0","65","71","65","0","27023"
"118248","0","65","71","65","0","27024"
"118249","0","61","67","61","0","27025"
"118250","0","69","0","69","0","27124"
"118251","0","69","0","69","0","27125"
"118252","0","70","80","70","0","27126"
"118253","0","70","0","70","0","27169"
"118254","0","67","0","67","0","27259"
"118255","0","70","0","70","0","27260"
"118256","0","0","0","60","0","27350"
"118257","0","0","0","60","0","27351"
"118258","0","0","0","60","0","27352"
"118259","0","0","0","60","0","27353"
"118262","0","67","0","67","0","25212"
"118263","0","68","72","68","0","25213"
"118264","0","68","74","68","0","25329"
"118265","0","68","74","68","0","25331"
"118266","0","70","0","70","0","25460"
"118267","0","70","0","70","0","25461"
"118268","0","65","0","65","0","25552"
"118278","0","0","0","68","0","26786"
"118279","0","68","0","68","0","26867"
"118282","0","70","80","70","0","27127"
"118283","0","69","78","69","0","27128"
"118285","0","63","0","63","0","27130"
"118286","0","70","78","70","0","27170"
"118287","0","70","78","70","0","27171"
"118288","0","70","78","70","0","27172"
"118290","0","63","69","63","0","27263"
"118291","0","63","69","63","0","27264"
"118292","0","70","80","70","0","27265"
"118293","0","0","0","60","0","27354"
"118308","0","0","0","1","0","29598"
"118309","0","0","0","1","0","29599"
"118310","0","0","0","1","0","29600"
"118311","0","66","0","66","0","29707"
"118313","0","0","0","1","0","29787"
"118321","0","61","0","61","0","30194"
"118325","0","50","59","50","0","30283"
"118348","0","0","0","1","0","29790"
"118349","0","0","0","1","0","29792"
"118360","0","1","0","1","0","30195"
"118361","0","1","0","1","0","30197"
"118362","0","69","0","69","0","30198"
"118378","0","0","0","1","0","29721"
"118380","0","60","0","60","0","29886"
"118381","0","0","0","1","0","29888"
"118385","0","70","0","70","0","30449"
"118386","0","64","68","64","0","30451"
"118403","0","64","69","64","0","29722"
"118404","0","0","0","1","0","29723"
"118405","0","0","0","1","0","29724"
"118407","0","50","0","50","0","29801"
"118410","0","68","0","68","0","29893"
"118417","0","66","70","66","0","30455"
"118429","0","0","0","1","0","29725"
"118440","0","50","0","50","0","30213"
"118444","0","70","76","70","0","30459"
"118463","0","60","0","60","0","30219"
"118481","0","68","0","68","0","30223"
"118522","0","60","69","60","0","30404"
"118523","0","70","79","70","0","30405"
"118542","0","50","59","50","0","30108"
"118544","0","70","0","70","0","30324"
"118562","0","0","0","1","0","29834"
"118563","0","0","0","1","0","29836"
"118583","0","60","69","60","0","30413"
"118584","0","70","76","70","0","28275"
"118585","0","70","76","70","0","28276"
"118604","0","0","0","1","0","29838"
"118607","0","0","0","1","0","29841"
"118611","0","60","0","60","0","30016"
"118613","0","70","0","70","0","30022"
"118619","0","70","0","70","0","30330"
"118620","0","70","79","70","0","30414"
"118641","0","0","0","1","0","29842"
"118652","0","70","0","70","0","30335"
"118653","0","66","0","66","0","30339"
"118654","0","66","0","66","0","30340"
"118655","0","68","0","68","0","28385"
"118679","0","66","72","66","0","29858"
"118680","0","0","0","1","0","29859"
"118684","0","0","0","1","0","30029"
"118685","0","60","0","60","0","30030"
"118686","0","0","0","1","0","30031"
"118687","0","0","0","1","0","30032"
"118688","0","50","0","50","0","30146"
"118708","0","0","0","1","0","29776"
"118716","0","70","0","70","0","30033"
"118719","0","52","0","52","0","30151"
"118720","0","1","0","1","0","30153"
"118739","0","64","0","64","0","29704"
"118749","0","70","0","70","0","30356"
"118750","0","70","0","70","0","30357"
"118754","0","18","0","18","0","31785"
"118766","0","0","0","1","0","31226"
"118767","0","0","0","1","0","31227"
"118771","0","0","0","1","0","31385"
"118785","0","14","0","14","0","31789"
"118792","0","70","75","70","0","30908"
"118793","0","69","0","69","0","30909"
"118794","0","70","0","70","0","30910"
"118798","0","0","0","1","0","31228"
"118799","0","0","0","1","0","31229"
"118813","0","0","0","1","0","31638"
"118814","0","0","0","1","0","31639"
"118815","0","0","0","1","0","31640"
"118816","0","60","70","60","0","31709"
"118825","0","70","76","70","0","30911"
"118826","0","70","74","70","0","30912"
"118832","0","0","0","1","0","31230"
"118842","0","0","0","1","0","31569"
"118843","0","0","0","1","0","31570"
"118844","0","0","0","1","0","31571"
"118845","0","0","0","1","0","31641"
"118846","0","0","0","1","0","31642"
"118847","0","0","0","1","0","31643"
"118859","0","50","0","50","0","30823"
"118860","0","50","0","50","0","30824"
"118866","0","0","0","1","0","31233"
"118872","0","0","0","1","0","31572"
"118873","0","0","0","1","0","31573"
"118874","0","0","0","1","0","31574"
"118875","0","0","0","1","0","31575"
"118883","0","64","0","64","0","31801"
"118884","0","64","0","64","0","31803"
"118885","0","64","0","64","0","31804"
"118901","0","0","0","1","0","31239"
"118902","0","0","0","1","0","31240"
"118903","0","0","0","1","0","31241"
"118909","0","0","0","1","0","31579"
"118935","0","0","0","1","0","31117"
"118936","0","0","0","1","0","31242"
"118937","0","0","0","1","0","31244"
"118944","0","0","0","1","0","31582"
"118945","0","0","0","1","0","31583"
"118946","0","0","0","1","0","31584"
"118972","0","0","0","1","0","31245"
"118978","0","0","0","1","0","31585"
"118979","0","0","0","1","0","31586"
"118980","0","0","0","1","0","31587"
"118981","0","0","0","1","0","31588"
"118983","0","0","0","1","0","31656"
"118984","0","0","0","1","0","31657"
"118985","0","0","0","1","0","31658"
"118993","0","70","76","70","0","30545"
"118999","0","50","0","50","0","30706"
"119006","0","0","0","1","0","31122"
"119007","0","0","0","1","0","31123"
"119008","0","0","0","1","0","31125"
"119018","0","50","0","50","0","31589"
"119019","0","0","0","1","0","31659"
"119020","0","0","0","1","0","31660"
"119021","0","50","58","50","0","31661"
"119027","0","70","76","70","0","30546"
"119029","0","50","0","50","0","30708"
"119064","0","0","0","1","0","31130"
"119065","0","0","0","1","0","31131"
"119114","0","62","0","62","0","30482"
"119159","0","0","0","1","0","31682"
"119160","0","0","0","1","0","31683"
"119179","0","0","0","1","0","31684"
"119180","0","0","0","1","0","31685"
"119181","0","0","0","1","0","31686"
"119206","0","50","0","50","0","31687"
"119220","0","66","0","66","0","31224"
"119225","0","0","0","1","0","31380"
"119227","0","0","0","1","0","31382"
"119228","0","0","0","1","0","31383"
"119229","0","0","0","1","0","31384"
"119321","0","62","68","62","0","32645"
"119325","0","70","78","70","0","32796"
"119328","0","50","59","50","0","31935"
"119357","0","56","62","56","0","33041"
"119358","0","64","70","64","0","33042"
"119367","0","40","0","40","0","32175"
"119368","0","40","0","40","0","32176"
"119383","0","70","76","70","0","33043"
"119392","0","70","74","70","0","32182"
"119394","0","40","0","40","0","32266"
"119420","0","40","0","40","0","32267"
"119422","0","20","0","20","0","32271"
"119448","0","20","0","20","0","32272"
"119466","0","70","0","70","0","31884"
"119479","0","60","69","60","0","32593"
"119481","0","20","0","20","0","32676"
"119506","0","70","79","70","0","32594"
"119518","0","70","77","70","0","32996"
"119519","0","64","0","64","0","31892"
"119534","0","69","73","69","0","32684"
"119538","0","70","0","70","0","32841"
"119544","0","70","80","70","0","32999"
"119546","0","48","0","48","0","31895"
"119547","0","48","0","48","0","31896"
"119555","0","70","0","70","0","32375"
"119573","0","64","0","64","0","31898"
"119587","0","62","69","62","0","32379"
"119611","0","62","0","62","0","32223"
"119617","0","60","69","60","0","32699"
"119632","0","64","70","64","0","32546"
"119633","0","70","79","70","0","32700"
"119650","0","70","77","70","0","32231"
"119651","0","60","0","60","0","32233"
"119654","0","10","0","10","0","32548"
"119679","0","50","60","50","0","33698"
"119680","0","60","70","60","0","33699"
"119681","0","69","79","69","0","33700"
"119682","0","69","79","69","0","33701"
"119683","0","66","0","66","0","33776"
"119689","0","58","0","58","0","33982"
"119690","0","68","0","68","0","33983"
"119708","0","58","0","58","0","33986"
"119709","0","68","0","68","0","33987"
"119726","0","70","0","70","0","33786"
"119741","0","70","76","70","0","33405"
"119787","0","70","75","70","0","33717"
"119827","0","70","76","70","0","33933"
"119831","0","64","0","64","0","34074"
"119852","0","70","76","70","0","33938"
"119882","0","50","0","50","0","33876"
"119883","0","50","0","50","0","33878"
"119884","0","68","0","68","0","33943"
"119885","0","67","0","67","0","33944"
"119903","0","69","73","69","0","33736"
"119906","0","69","0","69","0","33946"
"119937","0","70","0","70","0","33072"
"119938","0","70","77","70","0","33073"
"119939","0","70","77","70","0","33074"
"119942","0","65","0","65","0","33357"
"119953","0","66","0","66","0","33745"
"119962","0","68","74","68","0","33076"
"119979","0","50","0","50","0","33831"
"119983","0","66","0","66","0","34026"
"120008","0","50","0","50","0","33891"
"120034","0","64","69","64","0","33763"
"120060","0","60","0","60","0","33690"
"120061","0","65","0","65","0","33691"
"120072","0","62","0","62","0","34120"
"120105","0","0","0","1","0","34296"
"120114","0","68","0","68","0","34600"
"120121","0","60","0","60","0","34767"
"120122","0","60","69","60","0","34916"
"120123","0","70","79","70","0","34917"
"120133","0","24","0","24","0","35293"
"120134","0","32","0","32","0","35294"
"120135","0","40","0","40","0","35295"
"120136","0","48","0","48","0","35296"
"120139","0","0","0","1","0","35446"
"120152","0","30","0","30","0","34769"
"120160","0","1","0","1","0","34919"
"120167","0","56","0","56","0","35297"
"120168","0","63","0","63","0","35298"
"120169","0","1","0","1","0","35299"
"120170","0","8","0","8","0","35300"
"120172","0","16","0","16","0","35302"
"120175","0","0","0","1","0","35448"
"120176","0","0","0","1","0","35449"
"120177","0","0","0","1","0","35450"
"120178","0","0","0","1","0","35451"
"120180","0","50","0","50","0","34692"
"120197","0","24","0","24","0","35303"
"120198","0","32","0","32","0","35304"
"120199","0","40","0","40","0","35305"
"120200","0","48","0","48","0","35306"
"120201","0","56","0","56","0","35307"
"120202","0","63","0","63","0","35308"
"120203","0","15","40","15","0","35387"
"120204","0","15","0","15","0","35388"
"120205","0","45","55","45","0","35389"
"120206","0","45","0","45","0","35390"
"120207","0","60","0","60","0","35391"
"120231","0","60","70","60","0","35392"
"120233","0","50","0","50","0","35395"
"120244","0","0","0","1","0","34859"
"120245","0","0","0","1","0","34860"
"120246","0","50","54","50","0","34861"
"120275","0","56","60","56","0","34863"
"120276","0","60","64","60","0","34864"
"120277","0","65","69","65","0","34865"
"120278","0","0","0","1","0","34935"
"120279","0","0","0","1","0","34936"
"120297","0","50","0","50","0","34471"
"120305","0","70","74","70","0","34866"
"120306","0","0","0","1","0","34938"
"120307","0","0","0","1","0","34939"
"120317","0","60","80","60","0","35323"
"120318","0","1","0","1","0","35324"
"120326","0","50","0","50","0","34411"
"120327","0","70","0","70","0","34477"
"120362","0","60","0","60","0","34412"
"120363","0","70","0","70","0","34413"
"120428","0","30","0","30","0","34490"
"120441","0","1","55","1","0","34889"
"120480","0","1","0","1","0","34890"
"120493","0","60","0","60","0","35346"
"120499","0","62","0","62","0","34428"
"120518","0","60","0","60","0","35348"
"120524","0","66","0","66","0","34433"
"120531","0","0","0","1","0","34753"
"120561","0","10","0","10","0","34754"
"120579","0","0","0","1","0","34293"
"120580","0","0","0","1","0","34295"
"120589","0","50","59","50","0","34914"
"120602","0","1","0","1","0","35290"
"120603","0","8","0","8","0","35291"
"120604","0","16","0","16","0","35292"
"120648","0","30","0","30","0","35694"
"120676","0","60","0","60","0","35698"
"120677","0","0","0","30","0","35699"
"120701","0","0","0","60","0","35700"
"120743","0","1","0","1","0","36591"
"120779","0","60","0","60","0","35715"
"120780","0","65","0","65","0","35717"
"120880","0","0","0","1","0","35578"
"120905","0","0","0","1","0","35581"
"120970","0","1","0","1","0","36554"
"121155","0","65","70","65","0","37420"
"121274","0","70","0","70","0","36916"
"121360","0","30","0","30","0","36936"
"121480","0","67","0","67","0","38764"
"121482","0","69","0","69","0","38768"
"121543","0","70","74","70","0","38692"
"121582","0","70","74","70","0","38697"
"121583","0","69","73","69","0","38699"
"121584","0","64","68","64","0","38700"
"121615","0","64","68","64","0","38703"
"121616","0","70","74","70","0","38704"
"121939","0","69","73","69","0","39967"
"121941","0","70","0","70","0","40120"
"121985","0","70","0","70","0","39374"
"122503","0","68","73","68","0","42198"
"122531","0","20","25","20","0","42208"
"122532","0","28","33","28","0","42209"
"122533","0","36","41","36","0","42210"
"122534","0","44","49","44","0","42211"
"122535","0","52","57","52","0","42212"
"122536","0","60","65","60","0","42213"
"122543","0","0","0","1","0","43338"
"122544","0","10","0","10","0","43339"
"122548","0","69","74","69","0","42218"
"122550","0","20","25","20","0","42223"
"122563","0","34","39","34","0","42224"
"122564","0","46","51","46","0","42225"
"122565","0","58","63","58","0","42226"
"122589","0","70","76","70","0","42230"
"122590","0","40","46","40","0","42231"
"122591","0","50","56","50","0","42232"
"122592","0","60","66","60","0","42233"
"122593","0","67","0","67","0","42234"
"122637","0","40","0","40","0","42243"
"122638","0","50","0","50","0","42244"
"122639","0","58","0","58","0","42245"
"122756","0","32","37","32","0","45290"
"122757","0","38","43","38","0","45291"
"122758","0","44","49","44","0","45292"
"122759","0","50","55","50","0","45293"
"122779","0","56","61","56","0","45294"
"122780","0","62","66","62","0","45295"
"122781","0","67","71","67","0","45296"
"122782","0","32","37","32","0","45297"
"122783","0","30","0","30","0","45438"
"122799","0","40","45","40","0","45298"
"122800","0","48","53","48","0","45299"
"122801","0","56","61","56","0","45300"
"122815","0","63","68","63","0","45301"
"122816","0","70","73","70","0","45302"
"122853","0","70","0","70","0","43987"
"123022","0","20","29","20","0","44041"
"123023","0","30","39","30","0","44043"
"123024","0","40","49","40","0","44044"
"123036","0","1","6","1","0","45284"
"123046","0","50","59","50","0","44045"
"123047","0","60","69","60","0","44046"
"123048","0","70","79","70","0","44047"
"123060","0","8","13","8","0","45286"
"123061","0","14","19","14","0","45287"
"123062","0","20","25","20","0","45288"
"123063","0","26","31","26","0","45289"
"123141","0","35","0","35","0","49358"
"123142","0","35","0","35","0","49359"
"123163","0","35","0","35","0","49360"
"123164","0","35","0","35","0","49361"
"123509","0","40","0","40","0","1329"
"123512","0","64","70","64","0","3738"
"123520","0","70","0","70","0","5938"
"123532","0","0","0","1","0","20505"
"123538","0","64","0","64","0","23920"
"123541","0","62","66","62","0","24398"
"123755","0","70","0","70","0","348700"
"123757","0","70","0","70","0","348704"
"125070","0","64","0","64","0","356110"
"125072","0","64","0","64","0","356112"
"125658","0","20","0","20","0","713"
