"ID","OrderIndex","ManaCost","ManaCostPerLevel","ManaPerSecond","PowerDisplayID","AltPowerBarID","PowerCostPct","PowerCostMaxPct","PowerPctPerSecond","PowerType","RequiredAuraSpellID","OptionalCost","SpellID"
"169111","0","85","0","0","0","0","0","0","0","0","0","0","543"
"169130","0","35","0","0","0","0","0","0","0","0","0","0","172"
"169133","0","15","0","0","0","0","0","0","0","0","0","0","403"
"169134","0","105","0","0","0","0","0","0","0","0","0","0","597"
"169135","0","60","0","0","0","0","0","0","0","0","0","0","598"
"169145","0","30","0","0","0","0","0","0","0","0","0","0","139"
"169151","0","150","0","0","0","0","0","0","0","0","0","0","556"
"169157","0","40","0","0","0","0","0","0","0","0","0","0","136"
"169166","0","15","0","0","0","0","0","0","0","0","0","0","498"
"169169","0","100","0","0","0","0","0","0","0","0","0","0","126"
"169171","0","40","0","0","0","0","0","0","0","0","0","0","130"
"169172","0","0","0","0","0","0","8","0","0","0","0","0","132"
"169180","0","0","0","0","0","0","0","0","0","1","0","0","71"
"169185","0","20","0","0","0","0","0","0","0","0","0","0","585"
"169186","0","40","0","0","0","0","0","0","0","0","0","0","586"
"169187","0","60","0","0","0","0","0","0","0","0","0","0","587"
"169189","0","0","0","0","0","0","64","0","0","0","0","0","688"
"169190","0","100","0","0","0","0","0","0","0","1","0","0","99"
"169192","0","320","0","0","0","0","0","0","0","0","0","0","10"
"169198","0","35","0","0","0","0","0","0","0","0","0","0","467"
"169200","0","100","0","0","0","0","0","0","0","1","0","0","469"
"169202","0","25","0","0","0","0","0","0","0","0","0","0","116"
"169221","0","30","0","0","0","0","0","0","0","0","0","0","133"
"169222","0","45","0","0","0","0","0","0","0","0","0","0","143"
"169223","0","65","0","0","0","0","0","0","0","0","0","0","145"
"169226","0","95","0","0","0","0","0","0","0","0","0","0","546"
"169227","0","80","0","0","0","0","0","0","0","0","0","0","547"
"169228","0","40","0","0","0","0","0","0","0","0","0","0","548"
"169246","0","35","0","0","0","0","0","0","0","0","0","0","635"
"169256","0","75","0","0","0","0","0","0","0","0","0","0","642"
"169268","0","25","0","0","0","0","0","0","0","0","0","0","589"
"169274","0","60","0","0","0","0","0","0","0","3","0","0","53"
"169279","0","300","0","0","0","0","0","0","0","0","0","0","603"
"169290","0","55","0","0","0","0","0","0","0","0","0","0","689"
"169292","0","30","0","0","0","0","0","0","0","0","0","0","591"
"169301","0","50","0","0","0","0","0","0","0","0","0","0","339"
"169306","0","225","0","0","0","0","0","0","0","0","0","0","724"
"169307","0","410","0","0","0","0","0","0","0","0","0","0","596"
"169309","0","0","0","0","0","0","12","0","0","0","0","0","552"
"169310","0","50","0","0","0","0","0","0","0","0","0","0","594"
"169325","0","25","0","0","0","0","0","0","0","3","0","0","408"
"169329","0","255","0","0","0","0","0","0","0","0","0","0","421"
"169330","0","60","0","0","0","0","0","0","0","0","0","0","639"
"169334","0","0","0","0","0","0","7","0","0","0","0","0","526"
"169337","0","150","0","0","0","0","0","0","0","1","0","0","78"
"169341","0","0","0","0","0","0","0","0","0","1","0","0","100"
"169343","0","50","0","0","0","0","0","0","0","0","0","0","453"
"169347","0","55","0","0","0","0","0","0","0","0","0","0","122"
"169352","0","150","0","0","0","0","0","0","0","1","0","0","285"
"169361","0","105","0","0","0","0","0","0","0","0","0","0","602"
"169371","0","155","0","0","0","0","0","0","0","0","0","0","913"
"169376","0","0","0","0","0","0","80","0","0","0","0","0","982"
"169378","0","95","0","0","0","0","0","0","0","0","0","0","984"
"169383","0","0","0","0","0","0","14","0","0","0","0","0","527"
"169384","0","0","0","0","0","0","12","0","0","0","0","0","528"
"169387","0","0","0","0","0","0","68","0","0","0","0","0","693"
"169390","0","30","0","0","0","0","0","0","0","0","0","0","853"
"169393","0","48","0","0","0","0","0","0","0","0","0","0","696"
"169403","0","0","0","0","0","0","16","0","0","0","0","0","66"
"169411","0","0","0","0","0","0","80","0","0","0","0","0","697"
"169412","0","300","0","0","0","0","0","0","0","0","0","0","698"
"169414","0","200","0","0","0","0","0","0","0","1","0","0","779"
"169424","0","190","0","0","0","0","0","0","0","0","0","0","1026"
"169428","0","40","0","0","0","0","0","0","0","0","0","0","695"
"169434","0","200","0","0","0","0","0","0","0","1","0","0","780"
"169435","0","50","0","0","0","0","0","0","0","0","0","0","781"
"169436","0","345","0","0","0","0","0","0","0","0","0","0","930"
"169438","0","25","0","0","0","0","0","0","0","0","0","0","686"
"169439","0","45","0","0","0","0","0","0","0","0","0","0","707"
"169440","0","135","0","0","0","0","0","0","0","0","0","0","709"
"169441","0","110","0","0","0","0","0","0","0","0","0","0","647"
"169455","0","0","0","0","0","0","13","0","0","0","0","0","783"
"169456","0","20","0","0","0","0","0","0","0","0","0","0","687"
"169466","0","100","0","0","0","0","0","0","0","1","0","0","772"
"169467","0","70","0","0","0","0","0","0","0","0","0","0","915"
"169477","0","90","0","0","0","0","0","0","0","0","0","0","1094"
"169492","0","275","0","0","0","0","0","0","0","0","0","0","1042"
"169504","0","50","0","0","0","0","0","0","0","3","0","0","703"
"169516","0","25","0","0","0","0","0","0","0","0","0","0","529"
"169524","0","60","0","0","0","0","0","0","0","0","0","0","782"
"169525","0","95","0","0","0","0","0","0","0","0","0","0","943"
"169529","0","20","0","0","0","0","0","0","0","0","0","0","1002"
"169531","0","140","0","0","0","0","0","0","0","0","0","0","1004"
"169533","0","100","0","0","0","0","0","0","0","0","0","0","604"
"169534","0","350","0","0","0","0","0","0","0","0","0","0","605"
"169545","0","50","0","0","0","0","0","0","0","0","0","0","837"
"169556","0","100","0","0","0","0","0","0","0","1","0","0","72"
"169564","0","80","0","0","0","0","0","0","0","0","0","0","1714"
"169570","0","200","0","0","0","0","0","0","0","1","0","0","845"
"169581","0","0","0","0","0","0","80","0","0","0","0","0","691"
"169588","0","30","0","0","0","0","0","0","0","0","0","0","588"
"169589","0","150","0","0","0","0","0","0","0","0","0","0","1008"
"169591","0","110","0","0","0","0","0","0","0","0","0","0","1010"
"169600","0","25","0","0","0","0","0","0","0","0","0","0","348"
"169601","0","0","0","0","0","0","0","0","0","1","0","0","355"
"169603","0","0","0","0","0","0","8","0","0","0","0","0","370"
"169606","0","200","0","0","0","0","0","0","0","1","0","0","676"
"169608","0","70","0","0","0","0","0","0","0","0","0","0","879"
"169612","0","0","0","0","0","0","80","0","0","0","0","0","712"
"169617","0","530","0","0","0","0","0","0","0","0","0","0","759"
"169620","0","0","0","0","0","0","0","0","0","1","0","0","871"
"169623","0","150","0","0","0","0","0","0","0","1","0","0","284"
"169634","0","11","0","5","0","0","0","0","0","-2","0","0","755"
"169643","0","85","0","0","0","0","0","0","0","0","0","0","865"
"169649","0","75","0","0","0","0","0","0","0","0","0","0","1430"
"169664","0","200","0","0","0","0","0","0","0","0","0","0","939"
"169669","0","0","0","0","0","0","8","0","0","0","0","0","475"
"169683","0","0","0","0","0","0","8","0","0","0","0","0","1044"
"169685","0","0","0","0","0","0","80","0","0","0","0","0","713"
"169687","0","100","0","0","0","0","0","0","0","0","0","0","905"
"169691","0","25","0","0","0","0","0","0","0","0","0","0","324"
"169692","0","25","0","0","0","0","0","0","0","0","0","0","331"
"169693","0","45","0","0","0","0","0","0","0","0","0","0","332"
"169695","0","100","0","0","0","0","0","0","0","0","0","0","1490"
"169710","0","110","0","0","0","0","0","0","0","0","0","0","1020"
"169711","0","35","0","0","0","0","0","0","0","0","0","0","205"
"169718","0","35","0","0","0","0","0","0","0","0","0","0","1108"
"169732","0","100","0","0","0","0","0","0","0","1","0","0","1735"
"169733","0","105","0","0","0","0","0","0","0","0","0","0","1075"
"169737","0","135","0","0","0","0","0","0","0","0","0","0","3034"
"169746","0","0","0","0","0","0","80","0","0","0","0","0","1122"
"169751","0","45","0","0","0","0","0","0","0","3","0","0","1760"
"169758","0","15","0","0","0","0","0","0","0","2","0","0","1754"
"169772","0","370","0","0","0","0","0","0","0","0","0","0","2060"
"169773","0","125","0","0","0","0","0","0","0","0","0","0","2061"
"169792","0","100","0","0","0","0","0","0","0","1","0","0","1671"
"169793","0","100","0","0","0","0","0","0","0","1","0","0","1672"
"169794","0","0","0","0","0","0","0","0","0","-2","0","0","1454"
"169809","0","15","0","0","0","0","0","0","0","0","0","0","1978"
"169819","0","0","0","0","0","0","0","0","0","-2","0","0","1456"
"169820","0","25","0","0","0","0","0","0","0","3","0","0","1766"
"169824","0","45","0","0","0","0","0","0","0","3","0","0","1776"
"169841","0","25","0","0","0","0","0","0","0","3","0","0","1767"
"169842","0","25","0","0","0","0","0","0","0","3","0","0","1768"
"169843","0","25","0","0","0","0","0","0","0","3","0","0","1769"
"169846","0","70","0","0","0","0","0","0","0","0","0","0","1244"
"169851","0","705","0","0","0","0","0","0","0","0","0","0","2062"
"169871","0","0","0","0","0","0","16","0","0","-2","0","0","2687"
"169876","0","50","0","0","0","0","0","0","0","1","0","0","1161"
"169877","0","40","0","0","0","0","0","0","0","0","0","0","1462"
"169882","0","25","0","0","0","0","0","0","0","0","0","0","774"
"169889","0","45","0","0","0","0","0","0","0","3","0","0","1082"
"169901","0","100","0","0","0","0","0","0","0","0","0","0","3045"
"169911","0","265","0","0","0","0","0","0","0","0","0","0","959"
"169922","0","300","0","0","0","0","0","0","0","0","0","0","2791"
"169925","0","110","0","0","0","0","0","0","0","0","0","0","1088"
"169941","0","25","0","0","0","0","0","0","0","0","0","0","1459"
"169942","0","100","0","0","0","0","0","0","0","0","0","0","1460"
"169963","0","0","0","0","0","0","35","0","0","0","0","0","768"
"169985","0","200","0","0","0","0","0","0","0","1","0","0","769"
"169986","0","55","0","0","0","0","0","0","0","0","0","0","770"
"170004","0","35","0","0","0","0","0","0","0","3","0","0","2098"
"170011","0","50","0","0","0","0","0","0","0","0","0","0","1014"
"170015","0","60","0","0","0","0","0","0","0","3","0","0","1329"
"170018","0","65","0","0","0","0","0","0","0","0","0","0","1062"
"170020","0","260","0","0","0","0","0","0","0","0","0","0","1064"
"170061","0","60","0","0","0","0","0","0","0","3","0","0","2589"
"170062","0","60","0","0","0","0","0","0","0","3","0","0","2590"
"170070","0","100","0","0","0","0","0","0","0","1","0","0","2565"
"170079","0","45","0","0","0","0","0","0","0","3","0","0","3029"
"170083","0","15","0","0","0","0","0","0","0","2","0","0","1755"
"170084","0","15","0","0","0","0","0","0","0","2","0","0","1756"
"170093","0","75","0","0","0","0","0","0","0","0","0","0","1449"
"170098","0","30","0","0","0","0","0","0","0","0","0","0","1495"
"170099","0","250","0","0","0","0","0","0","0","1","0","0","1680"
"170104","0","45","0","0","0","0","0","0","0","3","0","0","1757"
"170105","0","45","0","0","0","0","0","0","0","3","0","0","1758"
"170108","0","60","0","0","0","0","0","0","0","3","0","0","2591"
"170109","0","0","0","0","0","0","0","0","0","-2","0","0","1455"
"170110","0","30","0","0","0","0","0","0","0","3","0","0","1725"
"170125","0","100","0","0","0","0","0","0","0","1","0","0","1160"
"170129","0","0","0","0","0","0","14","0","0","0","0","0","988"
"170131","0","180","0","0","0","0","0","0","0","0","0","0","990"
"170161","0","150","0","0","0","0","0","0","0","1","0","0","7386"
"170170","0","85","0","0","0","0","0","0","0","0","0","0","699"
"170171","0","525","0","0","0","0","0","0","0","0","0","0","740"
"170199","0","0","0","0","0","0","13","0","0","0","0","0","1066"
"170220","0","300","0","0","0","0","0","0","0","0","0","0","974"
"170242","0","100","0","0","0","0","0","0","0","0","0","0","1706"
"170243","0","250","0","0","0","0","0","0","0","0","0","0","976"
"170251","0","20","0","0","0","0","0","0","0","0","0","0","1243"
"170267","0","95","0","0","0","0","0","0","0","0","0","0","1535"
"170272","0","50","0","0","0","0","0","0","0","0","0","0","1499"
"170294","0","75","0","0","0","0","0","0","0","0","0","0","778"
"170296","0","30","0","0","0","0","0","0","0","3","0","0","2094"
"170298","0","15","0","0","0","0","0","0","0","0","0","0","1130"
"170321","0","200","0","0","0","0","0","0","0","0","0","0","1245"
"170324","0","208","0","0","0","0","0","0","0","0","0","0","1086"
"170362","0","40","0","0","0","0","0","0","0","0","0","0","1463"
"170366","0","160","0","0","0","0","0","0","0","0","0","0","1106"
"170369","0","250","0","0","0","0","0","0","0","0","0","0","1461"
"170378","0","40","0","0","0","0","0","0","0","0","0","0","1058"
"170384","0","150","0","0","0","0","0","0","0","1","0","0","1464"
"170392","0","45","0","0","0","0","0","0","0","3","0","0","1777"
"170424","0","0","0","0","0","0","60","0","0","0","0","0","2006"
"170444","0","150","0","0","0","0","0","0","0","1","0","0","1608"
"170473","0","35","0","0","0","0","0","0","0","0","0","0","1513"
"170477","0","25","0","0","0","0","0","0","0","0","0","0","1022"
"170479","0","0","0","0","0","0","6","0","0","0","0","0","1038"
"170480","0","300","0","0","0","0","0","0","0","0","0","0","1098"
"170494","0","560","0","0","0","0","0","0","0","0","0","0","996"
"170502","0","95","0","0","0","0","0","0","0","0","0","0","970"
"170526","0","100","0","0","0","0","0","0","0","1","0","0","1715"
"170532","0","50","0","0","0","0","0","0","0","0","0","0","1543"
"170533","0","55","0","0","0","0","0","0","0","0","0","0","1120"
"170534","0","0","0","0","0","0","6","0","0","0","0","0","1152"
"170536","0","50","0","0","0","0","0","0","0","0","0","0","2908"
"170538","0","95","0","0","0","0","0","0","0","0","0","0","2912"
"170549","0","175","0","0","0","0","0","0","0","0","0","0","9592"
"170576","0","0","0","0","0","0","7","0","0","0","0","0","2870"
"170585","0","25","0","0","0","0","0","0","0","2","0","0","3009"
"170586","0","35","0","0","0","0","0","0","0","0","0","0","2878"
"170597","0","0","0","0","0","0","0","0","0","3","0","0","1850"
"170599","0","155","0","0","0","0","0","0","0","0","0","0","2941"
"170600","0","215","0","0","0","0","0","0","0","0","0","0","2944"
"170605","0","650","0","0","0","0","0","0","0","0","0","0","8423"
"170613","0","25","0","0","0","0","0","0","0","2","0","0","3010"
"170626","0","195","0","0","0","0","0","0","0","0","0","0","2120"
"170634","0","680","0","0","0","0","0","0","0","0","0","0","2894"
"170643","0","115","0","0","0","0","0","0","0","0","0","0","2138"
"170655","0","0","0","0","0","0","0","0","0","3","0","0","2983"
"170724","0","100","0","0","0","0","0","0","0","0","0","0","2139"
"170735","0","175","0","0","0","0","0","0","0","0","0","0","3747"
"170752","0","45","0","0","0","0","0","0","0","3","0","0","1759"
"170763","0","15","0","0","0","0","0","0","0","0","0","0","2973"
"170765","0","20","0","0","0","0","0","0","0","0","0","0","1126"
"170767","0","350","0","0","0","0","0","0","0","0","0","0","1510"
"170768","0","0","0","0","0","0","9","0","0","0","0","0","3043"
"170787","0","25","0","0","0","0","0","0","0","0","0","0","2652"
"170789","0","25","0","0","0","0","0","0","0","0","0","0","3044"
"170806","0","40","0","0","0","0","0","0","0","0","0","0","2974"
"170879","0","45","0","0","0","0","0","0","0","3","0","0","1752"
"170887","0","100","0","0","0","0","0","0","0","0","0","0","2643"
"170893","0","320","0","0","0","0","0","0","0","0","0","0","3738"
"170933","0","330","0","0","0","0","0","0","0","0","0","0","2121"
"170940","0","230","0","0","0","0","0","0","0","0","0","0","2767"
"170953","0","40","0","0","0","0","0","0","0","3","0","0","1824"
"170983","0","0","0","0","0","0","8","0","0","0","0","0","2782"
"170994","0","750","0","0","0","0","0","0","0","0","0","0","2825"
"171024","0","100","0","0","0","0","0","0","0","1","0","0","2048"
"171026","0","0","0","0","0","0","72","0","0","0","0","0","2008"
"171027","0","100","0","0","0","0","0","0","0","0","0","0","2645"
"171037","0","15","0","0","0","0","0","0","0","2","0","0","1753"
"171045","0","645","0","0","0","0","0","0","0","0","0","0","1949"
"171047","0","0","0","0","0","0","0","0","0","1","0","0","2457"
"171071","0","500","0","0","0","0","0","0","0","0","0","0","2362"
"171078","0","155","0","0","0","0","0","0","0","0","0","0","2054"
"171079","0","205","0","0","0","0","0","0","0","0","0","0","2055"
"171102","0","25","0","0","0","0","0","0","0","3","0","0","1943"
"171125","0","15","0","0","0","0","0","0","0","2","0","0","2649"
"171137","0","0","0","0","0","0","60","0","0","0","0","0","2010"
"171154","0","0","0","0","0","0","48","0","0","0","0","0","1515"
"171170","0","0","0","0","0","0","0","0","0","3","0","0","1856"
"171172","0","40","0","0","0","0","0","0","0","3","0","0","1823"
"171174","0","0","0","0","0","0","5","0","0","0","0","0","2484"
"171181","0","105","0","0","0","0","0","0","0","0","0","0","2090"
"171183","0","75","0","0","0","0","0","0","0","0","0","0","2137"
"171185","0","0","0","0","0","0","13","0","0","0","0","0","2893"
"171199","0","90","0","0","0","0","0","0","0","0","0","0","2637"
"171221","0","65","0","0","0","0","0","0","0","0","0","0","2096"
"171232","0","60","0","0","0","0","0","0","0","0","0","0","2947"
"171233","0","50","0","0","0","0","0","0","0","0","0","0","2948"
"171238","0","30","0","0","0","0","0","0","0","0","0","0","2050"
"171240","0","45","0","0","0","0","0","0","0","0","0","0","2052"
"171248","0","65","0","0","0","0","0","0","0","3","0","0","2070"
"171254","0","135","0","0","0","0","0","0","0","0","0","0","2091"
"171257","0","0","0","0","0","0","3","0","0","0","0","0","2651"
"171259","0","75","0","0","0","0","0","0","0","0","0","0","2053"
"171263","0","445","0","0","0","0","0","0","0","0","0","0","2860"
"171277","0","40","0","0","0","0","0","0","0","0","0","0","2136"
"171283","0","15","0","0","0","0","0","0","0","2","0","0","1742"
"171287","0","490","0","0","0","0","0","0","0","0","0","0","8422"
"171295","0","550","0","0","0","0","0","0","0","0","0","0","2812"
"171301","0","40","0","0","0","0","0","0","0","3","0","0","1822"
"171315","0","60","0","0","0","0","0","0","0","3","0","0","1833"
"171323","0","0","0","0","0","0","21","0","0","0","0","0","1953"
"171328","0","0","0","0","0","0","0","0","0","3","0","0","1857"
"171397","0","39","0","24","0","0","0","0","0","-2","0","0","3700"
"171473","0","160","0","0","0","0","0","0","0","0","0","0","3627"
"171479","0","15","0","10","0","0","0","0","0","-2","0","0","3698"
"171534","0","120","0","0","0","0","0","0","0","0","0","0","3561"
"171599","0","130","0","0","0","0","0","0","0","0","0","0","3662"
"171613","0","365","0","0","0","0","0","0","0","0","0","0","3472"
"171640","0","30","0","0","0","0","0","0","0","3","0","0","9492"
"171733","0","120","0","0","0","0","0","0","0","0","0","0","3562"
"171734","0","120","0","0","0","0","0","0","0","0","0","0","3563"
"171738","0","25","0","0","0","0","0","0","0","0","0","0","3599"
"171792","0","10","0","0","0","0","0","0","0","0","0","0","3110"
"171793","0","70","0","0","0","0","0","0","0","0","0","0","3111"
"171814","0","100","0","0","0","0","0","0","0","1","0","0","3411"
"171898","0","0","0","0","0","0","0","0","0","1","0","0","2458"
"171919","0","100","0","0","0","0","0","0","0","1","0","0","9490"
"171929","0","120","0","0","0","0","0","0","0","0","0","0","3565"
"171933","0","800","0","0","0","0","0","0","0","0","0","0","3552"
"171936","0","120","0","0","0","0","0","0","0","0","0","0","3566"
"171937","0","120","0","0","0","0","0","0","0","0","0","0","3567"
"171990","0","100","0","0","0","0","0","0","0","0","0","0","3661"
"172019","0","95","0","0","0","0","0","0","0","0","0","0","3140"
"172118","0","55","0","0","0","0","0","0","0","0","0","0","5186"
"172234","0","150","0","0","0","0","0","0","0","1","0","0","5308"
"172272","0","60","0","0","0","0","0","0","0","0","0","0","5504"
"172273","0","105","0","0","0","0","0","0","0","0","0","0","5505"
"172274","0","180","0","0","0","0","0","0","0","0","0","0","5506"
"172291","0","0","0","0","0","0","6","0","0","0","0","0","4987"
"172323","0","95","0","0","0","0","0","0","0","0","0","0","5138"
"172377","0","110","0","0","0","0","0","0","0","0","0","0","5187"
"172378","0","185","0","0","0","0","0","0","0","0","0","0","5188"
"172417","0","25","0","0","0","0","0","0","0","0","0","0","5185"
"172620","0","24","0","17","0","0","0","0","0","-2","0","0","3699"
"172757","0","15","0","0","0","0","0","0","0","0","0","0","3716"
"172830","0","0","0","0","0","0","6","0","0","0","0","0","5116"
"172853","0","475","0","0","0","0","0","0","0","0","0","0","5699"
"172886","0","140","0","0","0","0","0","0","0","0","0","0","6076"
"172898","0","80","0","0","0","0","0","0","0","0","0","0","5384"
"172903","0","60","0","0","0","0","0","0","0","3","0","0","5221"
"172906","0","65","0","0","0","0","0","0","0","0","0","0","6074"
"172907","0","105","0","0","0","0","0","0","0","0","0","0","6075"
"172912","0","50","0","0","0","0","0","0","0","0","0","0","5697"
"172928","0","270","0","0","0","0","0","0","0","0","0","0","5189"
"172929","0","185","0","0","0","0","0","0","0","0","0","0","6060"
"172937","0","100","0","0","0","0","0","0","0","1","0","0","5242"
"172966","0","305","0","0","0","0","0","0","0","0","0","0","6064"
"172967","0","95","0","0","0","0","0","0","0","0","0","0","5196"
"173000","0","270","0","0","0","0","0","0","0","0","0","0","6117"
"173064","0","80","0","0","0","0","0","0","0","0","0","0","5195"
"173098","0","150","0","0","0","0","0","0","0","0","0","0","5484"
"173108","0","170","0","0","0","0","0","0","0","0","0","0","6077"
"173115","0","15","0","0","0","0","0","0","0","0","0","0","5730"
"173165","0","720","0","0","0","0","0","0","0","0","0","0","9889"
"173218","0","85","0","0","0","0","0","0","0","0","0","0","5143"
"173219","0","140","0","0","0","0","0","0","0","0","0","0","5144"
"173224","0","45","0","0","0","0","0","0","0","3","0","0","5201"
"173225","0","40","0","0","0","0","0","0","0","0","0","0","5118"
"173232","0","100","0","0","0","0","0","0","0","0","0","0","5784"
"173236","0","255","0","0","0","0","0","0","0","0","0","0","6063"
"173255","0","0","0","0","0","0","0","0","0","3","0","0","5225"
"173294","0","40","0","0","0","0","0","0","0","0","0","0","5394"
"173313","0","600","0","0","0","0","0","0","0","0","0","0","9888"
"173335","0","100","0","0","0","0","0","0","0","0","0","0","5180"
"173342","0","0","0","0","0","0","0","0","0","3","0","0","5215"
"173360","0","30","0","0","0","0","0","0","0","3","0","0","5217"
"173380","0","15","0","0","0","0","0","0","0","2","0","0","14917"
"173397","0","0","0","0","0","0","0","0","0","1","0","0","5229"
"173407","0","50","0","0","0","0","0","0","0","0","0","0","5232"
"173431","0","20","0","0","0","0","0","0","0","0","0","0","5176"
"173432","0","35","0","0","0","0","0","0","0","0","0","0","5177"
"173433","0","55","0","0","0","0","0","0","0","0","0","0","5178"
"173434","0","70","0","0","0","0","0","0","0","0","0","0","5179"
"173452","0","150","0","0","0","0","0","0","0","1","0","0","5209"
"173454","0","100","0","0","0","0","0","0","0","1","0","0","5211"
"173506","0","55","0","0","0","0","0","0","0","0","0","0","6222"
"173519","0","75","0","0","0","0","0","0","0","0","0","0","5589"
"173539","0","285","0","0","0","0","0","0","0","0","0","0","6127"
"173550","0","100","0","0","0","0","0","0","0","1","0","0","6554"
"173575","0","25","0","0","0","0","0","0","0","3","0","0","5171"
"173592","0","50","0","0","0","0","0","0","0","0","0","0","5588"
"173634","0","605","0","0","0","0","0","0","0","0","0","0","6219"
"173641","0","50","0","0","0","0","0","0","0","0","0","0","5627"
"173698","0","285","0","0","0","0","0","0","0","0","0","0","6129"
"173730","0","80","0","0","0","0","0","0","0","0","0","0","6940"
"173746","0","30","0","0","0","0","0","0","0","3","0","0","9752"
"173778","0","410","0","0","0","0","0","0","0","0","0","0","8417"
"173779","0","320","0","0","0","0","0","0","0","0","0","0","8416"
"173780","0","0","0","0","0","0","35","0","0","0","0","0","5487"
"173798","0","160","0","0","0","0","0","0","0","0","0","0","5234"
"173806","0","0","0","0","0","0","0","0","0","3","0","0","5277"
"173824","0","35","0","0","0","0","0","0","0","0","0","0","5573"
"173833","0","0","0","0","0","0","12","0","0","0","0","0","5782"
"173852","0","100","0","0","0","0","0","0","0","1","0","0","9747"
"173870","0","100","0","0","0","0","0","0","0","1","0","0","6546"
"173887","0","115","0","0","0","0","0","0","0","0","0","0","6131"
"173891","0","95","0","0","0","0","0","0","0","0","0","0","9749"
"173892","0","335","0","0","0","0","0","0","0","0","0","0","9750"
"173897","0","235","0","0","0","0","0","0","0","0","0","0","5145"
"173909","0","65","0","0","0","0","0","0","0","0","0","0","6495"
"173922","0","205","0","0","0","0","0","0","0","0","0","0","6078"
"173924","0","250","0","0","0","0","0","0","0","1","0","0","5246"
"173988","0","125","0","0","0","0","0","0","0","0","0","0","6041"
"174005","0","100","0","0","0","0","0","0","0","1","0","0","6190"
"174023","0","520","0","0","0","0","0","0","0","0","0","0","6141"
"174028","0","95","0","0","0","0","0","0","0","0","0","0","6201"
"174029","0","50","0","0","0","0","0","0","0","0","0","0","5570"
"174034","0","100","0","0","0","0","0","0","0","1","0","0","6192"
"174037","0","25","0","0","0","0","0","0","0","0","0","0","6197"
"174070","0","210","0","0","0","0","0","0","0","0","0","0","6065"
"174073","0","295","0","0","0","0","0","0","0","0","0","0","5740"
"174092","0","240","0","0","0","0","0","0","0","0","0","0","6202"
"174135","0","0","0","0","0","0","0","0","0","1","0","0","6542"
"174138","0","45","0","0","0","0","0","0","0","0","0","0","5676"
"174140","0","75","0","0","0","0","0","0","0","0","0","0","6392"
"174170","0","60","0","0","0","0","0","0","0","3","0","0","6785"
"174172","0","100","0","0","0","0","0","0","0","1","0","0","6548"
"174178","0","0","0","0","0","0","0","0","0","1","0","0","7381"
"174197","0","65","0","0","0","0","0","0","0","3","0","0","6770"
"174206","0","0","0","0","0","0","3","0","0","0","0","0","6346"
"174211","0","0","0","0","0","0","0","0","0","3","0","0","6783"
"174244","0","50","0","0","0","0","0","0","0","1","0","0","6572"
"174246","0","100","0","0","0","0","0","0","0","1","0","0","6547"
"174249","0","45","0","0","0","0","0","0","0","0","0","0","6363"
"174251","0","25","0","0","0","0","0","0","0","0","0","0","8018"
"174260","0","150","0","0","0","0","0","0","0","1","0","0","9745"
"174272","0","110","0","0","0","0","0","0","0","0","0","0","6365"
"174273","0","30","0","0","0","0","0","0","0","0","0","0","6390"
"174281","0","50","0","0","0","0","0","0","0","1","0","0","7384"
"174289","0","55","0","0","0","0","0","0","0","0","0","0","6391"
"174301","0","25","0","0","0","0","0","0","0","3","0","0","6774"
"174315","0","0","0","0","0","0","12","0","0","0","0","0","6213"
"174367","0","65","0","0","0","0","0","0","0","0","0","0","7128"
"174386","0","250","0","0","0","0","0","0","0","0","0","0","8439"
"174390","0","35","0","0","0","0","0","0","0","3","0","0","6760"
"174399","0","100","0","0","0","0","0","0","0","0","0","0","6756"
"174413","0","100","0","0","0","0","0","0","0","1","0","0","6552"
"174414","0","20","0","0","0","0","0","0","0","3","0","0","6768"
"174415","0","365","0","0","0","0","0","0","0","0","0","0","6789"
"174428","0","170","0","0","0","0","0","0","0","0","0","0","7301"
"174435","0","75","0","0","0","0","0","0","0","0","0","0","6364"
"174468","0","115","0","0","0","0","0","0","0","0","0","0","5614"
"174474","0","70","0","0","0","0","0","0","0","0","0","0","6205"
"174491","0","0","0","0","0","0","24","0","0","0","0","0","6358"
"174502","0","155","0","0","0","0","0","0","0","0","0","0","6226"
"174508","0","100","0","0","0","0","0","0","0","0","0","0","6223"
"174523","0","85","0","0","0","0","0","0","0","0","0","0","6143"
"174528","0","80","0","0","0","0","0","0","0","0","0","0","8495"
"174537","0","100","0","0","0","0","0","0","0","1","0","0","6673"
"174558","0","335","0","0","0","0","0","0","0","0","0","0","6778"
"174560","0","125","0","0","0","0","0","0","0","0","0","0","6780"
"174597","0","155","0","0","0","0","0","0","0","0","0","0","5615"
"174601","0","35","0","0","0","0","0","0","0","3","0","0","6761"
"174602","0","35","0","0","0","0","0","0","0","3","0","0","6762"
"174609","0","200","0","0","0","0","0","0","0","1","0","0","6343"
"174611","0","90","0","0","0","0","0","0","0","0","0","0","6217"
"174626","0","135","0","0","0","0","0","0","0","0","0","0","6229"
"174631","0","40","0","0","0","0","0","0","0","0","0","0","5675"
"174641","0","0","0","0","0","0","0","0","0","1","0","0","6178"
"174643","0","0","0","0","0","0","0","0","0","1","0","0","6795"
"174673","0","170","0","0","0","0","0","0","0","0","0","0","6353"
"174683","0","0","0","0","0","0","12","0","0","0","0","0","6215"
"174693","0","500","0","0","0","0","0","0","0","0","0","0","6366"
"174698","0","30","0","0","0","0","0","0","0","0","0","0","6360"
"174703","0","30","0","0","0","0","0","0","0","3","0","0","6793"
"174712","0","50","0","0","0","0","0","0","0","0","0","0","6375"
"174727","0","60","0","0","0","0","0","0","0","0","0","0","6377"
"174736","0","150","0","0","0","0","0","0","0","1","0","0","6809"
"174745","0","110","0","0","0","0","0","0","0","0","0","0","7300"
"174781","0","100","0","0","0","0","0","0","0","1","0","0","6798"
"174783","0","60","0","0","0","0","0","0","0","3","0","0","6800"
"174798","0","165","0","0","0","0","0","0","0","0","0","0","1006"
"174835","0","160","0","0","0","0","0","0","0","0","0","0","7648"
"174840","0","0","0","0","0","0","64","0","0","0","0","0","7328"
"174862","0","210","0","0","0","0","0","0","0","0","0","0","7641"
"174880","0","100","0","0","0","0","0","0","0","0","0","0","7870"
"174912","0","155","0","0","0","0","0","0","0","0","0","0","992"
"174916","0","100","0","0","0","0","0","0","0","1","0","0","7373"
"174933","0","170","0","0","0","0","0","0","0","0","0","0","8498"
"174934","0","135","0","0","0","0","0","0","0","0","0","0","8949"
"174939","0","95","0","0","0","0","0","0","0","0","0","0","8052"
"174940","0","220","0","0","0","0","0","0","0","0","0","0","8413"
"174946","0","20","0","0","0","0","0","0","0","3","0","0","5938"
"174947","0","45","0","0","0","0","0","0","0","0","0","0","5599"
"174949","0","150","0","0","0","0","0","0","0","1","0","0","6807"
"174954","0","50","0","0","0","0","0","0","0","0","0","0","8044"
"174969","0","50","0","0","0","0","0","0","0","1","0","0","7887"
"174972","0","20","0","0","0","0","0","0","0","0","0","0","7799"
"174973","0","35","0","0","0","0","0","0","0","0","0","0","7800"
"174974","0","50","0","0","0","0","0","0","0","0","0","0","7801"
"174975","0","70","0","0","0","0","0","0","0","0","0","0","7802"
"174979","0","65","0","0","0","0","0","0","0","0","0","0","8444"
"175005","0","100","0","0","0","0","0","0","0","1","0","0","7402"
"175017","0","150","0","0","0","0","0","0","0","1","0","0","8972"
"175022","0","200","0","0","0","0","0","0","0","0","0","0","8450"
"175028","0","230","0","0","0","0","0","0","0","0","0","0","8951"
"175051","0","15","0","0","0","0","0","0","0","0","0","0","8017"
"175061","0","35","0","0","0","0","0","0","0","2","0","0","7371"
"175066","0","240","0","0","0","0","0","0","0","0","0","0","7302"
"175073","0","0","0","0","0","0","8","0","0","0","0","0","8012"
"175091","0","105","0","0","0","0","0","0","0","0","0","0","8004"
"175092","0","340","0","0","0","0","0","0","0","0","0","0","8005"
"175098","0","320","0","0","0","0","0","0","0","0","0","0","7320"
"175101","0","55","0","0","0","0","0","0","0","0","0","0","8027"
"175104","0","85","0","0","0","0","0","0","0","0","0","0","8038"
"175138","0","60","0","0","0","0","0","0","0","0","0","0","168"
"175147","0","185","0","0","0","0","0","0","0","0","0","0","8010"
"175153","0","75","0","0","0","0","0","0","0","0","0","0","8955"
"175208","0","30","0","0","0","0","0","0","0","0","0","0","8024"
"175212","0","250","0","0","0","0","0","0","0","0","0","0","6066"
"175226","0","185","0","0","0","0","0","0","0","0","0","0","7651"
"175243","0","30","0","0","0","0","0","0","0","3","0","0","1079"
"175250","0","50","0","0","0","0","0","0","0","1","0","0","7379"
"175291","0","100","0","0","0","0","0","0","0","1","0","0","7400"
"175335","0","105","0","0","0","0","0","0","0","0","0","0","7816"
"175366","0","80","0","0","0","0","0","0","0","0","0","0","8030"
"175441","0","60","0","0","0","0","0","0","0","3","0","0","8676"
"175443","0","290","0","0","0","0","0","0","0","0","0","0","8492"
"175448","0","150","0","0","0","0","0","0","0","0","0","0","8104"
"175455","0","250","0","0","0","0","0","0","0","0","0","0","8455"
"175457","0","195","0","0","0","0","0","0","0","0","0","0","8458"
"175467","0","110","0","0","0","0","0","0","0","0","0","0","706"
"175471","0","135","0","0","0","0","0","0","0","0","0","0","8461"
"175477","0","95","0","0","0","0","0","0","0","0","0","0","8512"
"175478","0","185","0","0","0","0","0","0","0","0","0","0","8438"
"175479","0","30","0","0","0","0","0","0","0","3","0","0","9493"
"175490","0","95","0","0","0","0","0","0","0","0","0","0","8129"
"175492","0","45","0","0","0","0","0","0","0","3","0","0","8629"
"175510","0","185","0","0","0","0","0","0","0","0","0","0","8105"
"175516","0","195","0","0","0","0","0","0","0","0","0","0","8462"
"175526","0","225","0","0","0","0","0","0","0","0","0","0","8106"
"175534","0","25","0","0","0","0","0","0","0","0","0","0","980"
"175545","0","85","0","0","0","0","0","0","0","0","0","0","8045"
"175550","0","50","0","0","0","0","0","0","0","3","0","0","8631"
"175552","0","120","0","0","0","0","0","0","0","0","0","0","8437"
"175566","0","90","0","0","0","0","0","0","0","0","0","0","8232"
"175575","0","25","0","0","0","0","0","0","0","0","0","0","8075"
"175576","0","1470","0","0","0","0","0","0","0","0","0","0","10054"
"175585","0","115","0","0","0","0","0","0","0","0","0","0","8235"
"175616","0","50","0","0","0","0","0","0","0","3","0","0","8632"
"175619","0","130","0","0","0","0","0","0","0","0","0","0","600"
"175622","0","15","0","0","0","0","0","0","0","2","0","0","14918"
"175628","0","25","0","0","0","0","0","0","0","3","0","0","8639"
"175629","0","35","0","0","0","0","0","0","0","3","0","0","8623"
"175630","0","1130","0","0","0","0","0","0","0","0","0","0","10053"
"175642","0","150","0","0","0","0","0","0","0","0","0","0","945"
"175650","0","65","0","0","0","0","0","0","0","0","0","0","8160"
"175652","0","60","0","0","0","0","0","0","0","0","0","0","7658"
"175655","0","60","0","0","0","0","0","0","0","0","0","0","8033"
"175708","0","25","0","0","0","0","0","0","0","3","0","0","8640"
"175755","0","170","0","0","0","0","0","0","0","0","0","0","8914"
"175759","0","90","0","0","0","0","0","0","0","0","0","0","7659"
"175766","0","100","0","0","0","0","0","0","0","0","0","0","8446"
"175770","0","200","0","0","0","0","0","0","0","1","0","0","7369"
"175782","0","200","0","0","0","0","0","0","0","1","0","0","8204"
"175785","0","80","0","0","0","0","0","0","0","0","0","0","6196"
"175786","0","15","0","0","0","0","0","0","0","2","0","0","14920"
"175797","0","50","0","0","0","0","0","0","0","1","0","0","6574"
"175798","0","720","0","0","0","0","0","0","0","0","0","0","8427"
"175799","0","150","0","0","0","0","0","0","0","1","0","0","6808"
"175801","0","160","0","0","0","0","0","0","0","0","0","0","8053"
"175802","0","115","0","0","0","0","0","0","0","0","0","0","8056"
"175821","0","150","0","0","0","0","0","0","0","1","0","0","8380"
"175826","0","145","0","0","0","0","0","0","0","0","0","0","8008"
"175848","0","230","0","0","0","0","0","0","0","0","0","0","8190"
"175858","0","70","0","0","0","0","0","0","0","0","0","0","8192"
"175865","0","25","0","0","0","0","0","0","0","3","0","0","8643"
"175867","0","155","0","0","0","0","0","0","0","0","0","0","8835"
"175868","0","25","0","0","0","0","0","0","0","3","0","0","8647"
"175875","0","60","0","0","0","0","0","0","0","3","0","0","6787"
"175890","0","90","0","0","0","0","0","0","0","0","0","0","8155"
"175893","0","145","0","0","0","0","0","0","0","0","0","0","8046"
"175910","0","100","0","0","0","0","0","0","0","1","0","0","7372"
"175923","0","300","0","0","0","0","0","0","0","0","0","0","8451"
"175931","0","140","0","0","0","0","0","0","0","0","0","0","8131"
"175947","0","705","0","0","0","0","0","0","0","0","0","0","8918"
"175970","0","60","0","0","0","0","0","0","0","0","0","0","325"
"175973","0","20","0","0","0","0","0","0","0","3","0","0","8637"
"175992","0","100","0","0","0","0","0","0","0","0","0","0","8122"
"175994","0","30","0","0","0","0","0","0","0","0","0","0","8071"
"175998","0","30","0","0","0","0","0","0","0","0","0","0","8042"
"176001","0","65","0","0","0","0","0","0","0","0","0","0","7322"
"176003","0","100","0","0","0","0","0","0","0","1","0","0","8983"
"176006","0","165","0","0","0","0","0","0","0","0","0","0","8412"
"176007","0","35","0","0","0","0","0","0","0","0","0","0","704"
"176010","0","125","0","0","0","0","0","0","0","0","0","0","8161"
"176017","0","130","0","0","0","0","0","0","0","0","0","0","8407"
"176018","0","160","0","0","0","0","0","0","0","0","0","0","8408"
"176025","0","55","0","0","0","0","0","0","0","0","0","0","8050"
"176052","0","200","0","0","0","0","0","0","0","1","0","0","8205"
"176065","0","150","0","0","0","0","0","0","0","1","0","0","7405"
"176073","0","60","0","0","0","0","0","0","0","3","0","0","8725"
"176084","0","405","0","0","0","0","0","0","0","0","0","0","9856"
"176086","0","0","0","0","0","0","0","0","0","3","0","0","9913"
"176092","0","1160","0","0","0","0","0","0","0","0","0","0","10186"
"176099","0","485","0","0","0","0","0","0","0","0","0","0","9857"
"176110","0","200","0","0","0","0","0","0","0","0","0","0","8134"
"176112","0","0","0","0","0","0","8","0","0","0","0","0","8170"
"176118","0","30","0","0","0","0","0","0","0","3","0","0","9845"
"176119","0","30","0","0","0","0","0","0","0","3","0","0","9846"
"176128","0","80","0","0","0","0","0","0","0","0","0","0","8936"
"176173","0","935","0","0","0","0","0","0","0","0","0","0","10185"
"176176","0","1400","0","0","0","0","0","0","0","0","0","0","10187"
"176191","0","90","0","0","0","0","0","0","0","0","0","0","9484"
"176201","0","0","0","0","0","0","35","0","0","0","0","0","9634"
"176212","0","75","0","0","0","0","0","0","0","0","0","0","9578"
"176221","0","240","0","0","0","0","0","0","0","0","0","0","9756"
"176233","0","0","0","0","0","0","5","0","0","0","0","0","8177"
"176236","0","395","0","0","0","0","0","0","0","0","0","0","10151"
"176250","0","280","0","0","0","0","0","0","0","0","0","0","8499"
"176259","0","85","0","0","0","0","0","0","0","0","0","0","14914"
"176268","0","95","0","0","0","0","0","0","0","0","0","0","7646"
"176269","0","50","0","0","0","0","0","0","0","0","0","0","8019"
"176284","0","375","0","0","0","0","0","0","0","0","0","0","9835"
"176295","0","120","0","0","0","0","0","0","0","0","0","0","9485"
"176297","0","80","0","0","0","0","0","0","0","0","0","0","10496"
"176302","0","500","0","0","0","0","0","0","0","0","0","0","10211"
"176303","0","595","0","0","0","0","0","0","0","0","0","0","10212"
"176306","0","380","0","0","0","0","0","0","0","0","0","0","10159"
"176312","0","0","0","0","0","0","0","0","0","1","0","0","1719"
"176326","0","225","0","0","0","0","0","0","0","0","0","0","10180"
"176327","0","260","0","0","0","0","0","0","0","0","0","0","10181"
"176340","0","400","0","0","0","0","0","0","0","0","0","0","10173"
"176346","0","45","0","0","0","0","0","0","0","3","0","0","9850"
"176364","0","0","0","0","0","0","0","0","0","3","0","0","9821"
"176367","0","25","0","0","0","0","0","0","0","3","0","0","8649"
"176369","0","155","0","0","0","0","0","0","0","0","0","0","8905"
"176380","0","280","0","0","0","0","0","0","0","0","0","0","9833"
"176381","0","235","0","0","0","0","0","0","0","0","0","0","10951"
"176387","0","125","0","0","0","0","0","0","0","0","0","0","9853"
"176392","0","495","0","0","0","0","0","0","0","0","0","0","9758"
"176395","0","50","0","0","0","0","0","0","0","0","0","0","131"
"176398","0","25","0","0","0","0","0","0","0","0","0","0","8921"
"176405","0","500","0","0","0","0","0","0","0","0","0","0","10174"
"176408","0","255","0","0","0","0","0","0","0","0","0","0","10177"
"176411","0","50","0","0","0","0","0","0","0","0","0","0","8924"
"176412","0","135","0","0","0","0","0","0","0","0","0","0","8938"
"176418","0","990","0","0","0","0","0","0","0","0","0","0","10216"
"176421","0","100","0","0","0","0","0","0","0","0","0","0","710"
"176435","0","320","0","0","0","0","0","0","0","0","0","0","10225"
"176436","0","185","0","0","0","0","0","0","0","0","0","0","8939"
"176437","0","110","0","0","0","0","0","0","0","0","0","0","8103"
"176440","0","115","0","0","0","0","0","0","0","0","0","0","9907"
"176449","0","50","0","0","0","0","0","0","0","3","0","0","8633"
"176459","0","235","0","0","0","0","0","0","0","0","0","0","8929"
"176473","0","140","0","0","0","0","0","0","0","0","0","0","8400"
"176479","0","200","0","0","0","0","0","0","0","1","0","0","8198"
"176482","0","20","0","0","0","0","0","0","0","3","0","0","9000"
"176491","0","150","0","0","0","0","0","0","0","1","0","0","8820"
"176498","0","135","0","0","0","0","0","0","0","0","0","0","8457"
"176507","0","105","0","0","0","0","0","0","0","0","0","0","8926"
"176509","0","210","0","0","0","0","0","0","0","0","0","0","8289"
"176510","0","100","0","0","0","0","0","0","0","0","0","0","8406"
"176511","0","45","0","0","0","0","0","0","0","3","0","0","8621"
"176518","0","40","0","0","0","0","0","0","0","3","0","0","9904"
"176523","0","150","0","0","0","0","0","0","0","0","0","0","8927"
"176525","0","75","0","0","0","0","0","0","0","0","0","0","8181"
"176530","0","225","0","0","0","0","0","0","0","0","0","0","8058"
"176535","0","0","0","0","0","0","13","0","0","0","0","0","8946"
"176560","0","465","0","0","0","0","0","0","0","0","0","0","10160"
"176567","0","405","0","0","0","0","0","0","0","0","0","0","8903"
"176572","0","190","0","0","0","0","0","0","0","0","0","0","8928"
"176576","0","20","0","0","0","0","0","0","0","3","0","0","8998"
"176579","0","140","0","0","0","0","0","0","0","0","0","0","8124"
"176588","0","0","0","0","0","0","0","0","0","3","0","0","8696"
"176589","0","25","0","0","0","0","0","0","0","3","0","0","8650"
"176590","0","75","0","0","0","0","0","0","0","0","0","0","8184"
"176593","0","185","0","0","0","0","0","0","0","0","0","0","8401"
"176598","0","585","0","0","0","0","0","0","0","0","0","0","10145"
"176599","0","195","0","0","0","0","0","0","0","0","0","0","10179"
"176600","0","975","0","0","0","0","0","0","0","0","0","0","9862"
"176607","0","35","0","0","0","0","0","0","0","3","0","0","8624"
"176609","0","60","0","0","0","0","0","0","0","3","0","0","8992"
"176615","0","115","0","0","0","0","0","0","0","0","0","0","8317"
"176617","0","45","0","0","0","0","0","0","0","0","0","0","17"
"176636","0","500","0","0","0","0","0","0","0","0","0","0","10220"
"176641","0","235","0","0","0","0","0","0","0","0","0","0","9839"
"176642","0","335","0","0","0","0","0","0","0","0","0","0","9841"
"176648","0","75","0","0","0","0","0","0","0","0","0","0","8925"
"176649","0","60","0","0","0","0","0","0","0","0","0","0","8143"
"176657","0","410","0","0","0","0","0","0","0","0","0","0","10219"
"176665","0","45","0","0","0","0","0","0","0","3","0","0","9849"
"176666","0","125","0","0","0","0","0","0","0","0","0","0","8288"
"176671","0","90","0","0","0","0","0","0","0","0","0","0","8227"
"176681","0","60","0","0","0","0","0","0","0","3","0","0","8724"
"176682","0","815","0","0","0","0","0","0","0","0","0","0","10215"
"176686","0","110","0","0","0","0","0","0","0","0","0","0","9852"
"176695","0","60","0","0","0","0","0","0","0","0","0","0","8154"
"176706","0","50","0","0","0","0","0","0","0","3","0","0","9823"
"176707","0","0","0","0","0","0","0","0","0","3","0","0","9824"
"176708","0","0","0","0","0","0","0","0","0","3","0","0","9826"
"176709","0","50","0","0","0","0","0","0","0","3","0","0","9827"
"176710","0","90","0","0","0","0","0","0","0","0","0","0","8316"
"176712","0","320","0","0","0","0","0","0","0","0","0","0","9910"
"176714","0","180","0","0","0","0","0","0","0","0","0","0","9912"
"176721","0","60","0","0","0","0","0","0","0","0","0","0","8494"
"176724","0","140","0","0","0","0","0","0","0","0","0","0","8249"
"176730","0","50","0","0","0","0","0","0","0","0","0","0","8092"
"176738","0","70","0","0","0","0","0","0","0","0","0","0","10462"
"176745","0","560","0","0","0","0","0","0","0","0","0","0","10396"
"176755","0","305","0","0","0","0","0","0","0","0","0","0","10892"
"176756","0","340","0","0","0","0","0","0","0","0","0","0","10199"
"176762","0","60","0","0","0","0","0","0","0","3","0","0","9866"
"176763","0","120","0","0","0","0","0","0","0","0","0","0","10192"
"176774","0","100","0","0","0","0","0","0","0","1","0","0","9898"
"176780","0","100","0","0","0","0","0","0","0","0","0","0","9901"
"176794","0","360","0","0","0","0","0","0","0","0","0","0","10585"
"176795","0","650","0","0","0","0","0","0","0","0","0","0","10587"
"176799","0","300","0","0","0","0","0","0","0","0","0","0","10898"
"176800","0","0","0","0","0","0","64","0","0","0","0","0","10324"
"176809","0","425","0","0","0","0","0","0","0","0","0","0","10900"
"176814","0","100","0","0","0","0","0","0","0","0","0","0","10191"
"176815","0","275","0","0","0","0","0","0","0","0","0","0","9875"
"176816","0","25","0","0","0","0","0","0","0","3","0","0","11273"
"176818","0","60","0","0","0","0","0","0","0","3","0","0","9867"
"176823","0","25","0","0","0","0","0","0","0","3","0","0","11275"
"176826","0","450","0","0","0","0","0","0","0","0","0","0","10957"
"176827","0","215","0","0","0","0","0","0","0","0","0","0","11113"
"176834","0","140","0","0","0","0","0","0","0","0","0","0","10193"
"176864","0","100","0","0","0","0","0","0","0","0","0","0","10308"
"176872","0","0","0","0","0","0","64","0","0","0","0","0","10322"
"176878","0","180","0","0","0","0","0","0","0","0","0","0","8950"
"176883","0","105","0","0","0","0","0","0","0","0","0","0","10427"
"176887","0","240","0","0","0","0","0","0","0","0","0","0","10412"
"176891","0","315","0","0","0","0","0","0","0","0","0","0","10201"
"176892","0","25","0","0","0","0","0","0","0","3","0","0","11274"
"176894","0","550","0","0","0","0","0","0","0","0","0","0","10911"
"176896","0","255","0","0","0","0","0","0","0","0","0","0","10223"
"176907","0","685","0","0","0","0","0","0","0","0","0","0","10318"
"176909","0","390","0","0","0","0","0","0","0","0","0","0","10202"
"176911","0","275","0","0","0","0","0","0","0","0","0","0","10432"
"176915","0","280","0","0","0","0","0","0","0","0","0","0","10197"
"176922","0","240","0","0","0","0","0","0","0","0","0","0","8907"
"176948","0","305","0","0","0","0","0","0","0","0","0","0","10149"
"176957","0","1295","0","0","0","0","0","0","0","0","0","0","9863"
"176963","0","350","0","0","0","0","0","0","0","0","0","0","10150"
"176964","0","120","0","0","0","0","0","0","0","0","0","0","10600"
"176967","0","650","0","0","0","0","0","0","0","0","0","0","10958"
"176972","0","250","0","0","0","0","0","0","0","0","0","0","10431"
"176975","0","115","0","0","0","0","0","0","0","0","0","0","10406"
"176977","0","100","0","0","0","0","0","0","0","1","0","0","694"
"176983","0","75","0","0","0","0","0","0","0","0","0","0","10399"
"176984","0","430","0","0","0","0","0","0","0","0","0","0","10473"
"176985","0","120","0","0","0","0","0","0","0","0","0","0","10478"
"176993","0","30","0","0","0","0","0","0","0","3","0","0","9894"
"176997","0","195","0","0","0","0","0","0","0","0","0","0","8910"
"176998","0","230","0","0","0","0","0","0","0","0","0","0","8940"
"176999","0","275","0","0","0","0","0","0","0","0","0","0","8941"
"177005","0","415","0","0","0","0","0","0","0","0","0","0","10156"
"177018","0","355","0","0","0","0","0","0","0","0","0","0","10899"
"177027","0","260","0","0","0","0","0","0","0","0","0","0","10148"
"177037","0","30","0","0","0","0","0","0","0","3","0","0","9896"
"177039","0","180","0","0","0","0","0","0","0","0","0","0","10538"
"177041","0","180","0","0","0","0","0","0","0","0","0","0","10479"
"177052","0","210","0","0","0","0","0","0","0","0","0","0","120"
"177054","0","220","0","0","0","0","0","0","0","0","0","0","8402"
"177055","0","280","0","0","0","0","0","0","0","0","0","0","9840"
"177066","0","0","0","0","0","0","8","0","0","0","0","0","8166"
"177067","0","455","0","0","0","0","0","0","0","0","0","0","10963"
"177068","0","545","0","0","0","0","0","0","0","0","0","0","10964"
"177073","0","200","0","0","0","0","0","0","0","1","0","0","9908"
"177084","0","450","0","0","0","0","0","0","0","0","0","0","10170"
"177091","0","0","0","0","0","0","0","0","0","3","0","0","9007"
"177092","0","345","0","0","0","0","0","0","0","0","0","0","10413"
"177096","0","585","0","0","0","0","0","0","0","0","0","0","10139"
"177117","0","60","0","0","0","0","0","0","0","3","0","0","9830"
"177121","0","150","0","0","0","0","0","0","0","1","0","0","9881"
"177124","0","340","0","0","0","0","0","0","0","0","0","0","9884"
"177125","0","780","0","0","0","0","0","0","0","0","0","0","10140"
"177132","0","655","0","0","0","0","0","0","0","0","0","0","10965"
"177134","0","35","0","0","0","0","0","0","0","0","0","0","9035"
"177144","0","225","0","0","0","0","0","0","0","0","0","0","10442"
"177152","0","60","0","0","0","0","0","0","0","3","0","0","8721"
"177154","0","155","0","0","0","0","0","0","0","0","0","0","9472"
"177155","0","185","0","0","0","0","0","0","0","0","0","0","9473"
"177156","0","215","0","0","0","0","0","0","0","0","0","0","9474"
"177180","0","315","0","0","0","0","0","0","0","0","0","0","10622"
"177181","0","325","0","0","0","0","0","0","0","0","0","0","9834"
"177198","0","420","0","0","0","0","0","0","0","0","0","0","10138"
"177204","0","60","0","0","0","0","0","0","0","3","0","0","9829"
"177206","0","135","0","0","0","0","0","0","0","0","0","0","10206"
"177207","0","465","0","0","0","0","0","0","0","0","0","0","10328"
"177209","0","1030","0","0","0","0","0","0","0","0","0","0","10961"
"177213","0","350","0","0","0","0","0","0","0","0","0","0","10169"
"177218","0","150","0","0","0","0","0","0","0","0","0","0","10391"
"177219","0","175","0","0","0","0","0","0","0","0","0","0","10392"
"177222","0","150","0","0","0","0","0","0","0","0","0","0","10207"
"177232","0","315","0","0","0","0","0","0","0","0","0","0","9876"
"177236","0","250","0","0","0","0","0","0","0","0","0","0","10447"
"177242","0","0","0","0","0","0","6","0","0","0","0","0","10278"
"177252","0","125","0","0","0","0","0","0","0","0","0","0","9579"
"177255","0","500","0","0","0","0","0","0","0","0","0","0","10901"
"177258","0","850","0","0","0","0","0","0","0","0","0","0","10059"
"177259","0","0","0","0","0","0","16","0","0","0","0","0","10060"
"177280","0","575","0","0","0","0","0","0","0","0","0","0","9858"
"177288","0","70","0","0","0","0","0","0","0","0","0","0","705"
"177290","0","200","0","0","0","0","0","0","0","1","0","0","9754"
"177295","0","315","0","0","0","0","0","0","0","0","0","0","10952"
"177302","0","200","0","0","0","0","0","0","0","0","0","0","10312"
"177321","0","240","0","0","0","0","0","0","0","0","0","0","10313"
"177322","0","295","0","0","0","0","0","0","0","0","0","0","10314"
"177330","0","110","0","0","0","0","0","0","0","0","0","0","10456"
"177361","0","575","0","0","0","0","0","0","0","0","0","0","10157"
"177364","0","50","0","0","0","0","0","0","0","3","0","0","9005"
"177368","0","445","0","0","0","0","0","0","0","0","0","0","9885"
"177373","0","150","0","0","0","0","0","0","0","1","0","0","9880"
"177379","0","440","0","0","0","0","0","0","0","0","0","0","10395"
"177382","0","420","0","0","0","0","0","0","0","0","0","0","10144"
"177390","0","580","0","0","0","0","0","0","0","0","0","0","10329"
"177395","0","145","0","0","0","0","0","0","0","0","0","0","10230"
"177417","0","1120","0","0","0","0","0","0","0","0","0","0","11730"
"177429","0","450","0","0","0","0","0","0","0","0","0","0","10414"
"177433","0","150","0","0","0","0","0","0","0","1","0","0","11604"
"177441","0","140","0","0","0","0","0","0","0","0","0","0","10613"
"177449","0","520","0","0","0","0","0","0","0","0","0","0","11315"
"177453","0","305","0","0","0","0","0","0","0","0","0","0","11426"
"177456","0","240","0","0","0","0","0","0","0","0","0","0","12523"
"177460","0","125","0","0","0","0","0","0","0","0","0","0","11366"
"177468","0","90","0","0","0","0","0","0","0","0","0","0","10953"
"177474","0","200","0","0","0","0","0","0","0","0","0","0","10526"
"177480","0","200","0","0","0","0","0","0","0","0","0","0","10614"
"177488","0","95","0","0","0","0","0","0","0","0","0","0","11762"
"177489","0","115","0","0","0","0","0","0","0","0","0","0","11763"
"177511","0","150","0","0","0","0","0","0","0","1","0","0","11605"
"177516","0","100","0","0","0","0","0","0","0","1","0","0","11549"
"177525","0","310","0","0","0","0","0","0","0","0","0","0","10946"
"177537","0","200","0","0","0","0","0","0","0","1","0","0","11581"
"177545","0","150","0","0","0","0","0","0","0","1","0","0","11596"
"177561","0","225","0","0","0","0","0","0","0","0","0","0","10941"
"177575","0","395","0","0","0","0","0","0","0","0","0","0","11314"
"177594","0","1300","0","0","0","0","0","0","0","0","0","0","11684"
"177595","0","25","0","0","0","0","0","0","0","3","0","0","11198"
"177603","0","600","0","0","0","0","0","0","0","0","0","0","10938"
"177608","0","115","0","0","0","0","0","0","0","0","0","0","10205"
"177617","0","275","0","0","0","0","0","0","0","0","0","0","10942"
"177630","0","20","0","0","0","0","0","0","0","3","0","0","11303"
"177632","0","0","0","0","0","0","0","0","0","3","0","0","11305"
"177645","0","325","0","0","0","0","0","0","0","0","0","0","10472"
"177647","0","50","0","0","0","0","0","0","0","1","0","0","11585"
"177661","0","150","0","0","0","0","0","0","0","1","0","0","11597"
"177687","0","150","0","0","0","0","0","0","0","1","0","0","11567"
"177690","0","60","0","0","0","0","0","0","0","3","0","0","11279"
"177695","0","0","0","0","0","0","0","0","0","1","0","0","11578"
"177708","0","60","0","0","0","0","0","0","0","3","0","0","11280"
"177727","0","550","0","0","0","0","0","0","0","0","0","0","10605"
"177737","0","100","0","0","0","0","0","0","0","0","0","0","10497"
"177738","0","20","0","0","0","0","0","0","0","3","0","0","9892"
"177740","0","345","0","0","0","0","0","0","0","0","0","0","10448"
"177763","0","250","0","0","0","0","0","0","0","0","0","0","10927"
"177764","0","140","0","0","0","0","0","0","0","0","0","0","10486"
"177778","0","305","0","0","0","0","0","0","0","0","0","0","10928"
"177793","0","470","0","0","0","0","0","0","0","0","0","0","10894"
"177801","0","70","0","0","0","0","0","0","0","0","0","0","7811"
"177810","0","75","0","0","0","0","0","0","0","0","0","0","10595"
"177812","0","185","0","0","0","0","0","0","0","0","0","0","10874"
"177814","0","225","0","0","0","0","0","0","0","0","0","0","10875"
"177819","0","170","0","0","0","0","0","0","0","0","0","0","10438"
"177827","0","140","0","0","0","0","0","0","0","0","0","0","10428"
"177828","0","145","0","0","0","0","0","0","0","0","0","0","10437"
"177843","0","195","0","0","0","0","0","0","0","0","0","0","11739"
"177847","0","60","0","0","0","0","0","0","0","0","0","0","10495"
"177851","0","750","0","0","0","0","0","0","0","0","0","0","10912"
"177853","0","150","0","0","0","0","0","0","0","0","0","0","10909"
"177861","0","80","0","0","0","0","0","0","0","0","0","0","10463"
"177863","0","320","0","0","0","0","0","0","0","0","0","0","11733"
"177865","0","250","0","0","0","0","0","0","0","0","0","0","10627"
"177867","0","0","0","0","0","0","60","0","0","0","0","0","10881"
"177869","0","305","0","0","0","0","0","0","0","0","0","0","10467"
"177871","0","150","0","0","0","0","0","0","0","0","0","0","10955"
"177873","0","35","0","0","0","0","0","0","0","3","0","0","11300"
"177885","0","380","0","0","0","0","0","0","0","0","0","0","10468"
"177888","0","160","0","0","0","0","0","0","0","0","0","0","10407"
"177891","0","180","0","0","0","0","0","0","0","0","0","0","10888"
"177894","0","350","0","0","0","0","0","0","0","0","0","0","10947"
"177907","0","850","0","0","0","0","0","0","0","0","0","0","11417"
"177908","0","75","0","0","0","0","0","0","0","0","0","0","10326"
"177919","0","200","0","0","0","0","0","0","0","1","0","0","11608"
"177924","0","405","0","0","0","0","0","0","0","0","0","0","10623"
"177932","0","500","0","0","0","0","0","0","0","0","0","0","10586"
"177934","0","235","0","0","0","0","0","0","0","0","0","0","10466"
"177935","0","20","0","0","0","0","0","0","0","0","0","0","702"
"177952","0","210","0","0","0","0","0","0","0","0","0","0","10408"
"177955","0","365","0","0","0","0","0","0","0","0","0","0","10929"
"177959","0","265","0","0","0","0","0","0","0","0","0","0","10915"
"177960","0","315","0","0","0","0","0","0","0","0","0","0","10916"
"177961","0","850","0","0","0","0","0","0","0","0","0","0","11418"
"177962","0","850","0","0","0","0","0","0","0","0","0","0","11419"
"177969","0","230","0","0","0","0","0","0","0","0","0","0","10933"
"177978","0","380","0","0","0","0","0","0","0","0","0","0","10917"
"178000","0","0","0","0","0","0","60","0","0","0","0","0","10880"
"178003","0","120","0","0","0","0","0","0","0","0","0","0","10537"
"178009","0","180","0","0","0","0","0","0","0","0","0","0","10601"
"178017","0","0","0","0","0","0","3","0","0","0","0","0","12472"
"178018","0","270","0","0","0","0","0","0","0","0","0","0","10876"
"178024","0","280","0","0","0","0","0","0","0","0","0","0","10934"
"178040","0","210","0","0","0","0","0","0","0","0","0","0","10890"
"178045","0","385","0","0","0","0","0","0","0","0","0","0","10893"
"178049","0","35","0","0","0","0","0","0","0","3","0","0","11299"
"178052","0","770","0","0","0","0","0","0","0","0","0","0","10960"
"178064","0","170","0","0","0","0","0","0","0","0","0","0","11712"
"178093","0","300","0","0","0","0","0","0","0","1","0","0","12294"
"178106","0","130","0","0","0","0","0","0","0","0","0","0","11711"
"178114","0","150","0","0","0","0","0","0","0","1","0","0","11565"
"178131","0","150","0","0","0","0","0","0","0","1","0","0","11566"
"178174","0","225","0","0","0","0","0","0","0","0","0","0","11703"
"178188","0","450","0","0","0","0","0","0","0","0","0","0","10937"
"178204","0","500","0","0","0","0","0","0","0","0","0","0","11725"
"178220","0","750","0","0","0","0","0","0","0","0","0","0","11729"
"178221","0","200","0","0","0","0","0","0","0","1","0","0","11580"
"178237","0","100","0","0","0","0","0","0","0","1","0","0","11551"
"178248","0","265","0","0","0","0","0","0","0","0","0","0","10945"
"178257","0","100","0","0","0","0","0","0","0","1","0","0","12323"
"178262","0","225","0","0","0","0","0","0","0","0","0","0","11671"
"178274","0","125","0","0","0","0","0","0","0","0","0","0","11778"
"178275","0","1185","0","0","0","0","0","0","0","0","0","0","11678"
"178288","0","100","0","0","0","0","0","0","0","1","0","0","11550"
"178296","0","150","0","0","0","0","0","0","0","1","0","0","11564"
"178310","0","100","0","0","0","0","0","0","0","1","0","0","12292"
"178326","0","975","0","0","0","0","0","0","0","0","0","0","11683"
"178327","0","215","0","0","0","0","0","0","0","0","0","0","11713"
"178336","0","50","0","0","0","0","0","0","0","1","0","0","11600"
"178362","0","285","0","0","0","0","0","0","0","0","0","0","12524"
"178379","0","100","0","0","0","0","0","0","0","1","0","0","11573"
"178380","0","100","0","0","0","0","0","0","0","1","0","0","11574"
"178382","0","175","0","0","0","0","0","0","0","0","0","0","11708"
"178389","0","50","0","0","0","0","0","0","0","1","0","0","11601"
"178395","0","255","0","0","0","0","0","0","0","0","0","0","11740"
"178396","0","460","0","0","0","0","0","0","0","0","0","0","11734"
"178397","0","632","0","0","0","0","0","0","0","0","0","0","11735"
"178404","0","220","0","0","0","0","0","0","0","0","0","0","11665"
"178432","0","195","0","0","0","0","0","0","0","0","0","0","12522"
"178433","0","100","0","0","0","0","0","0","0","1","0","0","11555"
"178436","0","50","0","0","0","0","0","0","0","3","0","0","11289"
"178441","0","140","0","0","0","0","0","0","0","0","0","0","11770"
"178451","0","45","0","0","0","0","0","0","0","3","0","0","11294"
"178452","0","100","0","0","0","0","0","0","0","0","0","0","11785"
"178461","0","315","0","0","0","0","0","0","0","0","0","0","11660"
"178462","0","50","0","0","0","0","0","0","0","3","0","0","11290"
"178469","0","100","0","0","0","0","0","0","0","1","0","0","11572"
"178482","0","370","0","0","0","0","0","0","0","0","0","0","11661"
"178486","0","295","0","0","0","0","0","0","0","0","0","0","11667"
"178487","0","370","0","0","0","0","0","0","0","0","0","0","11668"
"178496","0","50","0","0","0","0","0","0","0","1","0","0","11584"
"178498","0","850","0","0","0","0","0","0","0","0","0","0","11416"
"178502","0","110","0","0","0","0","0","0","0","0","0","0","11775"
"178505","0","265","0","0","0","0","0","0","0","0","0","0","11659"
"178508","0","290","0","0","0","0","0","0","0","0","0","0","11672"
"178521","0","62","0","42","0","0","0","0","0","-2","0","0","11694"
"178522","0","79","0","52","0","0","0","0","0","-2","0","0","11695"
"178523","0","885","0","0","0","0","0","0","0","0","0","0","11677"
"178525","0","700","0","0","0","0","0","0","0","0","0","0","11726"
"178528","0","200","0","0","0","0","0","0","0","1","0","0","11609"
"178537","0","45","0","33","0","0","0","0","0","-2","0","0","11693"
"178546","0","100","0","0","0","0","0","0","0","1","0","0","11554"
"178556","0","150","0","0","0","0","0","0","0","0","0","0","12505"
"178558","0","0","0","0","0","0","0","0","0","-2","0","0","11688"
"178560","0","0","0","0","0","0","0","0","0","-2","0","0","11689"
"178563","0","75","0","0","0","0","0","0","0","0","0","0","11784"
"178565","0","165","0","0","0","0","0","0","0","0","0","0","11771"
"178568","0","100","0","0","0","0","0","0","0","0","0","0","13159"
"178571","0","60","0","0","0","0","0","0","0","3","0","0","11268"
"178585","0","310","0","0","0","0","0","0","0","0","0","0","11704"
"178594","0","335","0","0","0","0","0","0","0","0","0","0","12525"
"178595","0","385","0","0","0","0","0","0","0","0","0","0","12526"
"178598","0","25","0","0","0","0","0","0","0","3","0","0","11197"
"178606","0","45","0","0","0","0","0","0","0","3","0","0","11293"
"178607","0","0","0","0","0","0","0","0","0","-2","0","0","11687"
"178608","0","150","0","0","0","0","0","0","0","0","0","0","11721"
"178619","0","160","0","0","0","0","0","0","0","0","0","0","11780"
"178639","0","290","0","0","0","0","0","0","0","0","0","0","11675"
"178647","0","115","0","0","0","0","0","0","0","0","0","0","11717"
"178653","0","90","0","0","0","0","0","0","0","0","0","0","11774"
"178679","0","100","0","0","0","0","0","0","0","1","0","0","11556"
"178686","0","60","0","0","0","0","0","0","0","3","0","0","11269"
"178691","0","200","0","0","0","0","0","0","0","0","0","0","11722"
"178694","0","130","0","0","0","0","0","0","0","0","0","0","11707"
"178738","0","150","0","0","0","0","0","0","0","0","0","0","13553"
"178756","0","420","0","0","0","0","0","0","0","0","0","0","13032"
"178757","0","480","0","0","0","0","0","0","0","0","0","0","13033"
"178801","0","300","0","0","0","0","0","0","0","1","0","0","12328"
"178805","0","150","0","0","0","0","0","0","0","1","0","0","12809"
"178827","0","355","0","0","0","0","0","0","0","0","0","0","13019"
"178841","0","110","0","0","0","0","0","0","0","0","0","0","11719"
"178845","0","850","0","0","0","0","0","0","0","0","0","0","11420"
"178863","0","60","0","0","0","0","0","0","0","3","0","0","11281"
"178875","0","90","0","0","0","0","0","0","0","0","0","0","15631"
"178893","0","140","0","0","0","0","0","0","0","0","0","0","13896"
"178901","0","60","0","0","0","0","0","0","0","0","0","0","14267"
"178906","0","60","0","0","0","0","0","0","0","3","0","0","11267"
"178936","0","50","0","0","0","0","0","0","0","0","0","0","15629"
"178949","0","210","0","0","0","0","0","0","0","0","0","0","14290"
"178960","0","40","0","0","0","0","0","0","0","0","0","0","14269"
"178961","0","50","0","0","0","0","0","0","0","0","0","0","14270"
"178962","0","65","0","0","0","0","0","0","0","0","0","0","14271"
"178967","0","20","0","0","0","0","0","0","0","0","0","0","13165"
"178975","0","555","0","0","0","0","0","0","0","0","0","0","10161"
"179018","0","35","0","0","0","0","0","0","0","0","0","0","14261"
"179029","0","150","0","0","0","0","0","0","0","0","0","0","12826"
"179059","0","90","0","0","0","0","0","0","0","0","0","0","12824"
"179073","0","45","0","0","0","0","0","0","0","3","0","0","11286"
"179082","0","45","0","0","0","0","0","0","0","3","0","0","11285"
"179100","0","145","0","0","0","0","0","0","0","0","0","0","11779"
"179110","0","240","0","0","0","0","0","0","0","0","0","0","11699"
"179120","0","65","0","0","0","0","0","0","0","3","0","0","11297"
"179168","0","80","0","0","0","0","0","0","0","0","0","0","14268"
"179173","0","70","0","0","0","0","0","0","0","0","0","0","15630"
"179175","0","230","0","0","0","0","0","0","0","0","0","0","13555"
"179193","0","10","0","0","0","0","0","0","0","2","0","0","26064"
"179194","0","50","0","0","0","0","0","0","0","0","0","0","13161"
"179195","0","20","0","0","0","0","0","0","0","0","0","0","13163"
"179207","0","110","0","0","0","0","0","0","0","0","0","0","15632"
"179225","0","270","0","0","0","0","0","0","0","0","0","0","13018"
"179255","0","300","0","0","0","0","0","0","0","0","0","0","11700"
"179258","0","450","0","0","0","0","0","0","0","0","0","0","13020"
"179259","0","545","0","0","0","0","0","0","0","0","0","0","13021"
"179260","0","115","0","0","0","0","0","0","0","0","0","0","13552"
"179321","0","360","0","0","0","0","0","0","0","0","0","0","13031"
"179336","0","320","0","0","0","0","0","0","0","0","0","0","28609"
"179345","0","105","0","0","0","0","0","0","0","0","0","0","14284"
"179368","0","100","0","0","0","0","0","0","0","0","0","0","14272"
"179385","0","200","0","0","0","0","0","0","0","0","0","0","13543"
"179403","0","175","0","0","0","0","0","0","0","0","0","0","14279"
"179405","0","60","0","0","0","0","0","0","0","0","0","0","13809"
"179406","0","135","0","0","0","0","0","0","0","0","0","0","14285"
"179421","0","215","0","0","0","0","0","0","0","0","0","0","14280"
"179423","0","40","0","0","0","0","0","0","0","3","0","0","14278"
"179444","0","160","0","0","0","0","0","0","0","0","0","0","14286"
"179446","0","100","0","0","0","0","0","0","0","0","0","0","13819"
"179455","0","60","0","0","0","0","0","0","0","0","0","0","14325"
"179480","0","255","0","0","0","0","0","0","0","0","0","0","15261"
"179494","0","0","0","0","0","0","0","0","0","3","0","0","13863"
"179497","0","0","0","0","0","0","0","0","0","3","0","0","13750"
"179506","0","145","0","0","0","0","0","0","0","0","0","0","15264"
"179508","0","395","0","0","0","0","0","0","0","0","0","0","14316"
"179510","0","15","0","0","0","0","0","0","0","2","0","0","14921"
"179523","0","190","0","0","0","0","0","0","0","0","0","0","14287"
"179524","0","140","0","0","0","0","0","0","0","0","0","0","14288"
"179525","0","175","0","0","0","0","0","0","0","0","0","0","14289"
"179529","0","210","0","0","0","0","0","0","0","0","0","0","15207"
"179539","0","50","0","0","0","0","0","0","0","0","0","0","14326"
"179542","0","125","0","0","0","0","0","0","0","0","0","0","15263"
"179545","0","75","0","0","0","0","0","0","0","0","0","0","14327"
"179588","0","0","0","0","0","0","0","0","0","3","0","0","13732"
"179602","0","250","0","0","0","0","0","0","0","0","0","0","13544"
"179603","0","275","0","0","0","0","0","0","0","0","0","0","13813"
"179621","0","25","0","0","0","0","0","0","0","0","0","0","14260"
"179625","0","150","0","0","0","0","0","0","0","0","0","0","14273"
"179626","0","30","0","0","0","0","0","0","0","0","0","0","14274"
"179640","0","50","0","0","0","0","0","0","0","0","0","0","13795"
"179645","0","15","0","0","0","0","0","0","0","2","0","0","14919"
"179648","0","35","0","0","0","0","0","0","0","0","0","0","14281"
"179666","0","115","0","0","0","0","0","0","0","0","0","0","15107"
"179667","0","75","0","0","0","0","0","0","0","0","0","0","14310"
"179695","0","80","0","0","0","0","0","0","0","0","0","0","592"
"179724","0","135","0","0","0","0","0","0","0","0","0","0","14303"
"179760","0","420","0","0","0","0","0","0","0","0","0","0","14294"
"179787","0","100","0","0","0","0","0","0","0","0","0","0","14311"
"179820","0","60","0","0","0","0","0","0","0","0","0","0","118"
"179830","0","190","0","0","0","0","0","0","0","0","0","0","14304"
"179875","0","190","0","0","0","0","0","0","0","0","0","0","13554"
"179877","0","120","0","0","0","0","0","0","0","0","0","0","12825"
"179911","0","165","0","0","0","0","0","0","0","0","0","0","13542"
"179926","0","245","0","0","0","0","0","0","0","0","0","0","14305"
"179929","0","70","0","0","0","0","0","0","0","0","0","0","14264"
"179930","0","85","0","0","0","0","0","0","0","0","0","0","14265"
"179931","0","100","0","0","0","0","0","0","0","0","0","0","14266"
"179937","0","90","0","0","0","0","0","0","0","0","0","0","14302"
"179947","0","80","0","0","0","0","0","0","0","0","0","0","13551"
"179963","0","30","0","0","0","0","0","0","0","0","0","0","13549"
"179964","0","50","0","0","0","0","0","0","0","0","0","0","13550"
"179968","0","45","0","0","0","0","0","0","0","0","0","0","14262"
"179969","0","55","0","0","0","0","0","0","0","0","0","0","14263"
"180012","0","350","0","0","0","0","0","0","0","0","0","0","14818"
"180013","0","450","0","0","0","0","0","0","0","0","0","0","14819"
"180020","0","30","0","0","0","0","0","0","0","0","0","0","14323"
"180073","0","440","0","0","0","0","0","0","0","0","0","0","18809"
"180104","0","0","0","0","0","0","0","0","0","3","0","0","14183"
"180126","0","25","0","0","0","0","0","0","0","3","0","0","13877"
"180138","0","240","0","0","0","0","0","0","0","0","0","0","15208"
"180171","0","650","0","0","0","0","0","0","0","0","0","0","28612"
"180180","0","225","0","0","0","0","0","0","0","0","0","0","15112"
"180214","0","185","0","0","0","0","0","0","0","0","0","0","15237"
"180233","0","35","0","0","0","0","0","0","0","0","0","0","14318"
"180234","0","50","0","0","0","0","0","0","0","0","0","0","14319"
"180247","0","170","0","0","0","0","0","0","0","0","0","0","15111"
"180306","0","45","0","0","0","0","0","0","0","0","0","0","14324"
"180317","0","50","0","0","0","0","0","0","0","0","0","0","14282"
"180402","0","170","0","0","0","0","0","0","0","0","0","0","15265"
"180443","0","80","0","0","0","0","0","0","0","0","0","0","14283"
"180452","0","110","0","0","0","0","0","0","0","0","0","0","14322"
"180465","0","320","0","0","0","0","0","0","0","0","0","0","28610"
"180514","0","70","0","0","0","0","0","0","0","0","0","0","14320"
"180570","0","10","0","0","0","0","0","0","0","3","0","0","14251"
"180596","0","50","0","0","0","0","0","0","0","0","0","0","7810"
"180628","0","520","0","0","0","0","0","0","0","0","0","0","14317"
"180782","0","15","0","0","0","0","0","0","0","2","0","0","14916"
"180800","0","200","0","0","0","0","0","0","0","0","0","0","15266"
"180801","0","230","0","0","0","0","0","0","0","0","0","0","15267"
"180842","0","90","0","0","0","0","0","0","0","0","0","0","14321"
"180855","0","30","0","0","0","0","0","0","0","0","0","0","7809"
"180879","0","490","0","0","0","0","0","0","0","0","0","0","14295"
"180902","0","65","0","0","0","0","0","0","0","0","0","0","7814"
"180903","0","80","0","0","0","0","0","0","0","0","0","0","7815"
"180925","0","0","0","0","0","0","32","0","0","0","0","0","15473"
"180992","0","400","0","0","0","0","0","0","0","0","0","0","15431"
"181019","0","250","0","0","0","0","0","0","0","0","0","0","14752"
"181035","0","225","0","0","0","0","0","0","0","0","0","0","15487"
"181130","0","20","0","0","0","0","0","0","0","3","0","0","1966"
"181168","0","95","0","0","0","0","0","0","0","0","0","0","15262"
"181180","0","70","0","0","0","0","0","0","0","0","0","0","17311"
"181199","0","50","0","0","0","0","0","0","0","0","0","0","7813"
"181299","0","80","0","0","0","0","0","0","0","0","0","0","8102"
"181300","0","80","0","0","0","0","0","0","0","0","0","0","8445"
"181307","0","125","0","0","0","0","0","0","0","0","0","0","16315"
"181341","0","35","0","0","0","0","0","0","0","3","0","0","17348"
"181408","0","35","0","0","0","0","0","0","0","3","0","0","16511"
"181410","0","150","0","0","0","0","0","0","0","0","0","0","17850"
"181421","0","100","0","0","0","0","0","0","0","0","0","0","16314"
"181439","0","15","0","0","0","0","0","0","0","2","0","0","16697"
"181536","0","1000","0","0","0","0","0","0","0","0","0","0","17728"
"181563","0","150","0","0","0","0","0","0","0","0","0","0","16316"
"181616","0","0","0","0","0","0","3","0","0","0","0","0","16190"
"181672","0","130","0","0","0","0","0","0","0","0","0","0","16341"
"181713","0","160","0","0","0","0","0","0","0","0","0","0","16356"
"181724","0","165","0","0","0","0","0","0","0","0","0","0","16362"
"181765","0","45","0","0","0","0","0","0","0","0","0","0","15407"
"181769","0","155","0","0","0","0","0","0","0","0","0","0","16342"
"181816","0","290","0","0","0","0","0","0","0","0","0","0","15430"
"181831","0","35","0","0","0","0","0","0","0","2","0","0","17261"
"181850","0","25","0","0","0","0","0","0","0","2","0","0","16832"
"181873","0","35","0","0","0","0","0","0","0","2","0","0","17258"
"181875","0","230","0","0","0","0","0","0","0","0","0","0","17751"
"181900","0","165","0","0","0","0","0","0","0","0","0","0","17750"
"181903","0","35","0","0","0","0","0","0","0","3","0","0","17347"
"181918","0","25","0","0","0","0","0","0","0","2","0","0","16827"
"181970","0","85","0","0","0","0","0","0","0","0","0","0","17767"
"181978","0","245","0","0","0","0","0","0","0","0","0","0","18869"
"181993","0","305","0","0","0","0","0","0","0","0","0","0","18870"
"182024","0","50","0","0","0","0","0","0","0","1","0","0","16979"
"182080","0","0","0","0","0","0","2","0","0","0","0","0","15286"
"182090","0","0","0","0","0","0","0","0","0","3","0","0","17390"
"182119","0","25","0","0","0","0","0","0","0","2","0","0","16829"
"182121","0","380","0","0","0","0","0","0","0","0","0","0","17853"
"182162","0","0","0","0","0","0","0","0","0","3","0","0","17392"
"182172","0","275","0","0","0","0","0","0","0","0","0","0","16387"
"182257","0","105","0","0","0","0","0","0","0","0","0","0","16339"
"182332","0","25","0","0","0","0","0","0","0","2","0","0","16830"
"182333","0","25","0","0","0","0","0","0","0","2","0","0","16831"
"182351","0","480","0","0","0","0","0","0","0","0","0","0","17854"
"182408","0","35","0","0","0","0","0","0","0","2","0","0","17260"
"182438","0","165","0","0","0","0","0","0","0","0","0","0","17314"
"182455","0","880","0","0","0","0","0","0","0","0","0","0","16914"
"182462","0","135","0","0","0","0","0","0","0","0","0","0","16355"
"182487","0","700","0","0","0","0","0","0","0","0","0","0","17951"
"182548","0","285","0","0","0","0","0","0","0","0","0","0","17852"
"182570","0","1495","0","0","0","0","0","0","0","0","0","0","17402"
"182575","0","1180","0","0","0","0","0","0","0","0","0","0","17401"
"182582","0","215","0","0","0","0","0","0","0","0","0","0","17851"
"182593","0","118","0","0","0","0","0","0","0","0","0","0","17921"
"182594","0","141","0","0","0","0","0","0","0","0","0","0","17922"
"182595","0","168","0","0","0","0","0","0","0","0","0","0","17923"
"182620","0","35","0","0","0","0","0","0","0","2","0","0","17256"
"182621","0","35","0","0","0","0","0","0","0","2","0","0","17257"
"182622","0","35","0","0","0","0","0","0","0","2","0","0","17259"
"182642","0","50","0","0","0","0","0","0","0","0","0","0","18137"
"182664","0","350","0","0","0","0","0","0","0","0","0","0","19276"
"182675","0","35","0","0","0","0","0","0","0","2","0","0","17253"
"182684","0","130","0","0","0","0","0","0","0","0","0","0","18867"
"182685","0","190","0","0","0","0","0","0","0","0","0","0","18868"
"182762","0","1100","0","0","0","0","0","0","0","0","0","0","17953"
"182787","0","105","0","0","0","0","0","0","0","0","0","0","17877"
"182788","0","0","0","0","0","0","0","0","0","3","0","0","17391"
"182866","0","0","0","0","0","0","6","0","0","0","0","0","18223"
"182898","0","120","0","0","0","0","0","0","0","0","0","0","16864"
"182913","0","285","0","0","0","0","0","0","0","0","0","0","17752"
"182928","0","750","0","0","0","0","0","0","0","0","0","0","17727"
"182932","0","135","0","0","0","0","0","0","0","0","0","0","17313"
"182949","0","35","0","0","0","0","0","0","0","2","0","0","17255"
"182966","0","60","0","0","0","0","0","0","0","2","0","0","26187"
"182967","0","25","0","0","0","0","0","0","0","2","0","0","16828"
"182973","0","100","0","0","0","0","0","0","0","0","0","0","17312"
"182998","0","0","0","0","0","0","8","0","0","0","0","0","17364"
"183041","0","420","0","0","0","0","0","0","0","0","0","0","17925"
"183047","0","0","0","0","0","0","0","0","0","3","0","0","16857"
"183055","0","68","0","0","0","0","0","0","0","0","0","0","17919"
"183056","0","91","0","0","0","0","0","0","0","0","0","0","17920"
"183180","0","580","0","0","0","0","0","0","0","0","0","0","19275"
"183255","0","25","0","0","0","0","0","0","0","0","0","0","21082"
"183339","0","165","0","0","0","0","0","0","0","0","0","0","17962"
"183372","0","0","0","0","0","0","12","0","0","0","0","0","19801"
"183377","0","115","0","0","0","0","0","0","0","0","0","0","19386"
"183389","0","355","0","0","0","0","0","0","0","0","0","0","19273"
"183397","0","140","0","0","0","0","0","0","0","0","0","0","18265"
"183453","0","0","0","0","0","0","0","0","0","3","0","0","18498"
"183454","0","0","0","0","0","0","0","0","0","1","0","0","18499"
"183468","0","190","0","0","0","0","0","0","0","0","0","0","18879"
"183481","0","0","0","0","0","0","5","0","0","0","0","0","20271"
"183490","0","145","0","0","0","0","0","0","0","0","0","0","19265"
"183493","0","0","0","0","0","0","80","0","0","0","0","0","18540"
"183507","0","195","0","0","0","0","0","0","0","0","0","0","19266"
"183517","0","0","0","0","0","0","68","0","0","0","0","0","20742"
"183566","0","900","0","0","0","0","0","0","0","0","0","0","17952"
"183589","0","250","0","0","0","0","0","0","0","1","0","0","23920"
"183590","0","200","0","0","0","0","0","0","0","1","0","0","23923"
"183606","0","75","0","0","0","0","0","0","0","0","0","0","19262"
"183610","0","495","0","0","0","0","0","0","0","0","0","0","19277"
"183611","0","645","0","0","0","0","0","0","0","0","0","0","19278"
"183617","0","120","0","0","0","0","0","0","0","0","0","0","18657"
"183632","0","150","0","0","0","0","0","0","0","0","0","0","18658"
"183648","0","200","0","0","0","0","0","0","0","0","0","0","17928"
"183708","0","150","0","0","0","0","0","0","0","1","0","0","20662"
"183762","0","250","0","0","0","0","0","0","0","0","0","0","18880"
"183764","0","90","0","0","0","0","0","0","0","0","0","0","19941"
"183765","0","115","0","0","0","0","0","0","0","0","0","0","19942"
"183766","0","140","0","0","0","0","0","0","0","0","0","0","19943"
"183778","0","120","0","0","0","0","0","0","0","0","0","0","19244"
"183817","0","810","0","0","0","0","0","0","0","0","0","0","19279"
"183819","0","85","0","0","0","0","0","0","0","0","0","0","19837"
"183825","0","985","0","0","0","0","0","0","0","0","0","0","19280"
"183838","0","365","0","0","0","0","0","0","0","0","0","0","18871"
"183871","0","85","0","0","0","0","0","0","0","0","0","0","19977"
"183884","0","35","0","0","0","0","0","0","0","2","0","0","26177"
"183916","0","185","0","0","0","0","0","0","0","0","0","0","17924"
"183917","0","480","0","0","0","0","0","0","0","0","0","0","17926"
"183919","0","240","0","0","0","0","0","0","0","0","0","0","19285"
"183929","0","110","0","0","0","0","0","0","0","0","0","0","19838"
"183935","0","20","0","0","0","0","0","0","0","0","0","0","19740"
"184008","0","170","0","0","0","0","0","0","0","0","0","0","19660"
"184044","0","245","0","0","0","0","0","0","0","0","0","0","19271"
"184055","0","35","0","0","0","0","0","0","0","0","0","0","19750"
"184065","0","45","0","0","0","0","0","0","0","0","0","0","19306"
"184079","0","75","0","0","0","0","0","0","0","0","0","0","19434"
"184105","0","200","0","0","0","0","0","0","0","0","0","0","18647"
"184137","0","115","0","0","0","0","0","0","0","0","0","0","19854"
"184141","0","135","0","0","0","0","0","0","0","0","0","0","19979"
"184168","0","100","0","0","0","0","0","0","0","0","0","0","17735"
"184175","0","35","0","0","0","0","0","0","0","2","0","0","26178"
"184190","0","230","0","0","0","0","0","0","0","0","0","0","18931"
"184191","0","310","0","0","0","0","0","0","0","0","0","0","18881"
"184201","0","0","0","0","0","0","3","0","0","0","0","0","20216"
"184202","0","0","0","0","0","0","6","0","0","0","0","0","20217"
"184233","0","255","0","0","0","0","0","0","0","0","0","0","18932"
"184253","0","200","0","0","0","0","0","0","0","0","0","0","18930"
"184266","0","470","0","0","0","0","0","0","0","0","0","0","19274"
"184267","0","85","0","0","0","0","0","0","0","0","0","0","19308"
"184283","0","105","0","0","0","0","0","0","0","0","0","0","19264"
"184294","0","0","0","0","0","0","16","0","0","0","0","0","19028"
"184302","0","120","0","0","0","0","0","0","0","0","0","0","18960"
"184312","0","0","0","0","0","0","6","0","0","0","0","0","19503"
"184319","0","45","0","0","0","0","0","0","0","0","0","0","19261"
"184332","0","90","0","0","0","0","0","0","0","0","0","0","19282"
"184337","0","205","0","0","0","0","0","0","0","0","0","0","18807"
"184342","0","0","0","0","0","0","16","0","0","0","0","0","18562"
"184362","0","65","0","0","0","0","0","0","0","0","0","0","20375"
"184370","0","140","0","0","0","0","0","0","0","0","0","0","20291"
"184378","0","0","0","0","0","0","68","0","0","0","0","0","20752"
"184392","0","0","0","0","0","0","6","0","0","0","0","0","19577"
"184416","0","50","0","0","0","0","0","0","0","0","0","0","19939"
"184417","0","70","0","0","0","0","0","0","0","0","0","0","19940"
"184428","0","170","0","0","0","0","0","0","0","0","0","0","20292"
"184436","0","135","0","0","0","0","0","0","0","0","0","0","20166"
"184444","0","0","0","0","0","0","60","0","0","0","0","0","20770"
"184445","0","0","0","0","0","0","64","0","0","0","0","0","20772"
"184446","0","100","0","0","0","0","0","0","0","0","0","0","19505"
"184474","0","170","0","0","0","0","0","0","0","0","0","0","19734"
"184492","0","55","0","0","0","0","0","0","0","0","0","0","19281"
"184506","0","105","0","0","0","0","0","0","0","0","0","0","19655"
"184507","0","60","0","0","0","0","0","0","0","0","0","0","20066"
"184511","0","135","0","0","0","0","0","0","0","0","0","0","19656"
"184524","0","65","0","0","0","0","0","0","0","0","0","0","19852"
"184532","0","20","0","0","0","0","0","0","0","0","0","0","20154"
"184536","0","0","0","0","0","0","72","0","0","0","0","0","20609"
"184547","0","65","0","0","0","0","0","0","0","0","0","0","20305"
"184568","0","0","0","0","0","0","10","0","0","0","0","0","19574"
"184576","0","90","0","0","0","0","0","0","0","0","0","0","19853"
"184601","0","90","0","0","0","0","0","0","0","0","0","0","20043"
"184638","0","75","0","0","0","0","0","0","0","0","0","0","19478"
"184688","0","110","0","0","0","0","0","0","0","0","0","0","19978"
"184694","0","215","0","0","0","0","0","0","0","0","0","0","19736"
"184713","0","110","0","0","0","0","0","0","0","0","0","0","20165"
"184719","0","200","0","0","0","0","0","0","0","0","0","0","19647"
"184740","0","60","0","0","0","0","0","0","0","0","0","0","19836"
"184759","0","130","0","0","0","0","0","0","0","0","0","0","19731"
"184762","0","250","0","0","0","0","0","0","0","0","0","0","19312"
"184763","0","120","0","0","0","0","0","0","0","0","0","0","19309"
"184790","0","130","0","0","0","0","0","0","0","0","0","0","19283"
"184791","0","180","0","0","0","0","0","0","0","0","0","0","19284"
"184845","0","200","0","0","0","0","0","0","0","0","0","0","19311"
"184846","0","160","0","0","0","0","0","0","0","0","0","0","19310"
"184857","0","45","0","0","0","0","0","0","0","0","0","0","19850"
"184858","0","0","0","0","0","0","10","0","0","0","0","0","20164"
"184884","0","30","0","0","0","0","0","0","0","0","0","0","19834"
"184901","0","45","0","0","0","0","0","0","0","0","0","0","19835"
"184906","0","30","0","0","0","0","0","0","0","0","0","0","19742"
"184913","0","215","0","0","0","0","0","0","0","0","0","0","20928"
"184917","0","1200","0","0","0","0","0","0","0","0","0","0","21562"
"184935","0","20","0","0","0","0","0","0","0","0","0","0","21084"
"184952","0","300","0","0","0","0","0","0","0","1","0","0","21553"
"184964","0","0","0","0","0","0","72","0","0","0","0","0","20776"
"184973","0","0","0","0","0","0","72","0","0","0","0","0","20777"
"184988","0","115","0","0","0","0","0","0","0","0","0","0","20900"
"184989","0","210","0","0","0","0","0","0","0","0","0","0","20902"
"184990","0","310","0","0","0","0","0","0","0","0","0","0","20904"
"185011","0","210","0","0","0","0","0","0","0","0","0","0","20920"
"185012","0","390","0","0","0","0","0","0","0","0","0","0","20923"
"185042","0","170","0","0","0","0","0","0","0","0","0","0","20356"
"185045","0","110","0","0","0","0","0","0","0","0","0","0","20913"
"185052","0","180","0","0","0","0","0","0","0","0","0","0","20348"
"185071","0","135","0","0","0","0","0","0","0","0","0","0","20914"
"185083","0","140","0","0","0","0","0","0","0","0","0","0","20918"
"185091","0","100","0","0","0","0","0","0","0","1","0","0","20252"
"185160","0","110","0","0","0","0","0","0","0","0","0","0","20915"
"185168","0","125","0","0","0","0","0","0","0","0","0","0","20307"
"185169","0","0","0","0","0","0","72","0","0","0","0","0","20610"
"185175","0","120","0","0","0","0","0","0","0","0","0","0","20290"
"185180","0","210","0","0","0","0","0","0","0","0","0","0","20349"
"185196","0","40","0","0","0","0","0","0","0","0","0","0","20162"
"185201","0","140","0","0","0","0","0","0","0","0","0","0","20347"
"185252","0","150","0","0","0","0","0","0","0","1","0","0","20243"
"185262","0","90","0","0","0","0","0","0","0","0","0","0","20306"
"185270","0","200","0","0","0","0","0","0","0","1","0","0","20569"
"185303","0","115","0","0","0","0","0","0","0","0","0","0","20190"
"185310","0","160","0","0","0","0","0","0","0","0","0","0","20308"
"185311","0","0","0","0","0","0","64","0","0","0","0","0","20773"
"185313","0","205","0","0","0","0","0","0","0","0","0","0","20116"
"185341","0","1500","0","0","0","0","0","0","0","0","0","0","21564"
"185348","0","100","0","0","0","0","0","0","0","1","0","0","20616"
"185349","0","100","0","0","0","0","0","0","0","1","0","0","20617"
"185404","0","0","0","0","0","0","68","0","0","0","0","0","20484"
"185409","0","1200","0","0","0","0","0","0","0","0","0","0","21850"
"185417","0","20","0","0","0","0","0","0","0","0","0","0","20736"
"185438","0","90","0","0","0","0","0","0","0","0","0","0","20289"
"185461","0","1","0","0","0","0","0","0","0","1","0","0","20647"
"185467","0","290","0","0","0","0","0","0","0","0","0","0","20922"
"185529","0","40","0","0","0","0","0","0","0","0","0","0","20287"
"185575","0","100","0","0","0","0","0","0","0","0","0","0","20729"
"185580","0","0","0","0","0","0","0","0","0","1","0","0","22895"
"185613","0","0","0","0","0","0","68","0","0","0","0","0","20739"
"185624","0","150","0","0","0","0","0","0","0","1","0","0","20660"
"185649","0","0","0","0","0","0","68","0","0","0","0","0","20756"
"185680","0","180","0","0","0","0","0","0","0","0","0","0","20919"
"185694","0","335","0","0","0","0","0","0","0","0","0","0","20473"
"185720","0","200","0","0","0","0","0","0","0","0","0","0","20357"
"185721","0","60","0","0","0","0","0","0","0","0","0","0","20288"
"185764","0","200","0","0","0","0","0","0","0","0","0","0","20293"
"185772","0","505","0","0","0","0","0","0","0","0","0","0","20924"
"185774","0","85","0","0","0","0","0","0","0","0","0","0","20910"
"185793","0","60","0","0","0","0","0","0","0","0","0","0","20911"
"185824","0","150","0","0","0","0","0","0","0","1","0","0","20658"
"185827","0","150","0","0","0","0","0","0","0","1","0","0","20661"
"185850","0","300","0","0","0","0","0","0","0","1","0","0","21551"
"185873","0","300","0","0","0","0","0","0","0","1","0","0","21552"
"185878","0","485","0","0","0","0","0","0","0","0","0","0","20930"
"185892","0","135","0","0","0","0","0","0","0","0","0","0","20925"
"185944","0","0","0","0","0","0","0","0","0","1","0","0","20230"
"185957","0","0","0","0","0","0","68","0","0","0","0","0","20755"
"185969","0","0","0","0","0","0","68","0","0","0","0","0","20757"
"185972","0","0","0","0","0","0","68","0","0","0","0","0","20747"
"185999","0","100","0","0","0","0","0","0","0","1","0","0","20559"
"186131","0","100","0","0","0","0","0","0","0","1","0","0","20560"
"186185","0","20","0","0","0","0","0","0","0","2","0","0","23148"
"186188","0","0","0","0","0","0","68","0","0","0","0","0","20748"
"186288","0","85","0","0","0","0","0","0","0","0","0","0","20912"
"186294","0","35","0","0","0","0","0","0","0","3","0","0","22827"
"186349","0","380","0","0","0","0","0","0","0","0","0","0","22782"
"186383","0","175","0","0","0","0","0","0","0","0","0","0","20927"
"186384","0","410","0","0","0","0","0","0","0","0","0","0","20929"
"186420","0","20","0","0","0","0","0","0","0","2","0","0","23147"
"186463","0","0","0","0","0","0","0","0","0","1","0","0","22896"
"186465","0","900","0","0","0","0","0","0","0","0","0","0","21849"
"186469","0","65","0","0","0","0","0","0","0","0","0","0","20909"
"186507","0","160","0","0","0","0","0","0","0","0","0","0","20901"
"186521","0","260","0","0","0","0","0","0","0","0","0","0","20903"
"186565","0","60","0","0","0","0","0","0","0","2","0","0","24603"
"186620","0","35","0","0","0","0","0","0","0","3","0","0","22570"
"186674","0","490","0","0","0","0","0","0","0","0","0","0","22783"
"186680","0","35","0","0","0","0","0","0","0","3","0","0","22828"
"186739","0","205","0","0","0","0","0","0","0","0","0","0","24133"
"186764","0","35","0","0","0","0","0","0","0","3","0","0","22829"
"186793","0","0","0","0","0","0","0","0","0","1","0","0","23891"
"186881","0","20","0","0","0","0","0","0","0","2","0","0","23145"
"186918","0","340","0","0","0","0","0","0","0","0","0","0","24239"
"186923","0","150","0","0","0","0","0","0","0","0","0","0","23161"
"187050","0","155","0","0","0","0","0","0","0","0","0","0","24132"
"187062","0","20","0","0","0","0","0","0","0","2","0","0","23099"
"187073","0","150","0","0","0","0","0","0","0","0","0","0","23214"
"187106","0","1500","0","0","0","0","0","0","0","0","0","0","23028"
"187109","0","0","0","0","0","0","0","0","0","1","0","0","22842"
"187121","0","35","0","0","0","0","0","0","0","3","0","0","22568"
"187237","0","0","0","0","0","0","12","0","0","0","0","0","22812"
"187335","0","0","0","0","0","0","0","0","0","1","0","0","23880"
"187336","0","300","0","0","0","0","0","0","0","1","0","0","23881"
"187403","0","40","0","0","0","0","0","0","0","2","0","0","24450"
"187408","0","60","0","0","0","0","0","0","0","3","0","0","25300"
"187409","0","20","0","0","0","0","0","0","0","3","0","0","25302"
"187450","0","40","0","0","0","0","0","0","0","2","0","0","24453"
"187515","0","0","0","0","0","0","22","0","0","0","0","0","24858"
"187537","0","20","0","0","0","0","0","0","0","2","0","0","24423"
"187634","0","300","0","0","0","0","0","0","0","1","0","0","23893"
"187635","0","300","0","0","0","0","0","0","0","1","0","0","23894"
"187745","0","0","0","0","0","0","0","0","0","1","0","0","23885"
"187786","0","300","0","0","0","0","0","0","0","1","0","0","23892"
"187871","0","0","0","0","0","0","0","0","0","1","0","0","23886"
"187874","0","0","0","0","0","0","0","0","0","1","0","0","23887"
"187875","0","0","0","0","0","0","0","0","0","1","0","0","23888"
"187876","0","0","0","0","0","0","0","0","0","1","0","0","23889"
"187877","0","0","0","0","0","0","0","0","0","1","0","0","23890"
"187970","0","20","0","0","0","0","0","0","0","2","0","0","23109"
"187986","0","20","0","0","0","0","0","0","0","2","0","0","23110"
"188031","0","655","0","0","0","0","0","0","0","0","0","0","25345"
"188038","0","310","0","0","0","0","0","0","0","0","0","0","25359"
"188046","0","50","0","0","0","0","0","0","0","1","0","0","25288"
"188105","0","85","0","0","0","0","0","0","0","0","0","0","24974"
"188109","0","60","0","0","0","0","0","0","0","2","0","0","24605"
"188111","0","410","0","0","0","0","0","0","0","0","0","0","25306"
"188112","0","380","0","0","0","0","0","0","0","0","0","0","25307"
"188113","0","380","0","0","0","0","0","0","0","0","0","0","25309"
"188114","0","710","0","0","0","0","0","0","0","0","0","0","25314"
"188115","0","620","0","0","0","0","0","0","0","0","0","0","25357"
"188116","0","275","0","0","0","0","0","0","0","0","0","0","25361"
"188137","0","800","0","0","0","0","0","0","0","0","0","0","25297"
"188170","0","200","0","0","0","0","0","0","0","1","0","0","23922"
"188187","0","200","0","0","0","0","0","0","0","1","0","0","23924"
"188188","0","200","0","0","0","0","0","0","0","1","0","0","23925"
"188223","0","1500","0","0","0","0","0","0","0","0","0","0","27681"
"188346","0","235","0","0","0","0","0","0","0","0","0","0","24275"
"188353","0","30","0","0","0","0","0","0","0","2","0","0","24587"
"188362","0","410","0","0","0","0","0","0","0","0","0","0","25315"
"188396","0","30","0","0","0","0","0","0","0","2","0","0","24586"
"188399","0","20","0","0","0","0","0","0","0","2","0","0","24577"
"188419","0","30","0","0","0","0","0","0","0","2","0","0","24640"
"188421","0","1070","0","0","0","0","0","0","0","0","0","0","25316"
"188425","0","50","0","0","0","0","0","0","0","2","0","0","24844"
"188460","0","20","0","0","0","0","0","0","0","2","0","0","24578"
"188461","0","20","0","0","0","0","0","0","0","2","0","0","24579"
"188491","0","30","0","0","0","0","0","0","0","2","0","0","24583"
"188493","0","100","0","0","0","0","0","0","0","0","0","0","24530"
"188514","0","60","0","0","0","0","0","0","0","2","0","0","24597"
"188530","0","360","0","0","0","0","0","0","0","0","0","0","25299"
"188550","0","290","0","0","0","0","0","0","0","0","0","0","25304"
"188563","0","60","0","0","0","0","0","0","0","2","0","0","24604"
"188564","0","35","0","0","0","0","0","0","0","3","0","0","24248"
"188597","0","290","0","0","0","0","0","0","0","0","0","0","24274"
"188604","0","40","0","0","0","0","0","0","0","2","0","0","24452"
"188654","0","100","0","0","0","0","0","0","0","1","0","0","25289"
"188668","0","125","0","0","0","0","0","0","0","0","0","0","25290"
"188669","0","130","0","0","0","0","0","0","0","0","0","0","25291"
"188672","0","250","0","0","0","0","0","0","0","0","0","0","25295"
"188685","0","260","0","0","0","0","0","0","0","0","0","0","25916"
"188686","0","250","0","0","0","0","0","0","0","0","0","0","25918"
"188703","0","60","0","0","0","0","0","0","0","2","0","0","26090"
"188737","0","50","0","0","0","0","0","0","0","2","0","0","25011"
"188754","0","50","0","0","0","0","0","0","0","2","0","0","25008"
"188755","0","50","0","0","0","0","0","0","0","2","0","0","25010"
"188764","0","35","0","0","0","0","0","0","0","2","0","0","26201"
"188803","0","0","0","0","0","0","12","0","0","0","0","0","25898"
"188852","0","230","0","0","0","0","0","0","0","0","0","0","25294"
"188862","0","0","0","0","0","0","6","0","0","0","0","0","25908"
"188885","0","660","0","0","0","0","0","0","0","0","0","0","25292"
"188902","0","120","0","0","0","0","0","0","0","0","0","0","25296"
"188903","0","340","0","0","0","0","0","0","0","0","0","0","25298"
"188931","0","340","0","0","0","0","0","0","0","0","0","0","25311"
"189049","0","50","0","0","0","0","0","0","0","2","0","0","25009"
"189101","0","0","0","0","0","0","13","0","0","0","0","0","25895"
"189113","0","150","0","0","0","0","0","0","0","1","0","0","25286"
"189117","0","110","0","0","0","0","0","0","0","0","0","0","24975"
"189119","0","35","0","0","0","0","0","0","0","2","0","0","26179"
"189126","0","220","0","0","0","0","0","0","0","0","0","0","25782"
"189148","0","50","0","0","0","0","0","0","0","2","0","0","25012"
"189150","0","60","0","0","0","0","0","0","0","2","0","0","26188"
"189219","0","0","0","0","0","0","0","0","0","2","0","0","25076"
"189286","0","1300","0","0","0","0","0","0","0","0","0","0","27683"
"189422","0","135","0","0","0","0","0","0","0","0","0","0","24976"
"189423","0","155","0","0","0","0","0","0","0","0","0","0","24977"
"189479","0","150","0","0","0","0","0","0","0","0","0","0","28272"
"189791","0","35","0","0","0","0","0","0","0","2","0","0","27685"
"189813","0","0","0","0","0","0","24","0","0","0","0","0","25780"
"189893","0","260","0","0","0","0","0","0","0","0","0","0","25890"
"189918","0","270","0","0","0","0","0","0","0","0","0","0","25899"
"189931","0","230","0","0","0","0","0","0","0","0","0","0","25894"
"189948","0","295","0","0","0","0","0","0","0","0","0","0","27870"
"190230","0","365","0","0","0","0","0","0","0","0","0","0","27871"
"190377","0","120","0","0","0","0","0","0","0","0","0","0","26573"
"190514","0","555","0","0","0","0","0","0","0","0","0","0","27841"
"190537","0","635","0","0","0","0","0","0","0","0","0","0","27800"
"190538","0","750","0","0","0","0","0","0","0","0","0","0","27801"
"190562","0","520","0","0","0","0","0","0","0","0","0","0","27799"
"190740","0","450","0","0","0","0","0","0","0","0","0","0","29228"
"190821","0","0","0","0","0","0","4","0","0","0","0","0","29166"
"190848","0","35","0","0","0","0","0","0","0","3","0","0","31018"
"191121","0","150","0","0","0","0","0","0","0","0","0","0","28271"
"191445","0","35","0","0","0","0","0","0","0","3","0","0","31016"
"215349","0","540","0","0","0","0","0","0","0","0","0","0","25217"
"215350","0","600","0","0","0","0","0","0","0","0","0","0","25218"
"215357","0","525","0","0","0","0","0","0","0","0","0","0","25464"
"215359","0","1145","0","0","0","0","0","0","0","0","0","0","25467"
"215361","0","325","0","0","0","0","0","0","0","0","0","0","25557"
"215364","0","235","0","0","0","0","0","0","0","0","0","0","25560"
"215391","0","155","0","0","0","0","0","0","0","0","0","0","27131"
"215392","0","460","0","0","0","0","0","0","0","0","0","0","27132"
"215393","0","555","0","0","0","0","0","0","0","0","0","0","27133"
"215394","0","660","0","0","0","0","0","0","0","0","0","0","27173"
"215395","0","575","0","0","0","0","0","0","0","0","0","0","27174"
"215398","0","280","0","0","0","0","0","0","0","0","0","0","27266"
"215399","0","145","0","0","0","0","0","0","0","0","0","0","27267"
"215401","0","210","0","0","0","0","0","0","0","0","0","0","27269"
"215423","0","430","0","0","0","0","0","0","0","0","0","0","25221"
"215424","0","450","0","0","0","0","0","0","0","0","0","0","25222"
"215430","0","300","0","0","0","0","0","0","0","0","0","0","25363"
"215431","0","325","0","0","0","0","0","0","0","0","0","0","25469"
"215432","0","295","0","0","0","0","0","0","0","0","0","0","25470"
"215435","0","245","0","0","0","0","0","0","0","0","0","0","25563"
"215450","0","50","0","0","0","0","0","0","0","3","0","0","26884"
"215455","0","820","0","0","0","0","0","0","0","0","0","0","26978"
"215456","0","935","0","0","0","0","0","0","0","0","0","0","26979"
"215457","0","675","0","0","0","0","0","0","0","0","0","0","26980"
"215458","0","140","0","0","0","0","0","0","0","0","0","0","27044"
"215459","0","150","0","0","0","0","0","0","0","0","0","0","27045"
"215460","0","300","0","0","0","0","0","0","0","0","0","0","27046"
"215461","0","15","0","0","0","0","0","0","0","2","0","0","27047"
"215462","0","495","0","0","0","0","0","0","0","0","0","0","27134"
"215463","0","710","0","0","0","0","0","0","0","0","0","0","27135"
"215464","0","840","0","0","0","0","0","0","0","0","0","0","27136"
"215465","0","180","0","0","0","0","0","0","0","0","0","0","27137"
"215466","0","340","0","0","0","0","0","0","0","0","0","0","27138"
"215467","0","280","0","0","0","0","0","0","0","0","0","0","27179"
"215468","0","440","0","0","0","0","0","0","0","0","0","0","27180"
"215469","0","130","0","0","0","0","0","0","0","0","0","0","27270"
"215470","0","305","0","0","0","0","0","0","0","0","0","0","27271"
"215471","0","595","0","0","0","0","0","0","0","0","0","0","27272"
"215492","0","150","0","0","0","0","0","0","0","1","0","0","25225"
"215496","0","385","0","0","0","0","0","0","0","0","0","0","25364"
"215499","0","510","0","0","0","0","0","0","0","0","0","0","25367"
"215500","0","575","0","0","0","0","0","0","0","0","0","0","25368"
"215501","0","400","0","0","0","0","0","0","0","0","0","0","25472"
"215505","0","95","0","0","0","0","0","0","0","0","0","0","25567"
"215508","0","120","0","0","0","0","0","0","0","0","0","0","25570"
"215520","0","0","0","0","0","0","0","0","0","3","0","0","26889"
"215523","0","370","0","0","0","0","0","0","0","0","0","0","26981"
"215524","0","415","0","0","0","0","0","0","0","0","0","0","26982"
"215525","0","1650","0","0","0","0","0","0","0","0","0","0","26983"
"215526","0","210","0","0","0","0","0","0","0","0","0","0","26984"
"215527","0","15","0","0","0","0","0","0","0","2","0","0","27048"
"215528","0","25","0","0","0","0","0","0","0","2","0","0","27049"
"215529","0","35","0","0","0","0","0","0","0","2","0","0","27050"
"215530","0","20","0","0","0","0","0","0","0","2","0","0","27051"
"215532","0","825","0","0","0","0","0","0","0","0","0","0","27139"
"215533","0","145","0","0","0","0","0","0","0","0","0","0","27140"
"215534","0","295","0","0","0","0","0","0","0","0","0","0","27141"
"215539","0","190","0","0","0","0","0","0","0","0","0","0","27274"
"215540","0","140","0","0","0","0","0","0","0","0","0","0","27275"
"215562","0","200","0","0","0","0","0","0","0","1","0","0","25231"
"215564","0","400","0","0","0","0","0","0","0","0","0","0","25233"
"215565","0","150","0","0","0","0","0","0","0","1","0","0","25234"
"215568","0","380","0","0","0","0","0","0","0","0","0","0","25372"
"215569","0","450","0","0","0","0","0","0","0","0","0","0","25375"
"215572","0","270","0","0","0","0","0","0","0","0","0","0","25477"
"215574","0","170","0","0","0","0","0","0","0","0","0","0","25479"
"215579","0","245","0","0","0","0","0","0","0","0","0","0","25574"
"215597","0","255","0","0","0","0","0","0","0","0","0","0","26985"
"215598","0","370","0","0","0","0","0","0","0","0","0","0","26986"
"215599","0","430","0","0","0","0","0","0","0","0","0","0","26987"
"215600","0","495","0","0","0","0","0","0","0","0","0","0","26988"
"215605","0","150","0","0","0","0","0","0","0","0","0","0","27142"
"215606","0","310","0","0","0","0","0","0","0","0","0","0","27143"
"215611","0","270","0","0","0","0","0","0","0","0","0","0","27276"
"215612","0","330","0","0","0","0","0","0","0","0","0","0","27277"
"215635","0","470","0","0","0","0","0","0","0","0","0","0","25235"
"215636","0","150","0","0","0","0","0","0","0","1","0","0","25236"
"215641","0","300","0","0","0","0","0","0","0","0","0","0","25379"
"215642","0","355","0","0","0","0","0","0","0","0","0","0","25380"
"215645","0","290","0","0","0","0","0","0","0","0","0","0","25384"
"215650","0","205","0","0","0","0","0","0","0","0","0","0","25485"
"215652","0","265","0","0","0","0","0","0","0","0","0","0","25577"
"215671","0","160","0","0","0","0","0","0","0","0","0","0","26989"
"215672","0","565","0","0","0","0","0","0","0","0","0","0","26990"
"215673","0","1515","0","0","0","0","0","0","0","0","0","0","26991"
"215674","0","30","0","0","0","0","0","0","0","2","0","0","27060"
"215677","0","60","0","0","0","0","0","0","0","2","0","0","27063"
"215678","0","180","0","0","0","0","0","0","0","0","0","0","27144"
"215679","0","360","0","0","0","0","0","0","0","0","0","0","27145"
"215680","0","420","0","0","0","0","0","0","0","0","0","0","27209"
"215681","0","191","0","0","0","0","0","0","0","0","0","0","27210"
"215682","0","215","0","0","0","0","0","0","0","0","0","0","27211"
"215683","0","1480","0","0","0","0","0","0","0","0","0","0","27212"
"215684","0","215","0","0","0","0","0","0","0","0","0","0","27280"
"215707","0","150","0","0","0","0","0","0","0","1","0","0","25241"
"215708","0","150","0","0","0","0","0","0","0","1","0","0","25242"
"215713","0","230","0","0","0","0","0","0","0","0","0","0","25387"
"215715","0","700","0","0","0","0","0","0","0","0","0","0","25389"
"215719","0","180","0","0","0","0","0","0","0","0","0","0","25489"
"215741","0","400","0","0","0","0","0","0","0","0","0","0","26992"
"215742","0","145","0","0","0","0","0","0","0","0","0","0","26993"
"215743","0","0","0","0","0","0","68","0","0","0","0","0","26994"
"215744","0","140","0","0","0","0","0","0","0","0","0","0","26995"
"215745","0","370","0","0","0","0","0","0","0","0","0","0","27065"
"215747","0","110","0","0","0","0","0","0","0","0","0","0","27067"
"215748","0","115","0","0","0","0","0","0","0","0","0","0","27147"
"215749","0","135","0","0","0","0","0","0","0","0","0","0","27148"
"215751","0","1665","0","0","0","0","0","0","0","0","0","0","27213"
"215753","0","445","0","0","0","0","0","0","0","0","0","0","27215"
"215754","0","370","0","0","0","0","0","0","0","0","0","0","27216"
"215783","0","300","0","0","0","0","0","0","0","1","0","0","25248"
"215786","0","655","0","0","0","0","0","0","0","0","0","0","25391"
"215787","0","1800","0","0","0","0","0","0","0","0","0","0","25392"
"215796","0","275","0","0","0","0","0","0","0","0","0","0","25585"
"215797","0","325","0","0","0","0","0","0","0","0","0","0","25587"
"215811","0","150","0","0","0","0","0","0","0","1","0","0","26996"
"215812","0","200","0","0","0","0","0","0","0","1","0","0","26997"
"215813","0","100","0","0","0","0","0","0","0","1","0","0","26998"
"215814","0","0","0","0","0","0","0","0","0","1","0","0","26999"
"215815","0","255","0","0","0","0","0","0","0","0","0","0","27068"
"215817","0","425","0","0","0","0","0","0","0","0","0","0","27070"
"215821","0","360","0","0","0","0","0","0","0","0","0","0","27217"
"215822","0","265","0","0","0","0","0","0","0","0","0","0","27218"
"215823","0","355","0","0","0","0","0","0","0","0","0","0","27219"
"215847","0","1150","0","0","0","0","0","0","0","0","0","0","28172"
"215849","0","300","0","0","0","0","0","0","0","1","0","0","25251"
"215850","0","0","0","0","0","0","0","0","0","1","0","0","25252"
"215851","0","0","0","0","0","0","0","0","0","1","0","0","25253"
"215854","0","720","0","0","0","0","0","0","0","0","0","0","25396"
"215856","0","440","0","0","0","0","0","0","0","0","0","0","25420"
"215858","0","435","0","0","0","0","0","0","0","0","0","0","25422"
"215859","0","185","0","0","0","0","0","0","0","0","0","0","25500"
"215866","0","120","0","0","0","0","0","0","0","0","0","0","25596"
"215869","0","0","0","0","0","0","0","0","0","3","0","0","26669"
"215878","0","45","0","0","0","0","0","0","0","3","0","0","27000"
"215879","0","60","0","0","0","0","0","0","0","3","0","0","27001"
"215880","0","60","0","0","0","0","0","0","0","3","0","0","27002"
"215881","0","40","0","0","0","0","0","0","0","3","0","0","27003"
"215882","0","300","0","0","0","0","0","0","0","0","0","0","27071"
"215883","0","330","0","0","0","0","0","0","0","0","0","0","27072"
"215884","0","165","0","0","0","0","0","0","0","0","0","0","27073"
"215885","0","180","0","0","0","0","0","0","0","0","0","0","27074"
"215888","0","425","0","0","0","0","0","0","0","0","0","0","27220"
"215889","0","385","0","0","0","0","0","0","0","0","0","0","27221"
"215890","0","0","0","0","0","0","0","0","0","-2","0","0","27222"
"215891","0","600","0","0","0","0","0","0","0","0","0","0","27223"
"215914","0","637","0","0","0","0","0","0","0","0","0","0","28176"
"215917","0","200","0","0","0","0","0","0","0","1","0","0","25258"
"215919","0","200","0","0","0","0","0","0","0","1","0","0","25264"
"215921","0","540","0","0","0","0","0","0","0","0","0","0","25423"
"215924","0","330","0","0","0","0","0","0","0","0","0","0","25429"
"215926","0","190","0","0","0","0","0","0","0","0","0","0","25505"
"215929","0","250","0","0","0","0","0","0","0","0","0","0","25508"
"215934","0","35","0","0","0","0","0","0","0","3","0","0","26679"
"215947","0","20","0","0","0","0","0","0","0","3","0","0","27004"
"215948","0","60","0","0","0","0","0","0","0","3","0","0","27005"
"215949","0","50","0","0","0","0","0","0","0","3","0","0","27006"
"215950","0","0","0","0","0","0","0","0","0","3","0","0","27007"
"215951","0","685","0","0","0","0","0","0","0","0","0","0","27075"
"215954","0","400","0","0","0","0","0","0","0","0","0","0","27078"
"215955","0","465","0","0","0","0","0","0","0","0","0","0","27079"
"215956","0","260","0","0","0","0","0","0","0","0","0","0","27155"
"215959","0","215","0","0","0","0","0","0","0","0","0","0","27224"
"215960","0","160","0","0","0","0","0","0","0","0","0","0","27226"
"215985","0","725","0","0","0","0","0","0","0","0","0","0","28189"
"215990","0","100","0","0","0","0","0","0","0","1","0","0","25266"
"215993","0","50","0","0","0","0","0","0","0","1","0","0","25269"
"215995","0","375","0","0","0","0","0","0","0","0","0","0","25431"
"215997","0","810","0","0","0","0","0","0","0","0","0","0","25433"
"215999","0","295","0","0","0","0","0","0","0","0","0","0","25509"
"216015","0","50","0","0","0","0","0","0","0","3","0","0","26839"
"216025","0","30","0","0","0","0","0","0","0","3","0","0","27008"
"216027","0","465","0","0","0","0","0","0","0","0","0","0","27080"
"216029","0","545","0","0","0","0","0","0","0","0","0","0","27082"
"216032","0","210","0","0","0","0","0","0","0","0","0","0","27158"
"216034","0","260","0","0","0","0","0","0","0","0","0","0","27228"
"216061","0","100","0","0","0","0","0","0","0","1","0","0","25272"
"216064","0","100","0","0","0","0","0","0","0","1","0","0","25275"
"216066","0","0","0","0","0","0","60","0","0","0","0","0","25435"
"216070","0","650","0","0","0","0","0","0","0","0","0","0","25439"
"216071","0","170","0","0","0","0","0","0","0","0","0","0","25525"
"216074","0","300","0","0","0","0","0","0","0","0","0","0","25528"
"216100","0","0","0","0","0","0","0","0","0","3","0","0","27011"
"216101","0","1905","0","0","0","0","0","0","0","0","0","0","27012"
"216102","0","1645","0","0","0","0","0","0","0","0","0","0","27085"
"216103","0","1175","0","0","0","0","0","0","0","0","0","0","27086"
"216104","0","645","0","0","0","0","0","0","0","0","0","0","27087"
"216105","0","280","0","0","0","0","0","0","0","0","0","0","27160"
"216108","0","1390","0","0","0","0","0","0","0","0","0","0","27230"
"216144","0","705","0","0","0","0","0","0","0","0","0","0","25441"
"216145","0","760","0","0","0","0","0","0","0","0","0","0","25442"
"216151","0","205","0","0","0","0","0","0","0","0","0","0","25533"
"216176","0","175","0","0","0","0","0","0","0","0","0","0","27013"
"216177","0","120","0","0","0","0","0","0","0","0","0","0","27014"
"216178","0","205","0","0","0","0","0","0","0","0","0","0","27015"
"216179","0","185","0","0","0","0","0","0","0","0","0","0","27088"
"216181","0","885","0","0","0","0","0","0","0","0","0","0","27090"
"216188","0","0","0","0","0","0","68","0","0","0","0","0","27238"
"216200","0","60","0","0","0","0","0","0","0","3","0","0","27441"
"216221","0","1255","0","0","0","0","0","0","0","0","0","0","25308"
"216226","0","275","0","0","0","0","0","0","0","0","0","0","25448"
"216248","0","45","0","0","0","0","0","0","0","3","0","0","26861"
"216253","0","275","0","0","0","0","0","0","0","0","0","0","27016"
"216255","0","270","0","0","0","0","0","0","0","0","0","0","27018"
"216260","0","270","0","0","0","0","0","0","0","0","0","0","27166"
"216263","0","882","0","0","0","0","0","0","0","0","0","0","27243"
"216276","0","20","0","0","0","0","0","0","0","3","0","0","27448"
"216286","0","100","0","0","0","0","0","0","0","1","0","0","25202"
"216287","0","100","0","0","0","0","0","0","0","1","0","0","25203"
"216290","0","680","0","0","0","0","0","0","0","0","0","0","25312"
"216295","0","300","0","0","0","0","0","0","0","0","0","0","25449"
"216304","0","640","0","0","0","0","0","0","0","0","0","0","25546"
"216316","0","45","0","0","0","0","0","0","0","3","0","0","26862"
"216317","0","60","0","0","0","0","0","0","0","3","0","0","26863"
"216318","0","35","0","0","0","0","0","0","0","3","0","0","26864"
"216324","0","230","0","0","0","0","0","0","0","0","0","0","27019"
"216325","0","140","0","0","0","0","0","0","0","0","0","0","27020"
"216326","0","275","0","0","0","0","0","0","0","0","0","0","27021"
"216327","0","585","0","0","0","0","0","0","0","0","0","0","27022"
"216329","0","1670","0","0","0","0","0","0","0","0","0","0","27101"
"216331","0","180","0","0","0","0","0","0","0","0","0","0","27168"
"216332","0","1330","0","0","0","0","0","0","0","0","0","0","27250"
"216356","0","100","0","0","0","0","0","0","0","1","0","0","25208"
"216358","0","750","0","0","0","0","0","0","0","0","0","0","25210"
"216365","0","535","0","0","0","0","0","0","0","0","0","0","25454"
"216368","0","500","0","0","0","0","0","0","0","0","0","0","25457"
"216369","0","765","0","0","0","0","0","0","0","0","0","0","25547"
"216386","0","35","0","0","0","0","0","0","0","3","0","0","26865"
"216387","0","25","0","0","0","0","0","0","0","3","0","0","26866"
"216392","0","305","0","0","0","0","0","0","0","0","0","0","27023"
"216394","0","650","0","0","0","0","0","0","0","0","0","0","27025"
"216395","0","630","0","0","0","0","0","0","0","0","0","0","27124"
"216396","0","575","0","0","0","0","0","0","0","0","0","0","27125"
"216397","0","700","0","0","0","0","0","0","0","0","0","0","27126"
"216398","0","360","0","0","0","0","0","0","0","0","0","0","27169"
"216400","0","99","0","65","0","0","0","0","0","-2","0","0","27259"
"216401","0","820","0","0","0","0","0","0","0","0","0","0","27260"
"216422","0","100","0","0","0","0","0","0","0","1","0","0","25212"
"216423","0","825","0","0","0","0","0","0","0","0","0","0","25213"
"216428","0","875","0","0","0","0","0","0","0","0","0","0","25331"
"216433","0","235","0","0","0","0","0","0","0","0","0","0","25461"
"216435","0","800","0","0","0","0","0","0","0","0","0","0","25552"
"216449","0","25","0","0","0","0","0","0","0","3","0","0","26867"
"216461","0","1800","0","0","0","0","0","0","0","0","0","0","27127"
"216462","0","360","0","0","0","0","0","0","0","0","0","0","27128"
"216464","0","500","0","0","0","0","0","0","0","0","0","0","27130"
"216465","0","280","0","0","0","0","0","0","0","0","0","0","27170"
"216469","0","435","0","0","0","0","0","0","0","0","0","0","27263"
"216470","0","350","0","0","0","0","0","0","0","0","0","0","27264"
"216531","0","150","0","0","0","0","0","0","0","1","0","0","29707"
"216556","0","160","0","0","0","0","0","0","0","0","0","0","30194"
"216560","0","440","0","0","0","0","0","0","0","0","0","0","30283"
"216624","0","0","0","0","0","0","0","0","0","1","0","0","30195"
"216626","0","0","0","0","0","0","0","0","0","1","0","0","30197"
"216627","0","195","0","0","0","0","0","0","0","0","0","0","30198"
"216714","0","0","0","0","0","0","20","0","0","0","0","0","30449"
"216716","0","195","0","0","0","0","0","0","0","0","0","0","30451"
"216750","0","325","0","0","0","0","0","0","0","0","0","0","29722"
"216756","0","200","0","0","0","0","0","0","0","1","0","0","29801"
"216759","0","0","0","0","0","0","80","0","0","0","0","0","29893"
"216784","0","150","0","0","0","0","0","0","0","0","0","0","30455"
"216816","0","0","0","0","0","0","0","0","0","1","0","0","29623"
"216841","0","0","0","0","0","0","10","0","0","0","0","0","30213"
"216854","0","205","0","0","0","0","0","0","0","0","0","0","30459"
"216913","0","0","0","0","0","0","10","0","0","0","0","0","30219"
"216987","0","0","0","0","0","0","10","0","0","0","0","0","30223"
"217150","0","330","0","0","0","0","0","0","0","0","0","0","30404"
"217151","0","400","0","0","0","0","0","0","0","0","0","0","30405"
"217205","0","270","0","0","0","0","0","0","0","0","0","0","30108"
"217214","0","150","0","0","0","0","0","0","0","1","0","0","30324"
"217290","0","545","0","0","0","0","0","0","0","0","0","0","30413"
"217292","0","445","0","0","0","0","0","0","0","0","0","0","28275"
"217341","0","150","0","0","0","0","0","0","0","1","0","0","30016"
"217344","0","150","0","0","0","0","0","0","0","1","0","0","30022"
"217354","0","300","0","0","0","0","0","0","0","1","0","0","30330"
"217358","0","710","0","0","0","0","0","0","0","0","0","0","30414"
"217430","0","300","0","0","0","0","0","0","0","1","0","0","30335"
"217432","0","0","0","0","0","0","0","0","0","1","0","0","30339"
"217433","0","0","0","0","0","0","0","0","0","1","0","0","30340"
"217484","0","0","0","0","0","0","8","0","0","-2","0","0","29858"
"217490","0","0","0","0","0","0","0","0","0","1","0","0","30029"
"217491","0","200","0","0","0","0","0","0","0","1","0","0","30030"
"217492","0","0","0","0","0","0","0","0","0","1","0","0","30031"
"217493","0","0","0","0","0","0","0","0","0","1","0","0","30032"
"217495","0","0","0","0","0","0","80","0","0","0","0","0","30146"
"217567","0","200","0","0","0","0","0","0","0","1","0","0","30033"
"217570","0","145","0","0","0","0","0","0","0","0","0","0","30151"
"217571","0","0","0","0","0","0","0","0","0","1","0","0","30153"
"217626","0","100","0","0","0","0","0","0","0","1","0","0","29704"
"217658","0","200","0","0","0","0","0","0","0","1","0","0","30356"
"217659","0","50","0","0","0","0","0","0","0","1","0","0","30357"
"217739","0","0","0","0","0","0","4","0","0","0","0","0","31789"
"217762","0","455","0","0","0","0","0","0","0","0","0","0","30908"
"217763","0","265","0","0","0","0","0","0","0","0","0","0","30909"
"217764","0","380","0","0","0","0","0","0","0","0","0","0","30910"
"217804","0","20","0","0","0","0","0","0","0","3","0","0","31709"
"217832","0","410","0","0","0","0","0","0","0","0","0","0","30911"
"217833","0","305","0","0","0","0","0","0","0","0","0","0","30912"
"217951","0","250","0","0","0","0","0","0","0","0","0","0","31801"
"218176","0","250","0","0","0","0","0","0","0","0","0","0","30545"
"218186","0","0","0","0","0","0","5","0","0","0","0","0","30706"
"218227","0","0","0","0","0","0","20","0","0","0","0","0","31589"
"218233","0","475","0","0","0","0","0","0","0","0","0","0","31661"
"218245","0","515","0","0","0","0","0","0","0","0","0","0","30546"
"218463","0","630","0","0","0","0","0","0","0","0","0","0","30482"
"218742","0","0","0","0","0","0","16","0","0","0","0","0","31687"
"219032","0","35","0","0","0","0","0","0","0","3","0","0","32645"
"219042","0","360","0","0","0","0","0","0","0","0","0","0","32796"
"219068","0","500","0","0","0","0","0","0","0","0","0","0","31935"
"219135","0","575","0","0","0","0","0","0","0","0","0","0","33041"
"219136","0","660","0","0","0","0","0","0","0","0","0","0","33042"
"219157","0","0","0","0","0","0","0","0","0","3","0","0","32176"
"219207","0","700","0","0","0","0","0","0","0","0","0","0","33043"
"219233","0","750","0","0","0","0","0","0","0","0","0","0","32182"
"219239","0","850","0","0","0","0","0","0","0","0","0","0","32266"
"219310","0","850","0","0","0","0","0","0","0","0","0","0","32267"
"219314","0","120","0","0","0","0","0","0","0","0","0","0","32271"
"219385","0","120","0","0","0","0","0","0","0","0","0","0","32272"
"219440","0","0","0","0","0","0","8","0","0","0","0","0","31884"
"219480","0","375","0","0","0","0","0","0","0","0","0","0","32593"
"219549","0","450","0","0","0","0","0","0","0","0","0","0","32594"
"219576","0","309","0","0","0","0","0","0","0","0","0","0","32996"
"219583","0","210","0","0","0","0","0","0","0","0","0","0","31892"
"219626","0","0","0","0","0","0","0","0","0","3","0","0","32601"
"219628","0","35","0","0","0","0","0","0","0","3","0","0","32684"
"219640","0","0","0","0","0","0","76","0","0","0","0","0","32841"
"219649","0","1800","0","0","0","0","0","0","0","0","0","0","32999"
"219657","0","0","0","0","0","0","10","0","0","0","0","0","31895"
"219682","0","0","0","0","0","0","33","0","0","0","0","0","32375"
"219752","0","243","0","0","0","0","0","0","0","0","0","0","32379"
"219838","0","615","0","0","0","0","0","0","0","0","0","0","32699"
"219899","0","705","0","0","0","0","0","0","0","0","0","0","32546"
"219907","0","780","0","0","0","0","0","0","0","0","0","0","32700"
"219953","0","355","0","0","0","0","0","0","0","0","0","0","32231"
"219973","0","15","0","0","0","0","0","0","0","0","0","0","32548"
"220046","0","90","0","0","0","0","0","0","0","0","0","0","33698"
"220047","0","110","0","0","0","0","0","0","0","0","0","0","33699"
"220048","0","130","0","0","0","0","0","0","0","0","0","0","33700"
"220049","0","355","0","0","0","0","0","0","0","0","0","0","33701"
"220063","0","45","0","0","0","0","0","0","0","3","0","0","33982"
"220064","0","45","0","0","0","0","0","0","0","3","0","0","33983"
"220131","0","200","0","0","0","0","0","0","0","1","0","0","33986"
"220132","0","200","0","0","0","0","0","0","0","1","0","0","33987"
"220189","0","0","0","0","0","0","8","0","0","0","0","0","33786"
"220239","0","565","0","0","0","0","0","0","0","0","0","0","33405"
"220331","0","885","0","0","0","0","0","0","0","0","0","0","33717"
"220412","0","620","0","0","0","0","0","0","0","0","0","0","33933"
"220421","0","40","0","0","0","0","0","0","0","0","0","0","34074"
"220482","0","500","0","0","0","0","0","0","0","0","0","0","33938"
"220548","0","45","0","0","0","0","0","0","0","3","0","0","33876"
"220550","0","200","0","0","0","0","0","0","0","1","0","0","33878"
"220551","0","0","0","0","0","0","13","0","0","0","0","0","33943"
"220552","0","600","0","0","0","0","0","0","0","0","0","0","33944"
"220622","0","600","0","0","0","0","0","0","0","0","0","0","33946"
"220715","0","650","0","0","0","0","0","0","0","0","0","0","33072"
"220733","0","0","0","0","0","0","0","0","0","3","0","0","33357"
"220757","0","150","0","0","0","0","0","0","0","1","0","0","33745"
"220790","0","390","0","0","0","0","0","0","0","0","0","0","33076"
"220799","0","0","0","0","0","0","8","0","0","0","0","0","33206"
"220837","0","0","0","0","0","0","12","0","0","0","0","0","33831"
"220844","0","75","0","0","0","0","0","0","0","0","0","0","34026"
"220911","0","0","0","0","0","0","28","0","0","0","0","0","33891"
"220983","0","220","0","0","0","0","0","0","0","0","0","0","33763"
"221050","0","120","0","0","0","0","0","0","0","0","0","0","33690"
"221051","0","850","0","0","0","0","0","0","0","0","0","0","33691"
"221082","0","110","0","0","0","0","0","0","0","0","0","0","34120"
"221188","0","305","0","0","0","0","0","0","0","0","0","0","34600"
"221200","0","150","0","0","0","0","0","0","0","0","0","0","34767"
"221208","0","400","0","0","0","0","0","0","0","0","0","0","34916"
"221209","0","425","0","0","0","0","0","0","0","0","0","0","34917"
"221231","0","25","0","0","0","0","0","0","0","2","0","0","35293"
"221232","0","25","0","0","0","0","0","0","0","2","0","0","35294"
"221233","0","25","0","0","0","0","0","0","0","2","0","0","35295"
"221234","0","25","0","0","0","0","0","0","0","2","0","0","35296"
"221272","0","100","0","0","0","0","0","0","0","0","0","0","34769"
"221307","0","25","0","0","0","0","0","0","0","2","0","0","35297"
"221308","0","25","0","0","0","0","0","0","0","2","0","0","35298"
"221392","0","35","0","0","0","0","0","0","0","2","0","0","35387"
"221394","0","35","0","0","0","0","0","0","0","2","0","0","35389"
"221463","0","35","0","0","0","0","0","0","0","2","0","0","35392"
"221466","0","0","0","0","0","0","8","0","0","0","0","0","35395"
"221507","0","300","0","0","0","0","0","0","0","0","0","0","34861"
"221581","0","337","0","0","0","0","0","0","0","0","0","0","34863"
"221582","0","375","0","0","0","0","0","0","0","0","0","0","34864"
"221583","0","412","0","0","0","0","0","0","0","0","0","0","34865"
"221651","0","450","0","0","0","0","0","0","0","0","0","0","34866"
"221676","0","50","0","0","0","0","0","0","0","2","0","0","35323"
"221695","0","60","0","0","0","0","0","0","0","3","0","0","34411"
"221699","0","0","0","0","0","0","9","0","0","0","0","0","34477"
"221763","0","60","0","0","0","0","0","0","0","3","0","0","34412"
"221764","0","60","0","0","0","0","0","0","0","3","0","0","34413"
"221907","0","0","0","0","0","0","6","0","0","0","0","0","34490"
"221937","0","50","0","0","0","0","0","0","0","2","0","0","34889"
"222039","0","25","0","0","0","0","0","0","0","2","0","0","35346"
"222055","0","0","0","0","0","0","0","0","0","1","0","0","34428"
"222134","0","0","0","0","0","0","6","0","0","0","0","0","34433"
"222300","0","325","0","0","0","0","0","0","0","0","0","0","34914"
"222324","0","25","0","0","0","0","0","0","0","2","0","0","35290"
"222325","0","25","0","0","0","0","0","0","0","2","0","0","35291"
"222326","0","25","0","0","0","0","0","0","0","2","0","0","35292"
"222516","0","0","0","0","0","0","0","0","0","2","0","0","35694"
"222591","0","0","0","0","0","0","0","0","0","2","0","0","35698"
"222900","0","120","0","0","0","0","0","0","0","0","0","0","35715"
"222902","0","850","0","0","0","0","0","0","0","0","0","0","35717"
"223497","0","10","0","0","0","0","0","0","0","3","0","0","36554"
"224066","0","845","0","0","0","0","0","0","0","0","0","0","37420"
"224400","0","80","0","0","0","0","0","0","0","0","0","0","36916"
"224956","0","45","0","0","0","0","0","0","0","3","0","0","38764"
"224960","0","25","0","0","0","0","0","0","0","3","0","0","38768"
"225097","0","465","0","0","0","0","0","0","0","0","0","0","38692"
"225169","0","345","0","0","0","0","0","0","0","0","0","0","38697"
"225171","0","740","0","0","0","0","0","0","0","0","0","0","38699"
"225242","0","785","0","0","0","0","0","0","0","0","0","0","38704"
"226043","0","35","0","0","0","0","0","0","0","3","0","0","39967"
"226053","0","0","0","0","0","0","13","0","0","0","0","0","40120"
"226230","0","1620","0","0","0","0","0","0","0","0","0","0","39374"
"229753","0","15","0","0","0","0","0","0","0","0","0","0","45438"
"230079","0","0","0","0","0","0","80","0","0","0","0","0","43987"
"230699","0","50","0","0","0","0","0","0","0","0","0","0","44041"
"230701","0","100","0","0","0","0","0","0","0","0","0","0","44043"
"230702","0","135","0","0","0","0","0","0","0","0","0","0","44044"
"230779","0","180","0","0","0","0","0","0","0","0","0","0","44045"
"230780","0","225","0","0","0","0","0","0","0","0","0","0","44046"
"230781","0","300","0","0","0","0","0","0","0","0","0","0","44047"
"231132","0","120","0","0","0","0","0","0","0","0","0","0","49358"
"231133","0","120","0","0","0","0","0","0","0","0","0","0","49359"
"231202","0","850","0","0","0","0","0","0","0","0","0","0","49360"
"231203","0","850","0","0","0","0","0","0","0","0","0","0","49361"
"232154","0","210","0","0","0","0","0","0","0","0","0","0","348700"
"232155","0","250","0","0","0","0","0","0","0","0","0","0","348704"
