"ID","DifficultyID","Category","DefenseType","DispelType","Mechanic","PreventionType","StartRecoveryCategory","ChargeCategory","SpellID"
"70136","0","56","1","1","0","1","133","0","543"
"70151","0","56","1","0","0","1","133","0","633"
"70153","0","0","1","1","0","1","133","0","172"
"70156","0","0","1","0","0","1","133","0","403"
"70157","0","0","1","0","0","1","133","0","597"
"70158","0","0","1","0","0","1","133","0","598"
"70167","0","0","1","1","0","1","133","0","139"
"70173","0","511","1","0","0","1","133","0","556"
"70179","0","0","1","1","0","1","133","0","136"
"70186","0","37","1","1","29","1","133","0","498"
"70187","0","0","1","1","0","1","0","0","67"
"70189","0","0","1","0","0","1","133","0","126"
"70191","0","0","1","1","0","1","133","0","130"
"70192","0","0","1","1","0","1","133","0","132"
"70200","0","47","0","0","0","0","0","0","71"
"70205","0","0","1","0","0","1","133","0","585"
"70206","0","82","1","1","0","1","133","0","586"
"70207","0","0","1","0","0","1","133","0","587"
"70209","0","0","1","0","0","1","133","0","688"
"70210","0","0","1","0","0","1","133","0","99"
"70212","0","0","1","0","0","1","133","0","10"
"70218","0","0","1","1","0","1","133","0","467"
"70220","0","0","0","0","0","1","133","0","469"
"70222","0","0","1","1","0","1","133","0","116"
"70239","0","0","1","0","0","1","133","0","133"
"70240","0","0","1","0","0","1","133","0","143"
"70241","0","0","1","0","0","1","133","0","145"
"70244","0","0","1","1","0","1","133","0","546"
"70245","0","0","1","0","0","1","133","0","547"
"70246","0","0","1","0","0","1","133","0","548"
"70264","0","0","1","0","0","1","133","0","635"
"70274","0","37","1","1","29","1","133","0","642"
"70280","0","0","1","0","0","1","133","0","465"
"70285","0","0","1","1","0","1","133","0","589"
"70291","0","0","2","0","0","2","133","0","53"
"70295","0","1179","1","2","0","1","133","0","603"
"70306","0","0","1","1","0","1","133","0","689"
"70308","0","0","1","0","0","1","133","0","591"
"70317","0","0","1","1","7","1","133","0","339"
"70322","0","1145","0","0","0","1","133","0","724"
"70323","0","0","1","0","0","1","133","0","596"
"70325","0","0","1","1","0","1","133","0","552"
"70326","0","0","1","1","0","1","133","0","594"
"70336","0","0","3","0","0","2","0","0","75"
"70340","0","270","2","0","12","2","133","0","408"
"70344","0","85","1","0","0","1","133","0","421"
"70345","0","0","1","0","0","1","133","0","639"
"70349","0","0","1","0","0","1","133","0","526"
"70352","0","0","2","0","0","2","0","0","78"
"70355","0","44","0","0","0","2","0","0","100"
"70357","0","0","1","0","0","1","133","0","453"
"70360","0","35","1","1","0","1","133","0","122"
"70365","0","0","2","0","0","2","0","0","285"
"70374","0","0","1","1","0","1","133","0","602"
"70379","0","0","1","0","0","1","0","0","921"
"70384","0","0","1","0","0","1","133","0","913"
"70388","0","0","1","0","0","1","133","0","982"
"70390","0","0","1","0","0","1","133","0","984"
"70395","0","0","1","1","0","1","133","0","527"
"70396","0","0","1","1","0","1","133","0","528"
"70399","0","0","1","0","0","1","133","0","693"
"70401","0","32","1","1","12","1","133","0","853"
"70404","0","0","1","0","0","1","133","0","696"
"70414","0","1162","1","6","0","1","133","0","66"
"70422","0","0","1","0","0","1","133","0","697"
"70423","0","0","1","0","0","1","133","0","698"
"70425","0","85","2","0","0","2","133","0","779"
"70434","0","0","1","0","0","1","133","0","1026"
"70438","0","0","1","0","0","1","133","0","695"
"70442","0","85","2","0","0","2","133","0","780"
"70443","0","82","2","0","0","2","133","0","781"
"70444","0","85","1","0","0","1","133","0","930"
"70446","0","0","1","0","0","1","133","0","686"
"70447","0","0","1","1","0","1","133","0","707"
"70448","0","0","1","1","0","1","133","0","709"
"70449","0","0","1","0","0","1","133","0","647"
"70459","0","0","0","0","0","0","133","0","783"
"70460","0","0","1","0","0","1","133","0","687"
"70469","0","0","2","0","15","2","133","0","772"
"70470","0","0","1","0","0","1","133","0","915"
"70479","0","0","1","1","0","1","133","0","1094"
"70491","0","0","1","0","0","1","133","0","1042"
"70501","0","0","2","0","15","2","133","0","703"
"70508","0","0","1","0","0","1","133","0","529"
"70516","0","0","1","1","0","1","133","0","782"
"70517","0","0","1","0","0","1","133","0","943"
"70520","0","0","1","0","0","1","133","0","1002"
"70522","0","0","1","0","0","1","133","0","1004"
"70524","0","0","1","1","0","1","133","0","604"
"70525","0","0","1","1","1","1","133","0","605"
"70534","0","0","1","1","0","1","133","0","837"
"70544","0","88","2","0","0","2","133","0","72"
"70549","0","0","1","2","0","1","133","0","1714"
"70553","0","0","2","0","0","2","0","0","845"
"70564","0","0","1","0","0","1","133","0","691"
"70567","0","0","1","1","0","1","133","0","588"
"70568","0","0","1","1","0","1","133","0","1008"
"70570","0","0","1","2","0","1","133","0","1010"
"70578","0","0","0","0","0","0","133","0","883"
"70579","0","0","1","1","0","1","133","0","348"
"70580","0","82","1","0","0","1","0","0","355"
"70582","0","0","1","0","0","1","133","0","370"
"70585","0","109","2","0","3","2","133","0","676"
"70586","0","19","1","0","0","1","133","0","879"
"70590","0","0","1","0","0","1","133","0","712"
"70594","0","0","1","0","0","1","133","0","759"
"70597","0","132","2","0","0","2","133","0","871"
"70600","0","0","2","0","0","2","0","0","284"
"70611","0","0","1","0","0","1","133","0","755"
"70620","0","35","1","1","0","1","133","0","865"
"70626","0","0","1","1","0","1","133","0","1430"
"70634","0","0","1","0","0","1","133","0","939"
"70637","0","0","1","0","0","1","133","0","475"
"70643","0","0","1","1","0","1","133","0","1044"
"70645","0","0","1","1","0","1","133","0","905"
"70649","0","0","1","1","0","1","133","0","324"
"70650","0","0","1","0","0","1","133","0","331"
"70651","0","0","1","0","0","1","133","0","332"
"70653","0","0","1","2","0","1","133","0","1490"
"70666","0","37","1","1","29","1","133","0","1020"
"70667","0","0","1","1","0","1","133","0","205"
"70673","0","0","1","2","0","1","133","0","1108"
"70684","0","0","1","0","0","1","133","0","1735"
"70685","0","0","1","1","0","1","133","0","1075"
"70688","0","1175","3","4","0","2","133","0","3034"
"70690","0","731","1","0","0","1","133","0","1122"
"70694","0","40","2","0","0","2","133","0","1760"
"70695","0","82","2","0","0","2","133","0","1754"
"70699","0","0","1","0","0","1","133","0","2060"
"70700","0","0","1","0","0","1","133","0","2061"
"70706","0","88","2","0","0","2","133","0","1671"
"70707","0","88","2","0","0","2","133","0","1672"
"70708","0","0","1","0","0","1","133","0","1454"
"70715","0","0","3","4","0","2","133","0","1978"
"70717","0","0","1","0","0","1","133","0","1456"
"70718","0","88","2","0","0","2","133","0","1766"
"70720","0","33","2","0","0","2","133","0","1776"
"70722","0","88","2","0","0","2","133","0","1767"
"70723","0","88","2","0","0","2","133","0","1768"
"70724","0","88","2","0","0","2","133","0","1769"
"70725","0","0","1","1","0","1","133","0","1244"
"70726","0","23","1","0","0","1","133","0","2062"
"70730","0","0","1","0","0","1","133","0","1161"
"70731","0","0","0","0","0","0","133","0","1462"
"70734","0","0","1","1","0","1","133","0","774"
"70741","0","0","2","0","0","2","133","0","1082"
"70745","0","55","0","1","0","0","0","0","3045"
"70748","0","0","1","0","0","1","133","0","959"
"70753","0","0","1","1","0","1","133","0","2791"
"70754","0","0","1","0","0","1","133","0","1088"
"70763","0","0","1","1","0","1","133","0","1459"
"70764","0","0","1","1","0","1","133","0","1460"
"70777","0","0","0","0","0","0","133","0","768"
"70784","0","85","2","0","0","2","133","0","769"
"70785","0","0","1","1","0","1","133","0","770"
"70790","0","0","2","0","0","2","133","0","2098"
"70795","0","0","1","2","0","1","133","0","1014"
"70796","0","0","1","1","7","1","133","0","1062"
"70798","0","0","1","0","0","1","133","0","1064"
"70805","0","0","2","0","0","2","133","0","2589"
"70806","0","0","2","0","0","2","133","0","2590"
"70810","0","0","2","0","0","2","133","0","3029"
"70811","0","82","2","0","0","2","133","0","1755"
"70812","0","82","2","0","0","2","133","0","1756"
"70816","0","0","1","0","0","1","133","0","1449"
"70817","0","65","2","0","0","2","133","0","1495"
"70818","0","891","2","0","0","2","133","0","1680"
"70819","0","0","2","0","0","2","133","0","1757"
"70820","0","0","2","0","0","2","133","0","1758"
"70822","0","0","2","0","0","2","133","0","2591"
"70823","0","0","1","0","0","1","133","0","1455"
"70824","0","22","1","0","4","1","133","0","1725"
"70831","0","0","1","0","0","1","133","0","1160"
"70832","0","0","1","0","0","1","133","0","988"
"70834","0","0","1","0","0","1","133","0","990"
"70836","0","38","0","5","0","0","1178","0","1786"
"70838","0","0","2","0","0","2","133","0","7386"
"70839","0","38","0","5","0","0","1178","0","1787"
"70843","0","0","1","1","0","1","133","0","699"
"70844","0","46","1","0","0","1","133","0","740"
"70847","0","38","0","5","0","0","1178","0","1784"
"70851","0","0","0","0","0","0","133","0","1066"
"70858","0","1195","1","1","0","1","133","0","974"
"70862","0","38","0","5","0","0","1178","0","1785"
"70863","0","0","1","1","0","1","133","0","1706"
"70864","0","0","1","1","0","1","133","0","976"
"70867","0","0","1","1","0","1","133","0","1243"
"70872","0","35","1","0","0","1","133","0","1535"
"70875","0","411","0","0","0","1","133","0","1499"
"70887","0","0","1","1","0","1","133","0","778"
"70888","0","1187","3","0","2","2","133","0","2094"
"70889","0","0","0","1","0","0","133","0","1130"
"70900","0","0","1","1","0","1","133","0","1245"
"70901","0","0","1","0","0","1","133","0","1086"
"70912","0","0","1","1","0","1","133","0","1463"
"70914","0","0","1","0","0","1","133","0","1106"
"70915","0","0","1","1","0","1","133","0","1461"
"70920","0","0","1","1","0","1","133","0","1058"
"70922","0","0","2","0","0","2","133","0","1464"
"70925","0","33","2","0","0","2","133","0","1777"
"70936","0","0","1","0","0","1","133","0","2006"
"70937","0","0","0","0","0","0","133","0","1494"
"70946","0","0","2","0","0","2","0","0","1608"
"70948","0","33","1","1","5","1","133","0","1513"
"70949","0","20","1","1","29","1","133","0","1022"
"70951","0","0","1","1","0","1","133","0","1038"
"70952","0","0","1","0","1","1","133","0","1098"
"70957","0","0","1","0","0","1","133","0","996"
"70961","0","0","1","1","0","1","133","0","970"
"70967","0","0","2","0","0","2","133","0","1715"
"70968","0","0","0","0","0","1","133","0","1543"
"70969","0","0","1","0","0","1","133","0","1120"
"70970","0","0","1","0","0","1","133","0","1152"
"70971","0","0","1","0","0","1","133","0","2908"
"70972","0","0","1","0","0","1","133","0","2912"
"70975","0","0","0","0","0","0","133","0","2836"
"70976","0","82","1","1","0","1","133","0","9592"
"70986","0","0","1","0","0","1","133","0","2870"
"70993","0","0","2","0","0","2","133","0","3009"
"70994","0","33","1","1","23","1","133","0","2878"
"71000","0","44","0","0","0","0","0","0","1850"
"71001","0","0","1","1","0","1","133","0","2941"
"71002","0","691","1","3","0","1","133","0","2944"
"71005","0","0","1","0","0","1","133","0","8423"
"71008","0","0","2","0","0","2","133","0","3010"
"71012","0","0","1","0","0","1","133","0","2120"
"71013","0","23","1","0","0","1","133","0","2894"
"71015","0","19","1","0","0","1","133","0","2138"
"71019","0","44","0","0","0","0","0","0","2983"
"71024","0","0","1","2","0","0","0","0","2943"
"71040","0","88","1","0","26","1","0","0","2139"
"71044","0","56","1","1","19","1","133","0","3747"
"71051","0","0","2","0","0","2","133","0","1759"
"71053","0","40","2","0","0","2","0","0","2973"
"71054","0","0","1","1","0","1","133","0","1126"
"71055","0","49","3","0","0","2","133","0","1510"
"71056","0","0","3","4","0","2","133","0","3043"
"71059","0","0","1","1","0","1","133","0","2652"
"71061","0","1173","3","0","0","2","133","0","3044"
"71069","0","0","2","0","0","2","133","0","2974"
"71091","0","0","2","0","0","2","133","0","1752"
"71097","0","85","3","0","0","2","133","0","2643"
"71101","0","0","1","0","0","1","133","0","3738"
"71114","0","0","1","0","0","1","133","0","2121"
"71115","0","0","1","1","0","1","133","0","2767"
"71119","0","0","2","0","0","2","133","0","1824"
"71129","0","0","1","0","0","1","133","0","2782"
"71136","0","0","0","0","0","1","133","0","2048"
"71137","0","0","1","0","0","1","133","0","2008"
"71138","0","0","1","1","0","1","133","0","2645"
"71139","0","82","2","0","0","2","133","0","1753"
"71140","0","0","1","0","0","1","133","0","1949"
"71141","0","47","2","0","0","2","0","0","2457"
"71145","0","0","1","0","0","1","133","0","2362"
"71149","0","0","1","0","0","1","133","0","2054"
"71150","0","0","1","0","0","1","133","0","2055"
"71155","0","0","2","0","15","2","133","0","1943"
"71158","0","82","1","0","0","1","0","0","2649"
"71161","0","0","1","0","0","1","133","0","2010"
"71164","0","0","0","0","0","0","133","0","1515"
"71165","0","56","1","0","0","1","133","0","2800"
"71169","0","39","0","0","0","0","0","0","1856"
"71170","0","0","2","0","0","2","133","0","1823"
"71171","0","0","1","0","0","1","133","0","2484"
"71176","0","0","1","1","0","1","133","0","2090"
"71177","0","19","1","0","0","1","133","0","2137"
"71179","0","0","1","1","0","1","133","0","2893"
"71186","0","0","1","1","10","1","133","0","2637"
"71190","0","0","1","0","0","1","133","0","2096"
"71195","0","0","1","1","0","1","133","0","2947"
"71196","0","0","1","0","0","1","133","0","2948"
"71199","0","0","1","0","0","1","133","0","2050"
"71200","0","0","1","0","0","1","133","0","2052"
"71203","0","0","2","0","30","2","133","0","2070"
"71206","0","0","1","1","0","1","133","0","2091"
"71207","0","1144","1","1","0","1","133","0","2651"
"71208","0","0","1","0","0","1","133","0","2053"
"71209","0","85","1","0","0","1","133","0","2860"
"71212","0","0","0","0","0","0","133","0","2641"
"71214","0","19","1","0","0","1","133","0","2136"
"71215","0","82","2","0","0","2","133","0","1742"
"71216","0","0","1","0","0","1","133","0","8422"
"71218","0","35","1","0","0","1","133","0","2812"
"71219","0","0","2","0","0","2","133","0","1822"
"71222","0","0","2","0","12","2","133","0","1833"
"71224","0","44","1","0","0","1","133","0","1953"
"71227","0","39","0","0","0","0","0","0","1857"
"71249","0","0","1","0","0","1","133","0","3700"
"71252","0","0","0","0","0","0","133","0","4511"
"71282","0","0","1","1","0","1","133","0","3627"
"71283","0","0","1","0","0","1","133","0","3698"
"71296","0","0","1","0","0","1","133","0","3561"
"71324","0","0","1","1","0","1","133","0","3662"
"71330","0","0","1","0","0","1","133","0","3472"
"71339","0","0","2","0","15","2","133","0","9492"
"71371","0","0","1","0","0","1","133","0","3562"
"71372","0","0","1","0","0","1","133","0","3563"
"71373","0","0","0","0","0","1","133","0","3599"
"71388","0","0","1","0","0","1","133","0","3110"
"71389","0","0","1","1","0","1","133","0","3111"
"71396","0","0","3","0","0","2","133","0","3674"
"71423","0","47","2","0","0","2","0","0","2458"
"71435","0","0","1","0","0","1","133","0","9490"
"71439","0","0","1","0","0","1","133","0","3565"
"71440","0","0","1","0","0","1","133","0","3552"
"71442","0","0","1","0","0","1","133","0","3566"
"71443","0","0","1","0","0","1","133","0","3567"
"71459","0","0","1","1","0","1","133","0","3661"
"71471","0","0","1","0","0","1","133","0","3140"
"71497","0","0","1","0","0","1","133","0","5186"
"71540","0","0","2","0","0","2","133","0","5308"
"71553","0","0","1","0","0","1","133","0","5504"
"71554","0","0","1","0","0","1","133","0","5505"
"71555","0","0","1","0","0","1","133","0","5506"
"71559","0","0","1","0","0","1","133","0","4987"
"71567","0","0","1","1","0","1","133","0","5138"
"71582","0","0","1","0","0","1","133","0","5187"
"71583","0","0","1","0","0","1","133","0","5188"
"71600","0","0","1","0","0","1","133","0","5185"
"71663","0","0","1","0","0","1","133","0","3699"
"71709","0","36","1","0","0","1","133","0","3716"
"71741","0","0","3","0","11","2","133","0","5116"
"71749","0","0","1","0","0","1","133","0","5699"
"71757","0","0","1","1","0","1","133","0","6076"
"71758","0","0","2","0","0","2","133","0","5221"
"71759","0","0","1","1","0","1","133","0","6074"
"71760","0","0","1","1","0","1","133","0","6075"
"71763","0","0","1","1","0","1","133","0","5697"
"71768","0","0","1","0","0","1","133","0","5189"
"71769","0","0","1","0","0","1","133","0","6060"
"71773","0","0","1","0","0","1","133","0","5242"
"71779","0","0","1","0","12","0","0","0","5530"
"71784","0","0","1","0","0","1","133","0","6064"
"71785","0","0","1","1","7","1","133","0","5196"
"71799","0","0","1","0","0","1","133","0","6117"
"71816","0","0","1","1","7","1","133","0","5195"
"71824","0","634","1","1","5","1","133","0","5484"
"71830","0","0","1","1","0","1","133","0","6077"
"71831","0","45","1","0","0","1","133","0","5730"
"71850","0","0","1","0","0","1","133","0","9889"
"71871","0","0","0","0","0","1","133","0","5143"
"71872","0","0","0","0","0","1","133","0","5144"
"71875","0","0","2","0","0","2","133","0","5201"
"71876","0","0","1","0","0","1","133","0","5118"
"71880","0","0","1","0","21","1","133","0","5784"
"71882","0","0","1","0","0","1","133","0","6063"
"71887","0","0","0","0","0","0","133","0","5225"
"71893","0","0","0","0","0","0","133","0","5502"
"71899","0","0","1","0","0","1","133","0","5394"
"71907","0","0","1","0","0","1","133","0","9888"
"71913","0","0","1","0","0","1","133","0","5180"
"71916","0","38","0","5","0","0","1178","0","5215"
"71926","0","82","1","0","0","1","0","0","14917"
"71944","0","0","1","1","0","1","133","0","5232"
"71956","0","0","1","0","0","1","133","0","5176"
"71957","0","0","1","0","0","1","133","0","5177"
"71958","0","0","1","0","0","1","133","0","5178"
"71959","0","0","1","0","0","1","133","0","5179"
"71965","0","0","1","0","0","1","133","0","5209"
"71966","0","32","2","0","12","2","133","0","5211"
"71978","0","0","1","1","0","1","133","0","6222"
"71984","0","32","1","1","12","1","133","0","5589"
"71994","0","0","1","0","0","1","133","0","6127"
"71998","0","88","2","0","0","2","133","0","6554"
"72004","0","0","0","0","0","2","133","0","5171"
"72011","0","32","1","1","12","1","133","0","5588"
"72024","0","65","0","0","0","0","0","0","6281"
"72025","0","65","0","0","0","0","0","0","6282"
"72026","0","0","1","0","0","1","133","0","6219"
"72027","0","33","1","1","23","1","133","0","5627"
"72032","0","65","0","0","0","0","0","0","6311"
"72039","0","65","0","0","0","0","0","0","6331"
"72043","0","65","0","0","0","0","0","0","6446"
"72048","0","0","1","0","0","1","133","0","6129"
"72060","0","1186","1","1","0","1","133","0","6940"
"72065","0","65","0","0","0","0","0","0","6447"
"72066","0","0","2","0","15","2","133","0","9752"
"72070","0","65","0","0","0","0","0","0","6283"
"72076","0","0","0","1","0","0","0","0","7001"
"72081","0","0","0","0","0","1","133","0","8417"
"72082","0","0","0","0","0","1","133","0","8416"
"72083","0","0","0","0","0","0","133","0","5487"
"72088","0","0","1","1","0","1","133","0","5234"
"72092","0","66","0","0","0","0","0","0","5277"
"72096","0","65","0","0","0","0","0","0","6445"
"72097","0","37","1","1","29","1","133","0","5573"
"72099","0","0","1","1","5","1","133","0","5782"
"72108","0","0","1","0","0","1","133","0","9747"
"72114","0","0","2","0","15","2","133","0","6546"
"72124","0","35","1","1","0","1","133","0","6131"
"72125","0","0","1","1","0","1","133","0","9749"
"72126","0","0","1","1","0","1","133","0","9750"
"72128","0","0","0","0","0","1","133","0","5145"
"72130","0","0","0","0","0","0","133","0","6495"
"72132","0","0","1","1","0","1","133","0","6078"
"72133","0","0","1","0","5","1","133","0","5246"
"72149","0","0","1","0","0","1","133","0","6041"
"72155","0","0","1","0","0","1","133","0","6190"
"72162","0","0","1","0","0","1","133","0","6141"
"72166","0","0","1","0","0","1","133","0","6201"
"72167","0","0","1","1","0","1","133","0","5570"
"72169","0","0","1","0","0","1","133","0","6192"
"72170","0","0","1","0","0","1","133","0","6197"
"72178","0","65","0","0","0","0","0","0","6444"
"72184","0","56","1","1","19","1","133","0","6065"
"72185","0","0","1","0","0","1","133","0","5740"
"72190","0","0","1","0","0","1","133","0","6202"
"72201","0","65","0","0","0","0","0","0","6314"
"72203","0","0","1","0","0","1","133","0","7294"
"72205","0","0","0","0","0","0","133","0","6542"
"72207","0","0","1","0","0","1","133","0","5676"
"72209","0","45","1","0","0","1","133","0","6392"
"72222","0","0","2","0","0","2","133","0","6785"
"72223","0","0","2","0","15","2","133","0","6548"
"72235","0","0","2","0","30","2","133","0","6770"
"72239","0","0","1","1","0","1","133","0","6346"
"72241","0","38","0","5","0","0","1178","0","6783"
"72244","0","65","0","0","0","0","0","0","6328"
"72248","0","65","0","0","0","0","0","0","6317"
"72254","0","65","2","0","0","2","133","0","6572"
"72255","0","0","2","0","15","2","133","0","6547"
"72256","0","0","0","0","0","1","133","0","6363"
"72258","0","0","1","0","0","1","133","0","8018"
"72262","0","0","2","0","0","2","0","0","9745"
"72269","0","0","0","0","0","1","133","0","6365"
"72270","0","45","1","0","0","1","133","0","6390"
"72274","0","65","2","0","0","2","133","0","7384"
"72278","0","45","1","0","0","1","133","0","6391"
"72283","0","0","0","0","0","2","133","0","6774"
"72286","0","0","1","1","5","1","133","0","6213"
"72308","0","0","1","1","0","1","133","0","7128"
"72310","0","0","1","0","0","1","0","0","7268"
"72311","0","0","1","0","0","1","0","0","7269"
"72312","0","0","0","0","0","0","133","0","5500"
"72315","0","65","0","0","0","0","0","0","6280"
"72318","0","0","1","0","0","1","133","0","8439"
"72321","0","0","1","0","0","1","0","0","7270"
"72322","0","0","2","0","0","2","133","0","6760"
"72325","0","65","0","0","0","0","0","0","6316"
"72327","0","0","1","1","0","1","133","0","6756"
"72334","0","88","2","0","0","2","133","0","6552"
"72335","0","82","2","0","0","2","133","0","6768"
"72336","0","633","1","1","0","1","133","0","6789"
"72338","0","65","0","0","0","0","0","0","6315"
"72342","0","0","1","0","0","1","133","0","7301"
"72345","0","0","0","0","0","1","133","0","6364"
"72355","0","19","1","0","0","1","133","0","5614"
"72358","0","0","1","2","0","1","133","0","6205"
"72360","0","65","0","0","0","0","0","0","6443"
"72365","0","0","1","1","1","1","133","0","6358"
"72369","0","0","1","1","0","1","133","0","6226"
"72374","0","0","1","1","0","1","133","0","6223"
"72381","0","56","1","1","0","1","133","0","6143"
"72383","0","0","1","1","0","1","133","0","8495"
"72389","0","0","1","0","0","1","133","0","6673"
"72397","0","0","1","0","0","1","133","0","6778"
"72398","0","0","1","0","0","1","133","0","6780"
"72415","0","19","1","0","0","1","133","0","5615"
"72416","0","0","2","0","0","2","133","0","6761"
"72417","0","0","2","0","0","2","133","0","6762"
"72420","0","49","1","0","0","1","133","0","6343"
"72422","0","0","1","2","0","1","133","0","6217"
"72426","0","56","1","1","0","1","133","0","6229"
"72427","0","0","1","1","0","1","0","0","12042"
"72429","0","0","1","0","0","1","133","0","5675"
"72432","0","44","0","0","0","2","0","0","6178"
"72433","0","82","1","0","0","1","0","0","6795"
"72436","0","65","0","0","0","0","0","0","6333"
"72437","0","65","0","0","0","0","0","0","6286"
"72445","0","65","0","0","0","0","0","0","6332"
"72449","0","631","1","0","0","1","133","0","6353"
"72451","0","0","1","1","5","1","133","0","6215"
"72452","0","0","1","0","0","1","133","0","6366"
"72455","0","82","1","0","0","1","133","0","6360"
"72461","0","0","1","0","0","1","133","0","6375"
"72464","0","65","0","0","0","0","0","0","6334"
"72468","0","0","1","0","0","1","133","0","6377"
"72471","0","0","2","0","0","2","0","0","6809"
"72476","0","0","1","0","0","1","133","0","7300"
"72491","0","32","2","0","12","2","133","0","6798"
"72492","0","0","2","0","0","2","133","0","6800"
"72495","0","0","1","1","0","1","133","0","1006"
"72503","0","0","1","1","0","1","133","0","7648"
"72504","0","0","1","0","0","1","133","0","7328"
"72509","0","0","1","0","0","1","133","0","7641"
"72515","0","37","1","6","0","1","133","0","7870"
"72520","0","0","1","0","0","1","0","0","8418"
"72523","0","0","1","1","0","1","133","0","992"
"72524","0","0","2","0","0","2","133","0","7373"
"72529","0","35","1","0","0","1","133","0","8498"
"72530","0","0","1","0","0","1","133","0","8949"
"72532","0","19","1","1","0","1","133","0","8052"
"72533","0","19","1","0","0","1","133","0","8413"
"72536","0","0","1","0","0","1","0","0","5857"
"72537","0","20","1","1","29","1","133","0","5599"
"72538","0","0","2","0","0","2","0","0","6807"
"72540","0","19","1","0","0","1","133","0","8044"
"72550","0","65","2","0","0","2","133","0","7887"
"72552","0","0","1","0","0","1","133","0","7799"
"72553","0","0","1","0","0","1","133","0","7800"
"72554","0","0","1","0","0","1","133","0","7801"
"72555","0","0","1","0","0","1","133","0","7802"
"72557","0","0","1","0","0","1","133","0","8444"
"72568","0","40","2","0","0","2","133","0","7402"
"72569","0","0","1","0","0","1","133","0","1032"
"72574","0","0","2","0","0","2","0","0","8972"
"72576","0","0","1","1","0","1","133","0","8450"
"72577","0","0","1","0","0","1","133","0","8951"
"72583","0","0","1","0","0","1","133","0","8017"
"72586","0","44","0","0","0","2","133","0","7371"
"72588","0","0","1","0","0","1","133","0","7302"
"72590","0","0","1","0","0","1","133","0","8012"
"72595","0","0","1","0","0","1","133","0","8004"
"72596","0","0","1","0","0","1","133","0","8005"
"72597","0","0","1","0","0","1","133","0","7320"
"72598","0","0","1","0","0","1","133","0","8027"
"72599","0","0","1","0","0","1","133","0","8038"
"72607","0","0","1","0","0","1","133","0","168"
"72610","0","0","1","0","0","1","133","0","8010"
"72613","0","0","1","0","0","1","133","0","8955"
"72627","0","0","1","0","0","1","133","0","8024"
"72629","0","56","1","1","19","1","133","0","6066"
"72632","0","0","1","1","0","1","133","0","7651"
"72639","0","0","2","0","15","2","133","0","1079"
"72642","0","65","2","0","0","2","133","0","7379"
"72656","0","40","2","0","0","2","133","0","7400"
"72669","0","40","1","0","0","1","133","0","7816"
"72676","0","0","1","0","0","1","133","0","8030"
"72693","0","0","2","0","0","2","133","0","8676"
"72694","0","50","1","1","0","1","133","0","8492"
"72697","0","19","1","0","0","1","133","0","8104"
"72701","0","0","1","1","0","1","133","0","8455"
"72702","0","56","1","1","0","1","133","0","8458"
"72707","0","0","1","0","0","1","133","0","706"
"72708","0","56","1","1","0","1","133","0","8461"
"72710","0","0","1","0","0","1","133","0","8512"
"72711","0","0","1","0","0","1","133","0","8438"
"72712","0","0","2","0","15","2","133","0","9493"
"72717","0","0","1","0","0","1","133","0","8129"
"72719","0","33","2","0","0","2","133","0","8629"
"72729","0","19","1","0","0","1","133","0","8105"
"72733","0","56","1","1","0","1","133","0","8462"
"72736","0","19","1","0","0","1","133","0","8106"
"72738","0","0","1","2","0","1","133","0","980"
"72741","0","19","1","0","0","1","133","0","8045"
"72746","0","0","2","0","15","2","133","0","8631"
"72747","0","0","1","0","0","1","133","0","8437"
"72753","0","0","1","0","0","1","133","0","8232"
"72757","0","0","1","0","0","1","133","0","8075"
"72758","0","0","1","0","0","1","133","0","10054"
"72761","0","0","1","0","0","1","133","0","8235"
"72767","0","0","1","0","0","1","0","0","8419"
"72775","0","0","2","0","15","2","133","0","8632"
"72777","0","56","1","1","19","1","133","0","600"
"72778","0","82","1","0","0","1","0","0","14918"
"72782","0","0","2","0","15","2","133","0","8639"
"72783","0","0","2","0","0","2","133","0","8623"
"72784","0","0","1","0","0","1","133","0","10053"
"72790","0","0","1","1","0","1","133","0","945"
"72794","0","0","1","0","0","1","133","0","8160"
"72796","0","0","1","2","0","1","133","0","7658"
"72798","0","0","1","0","0","1","133","0","8033"
"72808","0","0","1","0","0","1","133","0","643"
"72820","0","0","2","0","15","2","133","0","8640"
"72839","0","0","1","1","0","1","133","0","8914"
"72841","0","0","1","2","0","1","133","0","7659"
"72845","0","0","1","0","0","1","133","0","8446"
"72846","0","0","1","0","0","1","0","0","11958"
"72848","0","0","2","0","0","2","0","0","7369"
"72849","0","49","1","0","0","1","133","0","8204"
"72850","0","0","1","0","0","1","133","0","6196"
"72851","0","82","1","0","0","1","0","0","14920"
"72853","0","65","2","0","0","2","133","0","6574"
"72854","0","0","1","0","0","1","133","0","8427"
"72855","0","0","2","0","0","2","0","0","6808"
"72857","0","19","1","1","0","1","133","0","8053"
"72858","0","19","1","1","0","1","133","0","8056"
"72866","0","0","2","0","0","2","133","0","8380"
"72869","0","0","1","0","0","1","133","0","8008"
"72877","0","0","1","0","0","1","133","0","8190"
"72882","0","0","1","0","0","1","133","0","8192"
"72884","0","270","2","0","12","2","133","0","8643"
"72886","0","0","1","0","0","1","133","0","8835"
"72887","0","0","2","0","0","2","133","0","8647"
"72890","0","0","2","0","0","2","133","0","6787"
"72897","0","0","1","0","0","1","133","0","8155"
"72899","0","19","1","0","0","1","133","0","8046"
"72907","0","0","2","0","0","2","133","0","7372"
"72912","0","0","1","1","0","1","133","0","8451"
"72916","0","0","1","0","0","1","133","0","8131"
"72920","0","46","1","0","0","1","133","0","8918"
"72926","0","0","1","1","0","1","133","0","325"
"72928","0","82","2","0","0","2","133","0","8637"
"72938","0","43","1","1","5","1","133","0","8122"
"72939","0","0","1","0","0","1","133","0","8071"
"72940","0","19","1","0","0","1","133","0","8042"
"72941","0","0","1","1","0","1","133","0","7322"
"72943","0","32","2","0","12","2","133","0","8983"
"72946","0","19","1","0","0","1","133","0","8412"
"72947","0","0","1","2","0","1","133","0","704"
"72948","0","0","1","0","0","1","133","0","8161"
"72952","0","0","1","1","0","1","133","0","8407"
"72953","0","0","1","1","0","1","133","0","8408"
"72954","0","19","1","1","0","1","133","0","8050"
"72962","0","49","1","0","0","1","133","0","8205"
"72966","0","0","2","0","0","2","133","0","7405"
"72967","0","0","2","0","0","2","133","0","8725"
"72970","0","0","1","1","0","1","133","0","9856"
"72972","0","38","0","5","0","0","1178","0","9913"
"72974","0","0","1","0","0","1","133","0","10186"
"72976","0","0","1","1","0","1","133","0","9857"
"72980","0","0","1","1","0","1","133","0","8134"
"72981","0","0","1","0","0","1","133","0","8170"
"72985","0","0","1","1","0","1","133","0","8936"
"72999","0","0","1","0","0","1","133","0","10185"
"73000","0","0","1","0","0","1","133","0","10187"
"73005","0","0","1","1","20","1","133","0","9484"
"73008","0","0","0","0","0","0","133","0","9634"
"73013","0","82","1","1","0","1","133","0","9578"
"73014","0","0","1","1","0","1","133","0","9756"
"73017","0","230","1","0","0","1","133","0","8177"
"73018","0","0","1","0","0","1","133","0","10151"
"73026","0","35","1","0","0","1","133","0","8499"
"73031","0","0","1","1","0","1","133","0","14914"
"73035","0","0","1","2","0","1","133","0","7646"
"73036","0","0","1","0","0","1","133","0","8019"
"73040","0","0","1","1","0","1","133","0","9835"
"73045","0","0","1","1","20","1","133","0","9485"
"73047","0","0","1","0","0","1","133","0","10496"
"73048","0","0","0","0","0","1","133","0","10211"
"73049","0","0","0","0","0","1","133","0","10212"
"73051","0","50","1","1","0","1","133","0","10159"
"73053","0","132","2","0","0","2","133","0","1719"
"73057","0","0","1","1","0","1","133","0","10180"
"73058","0","0","1","1","0","1","133","0","10181"
"73063","0","0","1","1","0","1","133","0","10173"
"73067","0","0","2","0","0","2","133","0","9850"
"73074","0","44","0","0","0","0","0","0","9821"
"73075","0","0","2","0","0","2","133","0","8649"
"73076","0","0","1","0","0","1","133","0","8905"
"73078","0","0","1","1","0","1","133","0","9833"
"73079","0","0","1","1","0","1","133","0","10951"
"73080","0","0","1","1","7","1","133","0","9853"
"73081","0","0","1","0","0","1","133","0","9758"
"73083","0","0","1","1","0","1","133","0","131"
"73085","0","0","1","1","0","1","133","0","8921"
"73088","0","0","1","1","0","1","133","0","10174"
"73089","0","56","1","1","0","1","133","0","10177"
"73091","0","0","1","1","0","1","133","0","8924"
"73092","0","0","1","1","0","1","133","0","8938"
"73096","0","0","1","0","0","1","133","0","10216"
"73097","0","0","1","1","18","1","133","0","710"
"73104","0","56","1","1","0","1","133","0","10225"
"73105","0","0","1","1","0","1","133","0","8939"
"73106","0","19","1","0","0","1","133","0","8103"
"73108","0","0","1","1","0","1","133","0","9907"
"73111","0","0","2","0","15","2","133","0","8633"
"73114","0","0","1","1","0","1","133","0","8929"
"73117","0","0","1","0","0","1","133","0","8400"
"73121","0","49","1","0","0","1","133","0","8198"
"73123","0","84","2","0","0","2","133","0","9000"
"73126","0","0","2","0","0","2","133","0","8820"
"73129","0","56","1","1","0","1","133","0","8457"
"73132","0","0","1","1","0","1","133","0","8926"
"73134","0","0","1","0","0","1","133","0","8289"
"73135","0","0","1","1","0","1","133","0","8406"
"73136","0","40","2","0","0","2","133","0","8621"
"73139","0","0","2","0","0","2","133","0","9904"
"73140","0","0","1","1","0","1","133","0","8927"
"73141","0","0","1","0","0","1","133","0","8181"
"73145","0","19","1","1","0","1","133","0","8058"
"73146","0","0","1","0","0","1","133","0","8946"
"73157","0","50","1","1","0","1","133","0","10160"
"73159","0","0","1","0","0","1","133","0","8903"
"73162","0","0","1","1","0","1","133","0","8928"
"73163","0","84","2","0","0","2","133","0","8998"
"73166","0","43","1","1","5","1","133","0","8124"
"73168","0","44","0","0","0","0","0","0","8696"
"73169","0","0","2","0","0","2","133","0","8650"
"73170","0","0","1","0","0","1","133","0","8184"
"73172","0","0","1","0","0","1","133","0","8401"
"73173","0","0","1","0","0","1","133","0","10145"
"73174","0","0","1","1","0","1","133","0","10179"
"73175","0","46","1","0","0","1","133","0","9862"
"73180","0","0","2","0","0","2","133","0","8624"
"73182","0","0","2","0","0","2","133","0","8992"
"73186","0","0","1","1","0","1","133","0","8317"
"73188","0","56","1","1","19","1","133","0","17"
"73192","0","0","1","0","0","1","133","0","10220"
"73193","0","0","1","1","0","1","133","0","9839"
"73194","0","0","1","1","0","1","133","0","9841"
"73196","0","0","1","1","0","1","133","0","8925"
"73197","0","0","1","0","0","1","133","0","8143"
"73201","0","0","1","0","0","1","133","0","10219"
"73204","0","0","2","0","0","2","133","0","9849"
"73205","0","0","1","0","0","1","133","0","8288"
"73208","0","0","1","0","0","1","133","0","8227"
"73213","0","0","2","0","0","2","133","0","8724"
"73214","0","0","1","0","0","1","133","0","10215"
"73216","0","0","1","1","7","1","133","0","9852"
"73219","0","0","1","0","0","1","133","0","8154"
"73221","0","0","2","0","0","2","133","0","9823"
"73222","0","0","0","0","15","0","0","0","9824"
"73223","0","0","0","0","15","0","0","0","9826"
"73224","0","0","2","0","0","2","133","0","9827"
"73225","0","0","1","1","0","1","133","0","8316"
"73226","0","0","1","1","0","1","133","0","9910"
"73227","0","0","1","0","0","1","133","0","9912"
"73232","0","0","1","1","0","1","133","0","8494"
"73234","0","0","1","0","0","1","133","0","8249"
"73237","0","19","1","0","0","1","133","0","8092"
"73243","0","0","1","0","0","1","133","0","10462"
"73246","0","0","1","0","0","1","133","0","10396"
"73249","0","0","1","1","0","1","133","0","10892"
"73250","0","19","1","0","0","1","133","0","10199"
"73252","0","0","2","0","0","2","133","0","9866"
"73253","0","0","1","1","0","1","133","0","10192"
"73256","0","0","1","0","0","1","133","0","9898"
"73257","0","0","1","0","0","1","133","0","9901"
"73258","0","1192","1","1","0","1","133","0","10797"
"73264","0","0","1","0","0","1","133","0","10585"
"73265","0","0","1","0","0","1","133","0","10587"
"73267","0","56","1","1","19","1","133","0","10898"
"73268","0","0","1","0","0","1","133","0","10324"
"73270","0","56","1","1","19","1","133","0","10900"
"73271","0","0","1","1","0","1","133","0","10191"
"73272","0","0","1","0","0","1","133","0","9875"
"73273","0","0","2","0","15","2","133","0","11273"
"73274","0","0","2","0","0","2","133","0","9867"
"73278","0","0","2","0","15","2","133","0","11275"
"73279","0","0","1","1","0","1","133","0","10957"
"73280","0","250","1","0","0","1","133","0","11113"
"73282","0","0","1","1","0","1","133","0","10193"
"73291","0","32","1","1","12","1","133","0","10308"
"73294","0","0","1","0","0","1","133","0","10322"
"73296","0","0","1","0","0","1","133","0","8950"
"73299","0","45","1","0","0","1","133","0","10427"
"73300","0","19","1","0","0","1","133","0","10412"
"73302","0","0","1","0","0","1","133","0","10201"
"73303","0","0","2","0","15","2","133","0","11274"
"73304","0","0","1","1","1","1","133","0","10911"
"73305","0","56","1","1","0","1","133","0","10223"
"73309","0","35","1","0","0","1","133","0","10318"
"73311","0","0","1","0","0","1","133","0","10202"
"73312","0","0","1","1","0","1","133","0","10432"
"73314","0","19","1","0","0","1","133","0","10197"
"73318","0","0","1","1","0","1","133","0","8907"
"73326","0","0","1","0","0","1","133","0","10301"
"73328","0","0","1","0","0","1","133","0","10149"
"73333","0","46","1","0","0","1","133","0","9863"
"73337","0","0","1","0","0","1","133","0","10150"
"73338","0","0","1","0","0","1","133","0","10600"
"73340","0","0","1","1","0","1","133","0","10958"
"73342","0","0","1","1","0","1","133","0","10431"
"73343","0","0","1","0","0","1","133","0","10406"
"73345","0","40","2","0","0","2","133","0","694"
"73347","0","0","1","0","0","1","133","0","10399"
"73348","0","19","1","1","0","1","133","0","10473"
"73349","0","0","1","0","0","1","133","0","10478"
"73350","0","0","1","0","0","1","133","0","10292"
"73351","0","0","1","0","0","1","133","0","10293"
"73354","0","0","2","0","15","2","133","0","9894"
"73356","0","0","1","1","0","1","133","0","8910"
"73357","0","0","1","1","0","1","133","0","8940"
"73358","0","0","1","1","0","1","133","0","8941"
"73359","0","0","1","0","0","1","133","0","10300"
"73361","0","0","1","1","0","1","133","0","10156"
"73365","0","56","1","1","19","1","133","0","10899"
"73370","0","0","1","0","0","1","133","0","10148"
"73371","0","0","2","0","15","2","133","0","9896"
"73372","0","0","1","0","0","1","133","0","10538"
"73373","0","0","1","0","0","1","133","0","10479"
"73379","0","50","1","1","0","1","133","0","120"
"73380","0","0","1","0","0","1","133","0","8402"
"73381","0","0","1","1","0","1","133","0","9840"
"73384","0","0","1","0","0","1","133","0","8166"
"73385","0","0","1","0","0","1","133","0","10963"
"73386","0","0","1","0","0","1","133","0","10964"
"73389","0","85","2","0","0","2","133","0","9908"
"73395","0","0","1","1","0","1","133","0","10170"
"73398","0","0","0","0","15","0","0","0","9007"
"73399","0","19","1","0","0","1","133","0","10413"
"73401","0","0","1","0","0","1","133","0","10139"
"73411","0","0","2","0","0","2","133","0","9830"
"73412","0","0","2","0","0","2","0","0","9881"
"73414","0","0","1","1","0","1","133","0","9884"
"73415","0","0","1","0","0","1","133","0","10140"
"73416","0","0","1","0","0","1","133","0","10965"
"73418","0","0","1","2","0","1","133","0","9035"
"73423","0","0","1","0","0","1","133","0","10442"
"73425","0","0","2","0","0","2","133","0","8721"
"73426","0","0","1","0","0","1","133","0","9472"
"73427","0","0","1","0","0","1","133","0","9473"
"73428","0","0","1","0","0","1","133","0","9474"
"73434","0","0","1","0","0","1","133","0","10622"
"73435","0","0","1","1","0","1","133","0","9834"
"73441","0","0","1","0","0","1","133","0","10138"
"73446","0","0","2","0","0","2","133","0","9829"
"73447","0","0","1","0","0","1","133","0","10206"
"73448","0","0","1","0","0","1","133","0","10328"
"73449","0","0","1","0","0","1","133","0","10961"
"73451","0","0","1","1","0","1","133","0","10169"
"73455","0","0","1","0","0","1","133","0","10391"
"73456","0","0","1","0","0","1","133","0","10392"
"73457","0","0","1","0","0","1","133","0","10207"
"73459","0","0","1","0","0","1","133","0","9876"
"73462","0","19","1","1","0","1","133","0","10447"
"73463","0","20","1","1","29","1","133","0","10278"
"73465","0","82","1","1","0","1","133","0","9579"
"73466","0","56","1","1","19","1","133","0","10901"
"73467","0","0","1","0","0","1","133","0","10059"
"73468","0","0","0","1","0","1","0","0","10060"
"73471","0","0","1","1","0","1","133","0","9858"
"73474","0","0","1","0","0","1","133","0","705"
"73475","0","85","2","0","0","2","133","0","9754"
"73477","0","0","1","1","0","1","133","0","10952"
"73479","0","19","1","0","0","1","133","0","10312"
"73486","0","19","1","0","0","1","133","0","10313"
"73487","0","19","1","0","0","1","133","0","10314"
"73491","0","0","1","0","0","1","133","0","10456"
"73496","0","56","1","0","0","1","133","0","10310"
"73499","0","0","1","1","0","1","133","0","10157"
"73500","0","0","2","0","0","2","133","0","9005"
"73501","0","0","1","1","0","1","133","0","9885"
"73503","0","0","2","0","0","2","0","0","9880"
"73505","0","0","1","0","0","1","133","0","10395"
"73508","0","0","1","0","0","1","133","0","10144"
"73512","0","0","1","0","0","1","133","0","10329"
"73515","0","35","1","1","0","1","133","0","10230"
"73524","0","0","1","0","0","1","133","0","11730"
"73530","0","19","1","0","0","1","133","0","10414"
"73532","0","0","2","0","0","2","133","0","11604"
"73534","0","0","1","0","0","1","133","0","10613"
"73537","0","35","1","0","0","1","133","0","11315"
"73539","0","471","1","1","0","1","133","0","11426"
"73540","0","0","1","0","0","1","133","0","12523"
"73543","0","0","1","0","0","1","133","0","11366"
"73547","0","0","1","0","0","1","133","0","10953"
"73550","0","0","1","0","0","1","133","0","10526"
"73553","0","0","1","0","0","1","133","0","10614"
"73558","0","0","1","0","0","1","133","0","11762"
"73559","0","0","1","0","0","1","133","0","11763"
"73566","0","0","2","0","0","2","133","0","11605"
"73570","0","0","1","0","0","1","133","0","11549"
"73573","0","19","1","0","0","1","133","0","10946"
"73577","0","49","1","0","0","1","133","0","11581"
"73579","0","0","2","0","0","2","133","0","11596"
"73583","0","82","1","1","0","1","133","0","10941"
"73585","0","35","1","0","0","1","133","0","11314"
"73590","0","0","1","0","0","1","133","0","11684"
"73591","0","0","2","0","0","2","133","0","11198"
"73592","0","0","1","1","0","1","133","0","10938"
"73594","0","0","1","0","0","1","133","0","10205"
"73596","0","82","1","1","0","1","133","0","10942"
"73601","0","82","2","0","0","2","133","0","11303"
"73602","0","44","0","0","0","0","0","0","11305"
"73605","0","19","1","1","0","1","133","0","10472"
"73606","0","65","2","0","0","2","133","0","11585"
"73609","0","0","2","0","0","2","133","0","11597"
"73621","0","0","2","0","0","2","0","0","11567"
"73622","0","0","2","0","0","2","133","0","11279"
"73625","0","44","0","0","0","2","0","0","11578"
"73629","0","0","1","1","0","1","0","0","11129"
"73630","0","0","2","0","0","2","133","0","11280"
"73636","0","85","1","0","0","1","133","0","10605"
"73640","0","0","1","0","0","1","133","0","10497"
"73641","0","84","2","0","0","2","133","0","9892"
"73642","0","19","1","1","0","1","133","0","10448"
"73646","0","0","1","0","0","1","0","0","10273"
"73651","0","0","1","0","11","1","0","0","12486"
"73652","0","0","1","1","0","1","133","0","10927"
"73653","0","0","1","0","0","1","133","0","10486"
"73656","0","0","1","0","0","1","0","0","10274"
"73661","0","0","1","1","0","1","133","0","10928"
"73669","0","0","1","1","0","1","133","0","10894"
"73673","0","36","1","0","0","1","133","0","7811"
"73677","0","0","1","0","0","1","133","0","10291"
"73680","0","0","1","0","0","1","133","0","10595"
"73681","0","0","1","0","0","1","133","0","10874"
"73683","0","0","1","0","0","1","133","0","10875"
"73684","0","0","0","0","0","1","133","0","10438"
"73686","0","45","1","0","0","1","133","0","10428"
"73687","0","0","0","0","0","1","133","0","10437"
"73693","0","56","1","1","0","1","133","0","11739"
"73697","0","0","1","0","0","1","133","0","10495"
"73698","0","0","1","1","1","1","133","0","10912"
"73700","0","0","1","0","0","1","133","0","10909"
"73707","0","0","1","0","0","1","133","0","10463"
"73709","0","0","1","0","0","1","133","0","11733"
"73710","0","0","1","0","0","1","133","0","10627"
"73711","0","0","1","0","0","1","133","0","10881"
"73712","0","0","1","0","0","1","133","0","10467"
"73713","0","0","1","1","20","1","133","0","10955"
"73715","0","0","2","0","0","2","133","0","11300"
"73718","0","0","1","0","0","1","133","0","10468"
"73720","0","0","1","0","0","1","133","0","10407"
"73721","0","43","1","1","5","1","133","0","10888"
"73723","0","19","1","0","0","1","133","0","10947"
"73726","0","0","1","0","0","1","133","0","11417"
"73727","0","33","1","1","23","1","133","0","10326"
"73730","0","0","2","0","0","2","0","0","11608"
"73734","0","0","1","0","0","1","133","0","10623"
"73740","0","0","1","0","0","1","133","0","10586"
"73742","0","0","1","0","0","1","133","0","10466"
"73743","0","0","1","2","0","1","133","0","702"
"73752","0","0","1","0","0","1","133","0","10408"
"73753","0","0","1","1","0","1","133","0","10929"
"73755","0","0","1","0","0","1","133","0","10915"
"73756","0","0","1","0","0","1","133","0","10916"
"73757","0","0","1","0","0","1","133","0","11418"
"73758","0","0","1","0","0","1","133","0","11419"
"73762","0","0","1","0","0","1","133","0","10933"
"73765","0","0","1","0","0","1","133","0","10917"
"73774","0","0","1","0","0","1","133","0","10290"
"73775","0","0","1","0","0","1","133","0","10880"
"73777","0","0","1","0","0","1","133","0","10537"
"73780","0","0","1","0","0","1","133","0","10601"
"73782","0","0","1","1","0","1","0","0","12472"
"73783","0","0","1","0","0","1","133","0","10876"
"73784","0","0","1","0","0","1","133","0","10934"
"73787","0","43","1","1","5","1","133","0","10890"
"73790","0","0","1","1","0","1","133","0","10893"
"73792","0","0","2","0","0","2","133","0","11299"
"73793","0","0","1","0","0","1","133","0","10960"
"73795","0","0","1","2","0","1","133","0","11712"
"73797","0","0","1","1","0","1","0","0","12536"
"73802","0","971","2","0","0","2","133","0","12294"
"73804","0","0","1","2","0","1","133","0","11711"
"73806","0","0","2","0","0","2","0","0","11565"
"73812","0","0","2","0","0","2","0","0","11566"
"73819","0","0","1","1","0","1","133","0","11703"
"73825","0","0","1","1","0","1","133","0","10937"
"73831","0","0","1","0","1","1","133","0","11725"
"73832","0","0","1","0","0","1","133","0","10298"
"73833","0","0","1","0","0","1","133","0","10299"
"73838","0","0","1","0","0","1","133","0","11729"
"73839","0","49","1","0","0","1","133","0","11580"
"73848","0","0","1","0","0","1","133","0","11551"
"73850","0","19","1","0","0","1","133","0","10945"
"73852","0","0","1","0","11","1","133","0","12323"
"73855","0","0","1","1","0","1","133","0","11671"
"73856","0","0","1","0","11","1","0","0","12485"
"73857","0","0","1","0","12","1","0","0","12355"
"73859","0","40","1","0","0","1","133","0","11778"
"73860","0","0","1","0","0","1","133","0","11678"
"73865","0","0","1","0","0","1","133","0","11550"
"73867","0","0","2","0","0","2","0","0","11564"
"73873","0","0","1","0","0","1","133","0","11683"
"73874","0","0","1","2","0","1","133","0","11713"
"73876","0","0","0","0","11","0","0","0","12705"
"73877","0","65","2","0","0","2","133","0","11600"
"73884","0","0","1","0","0","1","133","0","12524"
"73890","0","0","2","0","15","2","133","0","11573"
"73891","0","0","2","0","15","2","133","0","11574"
"73892","0","0","1","2","0","1","133","0","11708"
"73894","0","65","2","0","0","2","133","0","11601"
"73898","0","56","1","1","0","1","133","0","11740"
"73899","0","0","1","0","0","1","133","0","11734"
"73900","0","0","1","0","0","1","133","0","11735"
"73902","0","0","1","1","0","1","133","0","11665"
"73910","0","0","1","0","0","1","133","0","12522"
"73911","0","0","1","0","0","1","133","0","11555"
"73912","0","0","2","0","15","2","133","0","11289"
"73915","0","0","1","1","0","1","133","0","11770"
"73917","0","40","2","0","0","2","133","0","11294"
"73918","0","82","1","0","0","1","133","0","11785"
"73920","0","0","1","0","0","1","133","0","11660"
"73921","0","0","2","0","15","2","133","0","11290"
"73925","0","0","2","0","15","2","133","0","11572"
"73928","0","0","0","0","0","1","133","0","12051"
"73929","0","0","1","0","0","1","133","0","11661"
"73930","0","0","1","1","0","1","133","0","11667"
"73931","0","0","1","1","0","1","133","0","11668"
"73934","0","65","2","0","0","2","133","0","11584"
"73936","0","0","1","0","0","1","133","0","11416"
"73938","0","36","1","0","0","1","133","0","11775"
"73939","0","0","1","0","0","1","133","0","11659"
"73940","0","0","1","1","0","1","133","0","11672"
"73944","0","0","1","0","0","1","133","0","11694"
"73945","0","0","1","0","0","1","133","0","11695"
"73946","0","0","1","0","0","1","133","0","11677"
"73948","0","0","1","0","1","1","133","0","11726"
"73950","0","0","2","0","0","2","0","0","11609"
"73951","0","0","1","0","0","1","133","0","11693"
"73954","0","0","1","0","0","1","133","0","11554"
"73958","0","0","1","0","0","1","133","0","12505"
"73959","0","0","1","1","7","1","0","0","12494"
"73960","0","0","1","0","0","1","133","0","11688"
"73961","0","0","1","0","0","1","133","0","11689"
"73962","0","82","1","0","0","1","133","0","11784"
"73964","0","0","1","1","0","1","133","0","11771"
"73965","0","0","1","0","0","1","133","0","13159"
"73966","0","0","2","0","0","2","133","0","11268"
"73975","0","0","1","1","0","1","133","0","11704"
"73977","0","0","1","0","0","1","133","0","12525"
"73978","0","0","1","0","0","1","133","0","12526"
"73979","0","0","2","0","0","2","133","0","11197"
"73980","0","40","2","0","0","2","133","0","11293"
"73981","0","0","1","0","0","1","133","0","11687"
"73982","0","0","1","2","0","1","133","0","11721"
"73984","0","40","1","0","0","1","133","0","11780"
"73992","0","0","1","0","0","1","133","0","11675"
"73996","0","0","1","2","0","1","133","0","11717"
"73998","0","36","1","0","0","1","133","0","11774"
"74001","0","1151","1","1","0","1","0","0","12043"
"74004","0","0","1","0","0","1","133","0","11556"
"74008","0","0","2","0","0","2","133","0","11269"
"74009","0","0","1","2","0","1","133","0","11722"
"74010","0","0","1","2","0","1","133","0","11707"
"74019","0","0","3","4","0","2","133","0","13553"
"74024","0","471","1","1","0","1","133","0","13032"
"74025","0","471","1","1","0","1","133","0","13033"
"74041","0","0","2","0","12","2","133","0","12809"
"74051","0","250","1","0","0","1","133","0","13019"
"74058","0","0","1","2","0","1","133","0","11719"
"74060","0","0","1","0","0","1","133","0","11420"
"74069","0","0","2","0","0","2","133","0","11281"
"74073","0","911","3","0","0","2","133","0","15631"
"74079","0","1144","1","1","0","1","133","0","13896"
"74083","0","0","2","0","0","2","133","0","14267"
"74086","0","0","2","0","0","2","133","0","11267"
"74095","0","911","3","0","0","2","133","0","15629"
"74100","0","85","3","0","0","2","133","0","14290"
"74104","0","65","2","0","0","2","133","0","14269"
"74105","0","65","2","0","0","2","133","0","14270"
"74106","0","65","2","0","0","2","133","0","14271"
"74107","0","0","1","0","0","1","133","0","13165"
"74108","0","50","1","1","0","1","133","0","10161"
"74119","0","40","2","0","0","2","0","0","14261"
"74121","0","0","1","0","0","1","0","0","14315"
"74124","0","0","1","1","17","1","133","0","12826"
"74132","0","0","1","1","17","1","133","0","12824"
"74137","0","33","2","0","0","2","133","0","11286"
"74140","0","33","2","0","0","2","133","0","11285"
"74146","0","40","1","0","0","1","133","0","11779"
"74150","0","0","1","1","0","1","133","0","11699"
"74153","0","0","1","0","12","0","0","0","12798"
"74155","0","0","2","0","30","2","133","0","11297"
"74169","0","0","0","1","0","0","0","0","12654"
"74170","0","0","2","0","0","2","133","0","14268"
"74171","0","911","3","0","0","2","133","0","15630"
"74172","0","0","3","4","0","2","133","0","13555"
"74177","0","0","0","0","0","0","133","0","26064"
"74178","0","0","1","0","0","1","133","0","13161"
"74179","0","0","1","0","0","1","133","0","13163"
"74180","0","0","1","0","11","1","0","0","12484"
"74181","0","911","3","0","0","2","133","0","15632"
"74187","0","250","1","0","0","1","133","0","13018"
"74194","0","0","1","0","0","1","0","0","11681"
"74197","0","0","1","1","0","1","133","0","11700"
"74199","0","250","1","0","0","1","133","0","13020"
"74200","0","250","1","0","0","1","133","0","13021"
"74201","0","0","3","4","0","2","133","0","13552"
"74222","0","471","1","1","0","1","133","0","13031"
"74228","0","56","1","1","0","1","133","0","28609"
"74231","0","1173","3","0","0","2","133","0","14284"
"74236","0","82","2","0","0","2","133","0","14272"
"74242","0","0","1","1","0","1","133","0","13543"
"74247","0","1175","3","4","0","2","133","0","14279"
"74248","0","411","0","0","0","1","133","0","13809"
"74249","0","1173","3","0","0","2","133","0","14285"
"74250","0","0","1","1","0","1","0","0","14299"
"74251","0","0","1","1","0","1","0","0","14300"
"74254","0","1175","3","4","0","2","133","0","14280"
"74255","0","0","2","0","0","2","133","0","14278"
"74262","0","1173","3","0","0","2","133","0","14286"
"74263","0","0","1","0","21","1","133","0","13819"
"74265","0","0","0","1","0","0","133","0","14325"
"74271","0","0","1","1","0","1","0","0","13797"
"74273","0","0","1","1","0","1","133","0","15261"
"74275","0","0","0","0","0","0","133","0","13750"
"74276","0","0","1","1","0","1","0","0","14301"
"74277","0","0","1","1","0","1","133","0","15264"
"74279","0","411","0","0","0","1","133","0","14316"
"74280","0","82","1","0","0","1","0","0","14921"
"74283","0","1173","3","0","0","2","133","0","14287"
"74284","0","85","3","0","0","2","133","0","14288"
"74285","0","85","3","0","0","2","133","0","14289"
"74287","0","0","1","0","0","1","133","0","15207"
"74288","0","33","1","1","5","1","133","0","14326"
"74290","0","0","1","1","0","1","133","0","15263"
"74292","0","33","1","1","5","1","133","0","14327"
"74305","0","0","1","1","0","1","133","0","13544"
"74306","0","411","0","0","0","1","133","0","13813"
"74311","0","40","2","0","0","2","0","0","14260"
"74314","0","82","2","0","0","2","133","0","14273"
"74315","0","911","3","0","0","2","133","0","14274"
"74316","0","0","1","1","0","1","0","0","14298"
"74319","0","0","1","0","0","1","0","0","13812"
"74321","0","411","0","0","0","1","133","0","13795"
"74323","0","82","1","0","0","1","0","0","14919"
"74324","0","1173","3","0","0","2","133","0","14281"
"74331","0","0","1","0","0","1","133","0","15107"
"74332","0","411","0","0","0","1","133","0","14310"
"74342","0","56","1","1","19","1","133","0","592"
"74344","0","671","1","0","0","1","133","0","13908"
"74349","0","411","0","0","0","1","133","0","14303"
"74356","0","49","3","0","0","2","133","0","14294"
"74360","0","411","0","0","0","1","133","0","14311"
"74361","0","0","1","0","0","1","0","0","14314"
"74369","0","0","1","1","17","1","133","0","118"
"74372","0","411","0","0","0","1","133","0","14304"
"74386","0","0","3","4","0","2","133","0","13554"
"74388","0","0","1","1","17","1","133","0","12825"
"74398","0","0","1","1","0","1","133","0","13542"
"74401","0","411","0","0","0","1","133","0","14305"
"74402","0","40","2","0","0","2","0","0","14264"
"74403","0","40","2","0","0","2","0","0","14265"
"74404","0","40","2","0","0","2","0","0","14266"
"74405","0","411","0","0","0","1","133","0","14302"
"74408","0","0","3","4","0","2","133","0","13551"
"74417","0","0","3","4","0","2","133","0","13549"
"74418","0","0","3","4","0","2","133","0","13550"
"74420","0","40","2","0","0","2","0","0","14262"
"74421","0","40","2","0","0","2","0","0","14263"
"74430","0","0","1","1","0","1","133","0","14818"
"74431","0","0","1","1","0","1","133","0","14819"
"74434","0","0","0","1","0","0","133","0","14323"
"74442","0","0","1","0","0","1","133","0","18809"
"74454","0","0","0","0","0","0","133","0","13877"
"74458","0","0","1","0","0","1","133","0","15208"
"74463","0","0","1","0","0","1","133","0","28612"
"74466","0","0","0","0","0","0","133","0","14185"
"74467","0","0","1","0","0","1","133","0","15112"
"74473","0","431","1","0","0","1","133","0","15237"
"74486","0","0","1","0","0","1","133","0","14318"
"74487","0","0","1","0","0","1","133","0","14319"
"74490","0","0","1","0","0","1","133","0","15111"
"74498","0","0","1","0","0","0","0","0","25997"
"74504","0","0","0","1","0","0","133","0","14324"
"74506","0","1173","3","0","0","2","133","0","14282"
"74523","0","0","1","1","0","1","133","0","15265"
"74527","0","1173","3","0","0","2","133","0","14283"
"74529","0","0","1","0","0","1","133","0","14322"
"74532","0","56","1","1","0","1","133","0","28610"
"74537","0","0","1","1","0","1","0","0","14743"
"74540","0","0","1","0","0","1","133","0","14320"
"74546","0","0","2","0","0","2","133","0","14251"
"74552","0","36","1","0","0","1","133","0","7810"
"74568","0","411","0","0","0","1","133","0","14317"
"74570","0","0","1","1","0","1","0","0","14751"
"74602","0","0","3","0","0","2","133","0","14296"
"74622","0","82","1","0","0","1","0","0","14916"
"74624","0","0","1","1","0","1","0","0","7812"
"74629","0","0","1","1","0","1","133","0","15266"
"74630","0","0","1","1","0","1","133","0","15267"
"74639","0","0","1","0","0","1","133","0","14321"
"74642","0","36","1","0","0","1","133","0","7809"
"74653","0","0","0","1","0","0","0","0","16177"
"74656","0","49","3","0","0","2","133","0","14295"
"74669","0","73","1","0","0","1","133","0","7814"
"74670","0","40","1","0","0","1","133","0","7815"
"74675","0","39","0","0","0","0","133","0","15473"
"74709","0","431","1","0","0","1","133","0","15431"
"74721","0","0","1","1","0","1","133","0","14752"
"74730","0","0","1","1","9","1","133","0","15487"
"74761","0","82","2","0","0","2","133","0","1966"
"74775","0","0","1","1","0","1","133","0","15262"
"74778","0","0","1","0","0","1","133","0","17311"
"74785","0","82","1","0","0","1","133","0","7813"
"74786","0","0","1","0","0","1","0","0","11682"
"74820","0","19","1","0","0","1","133","0","8102"
"74821","0","0","1","0","0","1","133","0","8445"
"74825","0","0","1","0","0","1","133","0","16315"
"74834","0","531","1","1","0","1","133","0","16689"
"74838","0","0","2","0","0","2","133","0","17348"
"74858","0","0","2","0","0","2","133","0","16511"
"74860","0","0","1","0","0","1","133","0","17850"
"74862","0","0","1","0","0","1","133","0","16314"
"74866","0","82","2","0","0","2","133","0","16697"
"74905","0","0","1","0","0","1","133","0","17728"
"74913","0","0","1","0","0","1","133","0","16316"
"74920","0","0","0","1","0","0","0","0","16236"
"74921","0","0","0","1","0","0","0","0","16237"
"74924","0","0","1","1","0","1","0","0","16188"
"74931","0","591","1","0","0","1","133","0","16190"
"74942","0","0","1","0","0","1","133","0","16341"
"74966","0","0","1","0","0","1","133","0","16356"
"74973","0","0","1","0","0","1","133","0","16362"
"74984","0","0","1","0","0","1","133","0","15407"
"74987","0","0","1","0","0","1","133","0","16342"
"75006","0","431","1","0","0","1","133","0","15430"
"75011","0","19","2","0","0","2","133","0","17261"
"75015","0","0","1","0","0","1","133","0","20218"
"75019","0","531","1","1","0","1","133","0","16813"
"75020","0","0","2","0","0","2","133","0","16832"
"75028","0","19","2","0","0","2","133","0","17258"
"75029","0","84","1","0","0","1","133","0","17751"
"75038","0","531","1","1","0","1","133","0","16812"
"75040","0","84","1","0","0","1","133","0","17750"
"75041","0","0","2","0","0","2","133","0","17347"
"75045","0","0","2","0","0","2","133","0","16827"
"75068","0","0","1","0","0","1","133","0","17767"
"75070","0","651","1","0","0","1","133","0","18869"
"75081","0","651","1","0","0","1","133","0","18870"
"75093","0","0","0","0","0","2","0","0","16979"
"75116","0","0","1","1","0","1","133","0","15286"
"75119","0","1133","1","1","0","1","133","0","17390"
"75124","0","0","1","1","0","1","0","0","16166"
"75132","0","0","2","0","0","2","133","0","16829"
"75133","0","0","1","0","0","1","133","0","17853"
"75148","0","1133","1","1","0","1","133","0","17392"
"75153","0","0","1","0","0","1","133","0","16387"
"75174","0","0","1","0","0","1","133","0","16339"
"75205","0","0","2","0","0","2","133","0","16830"
"75206","0","0","2","0","0","2","133","0","16831"
"75211","0","0","1","0","0","1","133","0","17854"
"75234","0","19","2","0","0","2","133","0","17260"
"75249","0","0","1","0","0","1","133","0","17314"
"75255","0","571","1","0","0","1","133","0","16914"
"75258","0","0","1","0","0","1","133","0","16355"
"75266","0","0","1","0","0","1","133","0","17951"
"75292","0","0","1","0","0","1","133","0","17852"
"75299","0","571","1","0","0","1","133","0","17402"
"75301","0","571","1","0","0","1","133","0","17401"
"75304","0","0","1","0","0","1","133","0","17851"
"75308","0","0","1","0","0","1","133","0","17921"
"75309","0","0","1","0","0","1","133","0","17922"
"75310","0","0","1","0","0","1","133","0","17923"
"75312","0","0","0","0","0","1","133","0","18220"
"75320","0","19","2","0","0","2","133","0","17256"
"75321","0","19","2","0","0","2","133","0","17257"
"75322","0","19","2","0","0","2","133","0","17259"
"75331","0","0","1","1","0","1","133","0","18137"
"75341","0","691","1","3","0","1","133","0","19276"
"75346","0","19","2","0","0","2","133","0","17253"
"75349","0","651","1","0","0","1","133","0","18867"
"75350","0","651","1","0","0","1","133","0","18868"
"75368","0","0","1","0","0","1","133","0","17953"
"75375","0","651","1","0","0","1","133","0","17877"
"75376","0","1133","1","1","0","1","133","0","17391"
"75404","0","0","1","2","11","1","133","0","18223"
"75418","0","0","1","1","0","1","133","0","16864"
"75426","0","84","1","0","0","1","133","0","17752"
"75427","0","0","1","0","0","1","133","0","17727"
"75428","0","0","1","0","0","1","133","0","17313"
"75432","0","0","1","1","0","1","0","0","17116"
"75434","0","19","2","0","0","2","133","0","17255"
"75438","0","0","1","0","12","1","0","0","18093"
"75441","0","0","1","0","0","2","133","0","26187"
"75442","0","0","2","0","0","2","133","0","16828"
"75445","0","0","1","0","0","1","133","0","17312"
"75450","0","531","1","1","0","1","133","0","17329"
"75454","0","0","2","1","0","2","133","0","17364"
"75477","0","633","1","1","0","1","133","0","17925"
"75480","0","1133","1","1","0","1","133","0","16857"
"75483","0","0","1","0","0","1","133","0","17919"
"75484","0","0","1","0","0","1","133","0","17920"
"75488","0","531","1","1","0","1","133","0","16811"
"75492","0","531","1","1","0","1","133","0","16810"
"75504","0","0","1","2","0","0","0","0","19251"
"75506","0","671","1","0","0","1","133","0","19236"
"75507","0","671","1","0","0","1","133","0","19238"
"75510","0","671","1","0","0","1","133","0","19240"
"75512","0","0","1","1","0","1","0","0","18708"
"75518","0","1192","1","1","0","1","133","0","19304"
"75519","0","1192","1","1","0","1","133","0","19305"
"75534","0","1144","1","1","0","1","133","0","19275"
"75551","0","0","1","1","0","1","133","0","21082"
"75579","0","0","1","1","0","1","0","0","19438"
"75583","0","672","1","0","0","1","133","0","17962"
"75588","0","0","3","0","0","2","133","0","19801"
"75590","0","1111","3","4","10","2","133","0","19386"
"75595","0","1144","1","1","0","1","133","0","19273"
"75596","0","671","1","0","0","1","133","0","19241"
"75599","0","0","1","1","0","1","133","0","18265"
"75606","0","0","0","1","0","0","0","0","18288"
"75618","0","0","0","1","9","1","0","0","18498"
"75619","0","0","0","0","0","0","133","0","18499"
"75623","0","671","1","0","0","1","133","0","19242"
"75624","0","0","1","1","0","1","133","0","18879"
"75626","0","0","0","0","0","1","0","0","20271"
"75627","0","0","1","1","0","1","133","0","19265"
"75628","0","0","1","0","0","1","133","0","18540"
"75634","0","0","1","1","0","1","133","0","19266"
"75637","0","26","1","0","0","1","133","0","20742"
"75653","0","671","1","0","0","1","133","0","19243"
"75663","0","0","1","0","0","1","133","0","17952"
"75671","0","971","2","0","0","2","133","0","23923"
"75679","0","0","1","1","0","1","133","0","19262"
"75681","0","691","1","3","0","1","133","0","19277"
"75682","0","691","1","3","0","1","133","0","19278"
"75685","0","0","1","1","10","1","133","0","18657"
"75689","0","0","1","1","10","1","133","0","18658"
"75693","0","634","1","1","5","1","133","0","17928"
"75716","0","0","2","0","0","2","133","0","20662"
"75733","0","0","1","1","0","1","133","0","18880"
"75734","0","0","1","0","0","1","133","0","19941"
"75735","0","0","1","0","0","1","133","0","19942"
"75736","0","0","1","0","0","1","133","0","19943"
"75738","0","0","1","2","0","0","0","0","19252"
"75740","0","88","1","0","0","1","133","0","19244"
"75747","0","0","1","0","0","1","133","0","19900"
"75753","0","691","1","3","0","1","133","0","19279"
"75755","0","0","1","1","0","1","133","0","19837"
"75756","0","691","1","3","0","1","133","0","19280"
"75759","0","0","0","0","0","0","133","0","19882"
"75760","0","0","0","0","0","0","133","0","19884"
"75762","0","651","1","0","0","1","133","0","18871"
"75779","0","0","1","1","0","1","133","0","19977"
"75785","0","44","0","0","0","2","133","0","26177"
"75786","0","0","1","2","0","0","0","0","19249"
"75788","0","0","1","1","7","0","0","0","19185"
"75793","0","0","1","0","0","1","133","0","19895"
"75800","0","631","1","0","0","1","133","0","17924"
"75801","0","633","1","1","0","1","133","0","17926"
"75802","0","0","1","2","0","1","133","0","19285"
"75806","0","0","1","1","0","1","133","0","19838"
"75809","0","0","1","1","0","1","133","0","19740"
"75845","0","0","1","1","0","1","133","0","19660"
"75846","0","0","1","2","0","0","0","0","19253"
"75864","0","1144","1","1","0","1","133","0","19271"
"75869","0","0","1","0","0","1","133","0","19750"
"75875","0","1135","2","0","0","2","133","0","19306"
"75879","0","2","3","0","0","2","133","0","19434"
"75889","0","0","1","1","18","1","133","0","18647"
"75899","0","0","1","1","0","1","133","0","19854"
"75901","0","0","1","2","0","0","0","0","19254"
"75902","0","0","1","1","0","1","133","0","19979"
"75913","0","1192","1","1","0","1","133","0","19299"
"75917","0","84","1","0","0","1","133","0","17735"
"75922","0","44","0","0","0","2","133","0","26178"
"75926","0","672","1","0","0","1","133","0","18931"
"75927","0","0","1","1","0","1","133","0","18881"
"75933","0","0","1","1","0","1","0","0","20216"
"75934","0","0","1","1","0","1","133","0","20217"
"75943","0","672","1","0","0","1","133","0","18932"
"75948","0","672","1","0","0","1","133","0","18930"
"75950","0","1144","1","1","0","1","133","0","19274"
"75951","0","0","1","1","0","1","133","0","19308"
"75952","0","1192","1","1","0","1","133","0","19303"
"75954","0","0","0","0","0","1","133","0","18937"
"75955","0","0","1","1","0","1","133","0","19264"
"75958","0","0","1","0","0","1","133","0","19028"
"75964","0","0","1","0","0","1","133","0","18960"
"75968","0","0","3","0","0","2","133","0","19503"
"75970","0","0","0","0","0","0","133","0","19752"
"75971","0","0","1","1","0","1","133","0","19261"
"75980","0","0","1","2","0","1","133","0","19282"
"75981","0","0","1","0","0","1","133","0","18807"
"75983","0","0","1","0","0","1","133","0","18562"
"75985","0","1192","1","1","0","1","133","0","19302"
"75992","0","0","1","1","0","1","133","0","20375"
"75994","0","0","1","1","0","1","133","0","20291"
"75996","0","0","1","0","0","1","133","0","20752"
"76001","0","1132","1","0","0","1","133","0","19577"
"76006","0","0","1","0","0","1","133","0","19939"
"76007","0","0","1","0","0","1","133","0","19940"
"76009","0","0","1","1","0","1","133","0","20292"
"76011","0","0","1","1","0","1","133","0","20166"
"76014","0","0","1","0","0","1","133","0","19898"
"76016","0","0","1","0","0","1","133","0","20770"
"76017","0","0","1","0","0","1","133","0","20772"
"76018","0","12","1","0","0","1","133","0","19505"
"76021","0","0","1","1","0","1","0","0","19443"
"76026","0","12","1","0","0","1","133","0","19734"
"76027","0","0","1","1","0","1","0","0","20345"
"76028","0","0","1","1","0","1","0","0","20346"
"76029","0","0","0","0","0","0","133","0","19883"
"76030","0","0","0","0","0","0","133","0","19885"
"76032","0","1161","0","0","0","0","0","0","20608"
"76033","0","0","1","1","0","1","0","0","19442"
"76036","0","0","1","2","0","1","133","0","19281"
"76041","0","0","1","1","0","1","133","0","19655"
"76042","0","0","1","1","14","1","133","0","20066"
"76045","0","0","1","1","0","1","133","0","19656"
"76052","0","0","1","1","0","1","133","0","19852"
"76053","0","0","1","1","0","1","0","0","20185"
"76055","0","0","1","1","0","1","133","0","20154"
"76057","0","0","1","0","0","1","133","0","20609"
"76059","0","0","1","0","0","1","133","0","19897"
"76061","0","0","1","1","0","1","133","0","20305"
"76065","0","0","1","1","0","1","0","0","20344"
"76067","0","0","0","0","0","0","133","0","19574"
"76072","0","0","1","1","0","1","133","0","19853"
"76075","0","0","1","1","0","1","0","0","19440"
"76078","0","0","1","0","0","1","133","0","20043"
"76087","0","0","1","0","0","1","133","0","19746"
"76088","0","0","1","0","0","1","133","0","19876"
"76093","0","0","1","1","0","1","133","0","19478"
"76098","0","0","1","0","0","1","133","0","19896"
"76099","0","0","1","0","0","1","133","0","19899"
"76111","0","0","1","1","0","1","133","0","19978"
"76113","0","12","1","0","0","1","133","0","19736"
"76120","0","0","1","1","0","1","133","0","20165"
"76122","0","88","1","0","0","1","133","0","19647"
"76125","0","0","0","0","0","1","133","0","19506"
"76132","0","0","1","1","0","1","133","0","19836"
"76135","0","0","1","1","0","1","0","0","19441"
"76137","0","12","1","0","0","1","133","0","19731"
"76138","0","0","1","1","0","1","133","0","19312"
"76139","0","0","1","1","0","1","133","0","19309"
"76150","0","0","1","2","0","1","133","0","19283"
"76151","0","0","1","2","0","1","133","0","19284"
"76158","0","0","1","1","0","1","0","0","20184"
"76159","0","0","1","0","0","1","133","0","19891"
"76167","0","0","1","1","0","1","133","0","19311"
"76168","0","0","1","1","0","1","133","0","19310"
"76171","0","1192","1","1","0","1","133","0","19296"
"76174","0","0","1","1","0","1","133","0","19850"
"76175","0","0","1","1","0","1","133","0","20164"
"76177","0","0","0","0","0","1","133","0","18938"
"76185","0","0","1","1","0","1","133","0","19834"
"76188","0","0","1","1","0","1","133","0","19835"
"76191","0","0","1","1","0","1","133","0","19742"
"76194","0","931","1","1","0","1","133","0","20928"
"76195","0","0","1","1","0","1","133","0","21562"
"76203","0","0","1","1","0","1","0","0","21183"
"76205","0","0","0","0","0","1","133","0","20906"
"76207","0","0","1","1","0","1","133","0","21084"
"76213","0","971","2","0","0","2","133","0","21553"
"76221","0","0","1","0","0","1","133","0","20776"
"76224","0","0","1","0","0","1","133","0","20777"
"76228","0","2","3","0","0","2","133","0","20900"
"76229","0","2","3","0","0","2","133","0","20902"
"76230","0","2","3","0","0","2","133","0","20904"
"76231","0","0","0","0","0","0","133","0","19878"
"76239","0","0","1","1","0","1","133","0","20920"
"76240","0","932","1","0","0","1","133","0","20923"
"76246","0","0","1","1","0","1","0","0","20186"
"76249","0","0","0","0","0","0","133","0","19879"
"76250","0","0","1","1","0","1","133","0","20356"
"76252","0","0","1","1","0","1","133","0","20913"
"76253","0","0","1","0","0","1","0","0","20286"
"76254","0","1161","0","0","0","0","0","0","21169"
"76256","0","0","1","1","0","1","133","0","20348"
"76267","0","0","1","1","0","1","133","0","20914"
"76271","0","0","1","1","0","1","133","0","20918"
"76274","0","1158","0","0","0","2","0","0","20252"
"76285","0","0","1","1","0","1","0","0","20188"
"76290","0","0","1","1","0","1","133","0","20915"
"76291","0","0","1","1","0","1","133","0","20307"
"76292","0","0","1","0","0","1","133","0","20610"
"76293","0","0","1","1","0","1","133","0","20290"
"76295","0","0","1","1","0","1","133","0","20349"
"76300","0","0","1","1","0","1","133","0","20162"
"76303","0","0","1","0","0","1","133","0","19888"
"76304","0","0","1","1","0","1","133","0","20347"
"76315","0","0","1","1","0","1","0","0","20354"
"76316","0","0","1","1","0","1","0","0","20355"
"76319","0","0","0","0","0","0","133","0","19880"
"76323","0","0","2","0","0","2","133","0","20243"
"76329","0","0","1","1","0","1","133","0","20306"
"76330","0","0","1","0","0","1","0","0","20187"
"76331","0","0","2","0","0","2","0","0","20569"
"76346","0","0","1","0","0","1","133","0","20190"
"76349","0","0","1","1","0","1","133","0","20308"
"76350","0","0","1","0","0","1","133","0","20773"
"76351","0","932","1","0","0","1","133","0","20116"
"76357","0","0","1","1","0","1","133","0","21564"
"76360","0","1158","0","0","0","2","0","0","20616"
"76361","0","1158","0","0","0","2","0","0","20617"
"76369","0","0","1","1","0","1","0","0","20302"
"76375","0","0","1","1","0","1","0","0","20300"
"76379","0","26","1","0","0","1","133","0","20484"
"76383","0","0","1","1","0","1","133","0","21850"
"76385","0","911","3","0","0","2","133","0","20736"
"76389","0","0","1","1","0","1","0","0","20961"
"76390","0","0","1","1","0","1","0","0","20962"
"76391","0","0","2","0","0","0","0","0","20963"
"76393","0","0","1","1","0","1","133","0","20289"
"76395","0","0","2","0","0","0","0","0","20964"
"76400","0","0","2","0","0","0","0","0","20647"
"76402","0","932","1","0","0","1","133","0","20922"
"76423","0","0","1","1","0","1","0","0","20425"
"76424","0","0","2","0","0","0","0","0","20966"
"76425","0","0","1","1","0","1","133","0","20287"
"76437","0","0","0","0","0","1","133","0","20905"
"76446","0","1186","1","1","0","1","133","0","20729"
"76449","0","1011","0","0","0","2","133","0","22895"
"76461","0","0","1","1","0","1","0","0","20967"
"76464","0","26","1","0","0","1","133","0","20739"
"76468","0","0","2","0","0","2","133","0","20660"
"76479","0","0","1","0","0","1","133","0","20756"
"76483","0","0","1","1","0","1","133","0","20919"
"76489","0","892","0","0","0","1","133","0","20473"
"76498","0","0","1","1","0","1","133","0","20357"
"76499","0","0","1","1","0","1","133","0","20288"
"76510","0","0","1","1","0","1","133","0","20293"
"76511","0","0","2","0","0","0","0","0","20965"
"76512","0","932","1","0","0","1","133","0","20924"
"76514","0","1135","2","0","0","2","133","0","20910"
"76518","0","0","1","0","0","1","0","0","20280"
"76519","0","0","1","1","0","1","133","0","20911"
"76529","0","0","2","0","0","2","133","0","20658"
"76531","0","0","2","0","0","2","133","0","20661"
"76533","0","0","1","0","0","1","0","0","20281"
"76539","0","971","2","0","0","2","133","0","21551"
"76543","0","0","1","1","0","1","0","0","20968"
"76547","0","971","2","0","0","2","133","0","21552"
"76549","0","892","0","0","0","1","133","0","20930"
"76555","0","931","1","1","0","1","133","0","20925"
"76556","0","0","1","0","0","1","0","0","20285"
"76568","0","0","2","0","0","0","0","0","20467"
"76573","0","0","1","0","0","1","0","0","20282"
"76574","0","0","1","0","0","1","0","0","20283"
"76575","0","0","1","0","0","1","0","0","20284"
"76576","0","132","2","0","0","2","133","0","20230"
"76579","0","0","1","0","0","1","133","0","20755"
"76585","0","0","1","0","0","1","133","0","20757"
"76586","0","26","1","0","0","1","133","0","20747"
"76593","0","40","2","0","0","2","133","0","20559"
"76648","0","40","2","0","0","2","133","0","20560"
"76666","0","0","1","0","0","1","0","0","23459"
"76667","0","44","0","0","0","0","133","0","23148"
"76669","0","26","1","0","0","1","133","0","20748"
"76705","0","0","1","1","0","1","133","0","20912"
"76707","0","0","2","0","0","2","133","0","22827"
"76732","0","0","1","0","0","1","133","0","22782"
"76738","0","0","1","1","0","1","0","0","20301"
"76739","0","0","1","1","0","1","0","0","20303"
"76749","0","931","1","1","0","1","133","0","20927"
"76750","0","892","0","0","0","1","133","0","20929"
"76755","0","0","0","1","0","0","0","0","22959"
"76758","0","44","0","0","0","0","133","0","23147"
"76772","0","1011","0","0","0","2","133","0","22896"
"76773","0","0","1","1","0","1","133","0","21849"
"76774","0","1135","2","0","0","2","133","0","20909"
"76789","0","2","3","0","0","2","133","0","20901"
"76797","0","2","3","0","0","2","133","0","20903"
"76811","0","55","2","0","0","2","133","0","24603"
"76828","0","33","2","0","0","2","133","0","22570"
"76846","0","0","1","0","0","1","133","0","22783"
"76849","0","0","2","0","0","2","133","0","22828"
"76875","0","1111","3","4","10","2","133","0","24133"
"76876","0","0","0","4","0","0","0","0","24134"
"76886","0","0","2","0","0","2","133","0","22829"
"76895","0","0","0","4","0","0","0","0","24135"
"76903","0","0","0","0","0","0","133","0","23989"
"76926","0","44","0","0","0","0","133","0","23145"
"76940","0","1131","3","0","0","1","133","0","24239"
"76941","0","0","1","0","21","1","133","0","23161"
"76955","0","0","1","0","0","1","0","0","23455"
"76988","0","1111","3","4","10","2","133","0","24132"
"76992","0","44","0","0","0","0","133","0","23099"
"76996","0","0","1","0","21","1","133","0","23214"
"77010","0","0","1","1","0","1","133","0","23028"
"77011","0","1011","0","0","0","2","133","0","22842"
"77016","0","0","2","0","0","2","133","0","22568"
"77061","0","0","1","1","0","1","133","0","22812"
"77105","0","971","2","0","0","2","133","0","23881"
"77131","0","38","0","5","0","0","1178","0","24450"
"77134","0","0","2","0","0","2","133","0","25300"
"77135","0","82","2","0","0","2","133","0","25302"
"77147","0","38","0","5","0","0","1178","0","24453"
"77168","0","0","0","0","0","0","133","0","24858"
"77175","0","36","2","0","0","2","133","0","24423"
"77211","0","971","2","0","0","2","133","0","23893"
"77212","0","971","2","0","0","2","133","0","23894"
"77222","0","0","1","0","12","1","0","0","24394"
"77244","0","0","0","0","0","0","133","0","24396"
"77278","0","0","0","0","0","0","133","0","24395"
"77279","0","971","2","0","0","2","133","0","23892"
"77297","0","0","1","0","0","1","0","0","23458"
"77303","0","0","0","4","0","0","0","0","24131"
"77313","0","0","0","0","0","0","133","0","24397"
"77360","0","44","0","0","0","0","133","0","23109"
"77365","0","44","0","0","0","0","133","0","23110"
"77381","0","0","0","0","0","1","133","0","25345"
"77383","0","0","1","0","0","1","133","0","25359"
"77386","0","65","2","0","0","2","133","0","25288"
"77409","0","0","1","1","0","1","133","0","24974"
"77411","0","55","2","0","0","2","133","0","24605"
"77412","0","0","1","0","0","1","133","0","25306"
"77413","0","0","1","0","0","1","133","0","25307"
"77414","0","0","1","1","0","1","133","0","25309"
"77415","0","0","1","0","0","1","133","0","25314"
"77416","0","0","1","0","0","1","133","0","25357"
"77417","0","0","1","0","0","1","133","0","25361"
"77422","0","0","1","0","0","1","133","0","25297"
"77433","0","971","2","0","0","2","133","0","23922"
"77439","0","971","2","0","0","2","133","0","23924"
"77440","0","971","2","0","0","2","133","0","23925"
"77455","0","0","1","1","0","1","133","0","27681"
"77491","0","1131","3","0","0","1","133","0","24275"
"77494","0","19","2","4","0","2","133","0","24587"
"77498","0","0","1","1","0","1","133","0","25315"
"77507","0","19","2","4","0","2","133","0","24586"
"77509","0","36","2","0","0","2","133","0","24577"
"77519","0","19","2","4","0","2","133","0","24640"
"77520","0","0","1","0","0","1","133","0","25316"
"77522","0","2","1","0","0","1","133","0","24844"
"77535","0","36","2","0","0","2","133","0","24578"
"77536","0","36","2","0","0","2","133","0","24579"
"77543","0","19","2","4","0","2","133","0","24583"
"77544","0","19","1","0","0","1","133","0","24530"
"77553","0","55","2","0","0","2","133","0","24597"
"77555","0","0","1","1","0","1","133","0","25299"
"77559","0","0","1","1","0","1","133","0","25304"
"77560","0","55","2","0","0","2","133","0","24604"
"77561","0","0","2","0","0","2","133","0","24248"
"77568","0","1131","3","0","0","1","133","0","24274"
"77570","0","38","0","5","0","0","1178","0","24452"
"77576","0","0","1","0","0","1","133","0","25289"
"77582","0","0","1","1","0","1","133","0","25290"
"77583","0","0","1","1","0","1","133","0","25291"
"77585","0","0","3","4","0","2","133","0","25295"
"77590","0","0","1","1","0","1","133","0","25916"
"77591","0","0","1","1","0","1","133","0","25918"
"77597","0","0","1","0","0","2","133","0","26090"
"77598","0","0","1","0","0","1","133","0","25902"
"77599","0","0","1","0","0","0","0","0","28379"
"77613","0","2","1","0","0","1","133","0","25011"
"77623","0","2","1","0","0","1","133","0","25008"
"77624","0","2","1","0","0","1","133","0","25010"
"77627","0","44","0","0","0","2","133","0","26201"
"77638","0","0","1","1","0","1","133","0","25898"
"77657","0","85","3","0","0","2","133","0","25294"
"77663","0","0","1","0","0","1","133","0","25908"
"77671","0","0","1","0","0","1","133","0","25292"
"77674","0","0","1","0","0","1","133","0","25296"
"77675","0","0","1","0","0","1","133","0","25298"
"77683","0","0","1","1","0","1","133","0","25311"
"77686","0","0","1","0","0","1","0","0","25346"
"77723","0","2","1","0","0","1","133","0","25009"
"77742","0","0","1","1","0","1","133","0","25895"
"77744","0","0","1","1","0","1","0","0","26017"
"77745","0","0","1","1","0","1","0","0","26018"
"77746","0","0","2","0","0","2","0","0","25286"
"77747","0","0","1","1","0","1","133","0","24975"
"77749","0","44","0","0","0","2","133","0","26179"
"77754","0","0","1","1","0","1","133","0","25782"
"77764","0","2","1","0","0","1","133","0","25012"
"77765","0","0","1","0","0","2","133","0","26188"
"77812","0","0","1","0","0","1","0","0","26364"
"77815","0","0","1","1","0","1","133","0","27683"
"77817","0","0","1","0","0","1","0","0","26363"
"77844","0","0","1","0","0","1","0","0","26369"
"77845","0","0","1","0","0","1","0","0","26370"
"77850","0","0","1","1","0","1","133","0","24976"
"77851","0","0","1","1","0","1","133","0","24977"
"77861","0","0","1","0","0","1","0","0","26366"
"77862","0","0","1","0","0","1","0","0","26367"
"77875","0","0","1","1","17","1","133","0","28272"
"77900","0","0","1","0","0","1","0","0","26365"
"77924","0","0","1","0","0","1","133","0","25911"
"77931","0","0","1","0","0","1","133","0","25912"
"77932","0","0","1","0","0","1","133","0","25913"
"77933","0","0","1","0","0","1","133","0","25914"
"77952","0","0","1","0","0","1","133","0","25903"
"77993","0","44","0","0","0","2","133","0","27685"
"78002","0","0","1","1","0","1","133","0","25780"
"78029","0","0","1","1","0","1","133","0","25890"
"78039","0","0","1","1","0","1","133","0","25899"
"78043","0","0","1","1","0","1","133","0","25894"
"78048","0","1145","0","0","0","1","133","0","27870"
"78052","0","0","1","0","0","0","0","0","28380"
"78057","0","0","1","0","0","0","0","0","28377"
"78059","0","0","0","1","0","0","0","0","27874"
"78079","0","0","0","1","0","0","133","0","27813"
"78108","0","0","1","0","0","0","0","0","28382"
"78121","0","0","1","0","0","0","0","0","28378"
"78122","0","0","1","0","0","0","0","0","28381"
"78130","0","1145","0","0","0","1","133","0","27871"
"78135","0","0","0","1","0","0","0","0","27873"
"78142","0","0","1","0","0","1","0","0","27803"
"78148","0","0","1","0","0","1","0","0","27805"
"78149","0","0","0","1","0","0","133","0","27818"
"78156","0","932","1","0","0","1","133","0","26573"
"78164","0","0","0","1","0","0","133","0","27817"
"78179","0","0","1","0","0","1","0","0","27804"
"78184","0","0","2","0","0","0","0","0","26654"
"78207","0","0","1","1","0","1","133","0","27841"
"78211","0","431","1","0","0","1","133","0","27800"
"78212","0","431","1","0","0","1","133","0","27801"
"78213","0","0","1","1","0","1","0","0","27828"
"78217","0","431","1","0","0","1","133","0","27799"
"78273","0","19","1","1","0","1","133","0","29228"
"78307","0","0","1","1","0","1","133","0","29166"
"78309","0","0","1","1","0","1","0","0","29203"
"78316","0","0","2","0","0","2","133","0","31018"
"78336","0","0","0","1","0","0","0","0","29077"
"78378","0","0","1","1","17","1","133","0","28271"
"78467","0","0","1","1","0","1","0","0","29063"
"78495","0","0","2","0","0","2","133","0","31016"
"111558","0","56","1","1","19","1","133","0","25217"
"111559","0","56","1","1","19","1","133","0","25218"
"111560","0","19","1","1","0","1","133","0","25464"
"111561","0","691","1","3","0","1","133","0","25467"
"111562","0","0","1","0","0","1","133","0","25557"
"111564","0","0","1","0","0","1","133","0","25560"
"111565","0","0","1","0","0","1","0","0","26371"
"111566","0","0","1","0","0","1","0","0","26372"
"111571","0","0","1","1","0","1","133","0","27131"
"111572","0","0","1","0","0","1","133","0","27132"
"111573","0","250","1","0","0","1","133","0","27133"
"111574","0","932","1","0","0","1","133","0","27173"
"111575","0","892","0","0","0","1","133","0","27174"
"111576","0","0","1","0","0","1","133","0","27175"
"111577","0","0","1","0","0","1","133","0","27176"
"111578","0","672","1","0","0","1","133","0","27266"
"111579","0","0","1","0","0","1","133","0","27267"
"111581","0","0","1","1","0","1","133","0","27269"
"111585","0","0","1","1","0","1","133","0","25221"
"111586","0","0","1","1","0","1","133","0","25222"
"111590","0","0","1","0","0","1","133","0","25363"
"111591","0","0","1","1","0","1","133","0","25469"
"111592","0","0","1","2","0","1","133","0","25470"
"111594","0","0","1","0","0","1","133","0","25563"
"111598","0","0","2","0","15","2","133","0","26884"
"111599","0","0","1","0","0","1","133","0","26978"
"111600","0","0","1","0","0","1","133","0","26979"
"111601","0","0","1","1","0","1","133","0","26980"
"111602","0","0","1","0","0","1","133","0","27044"
"111603","0","0","1","0","0","1","133","0","27045"
"111604","0","0","1","1","0","1","133","0","27046"
"111605","0","82","1","0","0","1","0","0","27047"
"111606","0","471","1","1","0","1","133","0","27134"
"111607","0","0","1","0","0","1","133","0","27135"
"111608","0","0","1","0","0","1","133","0","27136"
"111609","0","0","1","0","0","1","133","0","27137"
"111610","0","19","1","0","0","1","133","0","27138"
"111611","0","931","1","1","0","1","133","0","27179"
"111612","0","1131","3","0","0","1","133","0","27180"
"111613","0","36","1","0","0","1","133","0","27270"
"111614","0","84","1","1","0","1","133","0","27271"
"111615","0","0","1","0","0","1","133","0","27272"
"111620","0","0","2","0","0","2","133","0","25225"
"111621","0","0","1","0","0","1","133","0","25364"
"111622","0","0","1","1","0","1","133","0","25367"
"111623","0","0","1","1","0","1","133","0","25368"
"111624","0","0","1","1","0","1","133","0","25472"
"111625","0","0","1","0","0","1","133","0","25567"
"111627","0","0","1","0","0","1","133","0","25570"
"111630","0","39","0","0","0","0","0","0","26889"
"111632","0","0","1","1","0","1","133","0","26981"
"111633","0","0","1","1","0","1","133","0","26982"
"111634","0","46","1","0","0","1","133","0","26983"
"111635","0","0","1","0","0","1","133","0","26984"
"111636","0","82","2","0","0","2","133","0","27048"
"111637","0","0","2","0","0","2","133","0","27049"
"111638","0","19","2","0","0","2","133","0","27050"
"111639","0","36","2","0","0","2","133","0","27051"
"111640","0","35","1","0","0","1","133","0","27139"
"111641","0","0","1","1","0","1","133","0","27140"
"111642","0","0","1","1","0","1","133","0","27141"
"111646","0","0","1","1","0","1","0","0","27273"
"111647","0","40","1","0","0","1","133","0","27274"
"111648","0","82","1","1","0","1","133","0","27275"
"111653","0","0","2","0","0","2","0","0","25231"
"111654","0","0","1","0","0","1","133","0","25233"
"111655","0","0","2","0","0","2","133","0","25234"
"111656","0","19","1","0","0","1","133","0","25372"
"111657","0","19","1","0","0","1","133","0","25375"
"111658","0","0","1","1","0","1","133","0","25477"
"111659","0","0","1","0","0","1","133","0","25479"
"111662","0","0","1","0","0","1","133","0","25574"
"111663","0","0","1","0","0","1","133","0","26985"
"111664","0","0","1","0","0","1","133","0","26986"
"111665","0","0","1","1","0","1","133","0","26987"
"111666","0","0","1","1","0","1","133","0","26988"
"111667","0","0","1","1","0","1","133","0","27142"
"111668","0","0","1","1","0","1","133","0","27143"
"111671","0","12","1","0","0","1","133","0","27276"
"111672","0","12","1","0","0","1","133","0","27277"
"111676","0","0","1","0","0","1","133","0","25235"
"111677","0","0","2","0","0","2","133","0","25236"
"111678","0","0","1","0","0","1","133","0","25379"
"111679","0","0","1","0","0","1","133","0","25380"
"111680","0","451","1","1","0","1","133","0","25384"
"111681","0","0","1","0","0","1","133","0","25485"
"111683","0","0","1","0","0","1","133","0","25577"
"111687","0","0","1","1","7","1","133","0","26989"
"111688","0","0","1","1","0","1","133","0","26990"
"111689","0","0","1","1","0","1","133","0","26991"
"111690","0","19","2","4","0","2","133","0","27060"
"111693","0","0","1","0","0","2","133","0","27063"
"111694","0","0","1","1","0","1","133","0","27144"
"111695","0","0","1","1","0","1","133","0","27145"
"111696","0","0","1","0","0","1","133","0","27209"
"111697","0","0","1","0","0","1","133","0","27210"
"111698","0","631","1","0","0","1","133","0","27211"
"111699","0","0","1","0","0","1","133","0","27212"
"111700","0","0","1","1","0","1","133","0","27280"
"111704","0","0","2","0","0","2","133","0","25241"
"111705","0","0","2","0","0","2","133","0","25242"
"111706","0","0","1","0","0","1","133","0","25387"
"111707","0","0","1","1","0","1","133","0","25389"
"111708","0","0","1","0","0","1","133","0","25489"
"111713","0","0","1","1","0","1","133","0","26992"
"111714","0","0","1","1","0","1","133","0","26993"
"111715","0","26","1","0","0","1","133","0","26994"
"111716","0","0","1","0","0","1","133","0","26995"
"111717","0","2","3","0","0","2","133","0","27065"
"111718","0","0","0","1","0","1","133","0","27066"
"111719","0","1135","2","0","0","2","133","0","27067"
"111720","0","1186","1","1","0","1","133","0","27147"
"111721","0","1186","1","1","0","1","133","0","27148"
"111722","0","0","1","0","0","1","133","0","27149"
"111723","0","0","1","0","0","1","133","0","27213"
"111724","0","0","1","0","0","1","0","0","27214"
"111725","0","0","1","1","0","1","133","0","27215"
"111726","0","0","1","1","0","1","133","0","27216"
"111727","0","0","1","0","0","1","0","0","27285"
"111733","0","971","2","0","0","2","133","0","25248"
"111735","0","0","1","0","0","1","133","0","25391"
"111736","0","0","1","1","0","1","133","0","25392"
"111738","0","0","1","0","0","1","133","0","25585"
"111739","0","0","1","0","0","1","133","0","25587"
"111743","0","0","2","0","0","2","0","0","26996"
"111744","0","85","2","0","0","2","133","0","26997"
"111745","0","0","1","0","0","1","133","0","26998"
"111746","0","1011","0","0","0","2","133","0","26999"
"111747","0","1111","3","4","10","2","133","0","27068"
"111748","0","0","0","4","0","0","0","0","27069"
"111749","0","0","1","0","0","1","133","0","27070"
"111750","0","0","1","0","0","1","133","0","27150"
"111751","0","0","1","0","0","1","133","0","27151"
"111752","0","0","1","0","0","1","133","0","27152"
"111753","0","0","1","0","0","1","133","0","27217"
"111754","0","0","1","2","0","1","133","0","27218"
"111755","0","0","1","1","0","1","133","0","27219"
"111758","0","0","1","0","0","1","133","0","28172"
"111759","0","971","2","0","0","2","133","0","25251"
"111760","0","0","1","0","0","1","133","0","25396"
"111761","0","0","1","0","0","1","133","0","25420"
"111762","0","0","1","0","0","1","133","0","25422"
"111763","0","0","1","0","0","1","133","0","25500"
"111767","0","0","1","0","0","1","133","0","25596"
"111769","0","66","0","0","0","0","0","0","26669"
"111772","0","0","2","0","0","2","133","0","27000"
"111773","0","0","2","0","0","2","133","0","27001"
"111774","0","0","2","0","0","2","133","0","27002"
"111775","0","0","2","0","0","2","133","0","27003"
"111776","0","0","1","1","0","1","133","0","27071"
"111777","0","0","1","1","0","1","133","0","27072"
"111778","0","0","1","0","0","1","133","0","27073"
"111779","0","0","1","0","0","1","133","0","27074"
"111780","0","0","1","0","0","1","133","0","27153"
"111781","0","56","1","0","0","1","133","0","27154"
"111782","0","0","1","1","0","1","133","0","27220"
"111783","0","0","1","1","0","1","133","0","27221"
"111784","0","0","1","0","0","1","133","0","27222"
"111785","0","633","1","1","0","1","133","0","27223"
"111788","0","0","1","0","0","1","133","0","28176"
"111789","0","971","2","0","0","2","133","0","25258"
"111790","0","49","1","0","0","1","133","0","25264"
"111791","0","0","1","0","0","1","133","0","25423"
"111792","0","82","1","1","0","1","133","0","25429"
"111793","0","0","1","0","0","1","133","0","25505"
"111796","0","0","1","0","0","1","133","0","25508"
"111800","0","0","3","0","0","2","133","0","26679"
"111802","0","84","2","0","0","2","133","0","27004"
"111803","0","0","2","0","0","2","133","0","27005"
"111804","0","0","2","0","0","2","133","0","27006"
"111805","0","0","0","0","15","0","0","0","27007"
"111806","0","0","0","0","0","1","133","0","27075"
"111807","0","0","1","0","0","1","0","0","27076"
"111808","0","19","1","0","0","1","133","0","27078"
"111809","0","19","1","0","0","1","133","0","27079"
"111810","0","0","1","1","0","1","133","0","27155"
"111812","0","0","1","0","0","1","0","0","27157"
"111813","0","0","1","2","0","1","133","0","27224"
"111814","0","0","1","2","0","1","133","0","27226"
"111816","0","0","1","0","0","1","133","0","28189"
"111817","0","40","2","0","0","2","133","0","25266"
"111818","0","65","2","0","0","2","133","0","25269"
"111819","0","0","1","1","0","1","133","0","25431"
"111820","0","0","1","1","0","1","133","0","25433"
"111821","0","0","1","0","0","1","133","0","25509"
"111827","0","0","2","0","15","2","133","0","26839"
"111828","0","0","2","0","15","2","133","0","27008"
"111829","0","531","1","1","0","1","133","0","27009"
"111830","0","0","1","0","0","1","133","0","27080"
"111831","0","0","1","0","0","1","133","0","27082"
"111832","0","0","1","1","0","1","133","0","27158"
"111833","0","0","1","1","0","1","0","0","27159"
"111834","0","0","1","2","0","1","133","0","27228"
"111841","0","1158","0","0","0","2","0","0","25272"
"111844","0","1158","0","0","0","2","0","0","25275"
"111845","0","0","1","0","0","1","133","0","25435"
"111846","0","671","1","0","0","1","133","0","25437"
"111847","0","85","1","0","0","1","133","0","25439"
"111848","0","45","1","0","0","1","133","0","25525"
"111850","0","0","1","0","0","1","133","0","25528"
"111852","0","1133","1","1","0","1","133","0","27011"
"111853","0","571","1","0","0","1","133","0","27012"
"111854","0","0","1","0","0","1","133","0","27085"
"111855","0","0","1","0","0","1","133","0","27086"
"111856","0","50","1","1","0","1","133","0","27087"
"111857","0","0","1","1","0","1","133","0","27160"
"111858","0","0","1","1","0","1","0","0","27162"
"111859","0","0","1","0","0","1","133","0","27230"
"111872","0","1144","1","0","0","1","133","0","25441"
"111873","0","85","1","0","0","1","133","0","25442"
"111876","0","0","0","0","0","1","133","0","25533"
"111878","0","0","1","1","0","1","133","0","27013"
"111879","0","40","2","0","0","2","0","0","27014"
"111880","0","82","2","0","0","2","133","0","27015"
"111881","0","35","1","1","0","1","133","0","27088"
"111883","0","0","1","0","0","1","133","0","27090"
"111884","0","0","1","1","0","1","0","0","27164"
"111887","0","0","1","0","0","1","133","0","27238"
"111890","0","0","2","0","0","2","133","0","27441"
"111896","0","0","1","0","0","1","133","0","25308"
"111897","0","1192","1","1","0","1","133","0","25446"
"111898","0","0","1","0","0","1","133","0","25448"
"111905","0","40","2","0","0","2","133","0","26861"
"111910","0","0","3","4","0","2","133","0","27016"
"111912","0","1175","3","4","0","2","133","0","27018"
"111914","0","0","1","1","0","1","133","0","27166"
"111915","0","0","1","1","0","1","133","0","27243"
"111916","0","82","2","0","0","2","133","0","27448"
"111921","0","0","1","0","0","1","133","0","25202"
"111922","0","0","1","0","0","1","133","0","25203"
"111923","0","0","1","1","0","1","133","0","25312"
"111924","0","0","1","0","0","1","133","0","25449"
"111928","0","35","1","0","0","1","133","0","25546"
"111932","0","40","2","0","0","2","133","0","26862"
"111933","0","0","2","0","0","2","133","0","26863"
"111934","0","0","2","0","0","2","133","0","26864"
"111940","0","1173","3","0","0","2","133","0","27019"
"111941","0","911","3","0","0","2","133","0","27020"
"111942","0","85","3","0","0","2","133","0","27021"
"111943","0","49","3","0","0","2","133","0","27022"
"111944","0","87","1","0","0","1","133","0","27101"
"111946","0","0","1","1","0","1","133","0","27168"
"111947","0","0","1","0","0","1","133","0","27250"
"111953","0","0","2","0","15","2","133","0","25208"
"111954","0","0","1","0","0","1","133","0","25210"
"111955","0","19","1","0","0","1","133","0","25454"
"111957","0","19","1","1","0","1","133","0","25457"
"111958","0","35","1","0","0","1","133","0","25547"
"111963","0","0","2","0","0","2","133","0","26865"
"111964","0","0","2","0","0","2","133","0","26866"
"111969","0","411","0","0","0","1","133","0","27023"
"111970","0","0","1","1","0","1","0","0","27024"
"111971","0","411","0","0","0","1","133","0","27025"
"111972","0","0","1","0","0","1","133","0","27124"
"111973","0","0","1","0","0","1","133","0","27125"
"111974","0","0","1","1","0","1","133","0","27126"
"111975","0","0","1","1","0","1","133","0","27169"
"111976","0","0","1","0","0","1","133","0","27259"
"111977","0","0","1","0","0","1","133","0","27260"
"111982","0","0","2","0","0","2","133","0","25212"
"111983","0","0","1","0","0","1","133","0","25213"
"111984","0","0","1","0","0","1","0","0","25329"
"111985","0","431","1","0","0","1","133","0","25331"
"111986","0","0","1","2","0","0","0","0","25460"
"111987","0","0","1","1","0","1","133","0","25461"
"111988","0","0","1","0","0","1","133","0","25552"
"111993","0","0","2","0","15","2","133","0","26867"
"112000","0","0","1","1","0","1","133","0","27127"
"112001","0","56","1","1","0","1","133","0","27128"
"112003","0","0","1","1","0","1","133","0","27130"
"112004","0","0","1","1","0","1","133","0","27170"
"112005","0","0","2","0","0","0","0","0","27171"
"112006","0","0","1","1","0","1","0","0","27172"
"112008","0","651","1","0","0","1","133","0","27263"
"112009","0","0","1","1","0","1","133","0","27264"
"112010","0","0","0","0","0","1","133","0","27265"
"112027","0","0","2","0","0","2","0","0","29707"
"112040","0","1158","0","0","0","2","133","0","30194"
"112043","0","250","1","1","0","1","133","0","30283"
"112071","0","0","1","0","0","2","0","0","30195"
"112072","0","0","1","0","0","2","0","0","30197"
"112073","0","1158","0","0","0","2","133","0","30198"
"112105","0","0","1","1","0","1","133","0","30449"
"112106","0","0","1","0","0","1","133","0","30451"
"112126","0","0","1","0","0","1","133","0","29722"
"112128","0","0","0","0","0","0","133","0","29801"
"112129","0","1177","1","0","0","1","133","0","29893"
"112140","0","0","1","0","0","1","133","0","30455"
"112169","0","40","2","0","0","2","133","0","30213"
"112172","0","0","0","1","0","0","0","0","30300"
"112177","0","0","1","0","0","1","133","0","30459"
"112205","0","40","2","0","0","2","133","0","30219"
"112239","0","40","2","0","0","2","133","0","30223"
"112316","0","0","1","1","0","1","133","0","30404"
"112317","0","0","1","1","0","1","133","0","30405"
"112354","0","0","1","1","0","1","133","0","30108"
"112356","0","0","2","0","0","2","0","0","30324"
"112395","0","250","1","1","0","1","133","0","30413"
"112396","0","1145","0","0","0","1","133","0","28275"
"112397","0","0","0","1","0","0","0","0","28276"
"112432","0","0","2","0","0","2","133","0","30016"
"112433","0","0","2","0","0","2","133","0","30022"
"112437","0","971","2","0","0","2","133","0","30330"
"112438","0","250","1","1","0","1","133","0","30414"
"112471","0","971","2","0","0","2","133","0","30335"
"112472","0","0","1","0","0","0","0","0","28385"
"112506","0","0","0","0","0","1","133","0","29858"
"112511","0","0","0","0","0","0","133","0","30029"
"112512","0","0","0","0","0","0","133","0","30030"
"112513","0","0","0","0","0","0","133","0","30031"
"112514","0","0","0","0","0","0","133","0","30032"
"112515","0","0","1","0","0","1","133","0","30146"
"112553","0","0","0","0","0","0","133","0","30033"
"112555","0","1158","0","0","0","2","133","0","30151"
"112556","0","0","1","0","0","2","0","0","30153"
"112577","0","88","2","0","0","2","133","0","29704"
"112594","0","971","2","0","0","2","133","0","30356"
"112595","0","65","2","0","0","2","133","0","30357"
"112634","0","0","0","0","0","1","133","0","31789"
"112641","0","0","1","1","0","1","133","0","30908"
"112642","0","0","1","2","0","1","133","0","30909"
"112643","0","1179","1","2","0","1","133","0","30910"
"112665","0","84","2","0","0","2","133","0","31709"
"112675","0","0","1","1","0","1","133","0","30911"
"112676","0","672","1","0","0","1","133","0","30912"
"112694","0","0","0","1","0","0","0","0","31643"
"112705","0","0","0","0","0","1","133","0","30823"
"112722","0","0","1","1","0","1","133","0","31801"
"112723","0","0","1","1","0","0","0","0","31803"
"112724","0","0","1","0","0","1","0","0","31804"
"112775","0","0","1","1","0","1","133","0","31117"
"112827","0","631","1","0","0","1","133","0","30545"
"112834","0","0","1","0","0","1","133","0","30706"
"112845","0","0","0","0","11","0","0","0","31125"
"112861","0","0","1","1","11","1","133","0","31589"
"112864","0","50","1","1","0","1","133","0","31661"
"112871","0","651","1","0","0","1","133","0","30546"
"112875","0","0","1","0","0","1","0","0","30708"
"112964","0","0","1","0","0","1","133","0","30482"
"112993","0","0","0","1","0","1","133","0","30874"
"113069","0","0","1","0","0","1","133","0","31687"
"113096","0","0","0","0","0","0","133","0","31224"
"113193","0","0","2","4","0","2","133","0","32645"
"113198","0","56","1","1","0","1","133","0","32796"
"113213","0","1158","3","1","0","1","133","0","31935"
"113250","0","50","1","1","0","1","133","0","33041"
"113251","0","50","1","1","0","1","133","0","33042"
"113260","0","0","2","0","0","0","0","0","32175"
"113261","0","0","2","0","0","0","0","0","32176"
"113280","0","50","1","1","0","1","133","0","33043"
"113290","0","0","0","1","0","1","133","0","32182"
"113293","0","0","1","0","0","1","133","0","32266"
"113322","0","0","1","0","0","1","133","0","32267"
"113324","0","0","1","0","0","1","133","0","32271"
"113347","0","0","1","0","0","1","133","0","32272"
"113365","0","0","0","1","0","1","133","0","31884"
"113377","0","1195","1","1","0","1","133","0","32593"
"113379","0","0","0","0","0","1","133","0","32676"
"113407","0","1195","1","1","0","1","133","0","32594"
"113419","0","1169","1","1","0","1","133","0","32996"
"113420","0","0","1","1","0","1","133","0","31892"
"113421","0","0","2","0","0","0","0","0","31893"
"113442","0","0","2","4","0","2","133","0","32684"
"113445","0","0","1","0","0","1","133","0","32841"
"113451","0","0","1","1","0","1","133","0","32999"
"113452","0","0","1","1","0","1","0","0","31834"
"113453","0","0","1","1","0","1","133","0","31895"
"113454","0","0","1","1","0","1","0","0","31896"
"113467","0","0","1","0","0","1","133","0","32375"
"113491","0","0","2","0","0","0","0","0","31898"
"113506","0","1169","1","1","0","1","133","0","32379"
"113523","0","0","1","1","0","1","0","0","31842"
"113536","0","0","1","0","0","1","133","0","32223"
"113546","0","1158","3","1","0","1","133","0","32699"
"113566","0","0","0","1","0","0","0","0","32386"
"113567","0","0","0","1","0","0","0","0","32388"
"113568","0","0","0","1","0","0","0","0","32389"
"113572","0","0","1","0","0","1","133","0","32546"
"113573","0","1158","3","1","0","1","133","0","32700"
"113593","0","0","1","0","0","1","133","0","32231"
"113596","0","0","0","1","0","0","0","0","32390"
"113597","0","0","0","1","0","0","0","0","32391"
"113598","0","0","1","1","0","1","133","0","32548"
"113624","0","36","1","0","0","1","133","0","33698"
"113625","0","36","1","0","0","1","133","0","33699"
"113626","0","36","1","0","0","1","133","0","33700"
"113627","0","84","1","1","0","1","133","0","33701"
"113632","0","0","2","0","0","2","133","0","33982"
"113633","0","0","2","0","0","2","133","0","33983"
"113659","0","971","2","0","0","2","133","0","33986"
"113660","0","971","2","0","0","2","133","0","33987"
"113681","0","0","1","0","18","1","133","0","33786"
"113701","0","471","1","1","0","1","133","0","33405"
"113736","0","0","1","0","0","1","133","0","33717"
"113771","0","250","1","0","0","1","133","0","33933"
"113773","0","0","1","0","0","1","133","0","34074"
"113797","0","0","1","0","0","1","133","0","33938"
"113827","0","0","2","0","0","2","133","0","33876"
"113828","0","971","2","0","0","2","133","0","33878"
"113829","0","0","0","0","0","0","133","0","33943"
"113830","0","0","1","1","0","1","133","0","33944"
"113847","0","0","1","1","0","1","133","0","33736"
"113850","0","0","1","1","0","1","133","0","33946"
"113884","0","892","0","0","0","1","133","0","33072"
"113885","0","0","1","0","0","1","133","0","33073"
"113886","0","0","1","0","0","1","133","0","33074"
"113887","0","0","0","1","0","0","0","0","33143"
"113891","0","44","0","0","0","0","0","0","33357"
"113897","0","0","2","0","0","2","133","0","33745"
"113911","0","1181","0","1","0","1","133","0","33076"
"113917","0","0","0","1","0","1","133","0","33206"
"113927","0","0","0","0","0","1","133","0","33831"
"113929","0","1171","0","0","0","1","0","0","34026"
"113938","0","0","0","1","0","0","0","0","33151"
"113949","0","0","0","0","0","0","133","0","33891"
"113971","0","0","1","1","0","1","133","0","33763"
"113993","0","0","1","0","0","1","133","0","33690"
"113994","0","0","1","0","0","1","133","0","33691"
"114004","0","0","3","0","0","2","133","0","34120"
"114041","0","0","0","0","0","2","0","0","34508"
"114044","0","411","0","0","0","1","133","0","34600"
"114047","0","0","1","0","21","1","133","0","34767"
"114048","0","0","0","0","0","2","0","0","34839"
"114050","0","0","1","1","0","1","133","0","34916"
"114051","0","0","1","1","0","1","133","0","34917"
"114061","0","0","2","0","0","2","133","0","35293"
"114062","0","0","2","0","0","2","133","0","35294"
"114063","0","0","2","0","0","2","133","0","35295"
"114064","0","0","2","0","0","2","133","0","35296"
"114076","0","0","1","0","21","1","133","0","34769"
"114088","0","0","2","0","0","2","133","0","35297"
"114089","0","0","2","0","0","2","133","0","35298"
"114113","0","18","1","4","0","1","133","0","35387"
"114114","0","18","1","4","0","1","133","0","35389"
"114137","0","18","1","4","0","1","133","0","35392"
"114139","0","0","2","0","0","2","133","0","35395"
"114152","0","0","1","0","0","1","133","0","34861"
"114187","0","0","1","0","0","1","133","0","34863"
"114188","0","0","1","0","0","1","133","0","34864"
"114189","0","0","1","0","0","1","133","0","34865"
"114190","0","0","0","1","0","0","0","0","34936"
"114214","0","0","0","0","0","0","133","0","34471"
"114221","0","0","1","0","0","1","133","0","34866"
"114231","0","2","1","0","0","1","133","0","35323"
"114242","0","0","2","0","0","2","133","0","34411"
"114243","0","0","0","0","0","2","133","0","34477"
"114279","0","0","2","0","0","2","133","0","34412"
"114280","0","0","2","0","0","2","133","0","34413"
"114297","0","0","1","0","11","0","0","0","35101"
"114351","0","0","3","1","0","2","133","0","34490"
"114364","0","2","1","0","0","1","133","0","34889"
"114404","0","44","0","0","0","1","133","0","35346"
"114411","0","0","2","0","0","2","133","0","34428"
"114435","0","0","0","0","0","1","133","0","34433"
"114438","0","0","0","0","0","2","0","0","34500"
"114439","0","0","3","1","0","2","0","0","34501"
"114472","0","0","0","0","0","2","0","0","34502"
"114473","0","0","0","0","0","2","0","0","34503"
"114478","0","0","1","1","0","1","0","0","34754"
"114481","0","0","0","0","0","2","0","0","34833"
"114482","0","0","0","0","0","2","0","0","34834"
"114503","0","0","0","0","0","2","0","0","34506"
"114504","0","0","0","0","0","2","0","0","34507"
"114508","0","0","0","0","0","2","0","0","34835"
"114509","0","0","0","0","0","2","0","0","34836"
"114510","0","0","0","0","0","2","0","0","34837"
"114511","0","0","0","0","0","2","0","0","34838"
"114513","0","0","1","1","0","1","133","0","34914"
"114524","0","0","2","0","0","2","133","0","35290"
"114525","0","0","2","0","0","2","133","0","35291"
"114526","0","0","2","0","0","2","133","0","35292"
"114748","0","0","1","0","0","1","133","0","35715"
"114749","0","0","1","0","0","1","133","0","35717"
"115155","0","0","1","0","0","1","133","0","37420"
"115296","0","65","2","0","0","2","133","0","36916"
"115387","0","0","0","0","0","1","133","0","36936"
"115522","0","33","2","0","0","2","133","0","38764"
"115525","0","88","2","0","0","2","133","0","38768"
"115589","0","0","1","0","0","1","133","0","38692"
"115626","0","0","1","1","0","1","133","0","38697"
"115627","0","0","0","0","0","1","133","0","38699"
"115628","0","0","1","0","0","1","0","0","38700"
"115662","0","0","1","0","0","1","0","0","38703"
"115663","0","0","0","0","0","1","133","0","38704"
"116050","0","0","2","4","0","2","133","0","39967"
"116053","0","0","0","0","0","0","133","0","40120"
"116112","0","0","1","1","0","1","133","0","39374"
"116958","0","0","1","0","0","1","133","0","42198"
"117004","0","0","1","0","0","1","133","0","42208"
"117005","0","0","1","0","0","1","133","0","42209"
"117006","0","0","1","0","0","1","133","0","42210"
"117007","0","0","1","0","0","1","133","0","42211"
"117008","0","0","1","0","0","1","133","0","42212"
"117009","0","0","1","0","0","1","133","0","42213"
"117017","0","0","1","1","0","1","0","0","43339"
"117030","0","0","1","0","0","1","133","0","42218"
"117031","0","0","1","0","0","1","133","0","42223"
"117044","0","0","1","0","0","1","133","0","42224"
"117045","0","0","1","0","0","1","133","0","42225"
"117046","0","0","1","0","0","1","133","0","42226"
"117065","0","0","1","0","0","1","133","0","42230"
"117066","0","0","1","0","0","1","133","0","42231"
"117067","0","0","1","0","0","1","133","0","42232"
"117068","0","0","1","0","0","1","133","0","42233"
"117069","0","0","1","0","0","1","133","0","42234"
"117104","0","0","1","0","0","1","133","0","42243"
"117105","0","0","1","0","0","1","133","0","42244"
"117106","0","0","1","0","0","1","133","0","42245"
"117279","0","0","1","0","0","1","133","0","45290"
"117280","0","0","1","0","0","1","133","0","45291"
"117281","0","0","1","0","0","1","133","0","45292"
"117282","0","0","1","0","0","1","133","0","45293"
"117308","0","0","1","0","0","1","133","0","45294"
"117309","0","0","1","0","0","1","133","0","45295"
"117310","0","0","1","0","0","1","133","0","45296"
"117311","0","85","1","0","0","1","133","0","45297"
"117312","0","37","1","1","29","1","133","0","45438"
"117328","0","85","1","0","0","1","133","0","45298"
"117329","0","85","1","0","0","1","133","0","45299"
"117330","0","85","1","0","0","1","133","0","45300"
"117346","0","85","1","0","0","1","133","0","45301"
"117347","0","85","1","0","0","1","133","0","45302"
"117395","0","1177","1","0","0","1","133","0","43987"
"117410","0","0","0","1","0","0","0","0","45237"
"117441","0","0","0","1","0","0","0","0","45241"
"117442","0","0","0","1","0","0","0","0","45242"
"117568","0","1188","1","0","0","0","133","0","44041"
"117569","0","1188","1","0","0","0","133","0","44043"
"117570","0","1188","1","0","0","0","133","0","44044"
"117585","0","0","1","0","0","1","133","0","45284"
"117591","0","1188","1","1","0","0","133","0","44045"
"117592","0","1188","1","0","0","0","133","0","44046"
"117593","0","1188","1","0","0","0","133","0","44047"
"117609","0","0","1","0","0","1","133","0","45286"
"117610","0","0","1","0","0","1","133","0","45287"
"117611","0","0","1","0","0","1","133","0","45288"
"117612","0","0","1","0","0","1","133","0","45289"
"117678","0","0","1","0","0","1","133","0","49358"
"117679","0","0","1","0","0","1","133","0","49359"
"117693","0","0","1","0","0","1","133","0","49360"
"117694","0","0","1","0","0","1","133","0","49361"
"118144","0","0","2","0","0","2","133","0","1329"
"118146","0","0","0","1","0","1","133","0","2825"
"118147","0","0","0","0","0","2","0","0","3411"
"118149","0","0","2","0","0","2","133","0","5938"
"118158","0","0","0","0","0","0","133","0","12292"
"118173","0","0","1","1","0","1","133","0","24398"
"119002","0","0","1","1","0","1","133","0","348700"
"119003","0","0","2","0","0","0","0","0","348701"
"119005","0","0","1","1","0","1","133","0","348704"
"120699","0","0","1","1","0","0","0","0","356110"
"120701","0","0","1","0","0","1","0","0","356112"
"124031","0","0","1","0","0","1","133","0","713"
