"InferredClass","SkillLineID","SkillLine","SpellID","SpellName","AcquireMethod","MinSkillLineRank","ClassMask","RaceMask","SupercedesSpell","Flags"
"Paladin","184","Retribution","67","Vindication","0","1","2","0","0","0"
"Paladin","184","Retribution","7294","Retribution Aura","0","1","2","0","0","0"
"Paladin","184","Retribution","9452","Vindication","0","1","2","0","0","0"
"Paladin","184","Retribution","9799","Eye for an Eye","0","1","2","0","0","0"
"Paladin","184","Retribution","10298","Retribution Aura","0","1","2","0","7294","0"
"Paladin","184","Retribution","10299","Retribution Aura","0","1","2","0","10298","0"
"Paladin","184","Retribution","10300","Retribution Aura","0","1","2","0","10299","0"
"Paladin","184","Retribution","10301","Retribution Aura","0","1","2","0","10300","0"
"Paladin","184","Retribution","19740","Blessing of Might","0","1","2","0","0","0"
"Paladin","184","Retribution","19834","Blessing of Might","0","1","2","0","0","0"
"Paladin","184","Retribution","19835","Blessing of Might","0","1","2","0","0","0"
"Paladin","184","Retribution","19836","Blessing of Might","0","1","2","0","0","0"
"Paladin","184","Retribution","19837","Blessing of Might","0","1","2","0","0","0"
"Paladin","184","Retribution","19838","Blessing of Might","0","1","2","0","0","0"
"Paladin","184","Retribution","20042","Improved Blessing of Might","0","1","0","0","0","0"
"Paladin","184","Retribution","20045","Improved Blessing of Might","0","1","0","0","0","0"
"Paladin","184","Retribution","20046","Improved Blessing of Might","0","1","0","0","0","0"
"Paladin","184","Retribution","20047","Improved Blessing of Might","0","1","0","0","0","0"
"Paladin","184","Retribution","20048","Improved Blessing of Might","0","1","0","0","0","0"
"Paladin","184","Retribution","20049","Vengeance","0","1","0","0","0","0"
"Paladin","184","Retribution","20056","Vengeance","0","1","0","0","0","0"
"Paladin","184","Retribution","20057","Vengeance","0","1","0","0","0","0"
"Paladin","184","Retribution","20058","Vengeance","0","1","0","0","0","0"
"Paladin","184","Retribution","20059","Vengeance","0","1","0","0","0","0"
"Paladin","184","Retribution","20060","Deflection","0","1","0","0","0","0"
"Paladin","184","Retribution","20061","Deflection","0","1","0","0","0","0"
"Paladin","184","Retribution","20062","Deflection","0","1","0","0","0","0"
"Paladin","184","Retribution","20063","Deflection","0","1","0","0","0","0"
"Paladin","184","Retribution","20064","Deflection","0","1","0","0","0","0"
"Paladin","184","Retribution","20066","Repentance","0","1","2","0","0","0"
"Paladin","184","Retribution","20091","Improved Retribution Aura","0","1","0","0","0","0"
"Paladin","184","Retribution","20092","Improved Retribution Aura","0","1","0","0","0","0"
"Paladin","184","Retribution","20101","Benediction","0","1","0","0","0","0"
"Paladin","184","Retribution","20102","Benediction","0","1","0","0","0","0"
"Paladin","184","Retribution","20103","Benediction","0","1","0","0","0","0"
"Paladin","184","Retribution","20104","Benediction","0","1","0","0","0","0"
"Paladin","184","Retribution","20105","Benediction","0","1","0","0","0","0"
"Paladin","184","Retribution","20111","Two-Handed Weapon Specialization","0","1","0","0","0","0"
"Paladin","184","Retribution","20112","Two-Handed Weapon Specialization","0","1","0","0","0","0"
"Paladin","184","Retribution","20113","Two-Handed Weapon Specialization","0","1","0","0","0","0"
"Paladin","184","Retribution","20117","Conviction","0","1","0","0","0","0"
"Paladin","184","Retribution","20118","Conviction","0","1","0","0","0","0"
"Paladin","184","Retribution","20119","Conviction","0","1","0","0","0","0"
"Paladin","184","Retribution","20120","Conviction","0","1","0","0","0","0"
"Paladin","184","Retribution","20121","Conviction","0","1","0","0","0","0"
"Paladin","184","Retribution","20162","Seal of the Crusader","0","1","2","0","0","0"
"Paladin","184","Retribution","20188","Judgement of the Crusader","0","1","2","0","0","0"
"Paladin","184","Retribution","20218","Sanctity Aura","0","1","2","0","0","0"
"Paladin","184","Retribution","20271","Judgement","0","1","2","0","0","0"
"Paladin","184","Retribution","20300","Judgement of the Crusader","0","1","2","0","0","0"
"Paladin","184","Retribution","20301","Judgement of the Crusader","0","1","2","0","0","0"
"Paladin","184","Retribution","20302","Judgement of the Crusader","0","1","2","0","0","0"
"Paladin","184","Retribution","20303","Judgement of the Crusader","0","1","2","0","0","0"
"Paladin","184","Retribution","20305","Seal of the Crusader","0","1","2","0","0","0"
"Paladin","184","Retribution","20306","Seal of the Crusader","0","1","2","0","0","0"
"Paladin","184","Retribution","20307","Seal of the Crusader","0","1","2","0","0","0"
"Paladin","184","Retribution","20308","Seal of the Crusader","0","1","2","0","0","0"
"Paladin","184","Retribution","20335","Improved Seal of the Crusader","0","1","0","0","0","0"
"Paladin","184","Retribution","20336","Improved Seal of the Crusader","0","1","0","0","0","0"
"Paladin","184","Retribution","20337","Improved Seal of the Crusader","0","1","0","0","0","0"
"Paladin","184","Retribution","20375","Seal of Command","0","1","0","0","0","0"
"Paladin","184","Retribution","20425","Judgement of Command","0","1","0","0","0","0"
"Paladin","184","Retribution","20467","Judgement of Command","0","1","0","0","0","0"
"Paladin","184","Retribution","20915","Seal of Command","0","1","0","0","0","0"
"Paladin","184","Retribution","20918","Seal of Command","0","1","0","0","0","0"
"Paladin","184","Retribution","20919","Seal of Command","0","1","0","0","0","0"
"Paladin","184","Retribution","20920","Seal of Command","0","1","0","0","0","0"
"Paladin","184","Retribution","20961","Judgement of Command","0","1","0","0","0","0"
"Paladin","184","Retribution","20962","Judgement of Command","0","1","0","0","0","0"
"Paladin","184","Retribution","20963","Judgement of Command","0","1","0","0","0","0"
"Paladin","184","Retribution","20964","Judgement of Command","0","1","0","0","0","0"
"Paladin","184","Retribution","20965","Judgement of Command","0","1","0","0","0","0"
"Paladin","184","Retribution","20966","Judgement of Command","0","1","0","0","0","0"
"Paladin","184","Retribution","20967","Judgement of Command","0","1","0","0","0","0"
"Paladin","184","Retribution","20968","Judgement of Command","0","1","0","0","0","0"
"Paladin","184","Retribution","21082","Seal of the Crusader","0","1","2","0","0","0"
"Paladin","184","Retribution","21183","Judgement of the Crusader","0","1","2","0","0","0"
"Paladin","184","Retribution","25291","Blessing of Might","0","1","2","0","0","0"
"Paladin","184","Retribution","25782","Greater Blessing of Might","0","1","2","0","0","0"
"Paladin","184","Retribution","25916","Greater Blessing of Might","0","1","2","0","0","0"
"Paladin","184","Retribution","25956","Improved Judgement","0","1","2","0","0","0"
"Paladin","184","Retribution","25957","Improved Judgement","0","1","2","0","0","0"
"Paladin","184","Retribution","25988","Eye for an Eye","0","1","2","0","0","0"
"Paladin","184","Retribution","25997","Eye for an Eye","0","1","2","0","0","0"
"Paladin","184","Retribution","26016","Vindication","0","1","2","0","0","0"
"Paladin","184","Retribution","26017","Vindication","0","1","2","0","0","0"
"Paladin","184","Retribution","26018","Vindication","0","1","2","0","0","0"
"Paladin","184","Retribution","26021","Vindication","0","1","2","0","0","0"
"Paladin","184","Retribution","26022","Pursuit of Justice","0","1","2","0","0","0"
"Paladin","184","Retribution","26023","Pursuit of Justice","0","1","2","0","0","0"
"Paladin","184","Retribution","27140","Blessing of Might","0","1","2","0","0","0"
"Paladin","184","Retribution","27141","Greater Blessing of Might","0","1","2","0","0","0"
"Paladin","184","Retribution","27150","Retribution Aura","0","1","2","0","10301","0"
"Paladin","184","Retribution","27158","Seal of the Crusader","0","1","2","0","0","0"
"Paladin","184","Retribution","27159","Judgement of the Crusader","0","1","2","0","0","0"
"Paladin","184","Retribution","27170","Seal of Command","0","1","2","0","0","0"
"Paladin","184","Retribution","27171","Judgement of Command","0","1","0","0","0","0"
"Paladin","184","Retribution","27172","Judgement of Command","0","1","0","0","0","0"
"Paladin","184","Retribution","31801","Seal of Vengeance","0","1","2","1029","0","0"
"Paladin","184","Retribution","31803","Holy Vengeance","0","1","2","1541","0","0"
"Paladin","184","Retribution","31804","Judgement of Vengeance","0","1","2","1029","0","0"
"Paladin","184","Retribution","31866","Crusade","0","1","2","0","0","0"
"Paladin","184","Retribution","31867","Crusade","0","1","2","0","0","0"
"Paladin","184","Retribution","31868","Crusade","0","1","2","0","0","0"
"Paladin","184","Retribution","31869","Improved Sanctity Aura","0","1","2","0","0","0"
"Paladin","184","Retribution","31870","Improved Sanctity Aura","0","1","2","0","0","0"
"Paladin","184","Retribution","31871","Divine Purpose","0","1","2","0","0","0"
"Paladin","184","Retribution","31872","Divine Purpose","0","1","2","0","0","0"
"Paladin","184","Retribution","31873","Divine Purpose","0","1","2","0","0","0"
"Paladin","184","Retribution","31876","Sanctified Judgement","0","1","2","0","0","0"
"Paladin","184","Retribution","31877","Sanctified Judgement","0","1","2","0","0","0"
"Paladin","184","Retribution","31878","Sanctified Judgement","0","1","2","0","0","0"
"Paladin","184","Retribution","31879","Fanaticism","0","1","2","0","0","0"
"Paladin","184","Retribution","31880","Fanaticism","0","1","2","0","0","0"
"Paladin","184","Retribution","31881","Fanaticism","0","1","2","0","0","0"
"Paladin","184","Retribution","31882","Fanaticism","0","1","2","0","0","0"
"Paladin","184","Retribution","31883","Fanaticism","0","1","2","0","0","0"
"Paladin","184","Retribution","31884","Avenging Wrath","0","1","2","0","0","0"
"Paladin","184","Retribution","31892","Seal of Blood","0","1","2","512","0","0"
"Paladin","184","Retribution","31893","Seal of Blood","0","1","2","512","0","0"
"Paladin","184","Retribution","31898","Judgement of Blood","0","1","2","512","0","0"
"Paladin","184","Retribution","32043","Sanctified Seals","0","1","2","0","0","0"
"Paladin","184","Retribution","32223","Crusader Aura","0","1","2","0","0","0"
"Paladin","184","Retribution","35395","Crusader Strike","0","1","2","0","0","0"
"Paladin","184","Retribution","35396","Sanctified Seals","0","1","2","0","0","0"
"Paladin","184","Retribution","35397","Sanctified Seals","0","1","2","0","0","0"
"Paladin","184","Retribution","44414","Pursuit of Justice","0","1","2","0","0","0"
"Paladin","184","Retribution","348700","Seal of the Martyr","0","1","2","1029","0","0"
"Paladin","184","Retribution","348701","Seal of the Martyr","0","1","2","1029","0","0"
"Paladin","184","Retribution","348704","Seal of Corruption","0","1","2","512","0","0"
"Paladin","184","Retribution","356110","Blood Corruption","0","1","2","512","0","0"
"Paladin","184","Retribution","356112","Judgement of Corruption","0","1","2","512","0","0"
"Paladin","267","Protection","465","Devotion Aura","0","1","2","0","0","0"
"Paladin","267","Protection","498","Divine Protection","0","1","2","0","0","0"
"Paladin","267","Protection","642","Divine Shield","0","1","2","0","0","0"
"Paladin","267","Protection","643","Devotion Aura","0","1","2","0","10290","0"
"Paladin","267","Protection","853","Hammer of Justice","0","1","2","0","0","0"
"Paladin","267","Protection","1020","Divine Shield","0","1","2","0","0","0"
"Paladin","267","Protection","1022","Blessing of Protection","0","1","2","0","0","0"
"Paladin","267","Protection","1032","Devotion Aura","0","1","2","0","10291","0"
"Paladin","267","Protection","1038","Blessing of Salvation","0","1","2","0","0","0"
"Paladin","267","Protection","1044","Blessing of Freedom","0","1","2","0","0","0"
"Paladin","267","Protection","5573","Divine Protection","0","1","2","0","0","0"
"Paladin","267","Protection","5588","Hammer of Justice","0","1","2","0","0","0"
"Paladin","267","Protection","5589","Hammer of Justice","0","1","2","0","0","0"
"Paladin","267","Protection","5599","Blessing of Protection","0","1","2","0","0","0"
"Paladin","267","Protection","6940","Blessing of Sacrifice","0","1","2","0","0","0"
"Paladin","267","Protection","10278","Blessing of Protection","0","1","2","0","0","0"
"Paladin","267","Protection","10290","Devotion Aura","0","1","2","0","465","0"
"Paladin","267","Protection","10291","Devotion Aura","0","1","2","0","643","0"
"Paladin","267","Protection","10292","Devotion Aura","0","1","2","0","1032","0"
"Paladin","267","Protection","10293","Devotion Aura","0","1","2","0","10292","0"
"Paladin","267","Protection","10308","Hammer of Justice","0","1","2","0","0","0"
"Paladin","267","Protection","19746","Concentration Aura","0","1","2","0","0","0"
"Paladin","267","Protection","19752","Divine Intervention","0","1","2","0","0","0"
"Paladin","267","Protection","19876","Shadow Resistance Aura","0","1","2","0","0","0"
"Paladin","267","Protection","19888","Frost Resistance Aura","0","1","2","0","0","0"
"Paladin","267","Protection","19891","Fire Resistance Aura","0","1","2","0","0","0"
"Paladin","267","Protection","19895","Shadow Resistance Aura","0","1","2","0","19876","0"
"Paladin","267","Protection","19896","Shadow Resistance Aura","0","1","2","0","19895","0"
"Paladin","267","Protection","19897","Frost Resistance Aura","0","1","2","0","19888","0"
"Paladin","267","Protection","19898","Frost Resistance Aura","0","1","2","0","19897","0"
"Paladin","267","Protection","19899","Fire Resistance Aura","0","1","2","0","19891","0"
"Paladin","267","Protection","19900","Fire Resistance Aura","0","1","2","0","19899","0"
"Paladin","267","Protection","20096","Anticipation","0","1","2","0","0","0"
"Paladin","267","Protection","20097","Anticipation","0","1","2","0","0","0"
"Paladin","267","Protection","20098","Anticipation","0","1","2","0","0","0"
"Paladin","267","Protection","20099","Anticipation","0","1","2","0","0","0"
"Paladin","267","Protection","20100","Anticipation","0","1","2","0","0","0"
"Paladin","267","Protection","20127","Redoubt","0","1","0","0","0","0"
"Paladin","267","Protection","20130","Redoubt","0","1","0","0","0","0"
"Paladin","267","Protection","20135","Redoubt","0","1","0","0","0","0"
"Paladin","267","Protection","20136","Redoubt","0","1","0","0","0","0"
"Paladin","267","Protection","20137","Redoubt","0","1","0","0","0","0"
"Paladin","267","Protection","20138","Improved Devotion Aura","0","1","0","0","0","0"
"Paladin","267","Protection","20139","Improved Devotion Aura","0","1","0","0","0","0"
"Paladin","267","Protection","20140","Improved Devotion Aura","0","1","0","0","0","0"
"Paladin","267","Protection","20141","Improved Devotion Aura","0","1","0","0","0","0"
"Paladin","267","Protection","20142","Improved Devotion Aura","0","1","0","0","0","0"
"Paladin","267","Protection","20143","Toughness","0","1","0","0","0","0"
"Paladin","267","Protection","20144","Toughness","0","1","0","0","0","0"
"Paladin","267","Protection","20145","Toughness","0","1","0","0","0","0"
"Paladin","267","Protection","20146","Toughness","0","1","0","0","0","0"
"Paladin","267","Protection","20147","Toughness","0","1","0","0","0","0"
"Paladin","267","Protection","20148","Shield Specialization","0","1","0","0","0","0"
"Paladin","267","Protection","20149","Shield Specialization","0","1","0","0","0","0"
"Paladin","267","Protection","20150","Shield Specialization","0","1","0","0","0","0"
"Paladin","267","Protection","20164","Seal of Justice","0","1","2","0","0","0"
"Paladin","267","Protection","20174","Guardian's Favor","0","1","0","0","0","0"
"Paladin","267","Protection","20175","Guardian's Favor","0","1","0","0","0","0"
"Paladin","267","Protection","20177","Reckoning","0","1","0","0","0","0"
"Paladin","267","Protection","20179","Reckoning","0","1","0","0","0","0"
"Paladin","267","Protection","20180","Reckoning","0","1","0","0","0","0"
"Paladin","267","Protection","20181","Reckoning","0","1","0","0","0","0"
"Paladin","267","Protection","20182","Reckoning","0","1","0","0","0","0"
"Paladin","267","Protection","20184","Judgement of Justice","0","1","2","0","0","0"
"Paladin","267","Protection","20189","Precision","0","1","2","0","0","0"
"Paladin","267","Protection","20192","Precision","0","1","2","0","0","0"
"Paladin","267","Protection","20193","Precision","0","1","2","0","0","0"
"Paladin","267","Protection","20196","One-Handed Weapon Specialization","0","1","0","0","0","0"
"Paladin","267","Protection","20197","One-Handed Weapon Specialization","0","1","0","0","0","0"
"Paladin","267","Protection","20198","One-Handed Weapon Specialization","0","1","0","0","0","0"
"Paladin","267","Protection","20199","One-Handed Weapon Specialization","0","1","0","0","0","0"
"Paladin","267","Protection","20200","One-Handed Weapon Specialization","0","1","0","0","0","0"
"Paladin","267","Protection","20217","Blessing of Kings","0","1","2","0","0","0"
"Paladin","267","Protection","20254","Improved Concentration Aura","0","1","2","0","0","0"
"Paladin","267","Protection","20255","Improved Concentration Aura","0","1","2","0","0","0"
"Paladin","267","Protection","20256","Improved Concentration Aura","0","1","2","0","0","0"
"Paladin","267","Protection","20468","Improved Righteous Fury","0","1","0","0","0","0"
"Paladin","267","Protection","20469","Improved Righteous Fury","0","1","0","0","0","0"
"Paladin","267","Protection","20470","Improved Righteous Fury","0","1","0","0","0","0"
"Paladin","267","Protection","20487","Improved Hammer of Justice","0","1","0","0","0","0"
"Paladin","267","Protection","20488","Improved Hammer of Justice","0","1","0","0","0","0"
"Paladin","267","Protection","20489","Improved Hammer of Justice","0","1","0","0","0","0"
"Paladin","267","Protection","20729","Blessing of Sacrifice","0","1","2","0","0","0"
"Paladin","267","Protection","20911","Blessing of Sanctuary","0","1","2","0","0","0"
"Paladin","267","Protection","20912","Blessing of Sanctuary","0","1","2","0","0","0"
"Paladin","267","Protection","20913","Blessing of Sanctuary","0","1","2","0","0","0"
"Paladin","267","Protection","20914","Blessing of Sanctuary","0","1","2","0","0","0"
"Paladin","267","Protection","20925","Holy Shield","0","1","0","0","0","0"
"Paladin","267","Protection","20927","Holy Shield","0","1","0","0","0","0"
"Paladin","267","Protection","20928","Holy Shield","0","1","0","0","0","0"
"Paladin","267","Protection","25780","Righteous Fury","0","1","2","0","0","0"
"Paladin","267","Protection","25781","Righteous Fury","0","1","2","0","0","0"
"Paladin","267","Protection","25895","Greater Blessing of Salvation","0","1","2","0","0","0"
"Paladin","267","Protection","25898","Greater Blessing of Kings","0","1","2","0","0","0"
"Paladin","267","Protection","25899","Greater Blessing of Sanctuary","0","1","2","0","0","0"
"Paladin","267","Protection","27147","Blessing of Sacrifice","0","1","2","0","0","0"
"Paladin","267","Protection","27148","Blessing of Sacrifice","0","1","2","0","0","0"
"Paladin","267","Protection","27149","Devotion Aura","0","1","2","0","10293","0"
"Paladin","267","Protection","27151","Shadow Resistance Aura","0","1","2","0","19896","0"
"Paladin","267","Protection","27152","Frost Resistance Aura","0","1","2","0","19898","0"
"Paladin","267","Protection","27153","Fire Resistance Aura","0","1","2","0","19900","0"
"Paladin","267","Protection","27168","Blessing of Sanctuary","0","1","2","0","0","0"
"Paladin","267","Protection","27169","Greater Blessing of Sanctuary","0","1","2","0","0","0"
"Paladin","267","Protection","27179","Holy Shield","0","1","2","0","0","0"
"Paladin","267","Protection","31785","Spiritual Attunement","0","1","2","0","0","0"
"Paladin","267","Protection","31789","Righteous Defense","0","1","2","0","0","0"
"Paladin","267","Protection","31844","Stoicism","0","1","2","0","0","0"
"Paladin","267","Protection","31845","Stoicism","0","1","2","0","0","0"
"Paladin","267","Protection","31846","Spell Warding","0","1","2","0","0","0"
"Paladin","267","Protection","31847","Spell Warding","0","1","2","0","0","0"
"Paladin","267","Protection","31848","Sacred Duty","0","1","2","0","0","0"
"Paladin","267","Protection","31849","Sacred Duty","0","1","2","0","0","0"
"Paladin","267","Protection","31850","Ardent Defender","0","1","2","0","0","0"
"Paladin","267","Protection","31851","Ardent Defender","0","1","2","0","0","0"
"Paladin","267","Protection","31852","Ardent Defender","0","1","2","0","0","0"
"Paladin","267","Protection","31853","Ardent Defender","0","1","2","0","0","0"
"Paladin","267","Protection","31854","Ardent Defender","0","1","2","0","0","0"
"Paladin","267","Protection","31858","Combat Expertise","0","1","2","0","0","0"
"Paladin","267","Protection","31859","Combat Expertise","0","1","2","0","0","0"
"Paladin","267","Protection","31860","Combat Expertise","0","1","2","0","0","0"
"Paladin","267","Protection","31861","Combat Expertise","0","1","2","0","0","0"
"Paladin","267","Protection","31862","Combat Expertise","0","1","2","0","0","0"
"Paladin","267","Protection","31895","Seal of Justice","0","1","2","0","0","0"
"Paladin","267","Protection","31896","Judgement of Justice","0","1","2","0","0","0"
"Paladin","267","Protection","31935","Avenger's Shield","0","1","2","0","0","0"
"Paladin","267","Protection","32699","Avenger's Shield","0","1","2","0","0","0"
"Paladin","267","Protection","32700","Avenger's Shield","0","1","2","0","0","0"
"Paladin","267","Protection","33776","Spiritual Attunement","0","1","2","0","31785","0"
"Paladin","267","Protection","41021","Improved Holy Shield","0","1","2","0","0","0"
"Paladin","267","Protection","41026","Improved Holy Shield","0","1","2","0","0","0"
"Pet","270","Pet - Generic","1742","Cower","0","1","0","0","0","0"
"Pet","270","Pet - Generic","1753","Cower","0","1","0","0","1742","0"
"Pet","270","Pet - Generic","1754","Cower","0","1","0","0","1753","0"
"Pet","270","Pet - Generic","1755","Cower","0","1","0","0","1754","0"
"Pet","270","Pet - Generic","1756","Cower","0","1","0","0","1755","0"
"Pet","270","Pet - Generic","2649","Growl","0","1","0","0","0","0"
"Pet","270","Pet - Generic","4187","Great Stamina","0","1","0","0","0","0"
"Pet","270","Pet - Generic","4188","Great Stamina","0","1","0","0","4187","0"
"Pet","270","Pet - Generic","4189","Great Stamina","0","1","0","0","4188","0"
"Pet","270","Pet - Generic","4190","Great Stamina","0","1","0","0","4189","0"
"Pet","270","Pet - Generic","4191","Great Stamina","0","1","0","0","4190","0"
"Pet","270","Pet - Generic","4192","Great Stamina","0","1","0","0","4191","0"
"Pet","270","Pet - Generic","4193","Great Stamina","0","1","0","0","4192","0"
"Pet","270","Pet - Generic","4194","Great Stamina","0","1","0","0","4193","0"
"Pet","270","Pet - Generic","5041","Great Stamina","0","1","0","0","4194","0"
"Pet","270","Pet - Generic","5042","Great Stamina","0","1","0","0","5041","0"
"Pet","270","Pet - Generic","6280","Pet Hardiness","0","1","0","0","0","0"
"Pet","270","Pet - Generic","6281","Pet Hardiness","0","1","0","0","6280","0"
"Pet","270","Pet - Generic","6282","Pet Hardiness","0","1","0","0","6281","0"
"Pet","270","Pet - Generic","6283","Pet Hardiness","0","1","0","0","6282","0"
"Pet","270","Pet - Generic","6286","Pet Hardiness","0","1","0","0","6283","0"
"Pet","270","Pet - Generic","6311","Pet Aggression","0","1","0","0","0","0"
"Pet","270","Pet - Generic","6314","Pet Aggression","0","1","0","0","6311","0"
"Pet","270","Pet - Generic","6315","Pet Aggression","0","1","0","0","6314","0"
"Pet","270","Pet - Generic","6316","Pet Aggression","0","1","0","0","6315","0"
"Pet","270","Pet - Generic","6317","Pet Aggression","0","1","0","0","6316","0"
"Pet","270","Pet - Generic","6328","Pet Recovery","0","1","0","0","0","0"
"Pet","270","Pet - Generic","6331","Pet Recovery","0","1","0","0","6328","0"
"Pet","270","Pet - Generic","6332","Pet Recovery","0","1","0","0","6331","0"
"Pet","270","Pet - Generic","6333","Pet Recovery","0","1","0","0","6332","0"
"Pet","270","Pet - Generic","6334","Pet Recovery","0","1","0","0","6333","0"
"Pet","270","Pet - Generic","6443","Pet Resistance","0","1","0","0","0","0"
"Pet","270","Pet - Generic","6444","Pet Resistance","0","1","0","0","6443","0"
"Pet","270","Pet - Generic","6445","Pet Resistance","0","1","0","0","6444","0"
"Pet","270","Pet - Generic","6446","Pet Resistance","0","1","0","0","6445","0"
"Pet","270","Pet - Generic","6447","Pet Resistance","0","1","0","0","6446","0"
"Pet","270","Pet - Generic","8875","Tamed Pet Passive (DND)","2","1","0","0","0","0"
"Pet","270","Pet - Generic","14916","Growl","0","1","0","0","2649","0"
"Pet","270","Pet - Generic","14917","Growl","0","1","0","0","14916","0"
"Pet","270","Pet - Generic","14918","Growl","0","1","0","0","14917","0"
"Pet","270","Pet - Generic","14919","Growl","0","1","0","0","14918","0"
"Pet","270","Pet - Generic","14920","Growl","0","1","0","0","14919","0"
"Pet","270","Pet - Generic","14921","Growl","0","1","0","0","14920","0"
"Pet","270","Pet - Generic","16697","Cower","0","1","0","0","1756","0"
"Pet","270","Pet - Generic","19577","Intimidation","0","1","0","0","0","0"
"Pet","270","Pet - Generic","19580","Tamed Pet Passive (DND)","2","1","0","0","0","0"
"Pet","270","Pet - Generic","19581","Tamed Pet Passive (DND)","2","1","0","0","0","0"
"Pet","270","Pet - Generic","19582","Tamed Pet Passive (DND)","2","1","0","0","0","0"
"Pet","270","Pet - Generic","19589","Tamed Pet Passive (DND)","2","1","0","0","0","0"
"Pet","270","Pet - Generic","19591","Tamed Pet Passive (DND)","2","1","0","0","0","0"
"Pet","270","Pet - Generic","20782","Tamed Pet Passive (DND)","2","1","0","0","0","0"
"Pet","270","Pet - Generic","20784","Tamed Pet Passive (DND)","2","1","0","0","0","0"
"Pet","270","Pet - Generic","23992","Fire Resistance","0","1","0","0","0","0"
"Pet","270","Pet - Generic","24394","Intimidation","0","1","0","0","0","0"
"Pet","270","Pet - Generic","24439","Fire Resistance","0","1","0","0","23992","0"
"Pet","270","Pet - Generic","24444","Fire Resistance","0","1","0","0","24439","0"
"Pet","270","Pet - Generic","24445","Fire Resistance","0","1","0","0","24444","0"
"Pet","270","Pet - Generic","24446","Frost Resistance","0","1","0","0","0","0"
"Pet","270","Pet - Generic","24447","Frost Resistance","0","1","0","0","24446","0"
"Pet","270","Pet - Generic","24448","Frost Resistance","0","1","0","0","24447","0"
"Pet","270","Pet - Generic","24449","Frost Resistance","0","1","0","0","24448","0"
"Pet","270","Pet - Generic","24488","Shadow Resistance","0","1","0","0","0","0"
"Pet","270","Pet - Generic","24492","Nature Resistance","0","1","0","0","0","0"
"Pet","270","Pet - Generic","24493","Arcane Resistance","0","1","0","0","0","0"
"Pet","270","Pet - Generic","24497","Arcane Resistance","0","1","0","0","24493","0"
"Pet","270","Pet - Generic","24500","Arcane Resistance","0","1","0","0","24497","0"
"Pet","270","Pet - Generic","24501","Arcane Resistance","0","1","0","0","24500","0"
"Pet","270","Pet - Generic","24502","Nature Resistance","0","1","0","0","24492","0"
"Pet","270","Pet - Generic","24503","Nature Resistance","0","1","0","0","24502","0"
"Pet","270","Pet - Generic","24504","Nature Resistance","0","1","0","0","24503","0"
"Pet","270","Pet - Generic","24505","Shadow Resistance","0","1","0","0","24488","0"
"Pet","270","Pet - Generic","24506","Shadow Resistance","0","1","0","0","24505","0"
"Pet","270","Pet - Generic","24507","Shadow Resistance","0","1","0","0","24506","0"
"Pet","270","Pet - Generic","24545","Natural Armor","0","1","4","0","0","0"
"Pet","270","Pet - Generic","24549","Natural Armor","0","1","4","0","24545","0"
"Pet","270","Pet - Generic","24550","Natural Armor","0","1","4","0","24549","0"
"Pet","270","Pet - Generic","24551","Natural Armor","0","1","4","0","24550","0"
"Pet","270","Pet - Generic","24552","Natural Armor","0","1","4","0","24551","0"
"Pet","270","Pet - Generic","24553","Natural Armor","0","1","4","0","24552","0"
"Pet","270","Pet - Generic","24554","Natural Armor","0","1","4","0","24553","0"
"Pet","270","Pet - Generic","24555","Natural Armor","0","1","4","0","24554","0"
"Pet","270","Pet - Generic","24629","Natural Armor","0","1","0","0","24555","0"
"Pet","270","Pet - Generic","24630","Natural Armor","0","1","0","0","24629","0"
"Pet","270","Pet - Generic","25076","Cobra Reflexes","0","1","0","0","0","0"
"Pet","270","Pet - Generic","27047","Growl","0","1","0","0","14921","0"
"Pet","270","Pet - Generic","27048","Cower","0","1","0","0","16697","0"
"Pet","270","Pet - Generic","27052","Arcane Resistance","0","1","0","0","24501","0"
"Pet","270","Pet - Generic","27053","Fire Resistance","0","1","0","0","24445","0"
"Pet","270","Pet - Generic","27054","Frost Resistance","0","1","0","0","24449","0"
"Pet","270","Pet - Generic","27055","Nature Resistance","0","1","0","0","24504","0"
"Pet","270","Pet - Generic","27056","Shadow Resistance","0","1","0","0","24507","0"
"Pet","270","Pet - Generic","27061","Natural Armor","0","1","0","0","24630","0"
"Pet","270","Pet - Generic","27062","Great Stamina","0","1","0","0","5042","0"
"Pet","270","Pet - Generic","34457","Ferocious Inspiration","2","1","0","0","0","0"
"Pet","270","Pet - Generic","34666","Tamed Pet Passive (DND)","2","1","0","0","0","0"
"Pet","270","Pet - Generic","34667","Tamed Pet Passive (DND)","2","1","0","0","0","0"
"Pet","270","Pet - Generic","34675","Tamed Pet Passive (DND)","2","1","0","0","0","0"
"Pet","270","Pet - Generic","34902","Hunter Pet Scaling 01","2","1","0","0","0","0"
"Pet","270","Pet - Generic","34903","Hunter Pet Scaling 02","2","1","0","0","0","0"
"Pet","270","Pet - Generic","34904","Hunter Pet Scaling 03","2","1","0","0","0","0"
"Pet","270","Pet - Generic","35694","Avoidance","0","1","0","0","0","0"
"Pet","270","Pet - Generic","35698","Avoidance","0","1","0","0","35694","0"
"Paladin","594","Holy","633","Lay on Hands","0","1","2","0","0","0"
"Paladin","594","Holy","635","Holy Light","2","1","2","0","0","0"
"Paladin","594","Holy","639","Holy Light","0","1","2","0","0","0"
"Paladin","594","Holy","647","Holy Light","0","1","2","0","0","0"
"Paladin","594","Holy","879","Exorcism","0","1","2","0","0","0"
"Paladin","594","Holy","1026","Holy Light","0","1","2","0","0","0"
"Paladin","594","Holy","1042","Holy Light","0","1","0","0","0","0"
"Paladin","594","Holy","1152","Purify","0","1","2","0","0","0"
"Paladin","594","Holy","2800","Lay on Hands","0","1","2","0","633","0"
"Paladin","594","Holy","2812","Holy Wrath","0","1","2","0","0","0"
"Paladin","594","Holy","2878","Turn Undead","0","1","2","0","0","0"
"Paladin","594","Holy","3472","Holy Light","0","1","2","0","0","0"
"Paladin","594","Holy","4987","Cleanse","0","1","2","0","0","0"
"Paladin","594","Holy","5502","Sense Undead","0","1","2","0","0","0"
"Paladin","594","Holy","5614","Exorcism","0","1","2","0","0","0"
"Paladin","594","Holy","5615","Exorcism","0","1","2","0","0","0"
"Paladin","594","Holy","5627","Turn Undead","0","1","2","0","0","0"
"Paladin","594","Holy","5923","Holy Power","0","1","2","0","0","0"
"Paladin","594","Holy","5924","Holy Power","0","1","2","0","0","0"
"Paladin","594","Holy","5925","Holy Power","0","1","2","0","0","0"
"Paladin","594","Holy","5926","Holy Power","0","1","2","0","0","0"
"Paladin","594","Holy","7328","Redemption","0","1","2","0","0","0"
"Paladin","594","Holy","9453","Unyielding Faith","0","1","2","0","0","0"
"Paladin","594","Holy","10310","Lay on Hands","0","1","2","0","2800","0"
"Paladin","594","Holy","10312","Exorcism","0","1","2","0","0","0"
"Paladin","594","Holy","10313","Exorcism","0","1","2","0","0","0"
"Paladin","594","Holy","10314","Exorcism","0","1","2","0","0","0"
"Paladin","594","Holy","10318","Holy Wrath","0","1","2","0","0","0"
"Paladin","594","Holy","10322","Redemption","0","1","2","0","0","0"
"Paladin","594","Holy","10324","Redemption","0","1","2","0","0","0"
"Paladin","594","Holy","10326","Turn Evil","0","1","2","0","0","0"
"Paladin","594","Holy","10328","Holy Light","0","1","2","0","0","0"
"Paladin","594","Holy","10329","Holy Light","0","1","2","0","0","0"
"Paladin","594","Holy","13819","Summon Warhorse","0","1","2","1029","0","0"
"Paladin","594","Holy","19742","Blessing of Wisdom","0","1","2","0","0","0"
"Paladin","594","Holy","19750","Flash of Light","0","1","2","0","0","0"
"Paladin","594","Holy","19850","Blessing of Wisdom","0","1","2","0","0","0"
"Paladin","594","Holy","19852","Blessing of Wisdom","0","1","2","0","0","0"
"Paladin","594","Holy","19853","Blessing of Wisdom","0","1","2","0","0","0"
"Paladin","594","Holy","19854","Blessing of Wisdom","0","1","2","0","0","0"
"Paladin","594","Holy","19939","Flash of Light","0","1","2","0","0","0"
"Paladin","594","Holy","19940","Flash of Light","0","1","2","0","0","0"
"Paladin","594","Holy","19941","Flash of Light","0","1","2","0","0","0"
"Paladin","594","Holy","19942","Flash of Light","0","1","2","0","0","0"
"Paladin","594","Holy","19943","Flash of Light","0","1","2","0","0","0"
"Paladin","594","Holy","19977","Blessing of Light","0","1","2","0","0","0"
"Paladin","594","Holy","19978","Blessing of Light","0","1","2","0","0","0"
"Paladin","594","Holy","19979","Blessing of Light","0","1","2","0","0","0"
"Paladin","594","Holy","20116","Consecration","0","1","2","0","0","0"
"Paladin","594","Holy","20154","Seal of Righteousness","2","1","2","0","0","0"
"Paladin","594","Holy","20165","Seal of Light","0","1","2","0","0","0"
"Paladin","594","Holy","20166","Seal of Wisdom","0","1","2","0","0","0"
"Paladin","594","Holy","20185","Judgement of Light","0","1","2","0","0","0"
"Paladin","594","Holy","20186","Judgement of Wisdom","0","1","2","0","0","0"
"Paladin","594","Holy","20187","Judgement of Righteousness","0","1","2","0","0","0"
"Paladin","594","Holy","20205","Spiritual Focus","0","1","0","0","0","0"
"Paladin","594","Holy","20206","Spiritual Focus","0","1","0","0","0","0"
"Paladin","594","Holy","20207","Spiritual Focus","0","1","0","0","0","0"
"Paladin","594","Holy","20208","Spiritual Focus","0","1","0","0","0","0"
"Paladin","594","Holy","20209","Spiritual Focus","0","1","0","0","0","0"
"Paladin","594","Holy","20210","Illumination","0","1","0","0","0","0"
"Paladin","594","Holy","20212","Illumination","0","1","0","0","0","0"
"Paladin","594","Holy","20213","Illumination","0","1","0","0","0","0"
"Paladin","594","Holy","20214","Illumination","0","1","0","0","0","0"
"Paladin","594","Holy","20215","Illumination","0","1","0","0","0","0"
"Paladin","594","Holy","20216","Divine Favor","0","1","0","0","0","0"
"Paladin","594","Holy","20224","Improved Seal of Righteousness","0","1","0","0","0","0"
"Paladin","594","Holy","20225","Improved Seal of Righteousness","0","1","0","0","0","0"
"Paladin","594","Holy","20234","Improved Lay on Hands","0","1","0","0","0","0"
"Paladin","594","Holy","20235","Improved Lay on Hands","0","1","0","0","0","0"
"Paladin","594","Holy","20237","Healing Light","0","1","0","0","0","0"
"Paladin","594","Holy","20238","Healing Light","0","1","0","0","0","0"
"Paladin","594","Holy","20239","Healing Light","0","1","0","0","0","0"
"Paladin","594","Holy","20244","Improved Blessing of Wisdom","0","1","0","0","0","0"
"Paladin","594","Holy","20245","Improved Blessing of Wisdom","0","1","0","0","0","0"
"Paladin","594","Holy","20249","Improved Flash of Light","0","1","0","0","0","0"
"Paladin","594","Holy","20250","Improved Flash of Light","0","1","0","0","0","0"
"Paladin","594","Holy","20251","Improved Flash of Light","0","1","0","0","0","0"
"Paladin","594","Holy","20257","Divine Intellect","0","1","0","0","0","0"
"Paladin","594","Holy","20258","Divine Intellect","0","1","0","0","0","0"
"Paladin","594","Holy","20259","Divine Intellect","0","1","0","0","0","0"
"Paladin","594","Holy","20260","Divine Intellect","0","1","0","0","0","0"
"Paladin","594","Holy","20261","Divine Intellect","0","1","0","0","0","0"
"Paladin","594","Holy","20262","Divine Strength","0","1","0","0","0","0"
"Paladin","594","Holy","20263","Divine Strength","0","1","0","0","0","0"
"Paladin","594","Holy","20264","Divine Strength","0","1","0","0","0","0"
"Paladin","594","Holy","20265","Divine Strength","0","1","0","0","0","0"
"Paladin","594","Holy","20266","Divine Strength","0","1","0","0","0","0"
"Paladin","594","Holy","20280","Judgement of Righteousness","0","1","2","0","0","0"
"Paladin","594","Holy","20281","Judgement of Righteousness","0","1","2","0","0","0"
"Paladin","594","Holy","20282","Judgement of Righteousness","0","1","2","0","0","0"
"Paladin","594","Holy","20283","Judgement of Righteousness","0","1","2","0","0","0"
"Paladin","594","Holy","20284","Judgement of Righteousness","0","1","2","0","0","0"
"Paladin","594","Holy","20285","Judgement of Righteousness","0","1","2","0","0","0"
"Paladin","594","Holy","20286","Judgement of Righteousness","0","1","2","0","0","0"
"Paladin","594","Holy","20287","Seal of Righteousness","0","1","2","0","0","0"
"Paladin","594","Holy","20288","Seal of Righteousness","0","1","2","0","0","0"
"Paladin","594","Holy","20289","Seal of Righteousness","0","1","2","0","0","0"
"Paladin","594","Holy","20290","Seal of Righteousness","0","1","2","0","0","0"
"Paladin","594","Holy","20291","Seal of Righteousness","0","1","2","0","0","0"
"Paladin","594","Holy","20292","Seal of Righteousness","0","1","2","0","0","0"
"Paladin","594","Holy","20293","Seal of Righteousness","0","1","2","0","0","0"
"Paladin","594","Holy","20330","Improved Seal of Righteousness","0","1","0","0","0","0"
"Paladin","594","Holy","20331","Improved Seal of Righteousness","0","1","0","0","0","0"
"Paladin","594","Holy","20332","Improved Seal of Righteousness","0","1","0","0","0","0"
"Paladin","594","Holy","20344","Judgement of Light","0","1","2","0","0","0"
"Paladin","594","Holy","20345","Judgement of Light","0","1","2","0","0","0"
"Paladin","594","Holy","20346","Judgement of Light","0","1","2","0","0","0"
"Paladin","594","Holy","20347","Seal of Light","0","1","2","0","0","0"
"Paladin","594","Holy","20348","Seal of Light","0","1","2","0","0","0"
"Paladin","594","Holy","20349","Seal of Light","0","1","2","0","0","0"
"Paladin","594","Holy","20354","Judgement of Wisdom","0","1","2","0","0","0"
"Paladin","594","Holy","20355","Judgement of Wisdom","0","1","2","0","0","0"
"Paladin","594","Holy","20356","Seal of Wisdom","0","1","2","0","0","0"
"Paladin","594","Holy","20357","Seal of Wisdom","0","1","2","0","0","0"
"Paladin","594","Holy","20359","Sanctified Light","0","1","2","0","0","0"
"Paladin","594","Holy","20360","Sanctified Light","0","1","2","0","0","0"
"Paladin","594","Holy","20361","Sanctified Light","0","1","2","0","0","0"
"Paladin","594","Holy","20473","Holy Shock","0","1","2","0","0","0"
"Paladin","594","Holy","20772","Redemption","0","1","2","0","0","0"
"Paladin","594","Holy","20773","Redemption","0","1","2","0","0","0"
"Paladin","594","Holy","20922","Consecration","0","1","2","0","0","0"
"Paladin","594","Holy","20923","Consecration","0","1","2","0","0","0"
"Paladin","594","Holy","20924","Consecration","0","1","2","0","0","0"
"Paladin","594","Holy","20929","Holy Shock","0","1","2","0","0","0"
"Paladin","594","Holy","20930","Holy Shock","0","1","2","0","0","0"
"Paladin","594","Holy","21084","Seal of Righteousness","0","1","2","0","20154","0"
"Paladin","594","Holy","23214","Summon Charger","0","1","2","1029","0","0"
"Paladin","594","Holy","24239","Hammer of Wrath","0","1","2","0","0","0"
"Paladin","594","Holy","24274","Hammer of Wrath","0","1","2","0","0","0"
"Paladin","594","Holy","24275","Hammer of Wrath","0","1","2","0","0","0"
"Paladin","594","Holy","25290","Blessing of Wisdom","0","1","2","0","0","0"
"Paladin","594","Holy","25292","Holy Light","0","1","2","0","0","0"
"Paladin","594","Holy","25829","Holy Power","0","1","2","0","0","0"
"Paladin","594","Holy","25836","Unyielding Faith","0","1","2","0","0","0"
"Paladin","594","Holy","25890","Greater Blessing of Light","0","1","2","0","0","0"
"Paladin","594","Holy","25894","Greater Blessing of Wisdom","0","1","2","0","0","0"
"Paladin","594","Holy","25902","Holy Shock","0","1","2","0","0","0"
"Paladin","594","Holy","25903","Holy Shock","0","1","2","0","0","0"
"Paladin","594","Holy","25911","Holy Shock","0","1","2","0","0","0"
"Paladin","594","Holy","25912","Holy Shock","0","1","2","0","0","0"
"Paladin","594","Holy","25913","Holy Shock","0","1","2","0","0","0"
"Paladin","594","Holy","25914","Holy Shock","0","1","2","0","0","0"
"Paladin","594","Holy","25918","Greater Blessing of Wisdom","0","1","2","0","0","0"
"Paladin","594","Holy","26573","Consecration","0","1","2","0","0","0"
"Paladin","594","Holy","27135","Holy Light","0","1","2","0","0","0"
"Paladin","594","Holy","27136","Holy Light","0","1","2","0","0","0"
"Paladin","594","Holy","27137","Flash of Light","0","1","2","0","0","0"
"Paladin","594","Holy","27138","Exorcism","0","1","2","0","0","0"
"Paladin","594","Holy","27139","Holy Wrath","0","1","2","0","0","0"
"Paladin","594","Holy","27142","Blessing of Wisdom","0","1","2","0","0","0"
"Paladin","594","Holy","27143","Greater Blessing of Wisdom","0","1","2","0","0","0"
"Paladin","594","Holy","27144","Blessing of Light","0","1","2","0","0","0"
"Paladin","594","Holy","27145","Greater Blessing of Light","0","1","2","0","0","0"
"Paladin","594","Holy","27154","Lay on Hands","0","1","2","0","10310","0"
"Paladin","594","Holy","27155","Seal of Righteousness","0","1","2","0","0","0"
"Paladin","594","Holy","27157","Judgement of Righteousness","0","1","2","0","0","0"
"Paladin","594","Holy","27160","Seal of Light","0","1","2","0","0","0"
"Paladin","594","Holy","27162","Judgement of Light","0","1","2","0","0","0"
"Paladin","594","Holy","27164","Judgement of Wisdom","0","1","2","0","0","0"
"Paladin","594","Holy","27166","Seal of Wisdom","0","1","2","0","0","0"
"Paladin","594","Holy","27173","Consecration","0","1","2","0","0","0"
"Paladin","594","Holy","27174","Holy Shock","0","1","2","0","0","0"
"Paladin","594","Holy","27175","Holy Shock","0","1","2","0","0","0"
"Paladin","594","Holy","27176","Holy Shock","0","1","2","0","0","0"
"Paladin","594","Holy","27180","Hammer of Wrath","0","1","2","0","0","0"
"Paladin","594","Holy","31821","Aura Mastery","0","1","2","0","0","0"
"Paladin","594","Holy","31822","Pure of Heart","0","1","2","0","0","0"
"Paladin","594","Holy","31823","Pure of Heart","0","1","2","0","0","0"
"Paladin","594","Holy","31824","Pure of Heart","0","1","2","0","0","0"
"Paladin","594","Holy","31825","Purifying Power","0","1","2","0","0","0"
"Paladin","594","Holy","31826","Purifying Power","0","1","2","0","0","0"
"Paladin","594","Holy","31828","Blessed Life","0","1","2","0","0","0"
"Paladin","594","Holy","31829","Blessed Life","0","1","2","0","0","0"
"Paladin","594","Holy","31830","Blessed Life","0","1","2","0","0","0"
"Paladin","594","Holy","31833","Light's Grace","0","1","2","0","0","0"
"Paladin","594","Holy","31834","Light's Grace","0","1","2","0","0","0"
"Paladin","594","Holy","31835","Light's Grace","0","1","2","0","0","0"
"Paladin","594","Holy","31836","Light's Grace","0","1","2","0","0","0"
"Paladin","594","Holy","31837","Holy Guidance","0","1","2","0","0","0"
"Paladin","594","Holy","31838","Holy Guidance","0","1","2","0","0","0"
"Paladin","594","Holy","31839","Holy Guidance","0","1","2","0","0","0"
"Paladin","594","Holy","31840","Holy Guidance","0","1","2","0","0","0"
"Paladin","594","Holy","31841","Holy Guidance","0","1","2","0","0","0"
"Paladin","594","Holy","31842","Divine Illumination","0","1","2","0","0","0"
"Paladin","594","Holy","32841","Mass Resurrection","0","1","16","0","0","0"
"Paladin","594","Holy","33072","Holy Shock","0","1","2","0","0","0"
"Paladin","594","Holy","33073","Holy Shock","0","1","2","0","0","0"
"Paladin","594","Holy","33074","Holy Shock","0","1","2","0","0","0"
"Paladin","594","Holy","34767","Summon Charger","0","1","2","512","0","0"
"Paladin","594","Holy","34769","Summon Warhorse","0","1","2","512","0","0"
"Druid","134","Feral Combat","99","Demoralizing Roar","0","1","1024","0","0","0"
"Druid","134","Feral Combat","768","Cat Form","0","1","1024","0","0","0"
"Druid","134","Feral Combat","769","Swipe","0","1","1024","0","780","0"
"Druid","134","Feral Combat","779","Swipe","0","1","1024","0","0","0"
"Druid","134","Feral Combat","780","Swipe","0","1","1024","0","779","0"
"Druid","134","Feral Combat","783","Travel Form","0","1","1024","0","0","0"
"Druid","134","Feral Combat","1066","Aquatic Form","0","1","1024","0","0","0"
"Druid","134","Feral Combat","1079","Rip","0","1","1024","0","0","0"
"Druid","134","Feral Combat","1082","Claw","0","1","1024","0","0","0"
"Druid","134","Feral Combat","1178","Bear Form (Passive)","0","1","1024","0","0","0"
"Druid","134","Feral Combat","1735","Demoralizing Roar","0","1","1024","0","99","0"
"Druid","134","Feral Combat","1822","Rake","0","1","1024","0","0","0"
"Druid","134","Feral Combat","1823","Rake","0","1","1024","0","1822","0"
"Druid","134","Feral Combat","1824","Rake","0","1","1024","0","1823","0"
"Druid","134","Feral Combat","1850","Dash","0","1","1024","0","0","0"
"Druid","134","Feral Combat","3025","Cat Form (Passive)","0","1","1024","0","0","0"
"Druid","134","Feral Combat","3029","Claw","0","1","1024","0","1082","0"
"Druid","134","Feral Combat","5201","Claw","0","1","1024","0","3029","0"
"Druid","134","Feral Combat","5209","Challenging Roar","0","1","1024","0","0","0"
"Druid","134","Feral Combat","5211","Bash","0","1","1024","0","0","0"
"Druid","134","Feral Combat","5215","Prowl","0","1","1024","0","0","0"
"Druid","134","Feral Combat","5217","Tiger's Fury","0","1","1024","0","0","0"
"Druid","134","Feral Combat","5221","Shred","0","1","1024","0","0","0"
"Druid","134","Feral Combat","5225","Track Humanoids","0","1","1024","0","0","0"
"Druid","134","Feral Combat","5229","Enrage","0","1","1024","0","0","0"
"Druid","134","Feral Combat","5421","Aquatic Form (Passive)","0","1","1024","0","0","0"
"Druid","134","Feral Combat","5487","Bear Form","0","1","1024","0","0","0"
"Druid","134","Feral Combat","6542","Enraged Defense","0","1","1024","0","0","0"
"Druid","134","Feral Combat","6783","Prowl","0","1","1024","0","5215","0"
"Druid","134","Feral Combat","6785","Ravage","0","1","1024","0","0","0"
"Druid","134","Feral Combat","6787","Ravage","0","1","1024","0","6785","0"
"Druid","134","Feral Combat","6793","Tiger's Fury","0","1","1024","0","5217","0"
"Druid","134","Feral Combat","6795","Growl","0","1","1024","0","0","0"
"Druid","134","Feral Combat","6798","Bash","0","1","1024","0","5211","0"
"Druid","134","Feral Combat","6800","Shred","0","1","1024","0","5221","0"
"Druid","134","Feral Combat","6807","Maul","0","1","1024","0","0","0"
"Druid","134","Feral Combat","6808","Maul","0","1","1024","0","6807","0"
"Druid","134","Feral Combat","6809","Maul","0","1","1024","0","6808","0"
"Druid","134","Feral Combat","8972","Maul","0","1","1024","0","6809","0"
"Druid","134","Feral Combat","8983","Bash","0","1","1024","0","6798","0"
"Druid","134","Feral Combat","8992","Shred","0","1","1024","0","6800","0"
"Druid","134","Feral Combat","8998","Cower","0","1","1024","0","0","0"
"Druid","134","Feral Combat","9000","Cower","0","1","1024","0","8998","0"
"Druid","134","Feral Combat","9005","Pounce","0","1","1024","0","0","0"
"Druid","134","Feral Combat","9007","Pounce Bleed","0","1","1024","0","0","0"
"Druid","134","Feral Combat","9490","Demoralizing Roar","0","1","1024","0","1735","0"
"Druid","134","Feral Combat","9492","Rip","0","1","1024","0","1079","0"
"Druid","134","Feral Combat","9493","Rip","0","1","1024","0","9492","0"
"Druid","134","Feral Combat","9634","Dire Bear Form","0","1","1024","0","5487","0"
"Druid","134","Feral Combat","9635","Dire Bear Form (Passive)","0","1","1024","0","0","0"
"Druid","134","Feral Combat","9745","Maul","0","1","1024","0","8972","0"
"Druid","134","Feral Combat","9747","Demoralizing Roar","0","1","1024","0","9490","0"
"Druid","134","Feral Combat","9752","Rip","0","1","1024","0","9493","0"
"Druid","134","Feral Combat","9754","Swipe","0","1","1024","0","769","0"
"Druid","134","Feral Combat","9821","Dash","0","1","1024","0","1850","0"
"Druid","134","Feral Combat","9823","Pounce","0","1","1024","0","9005","0"
"Druid","134","Feral Combat","9824","Pounce Bleed","0","1","1024","0","9007","0"
"Druid","134","Feral Combat","9826","Pounce Bleed","0","1","1024","0","9824","0"
"Druid","134","Feral Combat","9827","Pounce","0","1","1024","0","9823","0"
"Druid","134","Feral Combat","9829","Shred","0","1","1024","0","8992","0"
"Druid","134","Feral Combat","9830","Shred","0","1","1024","0","9829","0"
"Druid","134","Feral Combat","9845","Tiger's Fury","0","1","1024","0","6793","0"
"Druid","134","Feral Combat","9846","Tiger's Fury","0","1","1024","0","9845","0"
"Druid","134","Feral Combat","9849","Claw","0","1","1024","0","5201","0"
"Druid","134","Feral Combat","9850","Claw","0","1","1024","0","9849","0"
"Druid","134","Feral Combat","9866","Ravage","0","1","1024","0","6787","0"
"Druid","134","Feral Combat","9867","Ravage","0","1","1024","0","9866","0"
"Druid","134","Feral Combat","9880","Maul","0","1","1024","0","9745","0"
"Druid","134","Feral Combat","9881","Maul","0","1","1024","0","9880","0"
"Druid","134","Feral Combat","9892","Cower","0","1","1024","0","9000","0"
"Druid","134","Feral Combat","9894","Rip","0","1","1024","0","9752","0"
"Druid","134","Feral Combat","9896","Rip","0","1","1024","0","9894","0"
"Druid","134","Feral Combat","9898","Demoralizing Roar","0","1","1024","0","9747","0"
"Druid","134","Feral Combat","9904","Rake","0","1","1024","0","1824","0"
"Druid","134","Feral Combat","9908","Swipe","0","1","1024","0","9754","0"
"Druid","134","Feral Combat","9913","Prowl","0","1","1024","0","6783","0"
"Druid","134","Feral Combat","16857","Faerie Fire (Feral)","0","1","1024","0","0","0"
"Druid","134","Feral Combat","16858","Feral Aggression","0","1","0","0","0","0"
"Druid","134","Feral Combat","16859","Feral Aggression","0","1","0","0","0","0"
"Druid","134","Feral Combat","16860","Feral Aggression","0","1","0","0","0","0"
"Druid","134","Feral Combat","16861","Feral Aggression","0","1","0","0","0","0"
"Druid","134","Feral Combat","16862","Feral Aggression","0","1","0","0","0","0"
"Druid","134","Feral Combat","16929","Thick Hide","0","1","0","0","0","0"
"Druid","134","Feral Combat","16930","Thick Hide","0","1","0","0","0","0"
"Druid","134","Feral Combat","16931","Thick Hide","0","1","0","0","0","0"
"Druid","134","Feral Combat","16934","Ferocity","0","1","0","0","0","0"
"Druid","134","Feral Combat","16935","Ferocity","0","1","0","0","0","0"
"Druid","134","Feral Combat","16936","Ferocity","0","1","0","0","0","0"
"Druid","134","Feral Combat","16937","Ferocity","0","1","0","0","0","0"
"Druid","134","Feral Combat","16938","Ferocity","0","1","0","0","0","0"
"Druid","134","Feral Combat","16940","Brutal Impact","0","1","0","0","0","0"
"Druid","134","Feral Combat","16941","Brutal Impact","0","1","0","0","0","0"
"Druid","134","Feral Combat","16942","Sharpened Claws","0","1","0","0","0","0"
"Druid","134","Feral Combat","16943","Sharpened Claws","0","1","0","0","0","0"
"Druid","134","Feral Combat","16944","Sharpened Claws","0","1","0","0","0","0"
"Druid","134","Feral Combat","16947","Feral Instinct","0","1","0","0","0","0"
"Druid","134","Feral Combat","16948","Feral Instinct","0","1","0","0","0","0"
"Druid","134","Feral Combat","16949","Feral Instinct","0","1","0","0","0","0"
"Druid","134","Feral Combat","16952","Blood Frenzy","0","1","0","0","0","0"
"Druid","134","Feral Combat","16954","Blood Frenzy","0","1","0","0","16952","0"
"Druid","134","Feral Combat","16958","Primal Fury","0","1","0","0","0","0"
"Druid","134","Feral Combat","16961","Primal Fury","0","1","0","0","16958","0"
"Druid","134","Feral Combat","16966","Shredding Attacks","0","1","0","0","0","0"
"Druid","134","Feral Combat","16968","Shredding Attacks","0","1","0","0","0","0"
"Druid","134","Feral Combat","16972","Predatory Strikes","0","1","0","0","0","0"
"Druid","134","Feral Combat","16974","Predatory Strikes","0","1","0","0","0","0"
"Druid","134","Feral Combat","16975","Predatory Strikes","0","1","0","0","0","0"
"Druid","134","Feral Combat","16979","Feral Charge","0","1","0","0","0","0"
"Druid","134","Feral Combat","16998","Savage Fury","0","1","0","0","0","0"
"Druid","134","Feral Combat","16999","Savage Fury","0","1","0","0","0","0"
"Druid","134","Feral Combat","17002","Feral Swiftness","0","1","0","0","0","0"
"Druid","134","Feral Combat","17003","Heart of the Wild","0","1","0","0","0","0"
"Druid","134","Feral Combat","17004","Heart of the Wild","0","1","0","0","0","0"
"Druid","134","Feral Combat","17005","Heart of the Wild","0","1","0","0","0","0"
"Druid","134","Feral Combat","17006","Heart of the Wild","0","1","0","0","0","0"
"Druid","134","Feral Combat","17007","Leader of the Pack","0","1","1024","0","0","0"
"Druid","134","Feral Combat","17390","Faerie Fire (Feral)","0","1","1024","0","0","0"
"Druid","134","Feral Combat","17391","Faerie Fire (Feral)","0","1","1024","0","0","0"
"Druid","134","Feral Combat","17392","Faerie Fire (Feral)","0","1","1024","0","0","0"
"Druid","134","Feral Combat","20719","Feline Grace","0","1","1024","0","0","0"
"Druid","134","Feral Combat","21178","Bear Form (Passive2)","0","1","1024","0","0","0"
"Druid","134","Feral Combat","22568","Ferocious Bite","0","1","1024","0","0","0"
"Druid","134","Feral Combat","22570","Maim","0","1","1024","0","0","0"
"Druid","134","Feral Combat","22827","Ferocious Bite","0","1","1024","0","22568","0"
"Druid","134","Feral Combat","22828","Ferocious Bite","0","1","1024","0","22827","0"
"Druid","134","Feral Combat","22829","Ferocious Bite","0","1","1024","0","22828","0"
"Druid","134","Feral Combat","22842","Frenzied Regeneration","0","1","1024","0","0","0"
"Druid","134","Feral Combat","22845","Frenzied Regeneration","0","1","1024","0","0","0"
"Druid","134","Feral Combat","22895","Frenzied Regeneration","0","1","1024","0","22842","0"
"Druid","134","Feral Combat","22896","Frenzied Regeneration","0","1","1024","0","22895","0"
"Druid","134","Feral Combat","24248","Ferocious Bite","0","1","1024","0","31018","0"
"Druid","134","Feral Combat","24866","Feral Swiftness","0","1","0","0","0","0"
"Druid","134","Feral Combat","24894","Heart of the Wild","0","1","0","0","0","0"
"Druid","134","Feral Combat","26996","Maul","0","1","1024","0","9881","0"
"Druid","134","Feral Combat","26997","Swipe","0","1","1024","0","9908","0"
"Druid","134","Feral Combat","26998","Demoralizing Roar","0","1","1024","0","9898","0"
"Druid","134","Feral Combat","26999","Frenzied Regeneration","0","1","1024","0","22896","0"
"Druid","134","Feral Combat","27000","Claw","0","1","1024","0","9850","0"
"Druid","134","Feral Combat","27001","Shred","0","1","1024","0","9830","0"
"Druid","134","Feral Combat","27002","Shred","0","1","1024","0","27001","0"
"Druid","134","Feral Combat","27003","Rake","0","1","1024","0","9904","0"
"Druid","134","Feral Combat","27004","Cower","0","1","1024","0","31709","0"
"Druid","134","Feral Combat","27005","Ravage","0","1","1024","0","9867","0"
"Druid","134","Feral Combat","27006","Pounce","0","1","1024","0","9827","0"
"Druid","134","Feral Combat","27007","Pounce Bleed","0","1","1024","0","9826","0"
"Druid","134","Feral Combat","27008","Rip","0","1","1024","0","9896","0"
"Druid","134","Feral Combat","27011","Faerie Fire (Feral)","0","1","1024","0","0","0"
"Druid","134","Feral Combat","31018","Ferocious Bite","0","1","1024","0","22829","0"
"Druid","134","Feral Combat","31709","Cower","0","1","1024","0","9892","0"
"Druid","134","Feral Combat","33357","Dash","0","1","1024","0","9821","0"
"Druid","134","Feral Combat","33745","Lacerate","0","1","1024","0","0","0"
"Druid","134","Feral Combat","33851","Primal Tenacity","0","1","1024","0","0","0"
"Druid","134","Feral Combat","33852","Primal Tenacity","0","1","1024","0","0","0"
"Druid","134","Feral Combat","33853","Survival of the Fittest","0","1","1024","0","0","0"
"Druid","134","Feral Combat","33855","Survival of the Fittest","0","1","1024","0","0","0"
"Druid","134","Feral Combat","33856","Survival of the Fittest","0","1","1024","0","0","0"
"Druid","134","Feral Combat","33859","Predatory Instincts","0","1","1024","0","0","0"
"Druid","134","Feral Combat","33866","Predatory Instincts","0","1","1024","0","0","0"
"Druid","134","Feral Combat","33867","Predatory Instincts","0","1","1024","0","0","0"
"Druid","134","Feral Combat","33868","Predatory Instincts","0","1","1024","0","0","0"
"Druid","134","Feral Combat","33869","Predatory Instincts","0","1","1024","0","0","0"
"Druid","134","Feral Combat","33872","Nurturing Instinct","0","1","1024","0","0","0"
"Druid","134","Feral Combat","33873","Nurturing Instinct","0","1","1024","0","0","0"
"Druid","134","Feral Combat","33876","Mangle (Cat)","0","1","1024","0","0","0"
"Druid","134","Feral Combat","33878","Mangle (Bear)","0","1","1024","0","0","0"
"Druid","134","Feral Combat","33917","Mangle","0","1","1024","0","0","0"
"Druid","134","Feral Combat","33943","Flight Form","0","1","1024","0","0","0"
"Druid","134","Feral Combat","33957","Primal Tenacity","0","1","1024","0","0","0"
"Druid","134","Feral Combat","33982","Mangle (Cat)","0","1","1024","0","33876","0"
"Druid","134","Feral Combat","33983","Mangle (Cat)","0","1","1024","0","33982","0"
"Druid","134","Feral Combat","33986","Mangle (Bear)","0","1","1024","0","33878","0"
"Druid","134","Feral Combat","33987","Mangle (Bear)","0","1","1024","0","33986","0"
"Druid","134","Feral Combat","34297","Improved Leader of the Pack","0","1","1024","0","0","0"
"Druid","134","Feral Combat","34299","Improved Leader of the Pack","0","1","1024","0","0","0"
"Druid","134","Feral Combat","34300","Improved Leader of the Pack","0","1","1024","0","0","0"
"Druid","134","Feral Combat","37116","Primal Fury","0","1","1024","0","0","0"
"Druid","134","Feral Combat","37117","Primal Fury","0","1","1024","0","0","0"
"Druid","134","Feral Combat","40120","Swift Flight Form","0","1","1024","0","33943","0"
"Druid","573","Restoration","740","Tranquility","0","1","1024","0","0","0"
"Druid","573","Restoration","774","Rejuvenation","0","1","1024","0","0","0"
"Druid","573","Restoration","1058","Rejuvenation","0","1","1024","0","0","0"
"Druid","573","Restoration","1126","Mark of the Wild","0","1","1024","0","0","0"
"Druid","573","Restoration","1430","Rejuvenation","0","1","1024","0","0","0"
"Druid","573","Restoration","2090","Rejuvenation","0","1","1024","0","0","0"
"Druid","573","Restoration","2091","Rejuvenation","0","1","1024","0","0","0"
"Druid","573","Restoration","2782","Remove Curse","0","1","1024","0","0","0"
"Druid","573","Restoration","2893","Abolish Poison","0","1","1024","0","0","0"
"Druid","573","Restoration","3137","Abolish Poison Effect","0","1","1024","0","0","0"
"Druid","573","Restoration","3627","Rejuvenation","0","1","1024","0","0","0"
"Druid","573","Restoration","5185","Healing Touch","2","1","1024","0","0","0"
"Druid","573","Restoration","5186","Healing Touch","0","1","1024","0","0","0"
"Druid","573","Restoration","5187","Healing Touch","0","1","1024","0","0","0"
"Druid","573","Restoration","5188","Healing Touch","0","1","1024","0","0","0"
"Druid","573","Restoration","5189","Healing Touch","0","1","1024","0","0","0"
"Druid","573","Restoration","5232","Mark of the Wild","0","1","1024","0","0","0"
"Druid","573","Restoration","5234","Mark of the Wild","0","1","1024","0","0","0"
"Druid","573","Restoration","6756","Mark of the Wild","0","1","1024","0","0","0"
"Druid","573","Restoration","6778","Healing Touch","0","1","1024","0","0","0"
"Druid","573","Restoration","8903","Healing Touch","0","1","1024","0","0","0"
"Druid","573","Restoration","8907","Mark of the Wild","0","1","1024","0","0","0"
"Druid","573","Restoration","8910","Rejuvenation","0","1","1024","0","0","0"
"Druid","573","Restoration","8918","Tranquility","0","1","1024","0","0","0"
"Druid","573","Restoration","8936","Regrowth","0","1","1024","0","0","0"
"Druid","573","Restoration","8938","Regrowth","0","1","1024","0","0","0"
"Druid","573","Restoration","8939","Regrowth","0","1","1024","0","0","0"
"Druid","573","Restoration","8940","Regrowth","0","1","1024","0","0","0"
"Druid","573","Restoration","8941","Regrowth","0","1","1024","0","0","0"
"Druid","573","Restoration","8946","Cure Poison","0","1","1024","0","0","0"
"Druid","573","Restoration","9750","Regrowth","0","1","1024","0","0","0"
"Druid","573","Restoration","9758","Healing Touch","0","1","1024","0","0","0"
"Druid","573","Restoration","9839","Rejuvenation","0","1","1024","0","0","0"
"Druid","573","Restoration","9840","Rejuvenation","0","1","1024","0","0","0"
"Druid","573","Restoration","9841","Rejuvenation","0","1","1024","0","0","0"
"Druid","573","Restoration","9856","Regrowth","0","1","1024","0","0","0"
"Druid","573","Restoration","9857","Regrowth","0","1","1024","0","0","0"
"Druid","573","Restoration","9858","Regrowth","0","1","1024","0","0","0"
"Druid","573","Restoration","9862","Tranquility","0","1","1024","0","0","0"
"Druid","573","Restoration","9863","Tranquility","0","1","1024","0","0","0"
"Druid","573","Restoration","9884","Mark of the Wild","0","1","1024","0","0","0"
"Druid","573","Restoration","9885","Mark of the Wild","0","1","1024","0","0","0"
"Druid","573","Restoration","9888","Healing Touch","0","1","1024","0","0","0"
"Druid","573","Restoration","9889","Healing Touch","0","1","1024","0","0","0"
"Druid","573","Restoration","16833","Natural Shapeshifter","0","1","1024","0","0","0"
"Druid","573","Restoration","16834","Natural Shapeshifter","0","1","1024","0","0","0"
"Druid","573","Restoration","16835","Natural Shapeshifter","0","1","1024","0","0","0"
"Druid","573","Restoration","16864","Omen of Clarity","0","1","1024","0","0","0"
"Druid","573","Restoration","17050","Improved Mark of the Wild","0","1","0","0","0","0"
"Druid","573","Restoration","17051","Improved Mark of the Wild","0","1","0","0","0","0"
"Druid","573","Restoration","17053","Improved Mark of the Wild","0","1","0","0","0","0"
"Druid","573","Restoration","17054","Improved Mark of the Wild","0","1","0","0","0","0"
"Druid","573","Restoration","17055","Improved Mark of the Wild","0","1","0","0","0","0"
"Druid","573","Restoration","17056","Furor","0","1","0","0","0","0"
"Druid","573","Restoration","17058","Furor","0","1","0","0","0","0"
"Druid","573","Restoration","17059","Furor","0","1","0","0","0","0"
"Druid","573","Restoration","17060","Furor","0","1","0","0","0","0"
"Druid","573","Restoration","17061","Furor","0","1","0","0","0","0"
"Druid","573","Restoration","17063","Nature's Focus","0","1","0","0","0","0"
"Druid","573","Restoration","17065","Nature's Focus","0","1","0","0","0","0"
"Druid","573","Restoration","17066","Nature's Focus","0","1","0","0","0","0"
"Druid","573","Restoration","17067","Nature's Focus","0","1","0","0","0","0"
"Druid","573","Restoration","17068","Nature's Focus","0","1","0","0","0","0"
"Druid","573","Restoration","17069","Naturalist","0","1","0","0","0","0"
"Druid","573","Restoration","17070","Naturalist","0","1","0","0","0","0"
"Druid","573","Restoration","17071","Naturalist","0","1","0","0","0","0"
"Druid","573","Restoration","17072","Naturalist","0","1","0","0","0","0"
"Druid","573","Restoration","17073","Naturalist","0","1","0","0","0","0"
"Druid","573","Restoration","17074","Improved Regrowth","0","1","0","0","0","0"
"Druid","573","Restoration","17075","Improved Regrowth","0","1","0","0","0","0"
"Druid","573","Restoration","17076","Improved Regrowth","0","1","0","0","0","0"
"Druid","573","Restoration","17077","Improved Regrowth","0","1","0","0","0","0"
"Druid","573","Restoration","17078","Improved Regrowth","0","1","0","0","0","0"
"Druid","573","Restoration","17104","Gift of Nature","0","1","1024","0","0","0"
"Druid","573","Restoration","17106","Intensity","0","1","0","0","0","0"
"Druid","573","Restoration","17107","Intensity","0","1","0","0","0","0"
"Druid","573","Restoration","17108","Intensity","0","1","0","0","0","0"
"Druid","573","Restoration","17111","Improved Rejuvenation","0","1","0","0","0","0"
"Druid","573","Restoration","17112","Improved Rejuvenation","0","1","0","0","0","0"
"Druid","573","Restoration","17113","Improved Rejuvenation","0","1","0","0","0","0"
"Druid","573","Restoration","17116","Nature's Swiftness","0","1","0","0","0","0"
"Druid","573","Restoration","17118","Subtlety","0","1","0","0","0","0"
"Druid","573","Restoration","17119","Subtlety","0","1","0","0","0","0"
"Druid","573","Restoration","17120","Subtlety","0","1","0","0","0","0"
"Druid","573","Restoration","17121","Subtlety","0","1","0","0","0","0"
"Druid","573","Restoration","17122","Subtlety","0","1","0","0","0","0"
"Druid","573","Restoration","17123","Improved Tranquility","0","1","0","0","0","0"
"Druid","573","Restoration","17124","Improved Tranquility","0","1","0","0","0","0"
"Druid","573","Restoration","18562","Swiftmend","0","1","0","0","0","0"
"Druid","573","Restoration","20484","Rebirth","0","1","1024","0","0","0"
"Druid","573","Restoration","20739","Rebirth","0","1","1024","0","0","0"
"Druid","573","Restoration","20742","Rebirth","0","1","1024","0","0","0"
"Druid","573","Restoration","20747","Rebirth","0","1","1024","0","0","0"
"Druid","573","Restoration","20748","Rebirth","0","1","1024","0","0","0"
"Druid","573","Restoration","21849","Gift of the Wild","0","1","1024","0","0","0"
"Druid","573","Restoration","21850","Gift of the Wild","0","1","1024","0","0","0"
"Druid","573","Restoration","24943","Gift of Nature","0","1","1024","0","0","0"
"Druid","573","Restoration","24944","Gift of Nature","0","1","1024","0","0","0"
"Druid","573","Restoration","24945","Gift of Nature","0","1","1024","0","0","0"
"Druid","573","Restoration","24946","Gift of Nature","0","1","1024","0","0","0"
"Druid","573","Restoration","24968","Tranquil Spirit","0","1","1024","0","0","0"
"Druid","573","Restoration","24969","Tranquil Spirit","0","1","1024","0","0","0"
"Druid","573","Restoration","24970","Tranquil Spirit","0","1","1024","0","0","0"
"Druid","573","Restoration","24971","Tranquil Spirit","0","1","1024","0","0","0"
"Druid","573","Restoration","24972","Tranquil Spirit","0","1","1024","0","0","0"
"Druid","573","Restoration","25297","Healing Touch","0","1","1024","0","0","0"
"Druid","573","Restoration","25299","Rejuvenation","0","1","1024","0","0","0"
"Druid","573","Restoration","26978","Healing Touch","0","1","1024","0","0","0"
"Druid","573","Restoration","26979","Healing Touch","0","1","1024","0","0","0"
"Druid","573","Restoration","26980","Regrowth","0","1","1024","0","0","0"
"Druid","573","Restoration","26981","Rejuvenation","0","1","1024","0","0","0"
"Druid","573","Restoration","26982","Rejuvenation","0","1","1024","0","0","0"
"Druid","573","Restoration","26983","Tranquility","0","1","1024","0","0","0"
"Druid","573","Restoration","26990","Mark of the Wild","0","1","1024","0","0","0"
"Druid","573","Restoration","26991","Gift of the Wild","0","1","1024","0","0","0"
"Druid","573","Restoration","26994","Rebirth","0","1","1024","0","0","0"
"Druid","573","Restoration","33763","Lifebloom","0","1","1024","0","0","0"
"Druid","573","Restoration","33879","Empowered Touch","0","1","1024","0","0","0"
"Druid","573","Restoration","33880","Empowered Touch","0","1","1024","0","0","0"
"Druid","573","Restoration","33881","Natural Perfection","0","1","1024","0","0","0"
"Druid","573","Restoration","33882","Natural Perfection","0","1","1024","0","0","0"
"Druid","573","Restoration","33883","Natural Perfection","0","1","1024","0","0","0"
"Druid","573","Restoration","33886","Empowered Rejuvenation","0","1","1024","0","0","0"
"Druid","573","Restoration","33887","Empowered Rejuvenation","0","1","1024","0","0","0"
"Druid","573","Restoration","33888","Empowered Rejuvenation","0","1","1024","0","0","0"
"Druid","573","Restoration","33889","Empowered Rejuvenation","0","1","1024","0","0","0"
"Druid","573","Restoration","33890","Empowered Rejuvenation","0","1","1024","0","0","0"
"Druid","573","Restoration","33891","Tree of Life","0","1","1024","0","0","0"
"Druid","573","Restoration","34151","Living Spirit","0","1","1024","0","0","0"
"Druid","573","Restoration","34152","Living Spirit","0","1","1024","0","0","0"
"Druid","573","Restoration","34153","Living Spirit","0","1","1024","0","0","0"
"Druid","574","Balance","339","Entangling Roots","0","1","1024","0","0","0"
"Druid","574","Balance","467","Thorns","0","1","1024","0","0","0"
"Druid","574","Balance","770","Faerie Fire","0","1","1024","0","0","0"
"Druid","574","Balance","778","Faerie Fire","0","1","1024","0","0","0"
"Druid","574","Balance","782","Thorns","0","1","1024","0","0","0"
"Druid","574","Balance","1062","Entangling Roots","0","1","1024","0","0","0"
"Druid","574","Balance","1075","Thorns","0","1","1024","0","0","0"
"Druid","574","Balance","2637","Hibernate","0","1","1024","0","0","0"
"Druid","574","Balance","2908","Soothe Animal","0","1","1024","0","0","0"
"Druid","574","Balance","2912","Starfire","0","1","1024","0","0","0"
"Druid","574","Balance","5176","Wrath","2","1","1024","0","0","0"
"Druid","574","Balance","5177","Wrath","0","1","1024","0","0","0"
"Druid","574","Balance","5178","Wrath","0","1","1024","0","0","0"
"Druid","574","Balance","5179","Wrath","0","1","1024","0","0","0"
"Druid","574","Balance","5180","Wrath","0","1","1024","0","0","0"
"Druid","574","Balance","5195","Entangling Roots","0","1","1024","0","0","0"
"Druid","574","Balance","5196","Entangling Roots","0","1","1024","0","0","0"
"Druid","574","Balance","5570","Insect Swarm","0","1","1024","0","0","0"
"Druid","574","Balance","6780","Wrath","0","1","1024","0","0","0"
"Druid","574","Balance","8905","Wrath","0","1","1024","0","0","0"
"Druid","574","Balance","8914","Thorns","0","1","1024","0","0","0"
"Druid","574","Balance","8921","Moonfire","0","1","1024","0","0","0"
"Druid","574","Balance","8924","Moonfire","0","1","1024","0","0","0"
"Druid","574","Balance","8925","Moonfire","0","1","1024","0","0","0"
"Druid","574","Balance","8926","Moonfire","0","1","1024","0","0","0"
"Druid","574","Balance","8927","Moonfire","0","1","1024","0","0","0"
"Druid","574","Balance","8928","Moonfire","0","1","1024","0","0","0"
"Druid","574","Balance","8929","Moonfire","0","1","1024","0","0","0"
"Druid","574","Balance","8949","Starfire","0","1","1024","0","0","0"
"Druid","574","Balance","8950","Starfire","0","1","1024","0","0","0"
"Druid","574","Balance","8951","Starfire","0","1","1024","0","0","0"
"Druid","574","Balance","8955","Soothe Animal","0","1","1024","0","0","0"
"Druid","574","Balance","9749","Faerie Fire","0","1","1024","0","0","0"
"Druid","574","Balance","9756","Thorns","0","1","1024","0","0","0"
"Druid","574","Balance","9833","Moonfire","0","1","1024","0","0","0"
"Druid","574","Balance","9834","Moonfire","0","1","1024","0","0","0"
"Druid","574","Balance","9835","Moonfire","0","1","1024","0","0","0"
"Druid","574","Balance","9852","Entangling Roots","0","1","1024","0","0","0"
"Druid","574","Balance","9853","Entangling Roots","0","1","1024","0","0","0"
"Druid","574","Balance","9875","Starfire","0","1","1024","0","0","0"
"Druid","574","Balance","9876","Starfire","0","1","1024","0","0","0"
"Druid","574","Balance","9901","Soothe Animal","0","1","1024","0","0","0"
"Druid","574","Balance","9907","Faerie Fire","0","1","1024","0","0","0"
"Druid","574","Balance","9910","Thorns","0","1","1024","0","0","0"
"Druid","574","Balance","9912","Wrath","0","1","1024","0","0","0"
"Druid","574","Balance","16689","Nature's Grasp","0","1","1024","0","0","0"
"Druid","574","Balance","16810","Nature's Grasp","0","1","1024","0","0","0"
"Druid","574","Balance","16811","Nature's Grasp","0","1","1024","0","0","0"
"Druid","574","Balance","16812","Nature's Grasp","0","1","1024","0","0","0"
"Druid","574","Balance","16813","Nature's Grasp","0","1","1024","0","0","0"
"Druid","574","Balance","16814","Starlight Wrath","0","1","0","0","0","0"
"Druid","574","Balance","16815","Starlight Wrath","0","1","0","0","0","0"
"Druid","574","Balance","16816","Starlight Wrath","0","1","0","0","0","0"
"Druid","574","Balance","16817","Starlight Wrath","0","1","0","0","0","0"
"Druid","574","Balance","16818","Starlight Wrath","0","1","0","0","0","0"
"Druid","574","Balance","16819","Nature's Reach","0","1","0","0","0","0"
"Druid","574","Balance","16820","Nature's Reach","0","1","0","0","0","0"
"Druid","574","Balance","16821","Improved Moonfire","0","1","0","0","0","0"
"Druid","574","Balance","16822","Improved Moonfire","0","1","0","0","0","0"
"Druid","574","Balance","16836","Brambles","0","1","0","0","0","0"
"Druid","574","Balance","16839","Brambles","0","1","0","0","0","0"
"Druid","574","Balance","16840","Brambles","0","1","0","0","0","0"
"Druid","574","Balance","16845","Moonglow","0","1","0","0","0","0"
"Druid","574","Balance","16846","Moonglow","0","1","0","0","0","0"
"Druid","574","Balance","16847","Moonglow","0","1","0","0","0","0"
"Druid","574","Balance","16850","Celestial Focus","0","1","0","0","0","0"
"Druid","574","Balance","16880","Nature's Grace","0","1","0","0","0","0"
"Druid","574","Balance","16896","Moonfury","0","1","0","0","0","0"
"Druid","574","Balance","16897","Moonfury","0","1","0","0","0","0"
"Druid","574","Balance","16899","Moonfury","0","1","0","0","0","0"
"Druid","574","Balance","16900","Moonfury","0","1","0","0","0","0"
"Druid","574","Balance","16901","Moonfury","0","1","0","0","0","0"
"Druid","574","Balance","16909","Vengeance","0","1","0","0","0","0"
"Druid","574","Balance","16910","Vengeance","0","1","0","0","0","0"
"Druid","574","Balance","16911","Vengeance","0","1","0","0","0","0"
"Druid","574","Balance","16912","Vengeance","0","1","0","0","0","0"
"Druid","574","Balance","16913","Vengeance","0","1","0","0","0","0"
"Druid","574","Balance","16914","Hurricane","0","1","1024","0","0","0"
"Druid","574","Balance","16918","Control of Nature","0","1","0","0","0","0"
"Druid","574","Balance","16919","Control of Nature","0","1","0","0","0","0"
"Druid","574","Balance","16920","Control of Nature","0","1","0","0","0","0"
"Druid","574","Balance","16923","Celestial Focus","0","1","0","0","0","0"
"Druid","574","Balance","16924","Celestial Focus","0","1","0","0","0","0"
"Druid","574","Balance","17245","Improved Nature's Grasp","0","1","0","0","0","0"
"Druid","574","Balance","17247","Improved Nature's Grasp","0","1","0","0","0","0"
"Druid","574","Balance","17248","Improved Nature's Grasp","0","1","0","0","0","0"
"Druid","574","Balance","17249","Improved Nature's Grasp","0","1","0","0","0","0"
"Druid","574","Balance","17329","Nature's Grasp","0","1","1024","0","0","0"
"Druid","574","Balance","17401","Hurricane","0","1","1024","0","0","0"
"Druid","574","Balance","17402","Hurricane","0","1","1024","0","0","0"
"Druid","574","Balance","18657","Hibernate","0","1","1024","0","0","0"
"Druid","574","Balance","18658","Hibernate","0","1","1024","0","0","0"
"Druid","574","Balance","18960","Teleport: Moonglade","0","1","1024","0","0","0"
"Druid","574","Balance","22812","Barkskin","0","1","1024","0","0","0"
"Druid","574","Balance","24858","Moonkin Form","0","1","1024","0","0","0"
"Druid","574","Balance","24905","Moonkin Form (Passive)","0","1","1024","0","0","0"
"Druid","574","Balance","24907","Moonkin Aura","0","1","1024","0","0","0"
"Druid","574","Balance","24974","Insect Swarm","0","1","1024","0","0","0"
"Druid","574","Balance","24975","Insect Swarm","0","1","1024","0","0","0"
"Druid","574","Balance","24976","Insect Swarm","0","1","1024","0","0","0"
"Druid","574","Balance","24977","Insect Swarm","0","1","1024","0","0","0"
"Druid","574","Balance","25298","Starfire","0","1","1024","0","0","0"
"Druid","574","Balance","26984","Wrath","0","1","1024","0","0","0"
"Druid","574","Balance","26985","Wrath","0","1","1024","0","0","0"
"Druid","574","Balance","26986","Starfire","0","1","1024","0","0","0"
"Druid","574","Balance","26987","Moonfire","0","1","1024","0","0","0"
"Druid","574","Balance","26988","Moonfire","0","1","1024","0","0","0"
"Druid","574","Balance","26989","Entangling Roots","0","1","1024","0","0","0"
"Druid","574","Balance","26992","Thorns","0","1","1024","0","0","0"
"Druid","574","Balance","26993","Faerie Fire","0","1","1024","0","0","0"
"Druid","574","Balance","26995","Soothe Animal","0","1","1024","0","0","0"
"Druid","574","Balance","27009","Nature's Grasp","0","1","1024","0","0","0"
"Druid","574","Balance","27012","Hurricane","0","1","1024","0","0","0"
"Druid","574","Balance","27013","Insect Swarm","0","1","1024","0","0","0"
"Druid","574","Balance","29166","Innervate","0","1","1024","0","0","0"
"Druid","574","Balance","33589","Lunar Guidance","0","1","1024","0","0","0"
"Druid","574","Balance","33590","Lunar Guidance","0","1","1024","0","0","0"
"Druid","574","Balance","33591","Lunar Guidance","0","1","1024","0","0","0"
"Druid","574","Balance","33592","Balance of Power","0","1","1024","0","0","0"
"Druid","574","Balance","33596","Balance of Power","0","1","1024","0","0","0"
"Druid","574","Balance","33597","Dreamstate","0","1","1024","0","0","0"
"Druid","574","Balance","33599","Dreamstate","0","1","1024","0","0","0"
"Druid","574","Balance","33600","Improved Faerie Fire","0","1","1024","0","0","0"
"Druid","574","Balance","33601","Improved Faerie Fire","0","1","1024","0","0","0"
"Druid","574","Balance","33602","Improved Faerie Fire","0","1","1024","0","0","0"
"Druid","574","Balance","33603","Wrath of Cenarius","0","1","1024","0","0","0"
"Druid","574","Balance","33604","Wrath of Cenarius","0","1","1024","0","0","0"
"Druid","574","Balance","33605","Wrath of Cenarius","0","1","1024","0","0","0"
"Druid","574","Balance","33606","Wrath of Cenarius","0","1","1024","0","0","0"
"Druid","574","Balance","33607","Wrath of Cenarius","0","1","1024","0","0","0"
"Druid","574","Balance","33786","Cyclone","0","1","1024","0","0","0"
"Druid","574","Balance","33831","Force of Nature","0","1","1024","0","0","0"
"Druid","574","Balance","33956","Dreamstate","0","1","1024","0","0","0"
"Druid","574","Balance","35363","Focused Starlight","0","1","1024","0","0","0"
"Druid","574","Balance","35364","Focused Starlight","0","1","1024","0","0","0"
"Druid","574","Balance","42230","Hurricane","0","1","1024","0","0","0"
"Druid","574","Balance","42231","Hurricane","0","1","1024","0","0","0"
"Druid","574","Balance","42232","Hurricane","0","1","1024","0","0","0"
"Druid","574","Balance","42233","Hurricane","0","1","1024","0","0","0"
"Hunter","50","Beast Mastery","136","Mend Pet","0","1","4","0","0","0"
"Hunter","50","Beast Mastery","883","Call Pet","0","1","4","0","0","0"
"Hunter","50","Beast Mastery","982","Revive Pet","0","1","4","0","0","0"
"Hunter","50","Beast Mastery","1002","Eyes of the Beast","0","1","4","0","0","0"
"Hunter","50","Beast Mastery","1462","Beast Lore","0","1","4","0","0","0"
"Hunter","50","Beast Mastery","1513","Scare Beast","0","1","4","0","0","0"
"Hunter","50","Beast Mastery","1515","Tame Beast","0","1","4","0","0","0"
"Hunter","50","Beast Mastery","2641","Dismiss Pet","0","1","4","0","0","0"
"Hunter","50","Beast Mastery","3111","Mend Pet","0","1","4","0","0","0"
"Hunter","50","Beast Mastery","3661","Mend Pet","0","1","4","0","0","0"
"Hunter","50","Beast Mastery","3662","Mend Pet","0","1","4","0","0","0"
"Hunter","50","Beast Mastery","5118","Aspect of the Cheetah","0","1","4","0","0","0"
"Hunter","50","Beast Mastery","6197","Eagle Eye","0","1","4","0","0","0"
"Hunter","50","Beast Mastery","6991","Feed Pet","0","1","4","0","0","0"
"Hunter","50","Beast Mastery","13159","Aspect of the Pack","0","1","4","0","0","0"
"Hunter","50","Beast Mastery","13161","Aspect of the Beast","0","1","4","0","0","0"
"Hunter","50","Beast Mastery","13163","Aspect of the Monkey","0","1","4","0","0","0"
"Hunter","50","Beast Mastery","13165","Aspect of the Hawk","0","1","4","0","0","0"
"Hunter","50","Beast Mastery","13481","Tame Beast","0","1","4","0","0","0"
"Hunter","50","Beast Mastery","13542","Mend Pet","0","1","4","0","0","0"
"Hunter","50","Beast Mastery","13543","Mend Pet","0","1","4","0","0","0"
"Hunter","50","Beast Mastery","13544","Mend Pet","0","1","4","0","0","0"
"Hunter","50","Beast Mastery","14318","Aspect of the Hawk","0","1","4","0","0","0"
"Hunter","50","Beast Mastery","14319","Aspect of the Hawk","0","1","4","0","0","0"
"Hunter","50","Beast Mastery","14320","Aspect of the Hawk","0","1","4","0","0","0"
"Hunter","50","Beast Mastery","14321","Aspect of the Hawk","0","1","4","0","0","0"
"Hunter","50","Beast Mastery","14322","Aspect of the Hawk","0","1","4","0","0","0"
"Hunter","50","Beast Mastery","14326","Scare Beast","0","1","4","0","0","0"
"Hunter","50","Beast Mastery","14327","Scare Beast","0","1","4","0","0","0"
"Hunter","50","Beast Mastery","19549","Improved Aspect of the Monkey","0","1","4","0","0","0"
"Hunter","50","Beast Mastery","19550","Improved Aspect of the Monkey","0","1","4","0","0","0"
"Hunter","50","Beast Mastery","19551","Improved Aspect of the Monkey","0","1","4","0","0","0"
"Hunter","50","Beast Mastery","19552","Improved Aspect of the Hawk","0","1","0","0","0","0"
"Hunter","50","Beast Mastery","19553","Improved Aspect of the Hawk","0","1","0","0","0","0"
"Hunter","50","Beast Mastery","19554","Improved Aspect of the Hawk","0","1","0","0","0","0"
"Hunter","50","Beast Mastery","19555","Improved Aspect of the Hawk","0","1","0","0","0","0"
"Hunter","50","Beast Mastery","19556","Improved Aspect of the Hawk","0","1","0","0","0","0"
"Hunter","50","Beast Mastery","19559","Pathfinding","0","1","0","0","0","0"
"Hunter","50","Beast Mastery","19560","Pathfinding","0","1","0","0","0","0"
"Hunter","50","Beast Mastery","19572","Improved Mend Pet","0","1","0","0","0","0"
"Hunter","50","Beast Mastery","19573","Improved Mend Pet","0","1","0","0","0","0"
"Hunter","50","Beast Mastery","19574","Bestial Wrath","0","1","0","0","0","0"
"Hunter","50","Beast Mastery","19575","Improved Revive Pet","0","1","4","0","0","0"
"Hunter","50","Beast Mastery","19577","Intimidation","0","1","0","0","0","0"
"Hunter","50","Beast Mastery","19578","Spirit Bond","0","1","4","0","0","0"
"Hunter","50","Beast Mastery","19579","Spirit Bond","0","1","0","0","0","0"
"Hunter","50","Beast Mastery","19583","Endurance Training","0","1","0","0","0","0"
"Hunter","50","Beast Mastery","19584","Endurance Training","0","1","0","0","0","0"
"Hunter","50","Beast Mastery","19585","Endurance Training","0","1","0","0","0","0"
"Hunter","50","Beast Mastery","19586","Endurance Training","0","1","0","0","0","0"
"Hunter","50","Beast Mastery","19587","Endurance Training","0","1","0","0","0","0"
"Hunter","50","Beast Mastery","19590","Bestial Discipline","0","1","0","0","0","0"
"Hunter","50","Beast Mastery","19592","Bestial Discipline","0","1","0","0","0","0"
"Hunter","50","Beast Mastery","19596","Bestial Swiftness","0","1","0","0","0","0"
"Hunter","50","Beast Mastery","19598","Ferocity","0","1","0","0","0","0"
"Hunter","50","Beast Mastery","19599","Ferocity","0","1","0","0","0","0"
"Hunter","50","Beast Mastery","19600","Ferocity","0","1","0","0","0","0"
"Hunter","50","Beast Mastery","19601","Ferocity","0","1","0","0","0","0"
"Hunter","50","Beast Mastery","19602","Ferocity","0","1","0","0","0","0"
"Hunter","50","Beast Mastery","19609","Thick Hide","0","1","0","0","0","0"
"Hunter","50","Beast Mastery","19610","Thick Hide","0","1","0","0","0","0"
"Hunter","50","Beast Mastery","19612","Thick Hide","0","1","0","0","0","0"
"Hunter","50","Beast Mastery","19616","Unleashed Fury","0","1","0","0","0","0"
"Hunter","50","Beast Mastery","19617","Unleashed Fury","0","1","0","0","0","0"
"Hunter","50","Beast Mastery","19618","Unleashed Fury","0","1","0","0","0","0"
"Hunter","50","Beast Mastery","19619","Unleashed Fury","0","1","0","0","0","0"
"Hunter","50","Beast Mastery","19620","Unleashed Fury","0","1","0","0","0","0"
"Hunter","50","Beast Mastery","19621","Frenzy","0","1","0","0","0","0"
"Hunter","50","Beast Mastery","19622","Frenzy","0","1","0","0","0","0"
"Hunter","50","Beast Mastery","19623","Frenzy","0","1","0","0","0","0"
"Hunter","50","Beast Mastery","19624","Frenzy","0","1","0","0","0","0"
"Hunter","50","Beast Mastery","19625","Frenzy","0","1","0","0","0","0"
"Hunter","50","Beast Mastery","20043","Aspect of the Wild","0","1","4","0","0","0"
"Hunter","50","Beast Mastery","20190","Aspect of the Wild","0","1","4","0","0","0"
"Hunter","50","Beast Mastery","20895","Spirit Bond","0","1","4","0","0","0"
"Hunter","50","Beast Mastery","24395","Bestial Wrath","0","1","0","0","0","0"
"Hunter","50","Beast Mastery","24396","Bestial Wrath","0","1","0","0","0","0"
"Hunter","50","Beast Mastery","24397","Bestial Wrath","0","1","0","0","0","0"
"Hunter","50","Beast Mastery","24406","Improved Mend Pet","0","1","0","0","0","0"
"Hunter","50","Beast Mastery","24443","Improved Revive Pet","0","1","4","0","0","0"
"Hunter","50","Beast Mastery","24529","Spirit Bond","0","1","0","0","0","0"
"Hunter","50","Beast Mastery","25296","Aspect of the Hawk","0","1","4","0","0","0"
"Hunter","50","Beast Mastery","27044","Aspect of the Hawk","0","1","4","0","0","0"
"Hunter","50","Beast Mastery","27045","Aspect of the Wild","0","1","4","0","0","0"
"Hunter","50","Beast Mastery","27046","Mend Pet","0","1","4","0","0","0"
"Hunter","50","Beast Mastery","34026","Kill Command","0","1","4","0","0","0"
"Hunter","50","Beast Mastery","34074","Aspect of the Viper","0","1","4","0","0","0"
"Hunter","50","Beast Mastery","34453","Animal Handler","0","1","4","0","0","0"
"Hunter","50","Beast Mastery","34454","Animal Handler","0","1","4","0","0","0"
"Hunter","50","Beast Mastery","34455","Ferocious Inspiration","0","1","4","0","0","0"
"Hunter","50","Beast Mastery","34459","Ferocious Inspiration","0","1","4","0","0","0"
"Hunter","50","Beast Mastery","34460","Ferocious Inspiration","0","1","4","0","0","0"
"Hunter","50","Beast Mastery","34462","Catlike Reflexes","0","1","4","0","0","0"
"Hunter","50","Beast Mastery","34464","Catlike Reflexes","0","1","4","0","0","0"
"Hunter","50","Beast Mastery","34465","Catlike Reflexes","0","1","4","0","0","0"
"Hunter","50","Beast Mastery","34466","Serpent's Swiftness","0","1","4","0","0","0"
"Hunter","50","Beast Mastery","34467","Serpent's Swiftness","0","1","4","0","0","0"
"Hunter","50","Beast Mastery","34468","Serpent's Swiftness","0","1","4","0","0","0"
"Hunter","50","Beast Mastery","34469","Serpent's Swiftness","0","1","4","0","0","0"
"Hunter","50","Beast Mastery","34470","Serpent's Swiftness","0","1","4","0","0","0"
"Hunter","50","Beast Mastery","34471","The Beast Within","0","1","4","0","0","0"
"Hunter","50","Beast Mastery","34692","The Beast Within","0","1","4","0","0","0"
"Hunter","50","Beast Mastery","35029","Focused Fire","0","1","4","0","0","0"
"Hunter","50","Beast Mastery","35030","Focused Fire","0","1","4","0","0","0"
"Hunter","51","Survival","781","Disengage","0","1","4","0","0","0"
"Hunter","51","Survival","1494","Track Beasts","0","1","4","0","0","0"
"Hunter","51","Survival","1495","Mongoose Bite","0","1","4","0","0","0"
"Hunter","51","Survival","1499","Freezing Trap","0","1","4","0","0","0"
"Hunter","51","Survival","2973","Raptor Strike","2","1","4","0","0","0"
"Hunter","51","Survival","2974","Wing Clip","0","1","4","0","0","0"
"Hunter","51","Survival","5384","Feign Death","0","1","4","0","0","0"
"Hunter","51","Survival","13795","Immolation Trap","0","1","4","0","0","0"
"Hunter","51","Survival","13797","Immolation Trap Effect","0","1","4","0","0","0"
"Hunter","51","Survival","13809","Frost Trap","0","1","4","0","0","0"
"Hunter","51","Survival","13812","Explosive Trap Effect","0","1","4","0","0","0"
"Hunter","51","Survival","13813","Explosive Trap","0","1","4","0","0","0"
"Hunter","51","Survival","14260","Raptor Strike","0","1","4","0","0","0"
"Hunter","51","Survival","14261","Raptor Strike","0","1","4","0","0","0"
"Hunter","51","Survival","14262","Raptor Strike","0","1","4","0","0","0"
"Hunter","51","Survival","14263","Raptor Strike","0","1","4","0","0","0"
"Hunter","51","Survival","14264","Raptor Strike","0","1","4","0","0","0"
"Hunter","51","Survival","14265","Raptor Strike","0","1","4","0","0","0"
"Hunter","51","Survival","14266","Raptor Strike","0","1","4","0","0","0"
"Hunter","51","Survival","14267","Wing Clip","0","1","4","0","0","0"
"Hunter","51","Survival","14268","Wing Clip","0","1","4","0","0","0"
"Hunter","51","Survival","14269","Mongoose Bite","0","1","4","0","0","0"
"Hunter","51","Survival","14270","Mongoose Bite","0","1","4","0","0","0"
"Hunter","51","Survival","14271","Mongoose Bite","0","1","4","0","0","0"
"Hunter","51","Survival","14272","Disengage","0","1","4","0","0","0"
"Hunter","51","Survival","14273","Disengage","0","1","4","0","0","0"
"Hunter","51","Survival","14298","Immolation Trap Effect","0","1","4","0","0","0"
"Hunter","51","Survival","14299","Immolation Trap Effect","0","1","4","0","0","0"
"Hunter","51","Survival","14300","Immolation Trap Effect","0","1","4","0","0","0"
"Hunter","51","Survival","14301","Immolation Trap Effect","0","1","4","0","0","0"
"Hunter","51","Survival","14302","Immolation Trap","0","1","4","0","0","0"
"Hunter","51","Survival","14303","Immolation Trap","0","1","4","0","0","0"
"Hunter","51","Survival","14304","Immolation Trap","0","1","4","0","0","0"
"Hunter","51","Survival","14305","Immolation Trap","0","1","4","0","0","0"
"Hunter","51","Survival","14310","Freezing Trap","0","1","4","0","0","0"
"Hunter","51","Survival","14311","Freezing Trap","0","1","4","0","0","0"
"Hunter","51","Survival","14314","Explosive Trap Effect","0","1","4","0","0","0"
"Hunter","51","Survival","14315","Explosive Trap Effect","0","1","4","0","0","0"
"Hunter","51","Survival","14316","Explosive Trap","0","1","4","0","0","0"
"Hunter","51","Survival","14317","Explosive Trap","0","1","4","0","0","0"
"Hunter","51","Survival","19151","Humanoid Slaying","0","1","4","0","0","0"
"Hunter","51","Survival","19152","Humanoid Slaying","0","1","4","0","0","0"
"Hunter","51","Survival","19153","Humanoid Slaying","0","1","4","0","0","0"
"Hunter","51","Survival","19159","Savage Strikes","0","1","0","0","0","0"
"Hunter","51","Survival","19160","Savage Strikes","0","1","0","0","0","0"
"Hunter","51","Survival","19168","Lightning Reflexes","0","1","4","0","0","0"
"Hunter","51","Survival","19180","Lightning Reflexes","0","1","4","0","0","0"
"Hunter","51","Survival","19181","Lightning Reflexes","0","1","4","0","0","0"
"Hunter","51","Survival","19184","Entrapment","0","1","0","0","0","0"
"Hunter","51","Survival","19185","Entrapment","0","1","0","0","0","0"
"Hunter","51","Survival","19228","Improved Wing Clip","0","1","0","0","0","0"
"Hunter","51","Survival","19232","Improved Wing Clip","0","1","0","0","0","0"
"Hunter","51","Survival","19233","Improved Wing Clip","0","1","0","0","0","0"
"Hunter","51","Survival","19239","Clever Traps","0","1","0","0","0","0"
"Hunter","51","Survival","19245","Clever Traps","0","1","0","0","0","0"
"Hunter","51","Survival","19255","Survivalist","0","1","0","0","0","0"
"Hunter","51","Survival","19256","Survivalist","0","1","0","0","0","0"
"Hunter","51","Survival","19257","Survivalist","0","1","0","0","0","0"
"Hunter","51","Survival","19258","Survivalist","0","1","4","0","0","0"
"Hunter","51","Survival","19259","Survivalist","0","1","4","0","0","0"
"Hunter","51","Survival","19263","Deterrence","0","1","0","0","0","0"
"Hunter","51","Survival","19286","Improved Feign Death","0","1","0","0","0","0"
"Hunter","51","Survival","19287","Improved Feign Death","0","1","0","0","0","0"
"Hunter","51","Survival","19290","Surefooted","0","1","4","0","0","0"
"Hunter","51","Survival","19294","Surefooted","0","1","4","0","0","0"
"Hunter","51","Survival","19295","Deflection","0","1","0","0","0","0"
"Hunter","51","Survival","19297","Deflection","0","1","0","0","0","0"
"Hunter","51","Survival","19298","Deflection","0","1","0","0","0","0"
"Hunter","51","Survival","19300","Deflection","0","1","0","0","0","0"
"Hunter","51","Survival","19301","Deflection","0","1","0","0","0","0"
"Hunter","51","Survival","19306","Counterattack","0","1","4","0","0","0"
"Hunter","51","Survival","19370","Killer Instinct","0","1","0","0","0","0"
"Hunter","51","Survival","19371","Killer Instinct","0","1","0","0","0","0"
"Hunter","51","Survival","19373","Killer Instinct","0","1","0","0","0","0"
"Hunter","51","Survival","19376","Trap Mastery","0","1","4","0","0","0"
"Hunter","51","Survival","19377","Trap Mastery","0","1","4","0","0","0"
"Hunter","51","Survival","19381","Melee Specialization","0","1","0","0","0","0"
"Hunter","51","Survival","19382","Melee Specialization","0","1","0","0","0","0"
"Hunter","51","Survival","19383","Melee Specialization","0","1","0","0","0","0"
"Hunter","51","Survival","19384","Melee Specialization","0","1","0","0","0","0"
"Hunter","51","Survival","19385","Melee Specialization","0","1","0","0","0","0"
"Hunter","51","Survival","19386","Wyvern Sting","0","1","4","0","0","0"
"Hunter","51","Survival","19387","Entrapment","0","1","0","0","0","0"
"Hunter","51","Survival","19388","Entrapment","0","1","0","0","0","0"
"Hunter","51","Survival","19498","Hawk Eye","0","1","4","0","0","0"
"Hunter","51","Survival","19499","Hawk Eye","0","1","4","0","0","0"
"Hunter","51","Survival","19500","Hawk Eye","0","1","4","0","0","0"
"Hunter","51","Survival","19878","Track Demons","0","1","4","0","0","0"
"Hunter","51","Survival","19879","Track Dragonkin","0","1","4","0","0","0"
"Hunter","51","Survival","19880","Track Elementals","0","1","4","0","0","0"
"Hunter","51","Survival","19882","Track Giants","0","1","4","0","0","0"
"Hunter","51","Survival","19883","Track Humanoids","0","1","4","0","0","0"
"Hunter","51","Survival","19884","Track Undead","0","1","4","0","0","0"
"Hunter","51","Survival","19885","Track Hidden","0","1","4","0","0","0"
"Hunter","51","Survival","20909","Counterattack","0","1","4","0","0","0"
"Hunter","51","Survival","20910","Counterattack","0","1","4","0","0","0"
"Hunter","51","Survival","23989","Readiness","0","1","4","0","0","0"
"Hunter","51","Survival","24131","Wyvern Sting","0","1","4","0","0","0"
"Hunter","51","Survival","24132","Wyvern Sting","0","1","4","0","0","0"
"Hunter","51","Survival","24133","Wyvern Sting","0","1","4","0","0","0"
"Hunter","51","Survival","24134","Wyvern Sting","0","1","4","0","0","0"
"Hunter","51","Survival","24135","Wyvern Sting","0","1","4","0","0","0"
"Hunter","51","Survival","24283","Surefooted","0","1","4","0","0","0"
"Hunter","51","Survival","24293","Monster Slaying","0","1","4","0","0","0"
"Hunter","51","Survival","24294","Monster Slaying","0","1","4","0","0","0"
"Hunter","51","Survival","24295","Monster Slaying","0","1","4","0","0","0"
"Hunter","51","Survival","24296","Lightning Reflexes","0","1","4","0","0","0"
"Hunter","51","Survival","24297","Lightning Reflexes","0","1","4","0","0","0"
"Hunter","51","Survival","27014","Raptor Strike","0","1","4","0","0","0"
"Hunter","51","Survival","27015","Disengage","0","1","4","0","0","0"
"Hunter","51","Survival","27023","Immolation Trap","0","1","4","0","0","0"
"Hunter","51","Survival","27024","Immolation Trap Effect","0","1","4","0","0","0"
"Hunter","51","Survival","27025","Explosive Trap","0","1","4","0","0","0"
"Hunter","51","Survival","27067","Counterattack","0","1","4","0","0","0"
"Hunter","51","Survival","27068","Wyvern Sting","0","1","4","0","0","0"
"Hunter","51","Survival","27069","Wyvern Sting","0","1","4","0","0","0"
"Hunter","51","Survival","27340","","0","1","0","0","0","0"
"Hunter","51","Survival","34477","Misdirection","0","1","4","0","0","0"
"Hunter","51","Survival","34491","Resourcefulness","0","1","4","0","0","0"
"Hunter","51","Survival","34492","Resourcefulness","0","1","4","0","0","0"
"Hunter","51","Survival","34493","Resourcefulness","0","1","4","0","0","0"
"Hunter","51","Survival","34494","Survival Instincts","0","1","4","0","0","0"
"Hunter","51","Survival","34496","Survival Instincts","0","1","4","0","0","0"
"Hunter","51","Survival","34497","Thrill of the Hunt","0","1","4","0","0","0"
"Hunter","51","Survival","34498","Thrill of the Hunt","0","1","4","0","0","0"
"Hunter","51","Survival","34499","Thrill of the Hunt","0","1","4","0","0","0"
"Hunter","51","Survival","34500","Expose Weakness","0","1","4","0","0","0"
"Hunter","51","Survival","34501","Expose Weakness","0","1","4","0","0","0"
"Hunter","51","Survival","34502","Expose Weakness","0","1","4","0","0","0"
"Hunter","51","Survival","34503","Expose Weakness","0","1","4","0","0","0"
"Hunter","51","Survival","34506","Master Tactician","0","1","4","0","0","0"
"Hunter","51","Survival","34507","Master Tactician","0","1","4","0","0","0"
"Hunter","51","Survival","34508","Master Tactician","0","1","4","0","0","0"
"Hunter","51","Survival","34600","Snake Trap","0","1","4","0","0","0"
"Hunter","51","Survival","34833","Master Tactician","0","1","4","0","0","0"
"Hunter","51","Survival","34834","Master Tactician","0","1","4","0","0","0"
"Hunter","51","Survival","34835","Master Tactician","0","1","4","0","0","0"
"Hunter","51","Survival","34836","Master Tactician","0","1","4","0","0","0"
"Hunter","51","Survival","34837","Master Tactician","0","1","4","0","0","0"
"Hunter","51","Survival","34838","Master Tactician","0","1","4","0","0","0"
"Hunter","51","Survival","34839","Master Tactician","0","1","4","0","0","0"
"Hunter","51","Survival","36916","Mongoose Bite","0","1","4","0","0","0"
"Hunter","163","Marksmanship","75","Auto Shot","2","1","4","0","0","0"
"Hunter","163","Marksmanship","1130","Hunter's Mark","0","1","4","0","0","0"
"Hunter","163","Marksmanship","1510","Volley","0","1","4","0","0","0"
"Hunter","163","Marksmanship","1543","Flare","0","1","4","0","0","0"
"Hunter","163","Marksmanship","1978","Serpent Sting","0","1","4","0","0","0"
"Hunter","163","Marksmanship","2643","Multi-Shot","0","1","4","0","0","0"
"Hunter","163","Marksmanship","3034","Viper Sting","0","1","4","0","0","0"
"Hunter","163","Marksmanship","3043","Scorpid Sting","0","1","4","0","0","0"
"Hunter","163","Marksmanship","3044","Arcane Shot","0","1","4","0","0","0"
"Hunter","163","Marksmanship","3045","Rapid Fire","0","1","4","0","0","0"
"Hunter","163","Marksmanship","3674","Black Arrow","0","1","4","0","0","0"
"Hunter","163","Marksmanship","5116","Concussive Shot","0","1","4","0","0","0"
"Hunter","163","Marksmanship","13549","Serpent Sting","0","1","4","0","0","0"
"Hunter","163","Marksmanship","13550","Serpent Sting","0","1","4","0","0","0"
"Hunter","163","Marksmanship","13551","Serpent Sting","0","1","4","0","0","0"
"Hunter","163","Marksmanship","13552","Serpent Sting","0","1","4","0","0","0"
"Hunter","163","Marksmanship","13553","Serpent Sting","0","1","4","0","0","0"
"Hunter","163","Marksmanship","13554","Serpent Sting","0","1","4","0","0","0"
"Hunter","163","Marksmanship","13555","Serpent Sting","0","1","4","0","0","0"
"Hunter","163","Marksmanship","14274","Distracting Shot","0","1","4","0","0","0"
"Hunter","163","Marksmanship","14279","Viper Sting","0","1","4","0","0","0"
"Hunter","163","Marksmanship","14280","Viper Sting","0","1","4","0","0","0"
"Hunter","163","Marksmanship","14281","Arcane Shot","0","1","4","0","0","0"
"Hunter","163","Marksmanship","14282","Arcane Shot","0","1","4","0","0","0"
"Hunter","163","Marksmanship","14283","Arcane Shot","0","1","4","0","0","0"
"Hunter","163","Marksmanship","14284","Arcane Shot","0","1","4","0","0","0"
"Hunter","163","Marksmanship","14285","Arcane Shot","0","1","4","0","0","0"
"Hunter","163","Marksmanship","14286","Arcane Shot","0","1","4","0","0","0"
"Hunter","163","Marksmanship","14287","Arcane Shot","0","1","4","0","0","0"
"Hunter","163","Marksmanship","14288","Multi-Shot","0","1","4","0","0","0"
"Hunter","163","Marksmanship","14289","Multi-Shot","0","1","4","0","0","0"
"Hunter","163","Marksmanship","14290","Multi-Shot","0","1","4","0","0","0"
"Hunter","163","Marksmanship","14294","Volley","0","1","4","0","0","0"
"Hunter","163","Marksmanship","14295","Volley","0","1","4","0","0","0"
"Hunter","163","Marksmanship","14296","Black Arrow","0","1","4","0","0","0"
"Hunter","163","Marksmanship","14323","Hunter's Mark","0","1","4","0","0","0"
"Hunter","163","Marksmanship","14324","Hunter's Mark","0","1","4","0","0","0"
"Hunter","163","Marksmanship","14325","Hunter's Mark","0","1","4","0","0","0"
"Hunter","163","Marksmanship","15629","Distracting Shot","0","1","4","0","0","0"
"Hunter","163","Marksmanship","15630","Distracting Shot","0","1","4","0","0","0"
"Hunter","163","Marksmanship","15631","Distracting Shot","0","1","4","0","0","0"
"Hunter","163","Marksmanship","15632","Distracting Shot","0","1","4","0","0","0"
"Hunter","163","Marksmanship","19407","Improved Concussive Shot","0","1","0","0","0","0"
"Hunter","163","Marksmanship","19412","Improved Concussive Shot","0","1","0","0","0","0"
"Hunter","163","Marksmanship","19413","Improved Concussive Shot","0","1","0","0","0","0"
"Hunter","163","Marksmanship","19414","Improved Concussive Shot","0","1","0","0","0","0"
"Hunter","163","Marksmanship","19415","Improved Concussive Shot","0","1","0","0","0","0"
"Hunter","163","Marksmanship","19416","Efficiency","0","1","0","0","0","0"
"Hunter","163","Marksmanship","19417","Efficiency","0","1","0","0","0","0"
"Hunter","163","Marksmanship","19418","Efficiency","0","1","0","0","0","0"
"Hunter","163","Marksmanship","19419","Efficiency","0","1","0","0","0","0"
"Hunter","163","Marksmanship","19420","Efficiency","0","1","0","0","0","0"
"Hunter","163","Marksmanship","19421","Improved Hunter's Mark","0","1","0","0","0","0"
"Hunter","163","Marksmanship","19422","Improved Hunter's Mark","0","1","0","0","0","0"
"Hunter","163","Marksmanship","19423","Improved Hunter's Mark","0","1","0","0","0","0"
"Hunter","163","Marksmanship","19424","Improved Hunter's Mark","0","1","0","0","0","0"
"Hunter","163","Marksmanship","19425","Improved Hunter's Mark","0","1","0","0","0","0"
"Hunter","163","Marksmanship","19426","Lethal Shots","0","1","0","0","0","0"
"Hunter","163","Marksmanship","19427","Lethal Shots","0","1","0","0","0","0"
"Hunter","163","Marksmanship","19429","Lethal Shots","0","1","0","0","0","0"
"Hunter","163","Marksmanship","19430","Lethal Shots","0","1","0","0","0","0"
"Hunter","163","Marksmanship","19431","Lethal Shots","0","1","0","0","0","0"
"Hunter","163","Marksmanship","19434","Aimed Shot","0","1","0","0","0","0"
"Hunter","163","Marksmanship","19454","Improved Arcane Shot","0","1","0","0","0","0"
"Hunter","163","Marksmanship","19455","Improved Arcane Shot","0","1","0","0","0","0"
"Hunter","163","Marksmanship","19456","Improved Arcane Shot","0","1","0","0","0","0"
"Hunter","163","Marksmanship","19457","Improved Arcane Shot","0","1","0","0","0","0"
"Hunter","163","Marksmanship","19458","Improved Arcane Shot","0","1","0","0","0","0"
"Hunter","163","Marksmanship","19461","Barrage","0","1","0","0","0","0"
"Hunter","163","Marksmanship","19462","Barrage","0","1","0","0","0","0"
"Hunter","163","Marksmanship","19464","Improved Stings","0","1","0","0","0","0"
"Hunter","163","Marksmanship","19465","Improved Stings","0","1","0","0","0","0"
"Hunter","163","Marksmanship","19466","Improved Stings","0","1","0","0","0","0"
"Hunter","163","Marksmanship","19467","Improved Stings","0","1","0","0","0","0"
"Hunter","163","Marksmanship","19468","Improved Stings","0","1","0","0","0","0"
"Hunter","163","Marksmanship","19485","Mortal Shots","0","1","0","0","0","0"
"Hunter","163","Marksmanship","19487","Mortal Shots","0","1","0","0","0","0"
"Hunter","163","Marksmanship","19488","Mortal Shots","0","1","0","0","0","0"
"Hunter","163","Marksmanship","19489","Mortal Shots","0","1","0","0","0","0"
"Hunter","163","Marksmanship","19490","Mortal Shots","0","1","0","0","0","0"
"Hunter","163","Marksmanship","19503","Scatter Shot","0","1","0","0","0","0"
"Hunter","163","Marksmanship","19506","Trueshot Aura","0","1","0","0","0","0"
"Hunter","163","Marksmanship","19507","Ranged Weapon Specialization","0","1","0","0","0","0"
"Hunter","163","Marksmanship","19508","Ranged Weapon Specialization","0","1","0","0","0","0"
"Hunter","163","Marksmanship","19509","Ranged Weapon Specialization","0","1","0","0","0","0"
"Hunter","163","Marksmanship","19510","Ranged Weapon Specialization","0","1","0","0","0","0"
"Hunter","163","Marksmanship","19511","Ranged Weapon Specialization","0","1","0","0","0","0"
"Hunter","163","Marksmanship","19801","Tranquilizing Shot","0","1","4","0","0","0"
"Hunter","163","Marksmanship","20736","Distracting Shot","0","1","4","0","0","0"
"Hunter","163","Marksmanship","20900","Aimed Shot","0","1","0","0","0","0"
"Hunter","163","Marksmanship","20901","Aimed Shot","0","1","0","0","0","0"
"Hunter","163","Marksmanship","20902","Aimed Shot","0","1","0","0","0","0"
"Hunter","163","Marksmanship","20903","Aimed Shot","0","1","0","0","0","0"
"Hunter","163","Marksmanship","20904","Aimed Shot","0","1","0","0","0","0"
"Hunter","163","Marksmanship","20905","Trueshot Aura","0","1","0","0","19506","0"
"Hunter","163","Marksmanship","20906","Trueshot Aura","0","1","0","0","20905","0"
"Hunter","163","Marksmanship","24691","Barrage","0","1","0","0","0","0"
"Hunter","163","Marksmanship","25294","Multi-Shot","0","1","4","0","0","0"
"Hunter","163","Marksmanship","25295","Serpent Sting","0","1","4","0","0","0"
"Hunter","163","Marksmanship","27016","Serpent Sting","0","1","4","0","0","0"
"Hunter","163","Marksmanship","27018","Viper Sting","0","1","4","0","0","0"
"Hunter","163","Marksmanship","27019","Arcane Shot","0","1","4","0","0","0"
"Hunter","163","Marksmanship","27020","Distracting Shot","0","1","4","0","0","0"
"Hunter","163","Marksmanship","27021","Multi-Shot","0","1","4","0","0","0"
"Hunter","163","Marksmanship","27022","Volley","0","1","4","0","0","0"
"Hunter","163","Marksmanship","27065","Aimed Shot","0","1","4","0","0","0"
"Hunter","163","Marksmanship","27066","Trueshot Aura","0","1","0","0","20906","0"
"Hunter","163","Marksmanship","34120","Steady Shot","0","1","0","0","0","0"
"Hunter","163","Marksmanship","34475","Combat Experience","0","1","4","0","0","0"
"Hunter","163","Marksmanship","34476","Combat Experience","0","1","4","0","0","0"
"Hunter","163","Marksmanship","34482","Careful Aim","0","1","4","0","0","0"
"Hunter","163","Marksmanship","34483","Careful Aim","0","1","4","0","0","0"
"Hunter","163","Marksmanship","34484","Careful Aim","0","1","4","0","0","0"
"Hunter","163","Marksmanship","34485","Master Marksman","0","1","4","0","0","0"
"Hunter","163","Marksmanship","34486","Master Marksman","0","1","4","0","0","0"
"Hunter","163","Marksmanship","34487","Master Marksman","0","1","4","0","0","0"
"Hunter","163","Marksmanship","34488","Master Marksman","0","1","4","0","0","0"
"Hunter","163","Marksmanship","34489","Master Marksman","0","1","4","0","0","0"
"Hunter","163","Marksmanship","34490","Silencing Shot","0","1","4","0","0","0"
"Hunter","163","Marksmanship","34948","Rapid Killing","0","1","4","0","0","0"
"Hunter","163","Marksmanship","34949","Rapid Killing","0","1","4","0","0","0"
"Hunter","163","Marksmanship","34950","Go for the Throat","0","1","4","0","0","0"
"Hunter","163","Marksmanship","34954","Go for the Throat","0","1","4","0","0","0"
"Hunter","163","Marksmanship","35098","Rapid Killing","0","1","4","0","0","0"
"Hunter","163","Marksmanship","35099","Rapid Killing","0","1","4","0","0","0"
"Hunter","163","Marksmanship","35100","Concussive Barrage","0","1","4","0","0","0"
"Hunter","163","Marksmanship","35101","Concussive Barrage","0","1","4","0","0","0"
"Hunter","163","Marksmanship","35102","Concussive Barrage","0","1","4","0","0","0"
"Hunter","163","Marksmanship","35103","Concussive Barrage","0","1","4","0","0","0"
"Hunter","163","Marksmanship","35104","Improved Barrage","0","1","4","0","0","0"
"Hunter","163","Marksmanship","35110","Improved Barrage","0","1","4","0","0","0"
"Hunter","163","Marksmanship","35111","Improved Barrage","0","1","4","0","0","0"
"Hunter","163","Marksmanship","42234","Volley","0","1","4","0","0","0"
"Hunter","163","Marksmanship","42243","Volley","0","1","4","0","0","0"
"Hunter","163","Marksmanship","42244","Volley","0","1","4","0","0","0"
"Hunter","163","Marksmanship","42245","Volley","0","1","4","0","0","0"
"Hunter","203","Pet - Spider","17219","Tamed Pet Passive (DND)","2","1","0","0","0","0"
"Hunter","203","Pet - Spider","17253","Bite","0","1","0","0","0","0"
"Hunter","203","Pet - Spider","17255","Bite","0","1","0","0","17253","0"
"Hunter","203","Pet - Spider","17256","Bite","0","1","0","0","17255","0"
"Hunter","203","Pet - Spider","17257","Bite","0","1","0","0","17256","0"
"Hunter","203","Pet - Spider","17258","Bite","0","1","0","0","17257","0"
"Hunter","203","Pet - Spider","17259","Bite","0","1","0","0","17258","0"
"Hunter","203","Pet - Spider","17260","Bite","0","1","0","0","17259","0"
"Hunter","203","Pet - Spider","17261","Bite","0","1","0","0","17260","0"
"Hunter","203","Pet - Spider","27050","Bite","0","1","0","0","17261","0"
"Hunter","208","Pet - Wolf","17223","Tamed Pet Passive (DND)","2","1","0","0","0","0"
"Hunter","208","Pet - Wolf","17253","Bite","0","1","0","0","0","0"
"Hunter","208","Pet - Wolf","17255","Bite","0","1","0","0","17253","0"
"Hunter","208","Pet - Wolf","17256","Bite","0","1","0","0","17255","0"
"Hunter","208","Pet - Wolf","17257","Bite","0","1","0","0","17256","0"
"Hunter","208","Pet - Wolf","17258","Bite","0","1","0","0","17257","0"
"Hunter","208","Pet - Wolf","17259","Bite","0","1","0","0","17258","0"
"Hunter","208","Pet - Wolf","17260","Bite","0","1","0","0","17259","0"
"Hunter","208","Pet - Wolf","17261","Bite","0","1","0","0","17260","0"
"Hunter","208","Pet - Wolf","23099","Dash","0","1","0","0","0","0"
"Hunter","208","Pet - Wolf","23109","Dash","0","1","0","0","23099","0"
"Hunter","208","Pet - Wolf","23110","Dash","0","1","0","0","23109","0"
"Hunter","208","Pet - Wolf","24597","Furious Howl","0","1","0","0","24603","0"
"Hunter","208","Pet - Wolf","24603","Furious Howl","0","1","0","0","24605","0"
"Hunter","208","Pet - Wolf","24604","Furious Howl","0","1","0","0","0","0"
"Hunter","208","Pet - Wolf","24605","Furious Howl","0","1","0","0","24604","0"
"Hunter","208","Pet - Wolf","27050","Bite","0","1","0","0","17261","0"
"Hunter","209","Pet - Cat","3009","Claw","0","1","0","0","3010","0"
"Hunter","209","Pet - Cat","3010","Claw","0","1","0","0","16832","0"
"Hunter","209","Pet - Cat","16827","Claw","0","1","0","0","0","0"
"Hunter","209","Pet - Cat","16828","Claw","0","1","0","0","16827","0"
"Hunter","209","Pet - Cat","16829","Claw","0","1","0","0","16828","0"
"Hunter","209","Pet - Cat","16830","Claw","0","1","0","0","16829","0"
"Hunter","209","Pet - Cat","16831","Claw","0","1","0","0","16830","0"
"Hunter","209","Pet - Cat","16832","Claw","0","1","0","0","16831","0"
"Hunter","209","Pet - Cat","17210","Tamed Pet Passive (DND)","2","1","0","0","0","0"
"Hunter","209","Pet - Cat","17253","Bite","0","1","0","0","0","0"
"Hunter","209","Pet - Cat","17255","Bite","0","1","0","0","17253","0"
"Hunter","209","Pet - Cat","17256","Bite","0","1","0","0","17255","0"
"Hunter","209","Pet - Cat","17257","Bite","0","1","0","0","17256","0"
"Hunter","209","Pet - Cat","17258","Bite","0","1","0","0","17257","0"
"Hunter","209","Pet - Cat","17259","Bite","0","1","0","0","17258","0"
"Hunter","209","Pet - Cat","17260","Bite","0","1","0","0","17259","0"
"Hunter","209","Pet - Cat","17261","Bite","0","1","0","0","17260","0"
"Hunter","209","Pet - Cat","23099","Dash","0","1","0","0","0","0"
"Hunter","209","Pet - Cat","23109","Dash","0","1","0","0","23099","0"
"Hunter","209","Pet - Cat","23110","Dash","0","1","0","0","23109","0"
"Hunter","209","Pet - Cat","24450","Prowl","0","1","0","0","0","0"
"Hunter","209","Pet - Cat","24452","Prowl","0","1","0","0","24450","0"
"Hunter","209","Pet - Cat","24453","Prowl","0","1","0","0","24452","0"
"Hunter","209","Pet - Cat","27049","Claw","0","1","0","0","3009","0"
"Hunter","209","Pet - Cat","27050","Bite","0","1","0","0","17261","0"
"Hunter","210","Pet - Bear","3009","Claw","0","1","0","0","3010","0"
"Hunter","210","Pet - Bear","3010","Claw","0","1","0","0","16832","0"
"Hunter","210","Pet - Bear","16827","Claw","0","1","0","0","0","0"
"Hunter","210","Pet - Bear","16828","Claw","0","1","0","0","16827","0"
"Hunter","210","Pet - Bear","16829","Claw","0","1","0","0","16828","0"
"Hunter","210","Pet - Bear","16830","Claw","0","1","0","0","16829","0"
"Hunter","210","Pet - Bear","16831","Claw","0","1","0","0","16830","0"
"Hunter","210","Pet - Bear","16832","Claw","0","1","0","0","16831","0"
"Hunter","210","Pet - Bear","17208","Tamed Pet Passive (DND)","2","1","0","0","0","0"
"Hunter","210","Pet - Bear","17253","Bite","0","1","0","0","0","0"
"Hunter","210","Pet - Bear","17255","Bite","0","1","0","0","17253","0"
"Hunter","210","Pet - Bear","17256","Bite","0","1","0","0","17255","0"
"Hunter","210","Pet - Bear","17257","Bite","0","1","0","0","17256","0"
"Hunter","210","Pet - Bear","17258","Bite","0","1","0","0","17257","0"
"Hunter","210","Pet - Bear","17259","Bite","0","1","0","0","17258","0"
"Hunter","210","Pet - Bear","17260","Bite","0","1","0","0","17259","0"
"Hunter","210","Pet - Bear","17261","Bite","0","1","0","0","17260","0"
"Hunter","210","Pet - Bear","27049","Claw","0","1","0","0","3009","0"
"Hunter","210","Pet - Bear","27050","Bite","0","1","0","0","17261","0"
"Hunter","211","Pet - Boar","7000","Tamed Pet Passive (DND)","2","1","0","0","0","0"
"Hunter","211","Pet - Boar","7371","Charge","0","1","0","0","0","0"
"Hunter","211","Pet - Boar","17253","Bite","0","1","0","0","0","0"
"Hunter","211","Pet - Boar","17255","Bite","0","1","0","0","17253","0"
"Hunter","211","Pet - Boar","17256","Bite","0","1","0","0","17255","0"
"Hunter","211","Pet - Boar","17257","Bite","0","1","0","0","17256","0"
"Hunter","211","Pet - Boar","17258","Bite","0","1","0","0","17257","0"
"Hunter","211","Pet - Boar","17259","Bite","0","1","0","0","17258","0"
"Hunter","211","Pet - Boar","17260","Bite","0","1","0","0","17259","0"
"Hunter","211","Pet - Boar","17261","Bite","0","1","0","0","17260","0"
"Hunter","211","Pet - Boar","23099","Dash","0","1","0","0","0","0"
"Hunter","211","Pet - Boar","23109","Dash","0","1","0","0","23099","0"
"Hunter","211","Pet - Boar","23110","Dash","0","1","0","0","23109","0"
"Hunter","211","Pet - Boar","26177","Charge","0","1","0","0","7371","0"
"Hunter","211","Pet - Boar","26178","Charge","0","1","0","0","26177","0"
"Hunter","211","Pet - Boar","26179","Charge","0","1","0","0","26178","0"
"Hunter","211","Pet - Boar","26201","Charge","0","1","0","0","26179","0"
"Hunter","211","Pet - Boar","27050","Bite","0","1","0","0","17261","0"
"Hunter","211","Pet - Boar","27685","Charge","0","1","0","0","26201","0"
"Hunter","211","Pet - Boar","35290","Gore","0","1","0","0","0","0"
"Hunter","211","Pet - Boar","35291","Gore","0","1","0","0","35290","0"
"Hunter","211","Pet - Boar","35292","Gore","0","1","0","0","35291","0"
"Hunter","211","Pet - Boar","35293","Gore","0","1","0","0","35292","0"
"Hunter","211","Pet - Boar","35294","Gore","0","1","0","0","35293","0"
"Hunter","211","Pet - Boar","35295","Gore","0","1","0","0","35294","0"
"Hunter","211","Pet - Boar","35296","Gore","0","1","0","0","35295","0"
"Hunter","211","Pet - Boar","35297","Gore","0","1","0","0","35296","0"
"Hunter","211","Pet - Boar","35298","Gore","0","1","0","0","35297","0"
"Hunter","212","Pet - Crocilisk","17212","Tamed Pet Passive (DND)","2","1","0","0","0","0"
"Hunter","212","Pet - Crocilisk","17253","Bite","0","1","0","0","0","0"
"Hunter","212","Pet - Crocilisk","17255","Bite","0","1","0","0","17253","0"
"Hunter","212","Pet - Crocilisk","17256","Bite","0","1","0","0","17255","0"
"Hunter","212","Pet - Crocilisk","17257","Bite","0","1","0","0","17256","0"
"Hunter","212","Pet - Crocilisk","17258","Bite","0","1","0","0","17257","0"
"Hunter","212","Pet - Crocilisk","17259","Bite","0","1","0","0","17258","0"
"Hunter","212","Pet - Crocilisk","17260","Bite","0","1","0","0","17259","0"
"Hunter","212","Pet - Crocilisk","17261","Bite","0","1","0","0","17260","0"
"Hunter","212","Pet - Crocilisk","27050","Bite","0","1","0","0","17261","0"
"Hunter","213","Pet - Carrion Bird","3009","Claw","0","1","0","0","3010","0"
"Hunter","213","Pet - Carrion Bird","3010","Claw","0","1","0","0","16832","0"
"Hunter","213","Pet - Carrion Bird","16827","Claw","0","1","0","0","0","0"
"Hunter","213","Pet - Carrion Bird","16828","Claw","0","1","0","0","16827","0"
"Hunter","213","Pet - Carrion Bird","16829","Claw","0","1","0","0","16828","0"
"Hunter","213","Pet - Carrion Bird","16830","Claw","0","1","0","0","16829","0"
"Hunter","213","Pet - Carrion Bird","16831","Claw","0","1","0","0","16830","0"
"Hunter","213","Pet - Carrion Bird","16832","Claw","0","1","0","0","16831","0"
"Hunter","213","Pet - Carrion Bird","17209","Tamed Pet Passive (DND)","2","1","0","0","0","0"
"Hunter","213","Pet - Carrion Bird","17253","Bite","0","1","0","0","0","0"
"Hunter","213","Pet - Carrion Bird","17255","Bite","0","1","0","0","17253","0"
"Hunter","213","Pet - Carrion Bird","17256","Bite","0","1","0","0","17255","0"
"Hunter","213","Pet - Carrion Bird","17257","Bite","0","1","0","0","17256","0"
"Hunter","213","Pet - Carrion Bird","17258","Bite","0","1","0","0","17257","0"
"Hunter","213","Pet - Carrion Bird","17259","Bite","0","1","0","0","17258","0"
"Hunter","213","Pet - Carrion Bird","17260","Bite","0","1","0","0","17259","0"
"Hunter","213","Pet - Carrion Bird","17261","Bite","0","1","0","0","17260","0"
"Hunter","213","Pet - Carrion Bird","23145","Dive","0","1","0","0","0","0"
"Hunter","213","Pet - Carrion Bird","23147","Dive","0","1","0","0","23145","0"
"Hunter","213","Pet - Carrion Bird","23148","Dive","0","1","0","0","23147","0"
"Hunter","213","Pet - Carrion Bird","24423","Screech","0","1","0","0","0","0"
"Hunter","213","Pet - Carrion Bird","24577","Screech","0","1","0","0","24423","0"
"Hunter","213","Pet - Carrion Bird","24578","Screech","0","1","0","0","24577","0"
"Hunter","213","Pet - Carrion Bird","24579","Screech","0","1","0","0","24578","0"
"Hunter","213","Pet - Carrion Bird","27049","Claw","0","1","0","0","3009","0"
"Hunter","213","Pet - Carrion Bird","27050","Bite","0","1","0","0","17261","0"
"Hunter","213","Pet - Carrion Bird","27051","Screech","0","1","0","0","24579","0"
"Hunter","214","Pet - Crab","3009","Claw","0","1","0","0","3010","0"
"Hunter","214","Pet - Crab","3010","Claw","0","1","0","0","16832","0"
"Hunter","214","Pet - Crab","16827","Claw","0","1","0","0","0","0"
"Hunter","214","Pet - Crab","16828","Claw","0","1","0","0","16827","0"
"Hunter","214","Pet - Crab","16829","Claw","0","1","0","0","16828","0"
"Hunter","214","Pet - Crab","16830","Claw","0","1","0","0","16829","0"
"Hunter","214","Pet - Crab","16831","Claw","0","1","0","0","16830","0"
"Hunter","214","Pet - Crab","16832","Claw","0","1","0","0","16831","0"
"Hunter","214","Pet - Crab","17211","Tamed Pet Passive (DND)","2","1","0","0","0","0"
"Hunter","214","Pet - Crab","27049","Claw","0","1","0","0","3009","0"
"Hunter","215","Pet - Gorilla","17214","Tamed Pet Passive (DND)","2","1","0","0","0","0"
"Hunter","215","Pet - Gorilla","17253","Bite","0","1","0","0","0","0"
"Hunter","215","Pet - Gorilla","17255","Bite","0","1","0","0","17253","0"
"Hunter","215","Pet - Gorilla","17256","Bite","0","1","0","0","17255","0"
"Hunter","215","Pet - Gorilla","17257","Bite","0","1","0","0","17256","0"
"Hunter","215","Pet - Gorilla","17258","Bite","0","1","0","0","17257","0"
"Hunter","215","Pet - Gorilla","17259","Bite","0","1","0","0","17258","0"
"Hunter","215","Pet - Gorilla","17260","Bite","0","1","0","0","17259","0"
"Hunter","215","Pet - Gorilla","17261","Bite","0","1","0","0","17260","0"
"Hunter","215","Pet - Gorilla","26090","Thunderstomp","0","1","0","0","0","0"
"Hunter","215","Pet - Gorilla","26187","Thunderstomp","0","1","0","0","26090","0"
"Hunter","215","Pet - Gorilla","26188","Thunderstomp","0","1","0","0","26187","0"
"Hunter","215","Pet - Gorilla","27050","Bite","0","1","0","0","17261","0"
"Hunter","215","Pet - Gorilla","27063","Thunderstomp","0","1","0","0","26188","0"
"Hunter","217","Pet - Raptor","3009","Claw","0","1","0","0","3010","0"
"Hunter","217","Pet - Raptor","3010","Claw","0","1","0","0","16832","0"
"Hunter","217","Pet - Raptor","16827","Claw","0","1","0","0","0","0"
"Hunter","217","Pet - Raptor","16828","Claw","0","1","0","0","16827","0"
"Hunter","217","Pet - Raptor","16829","Claw","0","1","0","0","16828","0"
"Hunter","217","Pet - Raptor","16830","Claw","0","1","0","0","16829","0"
"Hunter","217","Pet - Raptor","16831","Claw","0","1","0","0","16830","0"
"Hunter","217","Pet - Raptor","16832","Claw","0","1","0","0","16831","0"
"Hunter","217","Pet - Raptor","17217","Tamed Pet Passive (DND)","2","1","0","0","0","0"
"Hunter","217","Pet - Raptor","17253","Bite","0","1","0","0","0","0"
"Hunter","217","Pet - Raptor","17255","Bite","0","1","0","0","17253","0"
"Hunter","217","Pet - Raptor","17256","Bite","0","1","0","0","17255","0"
"Hunter","217","Pet - Raptor","17257","Bite","0","1","0","0","17256","0"
"Hunter","217","Pet - Raptor","17258","Bite","0","1","0","0","17257","0"
"Hunter","217","Pet - Raptor","17259","Bite","0","1","0","0","17258","0"
"Hunter","217","Pet - Raptor","17260","Bite","0","1","0","0","17259","0"
"Hunter","217","Pet - Raptor","17261","Bite","0","1","0","0","17260","0"
"Hunter","217","Pet - Raptor","23099","Dash","0","1","0","0","0","0"
"Hunter","217","Pet - Raptor","23109","Dash","0","1","0","0","23099","0"
"Hunter","217","Pet - Raptor","23110","Dash","0","1","0","0","23109","0"
"Hunter","217","Pet - Raptor","27049","Claw","0","1","0","0","3009","0"
"Hunter","217","Pet - Raptor","27050","Bite","0","1","0","0","17261","0"
"Hunter","218","Pet - Tallstrider","17220","Tamed Pet Passive (DND)","2","1","0","0","0","0"
"Hunter","218","Pet - Tallstrider","17253","Bite","0","1","0","0","0","0"
"Hunter","218","Pet - Tallstrider","17255","Bite","0","1","0","0","17253","0"
"Hunter","218","Pet - Tallstrider","17256","Bite","0","1","0","0","17255","0"
"Hunter","218","Pet - Tallstrider","17257","Bite","0","1","0","0","17256","0"
"Hunter","218","Pet - Tallstrider","17258","Bite","0","1","0","0","17257","0"
"Hunter","218","Pet - Tallstrider","17259","Bite","0","1","0","0","17258","0"
"Hunter","218","Pet - Tallstrider","17260","Bite","0","1","0","0","17259","0"
"Hunter","218","Pet - Tallstrider","17261","Bite","0","1","0","0","17260","0"
"Hunter","218","Pet - Tallstrider","23099","Dash","0","1","0","0","0","0"
"Hunter","218","Pet - Tallstrider","23109","Dash","0","1","0","0","23099","0"
"Hunter","218","Pet - Tallstrider","23110","Dash","0","1","0","0","23109","0"
"Hunter","218","Pet - Tallstrider","27050","Bite","0","1","0","0","17261","0"
"Hunter","236","Pet - Scorpid","3009","Claw","0","1","0","0","3010","0"
"Hunter","236","Pet - Scorpid","3010","Claw","0","1","0","0","16832","0"
"Hunter","236","Pet - Scorpid","16827","Claw","0","1","0","0","0","0"
"Hunter","236","Pet - Scorpid","16828","Claw","0","1","0","0","16827","0"
"Hunter","236","Pet - Scorpid","16829","Claw","0","1","0","0","16828","0"
"Hunter","236","Pet - Scorpid","16830","Claw","0","1","0","0","16829","0"
"Hunter","236","Pet - Scorpid","16831","Claw","0","1","0","0","16830","0"
"Hunter","236","Pet - Scorpid","16832","Claw","0","1","0","0","16831","0"
"Hunter","236","Pet - Scorpid","17218","Tamed Pet Passive (DND)","2","1","0","0","0","0"
"Hunter","236","Pet - Scorpid","24583","Scorpid Poison","0","1","0","0","24640","0"
"Hunter","236","Pet - Scorpid","24586","Scorpid Poison","0","1","0","0","24583","0"
"Hunter","236","Pet - Scorpid","24587","Scorpid Poison","0","1","0","0","24586","0"
"Hunter","236","Pet - Scorpid","24640","Scorpid Poison","0","1","0","0","0","0"
"Hunter","236","Pet - Scorpid","27049","Claw","0","1","0","0","3009","0"
"Hunter","236","Pet - Scorpid","27060","Scorpid Poison","0","1","0","0","24587","0"
"Hunter","251","Pet - Turtle","17221","Tamed Pet Passive (DND)","2","1","0","0","0","0"
"Hunter","251","Pet - Turtle","17253","Bite","0","1","0","0","0","0"
"Hunter","251","Pet - Turtle","17255","Bite","0","1","0","0","17253","0"
"Hunter","251","Pet - Turtle","17256","Bite","0","1","0","0","17255","0"
"Hunter","251","Pet - Turtle","17257","Bite","0","1","0","0","17256","0"
"Hunter","251","Pet - Turtle","17258","Bite","0","1","0","0","17257","0"
"Hunter","251","Pet - Turtle","17259","Bite","0","1","0","0","17258","0"
"Hunter","251","Pet - Turtle","17260","Bite","0","1","0","0","17259","0"
"Hunter","251","Pet - Turtle","17261","Bite","0","1","0","0","17260","0"
"Hunter","251","Pet - Turtle","26064","Shell Shield","0","1","0","0","0","0"
"Hunter","251","Pet - Turtle","27050","Bite","0","1","0","0","17261","0"
"Hunter","261","Beast Training","1747","Cower","0","1","4","0","0","0"
"Hunter","261","Beast Training","1748","Cower","0","1","4","0","0","0"
"Hunter","261","Beast Training","1749","Cower","0","1","4","0","0","0"
"Hunter","261","Beast Training","1750","Cower","0","1","4","0","0","0"
"Hunter","261","Beast Training","1751","Cower","0","1","4","0","0","0"
"Hunter","261","Beast Training","1853","Growl","1","1","4","0","0","0"
"Hunter","261","Beast Training","2975","Claw","0","1","4","0","0","0"
"Hunter","261","Beast Training","2976","Claw","0","1","4","0","0","0"
"Hunter","261","Beast Training","2977","Claw","0","1","4","0","0","0"
"Hunter","261","Beast Training","2980","Claw","0","1","4","0","0","0"
"Hunter","261","Beast Training","2981","Claw","0","1","4","0","0","0"
"Hunter","261","Beast Training","2982","Claw","0","1","4","0","0","0"
"Hunter","261","Beast Training","3666","Claw","0","1","4","0","0","0"
"Hunter","261","Beast Training","3667","Claw","0","1","4","0","0","0"
"Hunter","261","Beast Training","4195","Great Stamina","0","1","4","0","0","0"
"Hunter","261","Beast Training","4196","Great Stamina","0","1","4","0","0","0"
"Hunter","261","Beast Training","4197","Great Stamina","0","1","4","0","0","0"
"Hunter","261","Beast Training","4198","Great Stamina","0","1","4","0","0","0"
"Hunter","261","Beast Training","4199","Great Stamina","0","1","4","0","0","0"
"Hunter","261","Beast Training","4200","Great Stamina","0","1","4","0","0","0"
"Hunter","261","Beast Training","4201","Great Stamina","0","1","4","0","0","0"
"Hunter","261","Beast Training","4202","Great Stamina","0","1","4","0","0","0"
"Hunter","261","Beast Training","5048","Great Stamina","0","1","4","0","0","0"
"Hunter","261","Beast Training","5049","Great Stamina","0","1","4","0","0","0"
"Hunter","261","Beast Training","5149","Beast Training","0","1","4","0","0","0"
"Hunter","261","Beast Training","7370","Charge","0","1","4","0","0","0"
"Hunter","261","Beast Training","14922","Growl","1","1","4","0","0","0"
"Hunter","261","Beast Training","14923","Growl","0","1","4","0","0","0"
"Hunter","261","Beast Training","14924","Growl","0","1","4","0","0","0"
"Hunter","261","Beast Training","14925","Growl","0","1","4","0","0","0"
"Hunter","261","Beast Training","14926","Growl","0","1","4","0","0","0"
"Hunter","261","Beast Training","14927","Growl","0","1","4","0","0","0"
"Hunter","261","Beast Training","16698","Cower","0","1","4","0","0","0"
"Hunter","261","Beast Training","17254","Bite","0","1","4","0","0","0"
"Hunter","261","Beast Training","17262","Bite","0","1","4","0","0","0"
"Hunter","261","Beast Training","17263","Bite","0","1","4","0","0","0"
"Hunter","261","Beast Training","17264","Bite","0","1","4","0","0","0"
"Hunter","261","Beast Training","17265","Bite","0","1","4","0","0","0"
"Hunter","261","Beast Training","17266","Bite","0","1","4","0","0","0"
"Hunter","261","Beast Training","17267","Bite","0","1","4","0","0","0"
"Hunter","261","Beast Training","17268","Bite","0","1","4","0","0","0"
"Hunter","261","Beast Training","23100","Dash","0","1","4","0","0","0"
"Hunter","261","Beast Training","23111","Dash","0","1","4","0","0","0"
"Hunter","261","Beast Training","23112","Dash","0","1","4","0","0","0"
"Hunter","261","Beast Training","23146","Dive","0","1","4","0","0","0"
"Hunter","261","Beast Training","23149","Dive","0","1","4","0","0","0"
"Hunter","261","Beast Training","23150","Dive","0","1","4","0","0","0"
"Hunter","261","Beast Training","24424","Screech","0","1","4","0","0","0"
"Hunter","261","Beast Training","24440","Fire Resistance","0","1","4","0","0","0"
"Hunter","261","Beast Training","24441","Fire Resistance","0","1","4","0","0","0"
"Hunter","261","Beast Training","24451","Prowl","0","1","4","0","0","0"
"Hunter","261","Beast Training","24454","Prowl","0","1","4","0","0","0"
"Hunter","261","Beast Training","24455","Prowl","0","1","4","0","0","0"
"Hunter","261","Beast Training","24463","Fire Resistance","0","1","4","0","0","0"
"Hunter","261","Beast Training","24464","Fire Resistance","0","1","4","0","0","0"
"Hunter","261","Beast Training","24475","Frost Resistance","0","1","4","0","0","0"
"Hunter","261","Beast Training","24476","Frost Resistance","0","1","4","0","0","0"
"Hunter","261","Beast Training","24477","Frost Resistance","0","1","4","0","0","0"
"Hunter","261","Beast Training","24478","Frost Resistance","0","1","4","0","0","0"
"Hunter","261","Beast Training","24490","Shadow Resistance","0","1","4","0","0","0"
"Hunter","261","Beast Training","24494","Nature Resistance","0","1","4","0","0","0"
"Hunter","261","Beast Training","24495","Arcane Resistance","0","1","4","0","0","0"
"Hunter","261","Beast Training","24508","Arcane Resistance","0","1","4","0","0","0"
"Hunter","261","Beast Training","24509","Arcane Resistance","0","1","4","0","0","0"
"Hunter","261","Beast Training","24510","Arcane Resistance","0","1","4","0","0","0"
"Hunter","261","Beast Training","24511","Nature Resistance","0","1","4","0","0","0"
"Hunter","261","Beast Training","24512","Nature Resistance","0","1","4","0","0","0"
"Hunter","261","Beast Training","24513","Nature Resistance","0","1","4","0","0","0"
"Hunter","261","Beast Training","24514","Shadow Resistance","0","1","4","0","0","0"
"Hunter","261","Beast Training","24515","Shadow Resistance","0","1","4","0","0","0"
"Hunter","261","Beast Training","24516","Shadow Resistance","0","1","4","0","0","0"
"Hunter","261","Beast Training","24547","Natural Armor","0","1","4","0","0","0"
"Hunter","261","Beast Training","24556","Natural Armor","0","1","4","0","0","0"
"Hunter","261","Beast Training","24557","Natural Armor","0","1","4","0","0","0"
"Hunter","261","Beast Training","24558","Natural Armor","0","1","4","0","0","0"
"Hunter","261","Beast Training","24559","Natural Armor","0","1","4","0","0","0"
"Hunter","261","Beast Training","24560","Natural Armor","0","1","4","0","0","0"
"Hunter","261","Beast Training","24561","Natural Armor","0","1","4","0","0","0"
"Hunter","261","Beast Training","24562","Natural Armor","0","1","4","0","0","0"
"Hunter","261","Beast Training","24580","Screech","0","1","4","0","0","0"
"Hunter","261","Beast Training","24581","Screech","0","1","4","0","0","0"
"Hunter","261","Beast Training","24582","Screech","0","1","4","0","0","0"
"Hunter","261","Beast Training","24584","Scorpid Poison","0","1","4","0","0","0"
"Hunter","261","Beast Training","24588","Scorpid Poison","0","1","4","0","0","0"
"Hunter","261","Beast Training","24589","Scorpid Poison","0","1","4","0","0","0"
"Hunter","261","Beast Training","24599","Furious Howl","0","1","4","0","0","0"
"Hunter","261","Beast Training","24607","Furious Howl","0","1","0","0","0","0"
"Hunter","261","Beast Training","24608","Furious Howl","0","1","0","0","0","0"
"Hunter","261","Beast Training","24609","Furious Howl","0","1","0","0","0","0"
"Hunter","261","Beast Training","24631","Natural Armor","0","1","4","0","0","0"
"Hunter","261","Beast Training","24632","Natural Armor","0","1","4","0","0","0"
"Hunter","261","Beast Training","24641","Scorpid Poison","0","1","4","0","0","0"
"Hunter","261","Beast Training","24845","Lightning Breath","0","1","4","0","0","0"
"Hunter","261","Beast Training","25013","Lightning Breath","0","1","4","0","0","0"
"Hunter","261","Beast Training","25014","Lightning Breath","0","1","4","0","0","0"
"Hunter","261","Beast Training","25015","Lightning Breath","0","1","4","0","0","0"
"Hunter","261","Beast Training","25016","Lightning Breath","0","1","4","0","0","0"
"Hunter","261","Beast Training","25017","Lightning Breath","0","1","4","0","0","0"
"Hunter","261","Beast Training","25077","Cobra Reflexes","0","1","4","0","0","0"
"Hunter","261","Beast Training","26065","Shell Shield","0","1","4","0","0","0"
"Hunter","261","Beast Training","26094","Thunderstomp","0","1","4","0","0","0"
"Hunter","261","Beast Training","26184","Charge","0","1","4","0","0","0"
"Hunter","261","Beast Training","26185","Charge","0","1","4","0","0","0"
"Hunter","261","Beast Training","26186","Charge","0","1","4","0","0","0"
"Hunter","261","Beast Training","26189","Thunderstomp","0","1","4","0","0","0"
"Hunter","261","Beast Training","26190","Thunderstomp","0","1","4","0","0","0"
"Hunter","261","Beast Training","26202","Charge","0","1","4","0","0","0"
"Hunter","261","Beast Training","27344","Growl","0","1","4","0","0","0"
"Hunter","261","Beast Training","27346","Cower","0","1","4","0","0","0"
"Hunter","261","Beast Training","27347","Claw","0","1","4","0","0","0"
"Hunter","261","Beast Training","27348","Bite","0","1","4","0","0","0"
"Hunter","261","Beast Training","27349","Screech","0","1","4","0","0","0"
"Hunter","261","Beast Training","27350","Arcane Resistance","0","1","4","0","0","0"
"Hunter","261","Beast Training","27351","Fire Resistance","0","1","4","0","0","0"
"Hunter","261","Beast Training","27352","Frost Resistance","0","1","4","0","0","0"
"Hunter","261","Beast Training","27353","Shadow Resistance","0","1","4","0","0","0"
"Hunter","261","Beast Training","27354","Nature Resistance","0","1","4","0","0","0"
"Hunter","261","Beast Training","27361","Scorpid Poison","0","1","4","0","0","0"
"Hunter","261","Beast Training","27362","Natural Armor","0","1","4","0","0","0"
"Hunter","261","Beast Training","27364","Great Stamina","0","1","4","0","0","0"
"Hunter","261","Beast Training","27366","Thunderstomp","0","1","4","0","0","0"
"Hunter","261","Beast Training","28343","Charge","0","1","4","0","0","0"
"Hunter","261","Beast Training","34890","Fire Breath","0","1","4","0","0","0"
"Hunter","261","Beast Training","35299","Gore","0","1","4","0","0","0"
"Hunter","261","Beast Training","35300","Gore","0","1","4","0","0","0"
"Hunter","261","Beast Training","35302","Gore","0","1","4","0","0","0"
"Hunter","261","Beast Training","35303","Gore","0","1","4","0","0","0"
"Hunter","261","Beast Training","35304","Gore","0","1","4","0","0","0"
"Hunter","261","Beast Training","35305","Gore","0","1","4","0","0","0"
"Hunter","261","Beast Training","35306","Gore","0","1","4","0","0","0"
"Hunter","261","Beast Training","35307","Gore","0","1","4","0","0","0"
"Hunter","261","Beast Training","35308","Gore","0","1","4","0","0","0"
"Hunter","261","Beast Training","35324","Fire Breath","0","1","4","0","0","0"
"Hunter","261","Beast Training","35348","Warp","0","1","4","0","0","0"
"Hunter","261","Beast Training","35388","Poison Spit","0","1","4","0","0","0"
"Hunter","261","Beast Training","35390","Poison Spit","0","1","4","0","0","0"
"Hunter","261","Beast Training","35391","Poison Spit","0","1","4","0","0","0"
"Hunter","261","Beast Training","35699","Avoidance","0","1","4","0","0","0"
"Hunter","261","Beast Training","35700","Avoidance","0","1","4","0","0","0"
"Hunter","653","Pet - Bat","17206","Tamed Pet Passive (DND)","2","1","0","0","0","0"
"Hunter","653","Pet - Bat","17253","Bite","0","1","0","0","0","0"
"Hunter","653","Pet - Bat","17255","Bite","0","1","0","0","17253","0"
"Hunter","653","Pet - Bat","17256","Bite","0","1","0","0","17255","0"
"Hunter","653","Pet - Bat","17257","Bite","0","1","0","0","17256","0"
"Hunter","653","Pet - Bat","17258","Bite","0","1","0","0","17257","0"
"Hunter","653","Pet - Bat","17259","Bite","0","1","0","0","17258","0"
"Hunter","653","Pet - Bat","17260","Bite","0","1","0","0","17259","0"
"Hunter","653","Pet - Bat","17261","Bite","0","1","0","0","17260","0"
"Hunter","653","Pet - Bat","23145","Dive","0","1","0","0","0","0"
"Hunter","653","Pet - Bat","23147","Dive","0","1","0","0","23145","0"
"Hunter","653","Pet - Bat","23148","Dive","0","1","0","0","23147","0"
"Hunter","653","Pet - Bat","24423","Screech","0","1","0","0","0","0"
"Hunter","653","Pet - Bat","24577","Screech","0","1","0","0","24423","0"
"Hunter","653","Pet - Bat","24578","Screech","0","1","0","0","24577","0"
"Hunter","653","Pet - Bat","24579","Screech","0","1","0","0","24578","0"
"Hunter","653","Pet - Bat","27050","Bite","0","1","0","0","17261","0"
"Hunter","653","Pet - Bat","27051","Screech","0","1","0","0","24579","0"
"Hunter","654","Pet - Hyena","17215","Tamed Pet Passive (DND)","2","1","0","0","0","0"
"Hunter","654","Pet - Hyena","17253","Bite","0","1","0","0","0","0"
"Hunter","654","Pet - Hyena","17255","Bite","0","1","0","0","17253","0"
"Hunter","654","Pet - Hyena","17256","Bite","0","1","0","0","17255","0"
"Hunter","654","Pet - Hyena","17257","Bite","0","1","0","0","17256","0"
"Hunter","654","Pet - Hyena","17258","Bite","0","1","0","0","17257","0"
"Hunter","654","Pet - Hyena","17259","Bite","0","1","0","0","17258","0"
"Hunter","654","Pet - Hyena","17260","Bite","0","1","0","0","17259","0"
"Hunter","654","Pet - Hyena","17261","Bite","0","1","0","0","17260","0"
"Hunter","654","Pet - Hyena","23099","Dash","0","1","0","0","0","0"
"Hunter","654","Pet - Hyena","23109","Dash","0","1","0","0","23099","0"
"Hunter","654","Pet - Hyena","23110","Dash","0","1","0","0","23109","0"
"Hunter","654","Pet - Hyena","27050","Bite","0","1","0","0","17261","0"
"Hunter","655","Pet - Owl","3009","Claw","0","1","0","0","3010","0"
"Hunter","655","Pet - Owl","3010","Claw","0","1","0","0","16832","0"
"Hunter","655","Pet - Owl","16827","Claw","0","1","0","0","0","0"
"Hunter","655","Pet - Owl","16828","Claw","0","1","0","0","16827","0"
"Hunter","655","Pet - Owl","16829","Claw","0","1","0","0","16828","0"
"Hunter","655","Pet - Owl","16830","Claw","0","1","0","0","16829","0"
"Hunter","655","Pet - Owl","16831","Claw","0","1","0","0","16830","0"
"Hunter","655","Pet - Owl","16832","Claw","0","1","0","0","16831","0"
"Hunter","655","Pet - Owl","17216","Tamed Pet Passive (DND)","2","1","0","0","0","0"
"Hunter","655","Pet - Owl","23145","Dive","0","1","0","0","0","0"
"Hunter","655","Pet - Owl","23147","Dive","0","1","0","0","23145","0"
"Hunter","655","Pet - Owl","23148","Dive","0","1","0","0","23147","0"
"Hunter","655","Pet - Owl","24423","Screech","0","1","0","0","0","0"
"Hunter","655","Pet - Owl","24577","Screech","0","1","0","0","24423","0"
"Hunter","655","Pet - Owl","24578","Screech","0","1","0","0","24577","0"
"Hunter","655","Pet - Owl","24579","Screech","0","1","0","0","24578","0"
"Hunter","655","Pet - Owl","27049","Claw","0","1","0","0","3009","0"
"Hunter","655","Pet - Owl","27051","Screech","0","1","0","0","24579","0"
"Hunter","656","Pet - Wind Serpent","17222","Tamed Pet Passive (DND)","2","1","0","0","0","0"
"Hunter","656","Pet - Wind Serpent","17253","Bite","0","1","0","0","0","0"
"Hunter","656","Pet - Wind Serpent","17255","Bite","0","1","0","0","17253","0"
"Hunter","656","Pet - Wind Serpent","17256","Bite","0","1","0","0","17255","0"
"Hunter","656","Pet - Wind Serpent","17257","Bite","0","1","0","0","17256","0"
"Hunter","656","Pet - Wind Serpent","17258","Bite","0","1","0","0","17257","0"
"Hunter","656","Pet - Wind Serpent","17259","Bite","0","1","0","0","17258","0"
"Hunter","656","Pet - Wind Serpent","17260","Bite","0","1","0","0","17259","0"
"Hunter","656","Pet - Wind Serpent","17261","Bite","0","1","0","0","17260","0"
"Hunter","656","Pet - Wind Serpent","23145","Dive","0","1","0","0","0","0"
"Hunter","656","Pet - Wind Serpent","23147","Dive","0","1","0","0","23145","0"
"Hunter","656","Pet - Wind Serpent","23148","Dive","0","1","0","0","23147","0"
"Hunter","656","Pet - Wind Serpent","24844","Lightning Breath","0","1","0","0","0","0"
"Hunter","656","Pet - Wind Serpent","25008","Lightning Breath","0","1","0","0","24844","0"
"Hunter","656","Pet - Wind Serpent","25009","Lightning Breath","0","1","0","0","25008","0"
"Hunter","656","Pet - Wind Serpent","25010","Lightning Breath","0","1","0","0","25009","0"
"Hunter","656","Pet - Wind Serpent","25011","Lightning Breath","0","1","0","0","25010","0"
"Hunter","656","Pet - Wind Serpent","25012","Lightning Breath","0","1","0","0","25011","0"
"Hunter","656","Pet - Wind Serpent","27050","Bite","0","1","0","0","17261","0"
"Hunter","763","Pet - Dragonhawk","17253","Bite","0","1","0","0","0","0"
"Hunter","763","Pet - Dragonhawk","17255","Bite","0","1","0","0","17253","0"
"Hunter","763","Pet - Dragonhawk","17256","Bite","0","1","0","0","17255","0"
"Hunter","763","Pet - Dragonhawk","17257","Bite","0","1","0","0","17256","0"
"Hunter","763","Pet - Dragonhawk","17258","Bite","0","1","0","0","17257","0"
"Hunter","763","Pet - Dragonhawk","17259","Bite","0","1","0","0","17258","0"
"Hunter","763","Pet - Dragonhawk","17260","Bite","0","1","0","0","17259","0"
"Hunter","763","Pet - Dragonhawk","17261","Bite","0","1","0","0","17260","0"
"Hunter","763","Pet - Dragonhawk","23145","Dive","0","1","0","0","0","0"
"Hunter","763","Pet - Dragonhawk","23147","Dive","0","1","0","0","23145","0"
"Hunter","763","Pet - Dragonhawk","23148","Dive","0","1","0","0","23147","0"
"Hunter","763","Pet - Dragonhawk","27050","Bite","0","1","0","0","17261","0"
"Hunter","763","Pet - Dragonhawk","34887","Tamed Pet Passive (DND)","2","1","0","0","0","0"
"Hunter","763","Pet - Dragonhawk","34889","Fire Breath","0","1","0","0","0","0"
"Hunter","763","Pet - Dragonhawk","35323","Fire Breath","0","1","0","0","34889","0"
"Hunter","764","Pet - Nether Ray","17253","Bite","0","1","0","0","0","0"
"Hunter","764","Pet - Nether Ray","17255","Bite","0","1","0","0","17253","0"
"Hunter","764","Pet - Nether Ray","17256","Bite","0","1","0","0","17255","0"
"Hunter","764","Pet - Nether Ray","17257","Bite","0","1","0","0","17256","0"
"Hunter","764","Pet - Nether Ray","17258","Bite","0","1","0","0","17257","0"
"Hunter","764","Pet - Nether Ray","17259","Bite","0","1","0","0","17258","0"
"Hunter","764","Pet - Nether Ray","17260","Bite","0","1","0","0","17259","0"
"Hunter","764","Pet - Nether Ray","17261","Bite","0","1","0","0","17260","0"
"Hunter","764","Pet - Nether Ray","23145","Dive","0","1","0","0","0","0"
"Hunter","764","Pet - Nether Ray","23147","Dive","0","1","0","0","23145","0"
"Hunter","764","Pet - Nether Ray","23148","Dive","0","1","0","0","23147","0"
"Hunter","764","Pet - Nether Ray","27050","Bite","0","1","0","0","17261","0"
"Hunter","764","Pet - Nether Ray","35253","Tamed Pet Passive (DND)","2","1","0","0","0","0"
"Hunter","765","Pet - Sporebat","35258","Tamed Pet Passive (DND)","2","1","0","0","0","0"
"Hunter","766","Pet - Warp Stalker","3009","Claw","0","1","0","0","3010","0"
"Hunter","766","Pet - Warp Stalker","3010","Claw","0","1","0","0","16832","0"
"Hunter","766","Pet - Warp Stalker","16827","Claw","0","1","0","0","0","0"
"Hunter","766","Pet - Warp Stalker","16828","Claw","0","1","0","0","16827","0"
"Hunter","766","Pet - Warp Stalker","16829","Claw","0","1","0","0","16828","0"
"Hunter","766","Pet - Warp Stalker","16830","Claw","0","1","0","0","16829","0"
"Hunter","766","Pet - Warp Stalker","16831","Claw","0","1","0","0","16830","0"
"Hunter","766","Pet - Warp Stalker","16832","Claw","0","1","0","0","16831","0"
"Hunter","766","Pet - Warp Stalker","17253","Bite","0","1","0","0","0","0"
"Hunter","766","Pet - Warp Stalker","17255","Bite","0","1","0","0","17253","0"
"Hunter","766","Pet - Warp Stalker","17256","Bite","0","1","0","0","17255","0"
"Hunter","766","Pet - Warp Stalker","17257","Bite","0","1","0","0","17256","0"
"Hunter","766","Pet - Warp Stalker","17258","Bite","0","1","0","0","17257","0"
"Hunter","766","Pet - Warp Stalker","17259","Bite","0","1","0","0","17258","0"
"Hunter","766","Pet - Warp Stalker","17260","Bite","0","1","0","0","17259","0"
"Hunter","766","Pet - Warp Stalker","17261","Bite","0","1","0","0","17260","0"
"Hunter","766","Pet - Warp Stalker","27049","Claw","0","1","0","0","3009","0"
"Hunter","766","Pet - Warp Stalker","27050","Bite","0","1","0","0","17261","0"
"Hunter","766","Pet - Warp Stalker","35254","Tamed Pet Passive (DND)","2","1","0","0","0","0"
"Hunter","766","Pet - Warp Stalker","35346","Warp","0","1","0","0","0","0"
"Hunter","768","Pet - Serpent","17253","Bite","0","1","0","0","0","0"
"Hunter","768","Pet - Serpent","17255","Bite","0","1","0","0","17253","0"
"Hunter","768","Pet - Serpent","17256","Bite","0","1","0","0","17255","0"
"Hunter","768","Pet - Serpent","17257","Bite","0","1","0","0","17256","0"
"Hunter","768","Pet - Serpent","17258","Bite","0","1","0","0","17257","0"
"Hunter","768","Pet - Serpent","17259","Bite","0","1","0","0","17258","0"
"Hunter","768","Pet - Serpent","17260","Bite","0","1","0","0","17259","0"
"Hunter","768","Pet - Serpent","17261","Bite","0","1","0","0","17260","0"
"Hunter","768","Pet - Serpent","27050","Bite","0","1","0","0","17261","0"
"Hunter","768","Pet - Serpent","35386","Tamed Pet Passive (DND)","2","1","0","0","0","0"
"Hunter","768","Pet - Serpent","35387","Poison Spit","0","1","0","0","0","0"
"Hunter","768","Pet - Serpent","35389","Poison Spit","0","1","0","0","35387","0"
"Hunter","768","Pet - Serpent","35392","Poison Spit","0","1","0","0","35389","0"
"Mage","6","Frost","10","Blizzard","0","1","128","0","0","0"
"Mage","6","Frost","116","Frostbolt","0","1","128","0","0","0"
"Mage","6","Frost","120","Cone of Cold","0","1","128","0","0","0"
"Mage","6","Frost","122","Frost Nova","0","1","128","0","0","0"
"Mage","6","Frost","168","Frost Armor","2","1","128","0","0","0"
"Mage","6","Frost","205","Frostbolt","0","1","128","0","0","0"
"Mage","6","Frost","837","Frostbolt","0","1","128","0","0","0"
"Mage","6","Frost","865","Frost Nova","0","1","128","0","0","0"
"Mage","6","Frost","6131","Frost Nova","0","1","128","0","0","0"
"Mage","6","Frost","6141","Blizzard","0","1","128","0","0","0"
"Mage","6","Frost","6143","Frost Ward","0","1","128","0","0","0"
"Mage","6","Frost","7300","Frost Armor","0","1","128","0","0","0"
"Mage","6","Frost","7301","Frost Armor","0","1","128","0","0","0"
"Mage","6","Frost","7302","Ice Armor","0","1","128","0","0","0"
"Mage","6","Frost","7320","Ice Armor","0","1","128","0","0","0"
"Mage","6","Frost","7322","Frostbolt","0","1","128","0","0","0"
"Mage","6","Frost","8406","Frostbolt","0","1","128","0","0","0"
"Mage","6","Frost","8407","Frostbolt","0","1","128","0","0","0"
"Mage","6","Frost","8408","Frostbolt","0","1","128","0","0","0"
"Mage","6","Frost","8427","Blizzard","0","1","128","0","0","0"
"Mage","6","Frost","8461","Frost Ward","0","1","128","0","0","0"
"Mage","6","Frost","8462","Frost Ward","0","1","128","0","0","0"
"Mage","6","Frost","8492","Cone of Cold","0","1","128","0","0","0"
"Mage","6","Frost","10159","Cone of Cold","0","1","128","0","0","0"
"Mage","6","Frost","10160","Cone of Cold","0","1","128","0","0","0"
"Mage","6","Frost","10161","Cone of Cold","0","1","128","0","0","0"
"Mage","6","Frost","10177","Frost Ward","0","1","128","0","0","0"
"Mage","6","Frost","10179","Frostbolt","0","1","128","0","0","0"
"Mage","6","Frost","10180","Frostbolt","0","1","128","0","0","0"
"Mage","6","Frost","10181","Frostbolt","0","1","128","0","0","0"
"Mage","6","Frost","10185","Blizzard","0","1","128","0","0","0"
"Mage","6","Frost","10186","Blizzard","0","1","128","0","0","0"
"Mage","6","Frost","10187","Blizzard","0","1","128","0","0","0"
"Mage","6","Frost","10219","Ice Armor","0","1","128","0","0","0"
"Mage","6","Frost","10220","Ice Armor","0","1","128","0","0","0"
"Mage","6","Frost","10230","Frost Nova","0","1","128","0","0","0"
"Mage","6","Frost","11070","Improved Frostbolt","0","1","128","0","0","0"
"Mage","6","Frost","11071","Frostbite","0","1","128","0","0","0"
"Mage","6","Frost","11151","Piercing Ice","0","1","128","0","0","0"
"Mage","6","Frost","11160","Frost Channeling","0","1","128","0","0","0"
"Mage","6","Frost","11165","Improved Frost Nova","0","1","128","0","0","0"
"Mage","6","Frost","11170","Shatter","0","1","128","0","0","0"
"Mage","6","Frost","11175","Permafrost","0","1","128","0","0","0"
"Mage","6","Frost","11180","Winter's Chill","0","1","128","0","0","0"
"Mage","6","Frost","11185","Improved Blizzard","0","1","128","0","0","0"
"Mage","6","Frost","11189","Frost Warding","0","1","128","0","0","0"
"Mage","6","Frost","11190","Improved Cone of Cold","0","1","128","0","0","0"
"Mage","6","Frost","11207","Ice Shards","0","1","128","0","0","0"
"Mage","6","Frost","11426","Ice Barrier","0","1","128","0","0","0"
"Mage","6","Frost","11958","Cold Snap","0","1","128","0","0","0"
"Mage","6","Frost","12472","Icy Veins","0","1","128","0","0","0"
"Mage","6","Frost","12473","Improved Frostbolt","0","1","128","0","0","0"
"Mage","6","Frost","12475","Improved Frost Nova","0","1","128","0","0","0"
"Mage","6","Frost","12484","Chilled","0","1","128","0","0","0"
"Mage","6","Frost","12485","Chilled","0","1","128","0","0","0"
"Mage","6","Frost","12486","Chilled","0","1","128","0","0","0"
"Mage","6","Frost","12487","Improved Blizzard","0","1","128","0","0","0"
"Mage","6","Frost","12488","Improved Blizzard","0","1","128","0","0","0"
"Mage","6","Frost","12489","Improved Cone of Cold","0","1","128","0","0","0"
"Mage","6","Frost","12490","Improved Cone of Cold","0","1","128","0","0","0"
"Mage","6","Frost","12494","Frostbite","0","1","128","0","0","0"
"Mage","6","Frost","12496","Frostbite","0","1","128","0","0","0"
"Mage","6","Frost","12497","Frostbite","0","1","128","0","0","0"
"Mage","6","Frost","12518","Frost Channeling","0","1","128","0","0","0"
"Mage","6","Frost","12519","Frost Channeling","0","1","128","0","0","0"
"Mage","6","Frost","12569","Permafrost","0","1","128","0","0","0"
"Mage","6","Frost","12571","Permafrost","0","1","128","0","0","0"
"Mage","6","Frost","12672","Ice Shards","0","1","128","0","0","0"
"Mage","6","Frost","12952","Piercing Ice","0","1","128","0","0","0"
"Mage","6","Frost","12953","Piercing Ice","0","1","128","0","0","0"
"Mage","6","Frost","12982","Shatter","0","1","128","0","0","0"
"Mage","6","Frost","12983","Shatter","0","1","128","0","0","0"
"Mage","6","Frost","12984","Shatter","0","1","128","0","0","0"
"Mage","6","Frost","12985","Shatter","0","1","128","0","0","0"
"Mage","6","Frost","13031","Ice Barrier","0","1","128","0","0","0"
"Mage","6","Frost","13032","Ice Barrier","0","1","128","0","0","0"
"Mage","6","Frost","13033","Ice Barrier","0","1","128","0","0","0"
"Mage","6","Frost","15047","Ice Shards","0","1","0","0","0","0"
"Mage","6","Frost","15052","Ice Shards","0","1","0","0","0","0"
"Mage","6","Frost","15053","Ice Shards","0","1","0","0","0","0"
"Mage","6","Frost","16757","Arctic Reach","0","1","0","0","0","0"
"Mage","6","Frost","16758","Arctic Reach","0","1","0","0","0","0"
"Mage","6","Frost","16763","Improved Frostbolt","0","1","0","0","0","0"
"Mage","6","Frost","16765","Improved Frostbolt","0","1","0","0","0","0"
"Mage","6","Frost","16766","Improved Frostbolt","0","1","0","0","0","0"
"Mage","6","Frost","25304","Frostbolt","0","1","128","0","0","0"
"Mage","6","Frost","27071","Frostbolt","0","1","128","0","0","0"
"Mage","6","Frost","27072","Frostbolt","0","1","128","0","0","0"
"Mage","6","Frost","27085","Blizzard","0","1","128","0","0","0"
"Mage","6","Frost","27087","Cone of Cold","0","1","128","0","0","0"
"Mage","6","Frost","27088","Frost Nova","0","1","128","0","0","0"
"Mage","6","Frost","27124","Ice Armor","0","1","128","0","0","0"
"Mage","6","Frost","27134","Ice Barrier","0","1","128","0","0","0"
"Mage","6","Frost","28332","Frost Warding","0","1","128","0","0","0"
"Mage","6","Frost","28592","Winter's Chill","0","1","128","0","0","0"
"Mage","6","Frost","28593","Winter's Chill","0","1","128","0","0","0"
"Mage","6","Frost","28594","Winter's Chill","0","1","128","0","0","0"
"Mage","6","Frost","28595","Winter's Chill","0","1","128","0","0","0"
"Mage","6","Frost","28609","Frost Ward","0","1","128","0","0","0"
"Mage","6","Frost","29438","Elemental Precision","0","1","128","0","0","0"
"Mage","6","Frost","29439","Elemental Precision","0","1","128","0","0","0"
"Mage","6","Frost","29440","Elemental Precision","0","1","128","0","0","0"
"Mage","6","Frost","30455","Ice Lance","0","1","0","0","0","0"
"Mage","6","Frost","31667","Frozen Core","0","1","128","0","0","0"
"Mage","6","Frost","31668","Frozen Core","0","1","128","0","0","0"
"Mage","6","Frost","31669","Frozen Core","0","1","128","0","0","0"
"Mage","6","Frost","31670","Ice Floes","0","1","128","0","0","0"
"Mage","6","Frost","31672","Ice Floes","0","1","128","0","0","0"
"Mage","6","Frost","31674","Arctic Winds","0","1","128","0","0","0"
"Mage","6","Frost","31675","Arctic Winds","0","1","128","0","0","0"
"Mage","6","Frost","31676","Arctic Winds","0","1","128","0","0","0"
"Mage","6","Frost","31677","Arctic Winds","0","1","128","0","0","0"
"Mage","6","Frost","31678","Arctic Winds","0","1","128","0","0","0"
"Mage","6","Frost","31682","Empowered Frostbolt","0","1","128","0","0","0"
"Mage","6","Frost","31683","Empowered Frostbolt","0","1","128","0","0","0"
"Mage","6","Frost","31684","Empowered Frostbolt","0","1","128","0","0","0"
"Mage","6","Frost","31685","Empowered Frostbolt","0","1","128","0","0","0"
"Mage","6","Frost","31686","Empowered Frostbolt","0","1","128","0","0","0"
"Mage","6","Frost","31687","Summon Water Elemental","0","1","128","0","0","0"
"Mage","6","Frost","32796","Frost Ward","0","1","128","0","0","0"
"Mage","6","Frost","33405","Ice Barrier","0","1","128","0","0","0"
"Mage","6","Frost","38697","Frostbolt","0","1","128","0","0","0"
"Mage","6","Frost","42198","Blizzard","0","1","128","0","0","0"
"Mage","6","Frost","42208","Blizzard","0","1","128","0","0","0"
"Mage","6","Frost","42209","Blizzard","0","1","128","0","0","0"
"Mage","6","Frost","42210","Blizzard","0","1","128","0","0","0"
"Mage","6","Frost","42211","Blizzard","0","1","128","0","0","0"
"Mage","6","Frost","42212","Blizzard","0","1","128","0","0","0"
"Mage","6","Frost","42213","Blizzard","0","1","128","0","0","0"
"Mage","6","Frost","45438","Ice Block","0","1","128","0","0","0"
"Mage","8","Fire","133","Fireball","2","1","128","0","0","0"
"Mage","8","Fire","143","Fireball","0","1","128","0","0","0"
"Mage","8","Fire","145","Fireball","0","1","128","0","0","0"
"Mage","8","Fire","543","Fire Ward","0","1","128","0","0","0"
"Mage","8","Fire","2120","Flamestrike","0","1","128","0","0","0"
"Mage","8","Fire","2121","Flamestrike","0","1","128","0","0","0"
"Mage","8","Fire","2136","Fire Blast","0","1","128","0","0","0"
"Mage","8","Fire","2137","Fire Blast","0","1","128","0","0","0"
"Mage","8","Fire","2138","Fire Blast","0","1","128","0","0","0"
"Mage","8","Fire","2948","Scorch","0","1","128","0","0","0"
"Mage","8","Fire","3140","Fireball","0","1","128","0","0","0"
"Mage","8","Fire","8400","Fireball","0","1","128","0","0","0"
"Mage","8","Fire","8401","Fireball","0","1","128","0","0","0"
"Mage","8","Fire","8402","Fireball","0","1","128","0","0","0"
"Mage","8","Fire","8412","Fire Blast","0","1","128","0","0","0"
"Mage","8","Fire","8413","Fire Blast","0","1","128","0","0","0"
"Mage","8","Fire","8422","Flamestrike","0","1","128","0","0","0"
"Mage","8","Fire","8423","Flamestrike","0","1","128","0","0","0"
"Mage","8","Fire","8444","Scorch","0","1","128","0","0","0"
"Mage","8","Fire","8445","Scorch","0","1","128","0","0","0"
"Mage","8","Fire","8446","Scorch","0","1","128","0","0","0"
"Mage","8","Fire","8457","Fire Ward","0","1","128","0","0","0"
"Mage","8","Fire","8458","Fire Ward","0","1","128","0","0","0"
"Mage","8","Fire","10148","Fireball","0","1","128","0","0","0"
"Mage","8","Fire","10149","Fireball","0","1","128","0","0","0"
"Mage","8","Fire","10150","Fireball","0","1","128","0","0","0"
"Mage","8","Fire","10151","Fireball","0","1","128","0","0","0"
"Mage","8","Fire","10197","Fire Blast","0","1","128","0","0","0"
"Mage","8","Fire","10199","Fire Blast","0","1","128","0","0","0"
"Mage","8","Fire","10205","Scorch","0","1","128","0","0","0"
"Mage","8","Fire","10206","Scorch","0","1","128","0","0","0"
"Mage","8","Fire","10207","Scorch","0","1","128","0","0","0"
"Mage","8","Fire","10215","Flamestrike","0","1","128","0","0","0"
"Mage","8","Fire","10216","Flamestrike","0","1","128","0","0","0"
"Mage","8","Fire","10223","Fire Ward","0","1","128","0","0","0"
"Mage","8","Fire","10225","Fire Ward","0","1","128","0","0","0"
"Mage","8","Fire","11069","Improved Fireball","0","1","128","0","0","0"
"Mage","8","Fire","11078","Improved Fire Blast","0","1","128","0","0","0"
"Mage","8","Fire","11080","Improved Fire Blast","0","1","128","0","0","0"
"Mage","8","Fire","11083","Burning Soul","0","1","128","0","0","0"
"Mage","8","Fire","11094","Molten Shields","0","1","0","0","0","0"
"Mage","8","Fire","11095","Improved Scorch","0","1","128","0","0","0"
"Mage","8","Fire","11100","Flame Throwing","0","1","128","0","0","0"
"Mage","8","Fire","11103","Impact","0","1","128","0","0","0"
"Mage","8","Fire","11108","Improved Flamestrike","0","1","128","0","0","0"
"Mage","8","Fire","11113","Blast Wave","0","1","128","0","0","0"
"Mage","8","Fire","11115","Critical Mass","0","1","128","0","0","0"
"Mage","8","Fire","11119","Ignite","0","1","0","0","0","0"
"Mage","8","Fire","11120","Ignite","0","1","0","0","0","0"
"Mage","8","Fire","11124","Fire Power","0","1","128","0","0","0"
"Mage","8","Fire","11129","Combustion","0","1","128","0","0","0"
"Mage","8","Fire","11366","Pyroblast","0","1","128","0","0","0"
"Mage","8","Fire","11367","Critical Mass","0","1","128","0","0","0"
"Mage","8","Fire","11368","Critical Mass","0","1","128","0","0","0"
"Mage","8","Fire","12338","Improved Fireball","0","1","128","0","0","0"
"Mage","8","Fire","12339","Improved Fireball","0","1","128","0","0","0"
"Mage","8","Fire","12340","Improved Fireball","0","1","128","0","0","0"
"Mage","8","Fire","12341","Improved Fireball","0","1","128","0","0","0"
"Mage","8","Fire","12342","Improved Fire Blast","0","1","128","0","0","0"
"Mage","8","Fire","12349","Improved Flamestrike","0","1","128","0","0","0"
"Mage","8","Fire","12350","Improved Flamestrike","0","1","128","0","0","0"
"Mage","8","Fire","12351","Burning Soul","0","1","128","0","0","0"
"Mage","8","Fire","12353","Flame Throwing","0","1","128","0","0","0"
"Mage","8","Fire","12355","Impact","0","1","128","0","0","0"
"Mage","8","Fire","12357","Impact","0","1","128","0","0","0"
"Mage","8","Fire","12358","Impact","0","1","128","0","0","0"
"Mage","8","Fire","12359","Impact","0","1","128","0","0","0"
"Mage","8","Fire","12360","Impact","0","1","128","0","0","0"
"Mage","8","Fire","12378","Fire Power","0","1","128","0","0","0"
"Mage","8","Fire","12398","Fire Power","0","1","128","0","0","0"
"Mage","8","Fire","12399","Fire Power","0","1","128","0","0","0"
"Mage","8","Fire","12400","Fire Power","0","1","128","0","0","0"
"Mage","8","Fire","12505","Pyroblast","0","1","128","0","0","0"
"Mage","8","Fire","12522","Pyroblast","0","1","128","0","0","0"
"Mage","8","Fire","12523","Pyroblast","0","1","128","0","0","0"
"Mage","8","Fire","12524","Pyroblast","0","1","128","0","0","0"
"Mage","8","Fire","12525","Pyroblast","0","1","128","0","0","0"
"Mage","8","Fire","12526","Pyroblast","0","1","128","0","0","0"
"Mage","8","Fire","12654","Ignite","0","1","0","0","0","0"
"Mage","8","Fire","12846","Ignite","0","1","0","0","0","0"
"Mage","8","Fire","12847","Ignite","0","1","0","0","0","0"
"Mage","8","Fire","12848","Ignite","0","1","0","0","0","0"
"Mage","8","Fire","12872","Improved Scorch","0","1","128","0","0","0"
"Mage","8","Fire","12873","Improved Scorch","0","1","128","0","0","0"
"Mage","8","Fire","13018","Blast Wave","0","1","128","0","0","0"
"Mage","8","Fire","13019","Blast Wave","0","1","128","0","0","0"
"Mage","8","Fire","13020","Blast Wave","0","1","128","0","0","0"
"Mage","8","Fire","13021","Blast Wave","0","1","128","0","0","0"
"Mage","8","Fire","13043","Molten Shields","0","1","0","0","0","0"
"Mage","8","Fire","18459","Incineration","0","1","0","0","0","0"
"Mage","8","Fire","18460","Incineration","0","1","0","0","0","0"
"Mage","8","Fire","18809","Pyroblast","0","1","128","0","0","0"
"Mage","8","Fire","22959","Fire Vulnerability","0","1","128","0","0","0"
"Mage","8","Fire","24530","Felfire","0","1","0","0","0","0"
"Mage","8","Fire","25306","Fireball","0","1","128","0","0","0"
"Mage","8","Fire","27070","Fireball","0","1","128","0","0","0"
"Mage","8","Fire","27073","Scorch","0","1","128","0","0","0"
"Mage","8","Fire","27074","Scorch","0","1","128","0","0","0"
"Mage","8","Fire","27078","Fire Blast","0","1","128","0","0","0"
"Mage","8","Fire","27079","Fire Blast","0","1","128","0","0","0"
"Mage","8","Fire","27086","Flamestrike","0","1","128","0","0","0"
"Mage","8","Fire","27128","Fire Ward","0","1","128","0","0","0"
"Mage","8","Fire","27132","Pyroblast","0","1","128","0","0","0"
"Mage","8","Fire","27133","Blast Wave","0","1","128","0","0","0"
"Mage","8","Fire","29074","Master of Elements","0","1","128","0","0","0"
"Mage","8","Fire","29075","Master of Elements","0","1","128","0","0","0"
"Mage","8","Fire","29076","Master of Elements","0","1","128","0","0","0"
"Mage","8","Fire","29077","Master of Elements","0","1","128","0","0","0"
"Mage","8","Fire","30482","Molten Armor","0","1","128","0","0","0"
"Mage","8","Fire","31638","Playing with Fire","0","1","128","0","0","0"
"Mage","8","Fire","31639","Playing with Fire","0","1","128","0","0","0"
"Mage","8","Fire","31640","Playing with Fire","0","1","128","0","0","0"
"Mage","8","Fire","31641","Blazing Speed","0","1","128","0","0","0"
"Mage","8","Fire","31642","Blazing Speed","0","1","128","0","0","0"
"Mage","8","Fire","31643","Blazing Speed","0","1","128","0","0","0"
"Mage","8","Fire","31656","Empowered Fireball","0","1","128","0","0","0"
"Mage","8","Fire","31657","Empowered Fireball","0","1","128","0","0","0"
"Mage","8","Fire","31658","Empowered Fireball","0","1","128","0","0","0"
"Mage","8","Fire","31659","Empowered Fireball","0","1","128","0","0","0"
"Mage","8","Fire","31660","Empowered Fireball","0","1","128","0","0","0"
"Mage","8","Fire","31661","Dragon's Breath","0","1","128","0","0","0"
"Mage","8","Fire","31679","Molten Fury","0","1","128","0","0","0"
"Mage","8","Fire","31680","Molten Fury","0","1","128","0","0","0"
"Mage","8","Fire","33041","Dragon's Breath","0","1","128","0","0","0"
"Mage","8","Fire","33042","Dragon's Breath","0","1","128","0","0","0"
"Mage","8","Fire","33043","Dragon's Breath","0","1","128","0","0","0"
"Mage","8","Fire","33933","Blast Wave","0","1","128","0","0","0"
"Mage","8","Fire","33938","Pyroblast","0","1","128","0","0","0"
"Mage","8","Fire","34293","Pyromaniac","0","1","128","0","0","0"
"Mage","8","Fire","34295","Pyromaniac","0","1","128","0","0","0"
"Mage","8","Fire","34296","Pyromaniac","0","1","128","0","0","0"
"Mage","8","Fire","38692","Fireball","0","1","128","0","0","0"
"Mage","237","Arcane","66","Invisibility","0","1","0","0","0","0"
"Mage","237","Arcane","118","Polymorph","0","1","128","0","0","0"
"Mage","237","Arcane","130","Slow Fall","0","1","128","0","0","0"
"Mage","237","Arcane","475","Remove Lesser Curse","0","1","128","0","0","0"
"Mage","237","Arcane","587","Conjure Food","0","1","128","0","0","0"
"Mage","237","Arcane","597","Conjure Food","0","1","128","0","0","0"
"Mage","237","Arcane","604","Dampen Magic","0","1","128","0","0","0"
"Mage","237","Arcane","759","Conjure Mana Agate","0","1","128","0","0","0"
"Mage","237","Arcane","990","Conjure Food","0","1","128","0","0","0"
"Mage","237","Arcane","1008","Amplify Magic","0","1","128","0","0","0"
"Mage","237","Arcane","1449","Arcane Explosion","0","1","128","0","0","0"
"Mage","237","Arcane","1459","Arcane Intellect","0","1","128","0","0","0"
"Mage","237","Arcane","1460","Arcane Intellect","0","1","128","0","0","0"
"Mage","237","Arcane","1461","Arcane Intellect","0","1","128","0","0","0"
"Mage","237","Arcane","1463","Mana Shield","0","1","128","0","0","0"
"Mage","237","Arcane","1953","Blink","0","1","128","0","0","0"
"Mage","237","Arcane","2139","Counterspell","0","1","128","0","0","0"
"Mage","237","Arcane","3552","Conjure Mana Jade","0","1","128","0","0","0"
"Mage","237","Arcane","3561","Teleport: Stormwind","0","1","128","1101","0","0"
"Mage","237","Arcane","3562","Teleport: Ironforge","0","1","128","1101","0","0"
"Mage","237","Arcane","3563","Teleport: Undercity","0","1","128","690","0","0"
"Mage","237","Arcane","3565","Teleport: Darnassus","0","1","128","1101","0","0"
"Mage","237","Arcane","3566","Teleport: Thunder Bluff","0","1","128","690","0","0"
"Mage","237","Arcane","3567","Teleport: Orgrimmar","0","1","128","690","0","0"
"Mage","237","Arcane","5143","Arcane Missiles","0","1","128","0","0","0"
"Mage","237","Arcane","5144","Arcane Missiles","0","1","128","0","0","0"
"Mage","237","Arcane","5145","Arcane Missiles","0","1","128","0","0","0"
"Mage","237","Arcane","5504","Conjure Water","0","1","128","0","0","0"
"Mage","237","Arcane","5505","Conjure Water","0","1","128","0","0","0"
"Mage","237","Arcane","5506","Conjure Water","0","1","128","0","0","0"
"Mage","237","Arcane","6057","Wand Specialization","0","1","0","0","0","0"
"Mage","237","Arcane","6085","Wand Specialization","0","1","0","0","0","0"
"Mage","237","Arcane","6117","Mage Armor","0","1","128","0","0","0"
"Mage","237","Arcane","6127","Conjure Water","0","1","128","0","0","0"
"Mage","237","Arcane","6129","Conjure Food","0","1","128","0","0","0"
"Mage","237","Arcane","7268","Arcane Missile","0","1","0","0","0","0"
"Mage","237","Arcane","7269","Arcane Missiles","0","1","0","0","0","0"
"Mage","237","Arcane","7270","Arcane Missiles","0","1","0","0","0","0"
"Mage","237","Arcane","8416","Arcane Missiles","0","1","128","0","0","0"
"Mage","237","Arcane","8417","Arcane Missiles","0","1","128","0","0","0"
"Mage","237","Arcane","8418","Arcane Missiles","0","1","0","0","0","0"
"Mage","237","Arcane","8419","Arcane Missiles","0","1","0","0","0","0"
"Mage","237","Arcane","8437","Arcane Explosion","0","1","128","0","0","0"
"Mage","237","Arcane","8438","Arcane Explosion","0","1","128","0","0","0"
"Mage","237","Arcane","8439","Arcane Explosion","0","1","128","0","0","0"
"Mage","237","Arcane","8450","Dampen Magic","0","1","128","0","0","0"
"Mage","237","Arcane","8451","Dampen Magic","0","1","128","0","0","0"
"Mage","237","Arcane","8455","Amplify Magic","0","1","128","0","0","0"
"Mage","237","Arcane","8494","Mana Shield","0","1","128","0","0","0"
"Mage","237","Arcane","8495","Mana Shield","0","1","128","0","0","0"
"Mage","237","Arcane","10053","Conjure Mana Citrine","0","1","128","0","0","0"
"Mage","237","Arcane","10054","Conjure Mana Ruby","0","1","128","0","0","0"
"Mage","237","Arcane","10059","Portal: Stormwind","0","1","128","1101","0","0"
"Mage","237","Arcane","10138","Conjure Water","0","1","128","0","0","0"
"Mage","237","Arcane","10139","Conjure Water","0","1","128","0","0","0"
"Mage","237","Arcane","10140","Conjure Water","0","1","128","0","0","0"
"Mage","237","Arcane","10144","Conjure Food","0","1","128","0","0","0"
"Mage","237","Arcane","10145","Conjure Food","0","1","128","0","0","0"
"Mage","237","Arcane","10156","Arcane Intellect","0","1","128","0","0","0"
"Mage","237","Arcane","10157","Arcane Intellect","0","1","128","0","0","0"
"Mage","237","Arcane","10169","Amplify Magic","0","1","128","0","0","0"
"Mage","237","Arcane","10170","Amplify Magic","0","1","128","0","0","0"
"Mage","237","Arcane","10173","Dampen Magic","0","1","128","0","0","0"
"Mage","237","Arcane","10174","Dampen Magic","0","1","128","0","0","0"
"Mage","237","Arcane","10191","Mana Shield","0","1","128","0","0","0"
"Mage","237","Arcane","10192","Mana Shield","0","1","128","0","0","0"
"Mage","237","Arcane","10193","Mana Shield","0","1","128","0","0","0"
"Mage","237","Arcane","10201","Arcane Explosion","0","1","128","0","0","0"
"Mage","237","Arcane","10202","Arcane Explosion","0","1","128","0","0","0"
"Mage","237","Arcane","10211","Arcane Missiles","0","1","128","0","0","0"
"Mage","237","Arcane","10212","Arcane Missiles","0","1","128","0","0","0"
"Mage","237","Arcane","10273","Arcane Missiles","0","1","0","0","0","0"
"Mage","237","Arcane","10274","Arcane Missiles","0","1","0","0","0","0"
"Mage","237","Arcane","11210","Arcane Subtlety","0","1","128","0","0","0"
"Mage","237","Arcane","11213","Arcane Concentration","0","1","0","0","0","0"
"Mage","237","Arcane","11222","Arcane Focus","0","1","0","0","0","0"
"Mage","237","Arcane","11232","Arcane Mind","0","1","0","0","0","0"
"Mage","237","Arcane","11237","Improved Arcane Missiles","0","1","0","0","0","0"
"Mage","237","Arcane","11242","Arcane Impact","0","1","0","0","0","0"
"Mage","237","Arcane","11247","Magic Attunement","0","1","0","0","0","0"
"Mage","237","Arcane","11252","Improved Mana Shield","0","1","0","0","0","0"
"Mage","237","Arcane","11255","Improved Counterspell","0","1","0","0","0","0"
"Mage","237","Arcane","11416","Portal: Ironforge","0","1","128","1101","0","0"
"Mage","237","Arcane","11417","Portal: Orgrimmar","0","1","128","690","0","0"
"Mage","237","Arcane","11418","Portal: Undercity","0","1","128","690","0","0"
"Mage","237","Arcane","11419","Portal: Darnassus","0","1","128","1101","0","0"
"Mage","237","Arcane","11420","Portal: Thunder Bluff","0","1","128","690","0","0"
"Mage","237","Arcane","12042","Arcane Power","0","1","0","0","0","0"
"Mage","237","Arcane","12043","Presence of Mind","0","1","0","0","0","0"
"Mage","237","Arcane","12051","Evocation","0","1","0","0","0","0"
"Mage","237","Arcane","12463","Improved Arcane Missiles","0","1","0","0","0","0"
"Mage","237","Arcane","12464","Improved Arcane Missiles","0","1","0","0","0","0"
"Mage","237","Arcane","12467","Arcane Impact","0","1","0","0","0","0"
"Mage","237","Arcane","12469","Arcane Impact","0","1","0","0","0","0"
"Mage","237","Arcane","12500","Arcane Mind","0","1","0","0","0","0"
"Mage","237","Arcane","12501","Arcane Mind","0","1","0","0","0","0"
"Mage","237","Arcane","12502","Arcane Mind","0","1","0","0","0","0"
"Mage","237","Arcane","12503","Arcane Mind","0","1","0","0","0","0"
"Mage","237","Arcane","12536","Clearcasting","0","1","0","0","0","0"
"Mage","237","Arcane","12574","Arcane Concentration","0","1","0","0","0","0"
"Mage","237","Arcane","12575","Arcane Concentration","0","1","0","0","0","0"
"Mage","237","Arcane","12576","Arcane Concentration","0","1","0","0","0","0"
"Mage","237","Arcane","12577","Arcane Concentration","0","1","0","0","0","0"
"Mage","237","Arcane","12592","Arcane Subtlety","0","1","128","0","0","0"
"Mage","237","Arcane","12598","Improved Counterspell","0","1","0","0","0","0"
"Mage","237","Arcane","12605","Improved Mana Shield","0","1","0","0","0","0"
"Mage","237","Arcane","12606","Magic Attunement","0","1","0","0","0","0"
"Mage","237","Arcane","12824","Polymorph","0","1","128","0","0","0"
"Mage","237","Arcane","12825","Polymorph","0","1","128","0","0","0"
"Mage","237","Arcane","12826","Polymorph","0","1","128","0","0","0"
"Mage","237","Arcane","12839","Arcane Focus","0","1","0","0","0","0"
"Mage","237","Arcane","12840","Arcane Focus","0","1","0","0","0","0"
"Mage","237","Arcane","12841","Arcane Focus","0","1","0","0","0","0"
"Mage","237","Arcane","12842","Arcane Focus","0","1","0","0","0","0"
"Mage","237","Arcane","15058","Arcane Instability","0","1","0","0","0","0"
"Mage","237","Arcane","15059","Arcane Instability","0","1","0","0","0","0"
"Mage","237","Arcane","15060","Arcane Instability","0","1","0","0","0","0"
"Mage","237","Arcane","16769","Improved Arcane Missiles","0","1","0","0","0","0"
"Mage","237","Arcane","16770","Improved Arcane Missiles","0","1","0","0","0","0"
"Mage","237","Arcane","18462","Arcane Meditation","0","1","0","0","0","0"
"Mage","237","Arcane","18463","Arcane Meditation","0","1","0","0","0","0"
"Mage","237","Arcane","18464","Arcane Meditation","0","1","0","0","0","0"
"Mage","237","Arcane","22782","Mage Armor","0","1","128","0","0","0"
"Mage","237","Arcane","22783","Mage Armor","0","1","128","0","0","0"
"Mage","237","Arcane","23028","Arcane Brilliance","0","1","128","0","0","0"
"Mage","237","Arcane","25345","Arcane Missiles","0","1","128","0","0","0"
"Mage","237","Arcane","25346","Arcane Missiles","0","1","0","0","0","0"
"Mage","237","Arcane","27075","Arcane Missiles","0","1","128","0","0","0"
"Mage","237","Arcane","27076","Arcane Missiles","0","1","0","0","0","0"
"Mage","237","Arcane","27080","Arcane Explosion","0","1","128","0","0","0"
"Mage","237","Arcane","27082","Arcane Explosion","0","1","128","0","0","0"
"Mage","237","Arcane","27090","Conjure Water","0","1","128","0","0","0"
"Mage","237","Arcane","27101","Conjure Mana Emerald","0","1","128","0","0","0"
"Mage","237","Arcane","27125","Mage Armor","0","1","128","0","0","0"
"Mage","237","Arcane","27126","Arcane Intellect","0","1","128","0","0","0"
"Mage","237","Arcane","27127","Arcane Brilliance","0","1","128","0","0","0"
"Mage","237","Arcane","27130","Amplify Magic","0","1","128","0","0","0"
"Mage","237","Arcane","27131","Mana Shield","0","1","128","0","0","0"
"Mage","237","Arcane","28271","Polymorph","0","1","128","0","0","0"
"Mage","237","Arcane","28272","Polymorph","0","1","128","0","0","0"
"Mage","237","Arcane","28574","Arcane Fortitude","0","1","128","0","0","0"
"Mage","237","Arcane","28612","Conjure Food","0","1","128","0","0","0"
"Mage","237","Arcane","29441","Magic Absorption","0","1","128","0","0","0"
"Mage","237","Arcane","29442","Magic Absorption","0","1","128","0","0","0"
"Mage","237","Arcane","29444","Magic Absorption","0","1","128","0","0","0"
"Mage","237","Arcane","29445","Magic Absorption","0","1","128","0","0","0"
"Mage","237","Arcane","29446","Magic Absorption","0","1","128","0","0","0"
"Mage","237","Arcane","29447","Magic Absorption","0","1","128","0","0","0"
"Mage","237","Arcane","30449","Spellsteal","0","1","0","0","0","0"
"Mage","237","Arcane","30451","Arcane Blast","0","1","0","0","0","0"
"Mage","237","Arcane","31569","Improved Blink","0","1","128","0","0","0"
"Mage","237","Arcane","31570","Improved Blink","0","1","128","0","0","0"
"Mage","237","Arcane","31571","Arcane Potency","0","1","128","0","0","0"
"Mage","237","Arcane","31572","Arcane Potency","0","1","128","0","0","0"
"Mage","237","Arcane","31573","Arcane Potency","0","1","128","0","0","0"
"Mage","237","Arcane","31574","Prismatic Cloak","0","1","128","0","0","0"
"Mage","237","Arcane","31575","Prismatic Cloak","0","1","128","0","0","0"
"Mage","237","Arcane","31579","Empowered Arcane Missiles","0","1","128","0","0","0"
"Mage","237","Arcane","31582","Empowered Arcane Missiles","0","1","128","0","0","0"
"Mage","237","Arcane","31583","Empowered Arcane Missiles","0","1","128","0","0","0"
"Mage","237","Arcane","31584","Mind Mastery","0","1","128","0","0","0"
"Mage","237","Arcane","31585","Mind Mastery","0","1","128","0","0","0"
"Mage","237","Arcane","31586","Mind Mastery","0","1","128","0","0","0"
"Mage","237","Arcane","31587","Mind Mastery","0","1","128","0","0","0"
"Mage","237","Arcane","31588","Mind Mastery","0","1","128","0","0","0"
"Mage","237","Arcane","31589","Slow","0","1","128","0","0","0"
"Mage","237","Arcane","32266","Portal: Exodar","0","1","128","1101","0","0"
"Mage","237","Arcane","32267","Portal: Silvermoon","0","1","128","690","0","0"
"Mage","237","Arcane","32271","Teleport: Exodar","0","1","128","1101","0","0"
"Mage","237","Arcane","32272","Teleport: Silvermoon","0","1","128","690","0","0"
"Mage","237","Arcane","33690","Teleport: Shattrath","0","1","128","1101","0","0"
"Mage","237","Arcane","33691","Portal: Shattrath","0","1","128","1101","0","0"
"Mage","237","Arcane","33717","Conjure Food","0","1","128","0","0","0"
"Mage","237","Arcane","33944","Dampen Magic","0","1","128","0","0","0"
"Mage","237","Arcane","33946","Amplify Magic","0","1","128","0","0","0"
"Mage","237","Arcane","35578","Spell Power","0","1","128","0","0","0"
"Mage","237","Arcane","35581","Spell Power","0","1","128","0","0","0"
"Mage","237","Arcane","35715","Teleport: Shattrath","0","1","128","690","0","0"
"Mage","237","Arcane","35717","Portal: Shattrath","0","1","128","690","0","0"
"Mage","237","Arcane","37420","Conjure Water","0","1","128","0","0","0"
"Mage","237","Arcane","38699","Arcane Missiles","0","1","128","0","0","0"
"Mage","237","Arcane","38700","Arcane Missiles","0","1","0","0","0","0"
"Mage","237","Arcane","38703","Arcane Missiles","0","1","0","0","0","0"
"Mage","237","Arcane","38704","Arcane Missiles","0","1","128","0","0","0"
"Mage","237","Arcane","43987","Ritual of Refreshment","0","1","128","0","0","0"
"Mage","237","Arcane","49358","Teleport: Stonard","0","1","128","690","0","0"
"Mage","237","Arcane","49359","Teleport: Theramore","0","1","128","1101","0","0"
"Mage","237","Arcane","49360","Portal: Theramore","0","1","128","1101","0","0"
"Mage","237","Arcane","49361","Portal: Stonard","0","1","128","690","0","0"
"Priest","56","Holy","139","Renew","0","1","16","0","0","0"
"Priest","56","Holy","528","Cure Disease","0","1","16","0","0","0"
"Priest","56","Holy","552","Abolish Disease","0","1","16","0","0","0"
"Priest","56","Holy","585","Smite","2","1","16","0","0","0"
"Priest","56","Holy","591","Smite","0","1","16","0","0","0"
"Priest","56","Holy","596","Prayer of Healing","0","1","16","0","0","0"
"Priest","56","Holy","598","Smite","0","1","16","0","0","0"
"Priest","56","Holy","724","Lightwell","0","1","16","0","0","0"
"Priest","56","Holy","984","Smite","0","1","16","0","0","0"
"Priest","56","Holy","996","Prayer of Healing","0","1","16","0","0","0"
"Priest","56","Holy","1004","Smite","0","1","16","0","0","0"
"Priest","56","Holy","2006","Resurrection","0","1","16","0","0","0"
"Priest","56","Holy","2010","Resurrection","0","1","16","0","0","0"
"Priest","56","Holy","2050","Lesser Heal","2","1","16","0","0","0"
"Priest","56","Holy","2052","Lesser Heal","0","1","16","0","0","0"
"Priest","56","Holy","2053","Lesser Heal","0","1","16","0","0","0"
"Priest","56","Holy","2054","Heal","0","1","16","0","0","0"
"Priest","56","Holy","2055","Heal","0","1","16","0","0","0"
"Priest","56","Holy","2060","Greater Heal","0","1","16","0","0","0"
"Priest","56","Holy","2061","Flash Heal","0","1","16","0","0","0"
"Priest","56","Holy","6060","Smite","0","1","16","0","0","0"
"Priest","56","Holy","6063","Heal","0","1","16","0","0","0"
"Priest","56","Holy","6064","Heal","0","1","16","0","0","0"
"Priest","56","Holy","6074","Renew","0","1","16","0","0","0"
"Priest","56","Holy","6075","Renew","0","1","16","0","0","0"
"Priest","56","Holy","6076","Renew","0","1","16","0","0","0"
"Priest","56","Holy","6077","Renew","0","1","16","0","0","0"
"Priest","56","Holy","6078","Renew","0","1","16","0","0","0"
"Priest","56","Holy","7001","Lightwell Renew","0","1","16","0","0","0"
"Priest","56","Holy","9472","Flash Heal","0","1","16","0","0","0"
"Priest","56","Holy","9473","Flash Heal","0","1","16","0","0","0"
"Priest","56","Holy","9474","Flash Heal","0","1","16","0","0","0"
"Priest","56","Holy","10880","Resurrection","0","1","16","0","0","0"
"Priest","56","Holy","10881","Resurrection","0","1","16","0","0","0"
"Priest","56","Holy","10915","Flash Heal","0","1","16","0","0","0"
"Priest","56","Holy","10916","Flash Heal","0","1","16","0","0","0"
"Priest","56","Holy","10917","Flash Heal","0","1","16","0","0","0"
"Priest","56","Holy","10927","Renew","0","1","16","0","0","0"
"Priest","56","Holy","10928","Renew","0","1","16","0","0","0"
"Priest","56","Holy","10929","Renew","0","1","16","0","0","0"
"Priest","56","Holy","10933","Smite","0","1","16","0","0","0"
"Priest","56","Holy","10934","Smite","0","1","16","0","0","0"
"Priest","56","Holy","10960","Prayer of Healing","0","1","16","0","0","0"
"Priest","56","Holy","10961","Prayer of Healing","0","1","16","0","0","0"
"Priest","56","Holy","10963","Greater Heal","0","1","16","0","0","0"
"Priest","56","Holy","10964","Greater Heal","0","1","16","0","0","0"
"Priest","56","Holy","10965","Greater Heal","0","1","16","0","0","0"
"Priest","56","Holy","13908","Desperate Prayer","0","1","16","5","0","0"
"Priest","56","Holy","14889","Holy Specialization","0","1","0","0","0","0"
"Priest","56","Holy","14892","Inspiration","0","1","0","0","0","0"
"Priest","56","Holy","14898","Spiritual Healing","0","1","0","0","0","0"
"Priest","56","Holy","14901","Spiritual Guidance","0","1","0","0","0","0"
"Priest","56","Holy","14908","Improved Renew","0","1","0","0","0","0"
"Priest","56","Holy","14909","Searing Light","0","1","0","0","0","0"
"Priest","56","Holy","14911","Healing Prayers","0","1","0","0","0","0"
"Priest","56","Holy","14912","Improved Healing","0","1","0","0","0","0"
"Priest","56","Holy","14913","Healing Focus","0","1","0","0","0","0"
"Priest","56","Holy","14914","Holy Fire","0","1","16","0","0","0"
"Priest","56","Holy","15008","Holy Specialization","0","1","0","0","0","0"
"Priest","56","Holy","15009","Holy Specialization","0","1","0","0","0","0"
"Priest","56","Holy","15010","Holy Specialization","0","1","0","0","0","0"
"Priest","56","Holy","15011","Holy Specialization","0","1","0","0","0","0"
"Priest","56","Holy","15012","Healing Focus","0","1","0","0","0","0"
"Priest","56","Holy","15013","Improved Healing","0","1","0","0","0","0"
"Priest","56","Holy","15014","Improved Healing","0","1","0","0","0","0"
"Priest","56","Holy","15017","Searing Light","0","1","0","0","0","0"
"Priest","56","Holy","15018","Healing Prayers","0","1","0","0","0","0"
"Priest","56","Holy","15020","Improved Renew","0","1","0","0","0","0"
"Priest","56","Holy","15028","Spiritual Guidance","0","1","0","0","0","0"
"Priest","56","Holy","15029","Spiritual Guidance","0","1","0","0","0","0"
"Priest","56","Holy","15030","Spiritual Guidance","0","1","0","0","0","0"
"Priest","56","Holy","15031","Spiritual Guidance","0","1","0","0","0","0"
"Priest","56","Holy","15237","Holy Nova","0","1","16","0","0","0"
"Priest","56","Holy","15261","Holy Fire","0","1","16","0","0","0"
"Priest","56","Holy","15262","Holy Fire","0","1","16","0","0","0"
"Priest","56","Holy","15263","Holy Fire","0","1","16","0","0","0"
"Priest","56","Holy","15264","Holy Fire","0","1","16","0","0","0"
"Priest","56","Holy","15265","Holy Fire","0","1","16","0","0","0"
"Priest","56","Holy","15266","Holy Fire","0","1","16","0","0","0"
"Priest","56","Holy","15267","Holy Fire","0","1","16","0","0","0"
"Priest","56","Holy","15349","Spiritual Healing","0","1","0","0","0","0"
"Priest","56","Holy","15354","Spiritual Healing","0","1","0","0","0","0"
"Priest","56","Holy","15355","Spiritual Healing","0","1","0","0","0","0"
"Priest","56","Holy","15356","Spiritual Healing","0","1","0","0","0","0"
"Priest","56","Holy","15362","Inspiration","0","1","0","0","0","0"
"Priest","56","Holy","15363","Inspiration","0","1","0","0","0","0"
"Priest","56","Holy","15430","Holy Nova","0","1","16","0","0","0"
"Priest","56","Holy","15431","Holy Nova","0","1","16","0","0","0"
"Priest","56","Holy","17191","Improved Renew","0","1","0","0","0","0"
"Priest","56","Holy","18530","Divine Fury","0","1","0","0","0","0"
"Priest","56","Holy","18531","Divine Fury","0","1","0","0","0","0"
"Priest","56","Holy","18533","Divine Fury","0","1","0","0","0","0"
"Priest","56","Holy","18534","Divine Fury","0","1","0","0","0","0"
"Priest","56","Holy","18535","Divine Fury","0","1","0","0","0","0"
"Priest","56","Holy","19236","Desperate Prayer","0","1","16","5","0","0"
"Priest","56","Holy","19238","Desperate Prayer","0","1","16","5","0","0"
"Priest","56","Holy","19240","Desperate Prayer","0","1","16","5","0","0"
"Priest","56","Holy","19241","Desperate Prayer","0","1","16","5","0","0"
"Priest","56","Holy","19242","Desperate Prayer","0","1","16","5","0","0"
"Priest","56","Holy","19243","Desperate Prayer","0","1","16","5","0","0"
"Priest","56","Holy","20711","Spirit of Redemption","0","1","0","0","0","0"
"Priest","56","Holy","20770","Resurrection","0","1","16","0","0","0"
"Priest","56","Holy","23455","Holy Nova","0","1","16","0","0","0"
"Priest","56","Holy","23458","Holy Nova","0","1","16","0","0","0"
"Priest","56","Holy","23459","Holy Nova","0","1","16","0","0","0"
"Priest","56","Holy","25210","Greater Heal","0","1","16","0","0","0"
"Priest","56","Holy","25213","Greater Heal","0","1","16","0","0","0"
"Priest","56","Holy","25221","Renew","0","1","16","0","0","0"
"Priest","56","Holy","25222","Renew","0","1","16","0","0","0"
"Priest","56","Holy","25233","Flash Heal","0","1","16","0","0","0"
"Priest","56","Holy","25235","Flash Heal","0","1","16","0","0","0"
"Priest","56","Holy","25308","Prayer of Healing","0","1","16","0","0","0"
"Priest","56","Holy","25314","Greater Heal","0","1","16","0","0","0"
"Priest","56","Holy","25314","Greater Heal","0","1","16","0","0","0"
"Priest","56","Holy","25315","Renew","0","1","16","0","0","0"
"Priest","56","Holy","25316","Prayer of Healing","0","1","16","0","0","0"
"Priest","56","Holy","25329","Holy Nova","0","1","16","0","0","0"
"Priest","56","Holy","25331","Holy Nova","0","1","16","0","0","0"
"Priest","56","Holy","25363","Smite","0","1","16","0","0","0"
"Priest","56","Holy","25364","Smite","0","1","16","0","0","0"
"Priest","56","Holy","25384","Holy Fire","0","1","16","0","0","0"
"Priest","56","Holy","25435","Resurrection","0","1","16","0","0","0"
"Priest","56","Holy","25437","Desperate Prayer","0","1","16","5","0","0"
"Priest","56","Holy","27789","Holy Reach","0","1","16","0","0","0"
"Priest","56","Holy","27790","Holy Reach","0","1","16","0","0","0"
"Priest","56","Holy","27799","Holy Nova","0","1","16","0","0","0"
"Priest","56","Holy","27800","Holy Nova","0","1","16","0","0","0"
"Priest","56","Holy","27801","Holy Nova","0","1","16","0","0","0"
"Priest","56","Holy","27803","Holy Nova","0","1","16","0","0","0"
"Priest","56","Holy","27804","Holy Nova","0","1","16","0","0","0"
"Priest","56","Holy","27805","Holy Nova","0","1","16","0","0","0"
"Priest","56","Holy","27811","Blessed Recovery","0","1","16","0","0","0"
"Priest","56","Holy","27813","Blessed Recovery","0","1","16","0","0","0"
"Priest","56","Holy","27815","Blessed Recovery","0","1","16","0","0","0"
"Priest","56","Holy","27816","Blessed Recovery","0","1","16","0","0","0"
"Priest","56","Holy","27817","Blessed Recovery","0","1","16","0","0","0"
"Priest","56","Holy","27818","Blessed Recovery","0","1","16","0","0","0"
"Priest","56","Holy","27870","Lightwell","0","1","16","0","0","0"
"Priest","56","Holy","27871","Lightwell","0","1","16","0","0","0"
"Priest","56","Holy","27873","Lightwell Renew","0","1","16","0","0","0"
"Priest","56","Holy","27874","Lightwell Renew","0","1","16","0","0","0"
"Priest","56","Holy","27900","Spell Warding","0","1","16","0","0","0"
"Priest","56","Holy","27901","Spell Warding","0","1","16","0","0","0"
"Priest","56","Holy","27902","Spell Warding","0","1","16","0","0","0"
"Priest","56","Holy","27903","Spell Warding","0","1","16","0","0","0"
"Priest","56","Holy","27904","Spell Warding","0","1","16","0","0","0"
"Priest","56","Holy","28275","Lightwell","0","1","16","0","0","0"
"Priest","56","Holy","28276","Lightwell Renew","0","1","16","0","0","0"
"Priest","56","Holy","32546","Binding Heal","0","1","16","0","0","0"
"Priest","56","Holy","33076","Prayer of Mending","0","1","16","0","0","0"
"Priest","56","Holy","33142","Blessed Resilience","0","1","16","0","0","0"
"Priest","56","Holy","33143","Blessed Resilience","0","1","16","0","0","0"
"Priest","56","Holy","33145","Blessed Resilience","0","1","16","0","0","0"
"Priest","56","Holy","33146","Blessed Resilience","0","1","16","0","0","0"
"Priest","56","Holy","33150","Surge of Light","0","1","16","0","0","0"
"Priest","56","Holy","33151","Surge of Light","0","1","16","0","0","0"
"Priest","56","Holy","33154","Surge of Light","0","1","16","0","0","0"
"Priest","56","Holy","33158","Empowered Healing","0","1","16","0","0","0"
"Priest","56","Holy","33159","Empowered Healing","0","1","16","0","0","0"
"Priest","56","Holy","33160","Empowered Healing","0","1","16","0","0","0"
"Priest","56","Holy","33161","Empowered Healing","0","1","16","0","0","0"
"Priest","56","Holy","33162","Empowered Healing","0","1","16","0","0","0"
"Priest","56","Holy","34753","Holy Concentration","0","1","16","0","0","0"
"Priest","56","Holy","34754","Clearcasting","0","1","16","0","0","0"
"Priest","56","Holy","34859","Holy Concentration","0","1","16","0","0","0"
"Priest","56","Holy","34860","Holy Concentration","0","1","16","0","0","0"
"Priest","56","Holy","34861","Circle of Healing","0","1","16","0","0","0"
"Priest","56","Holy","34863","Circle of Healing","0","1","16","0","0","0"
"Priest","56","Holy","34864","Circle of Healing","0","1","16","0","0","0"
"Priest","56","Holy","34865","Circle of Healing","0","1","16","0","0","0"
"Priest","56","Holy","34866","Circle of Healing","0","1","16","0","0","0"
"Priest","56","Holy","44041","Chastise","0","1","16","1028","0","0"
"Priest","56","Holy","44043","Chastise","0","1","16","1028","0","0"
"Priest","56","Holy","44044","Chastise","0","1","16","1028","0","0"
"Priest","56","Holy","44045","Chastise","0","1","16","1028","0","0"
"Priest","56","Holy","44046","Chastise","0","1","16","1028","0","0"
"Priest","56","Holy","44047","Chastise","0","1","16","1028","0","0"
"Priest","78","Shadow Magic","453","Mind Soothe","0","1","16","0","0","0"
"Priest","78","Shadow Magic","586","Fade","0","1","16","0","0","0"
"Priest","78","Shadow Magic","589","Shadow Word: Pain","0","1","16","0","0","0"
"Priest","78","Shadow Magic","594","Shadow Word: Pain","0","1","16","0","0","0"
"Priest","78","Shadow Magic","605","Mind Control","0","1","16","0","0","0"
"Priest","78","Shadow Magic","970","Shadow Word: Pain","0","1","16","0","0","0"
"Priest","78","Shadow Magic","976","Shadow Protection","0","1","16","0","0","0"
"Priest","78","Shadow Magic","992","Shadow Word: Pain","0","1","16","0","0","0"
"Priest","78","Shadow Magic","2096","Mind Vision","0","1","16","0","0","0"
"Priest","78","Shadow Magic","2652","Touch of Weakness","0","1","16","528","0","0"
"Priest","78","Shadow Magic","2767","Shadow Word: Pain","0","1","16","0","0","0"
"Priest","78","Shadow Magic","2943","Touch of Weakness","0","1","16","16","0","0"
"Priest","78","Shadow Magic","2944","Devouring Plague","0","1","16","16","0","0"
"Priest","78","Shadow Magic","8092","Mind Blast","0","1","16","0","0","0"
"Priest","78","Shadow Magic","8102","Mind Blast","0","1","16","0","0","0"
"Priest","78","Shadow Magic","8103","Mind Blast","0","1","16","0","0","0"
"Priest","78","Shadow Magic","8104","Mind Blast","0","1","16","0","0","0"
"Priest","78","Shadow Magic","8105","Mind Blast","0","1","16","0","0","0"
"Priest","78","Shadow Magic","8106","Mind Blast","0","1","16","0","0","0"
"Priest","78","Shadow Magic","8122","Psychic Scream","0","1","16","0","0","0"
"Priest","78","Shadow Magic","8124","Psychic Scream","0","1","16","0","0","0"
"Priest","78","Shadow Magic","8192","Mind Soothe","0","1","16","0","0","0"
"Priest","78","Shadow Magic","9035","Hex of Weakness","0","1","16","128","0","0"
"Priest","78","Shadow Magic","9578","Fade","0","1","16","0","0","0"
"Priest","78","Shadow Magic","9579","Fade","0","1","16","0","0","0"
"Priest","78","Shadow Magic","9592","Fade","0","1","16","0","0","0"
"Priest","78","Shadow Magic","10888","Psychic Scream","0","1","16","0","0","0"
"Priest","78","Shadow Magic","10890","Psychic Scream","0","1","16","0","0","0"
"Priest","78","Shadow Magic","10892","Shadow Word: Pain","0","1","16","0","0","0"
"Priest","78","Shadow Magic","10893","Shadow Word: Pain","0","1","16","0","0","0"
"Priest","78","Shadow Magic","10894","Shadow Word: Pain","0","1","16","0","0","0"
"Priest","78","Shadow Magic","10909","Mind Vision","0","1","16","0","0","0"
"Priest","78","Shadow Magic","10911","Mind Control","0","1","16","0","0","0"
"Priest","78","Shadow Magic","10912","Mind Control","0","1","16","0","0","0"
"Priest","78","Shadow Magic","10941","Fade","0","1","16","0","0","0"
"Priest","78","Shadow Magic","10942","Fade","0","1","16","0","0","0"
"Priest","78","Shadow Magic","10945","Mind Blast","0","1","16","0","0","0"
"Priest","78","Shadow Magic","10946","Mind Blast","0","1","16","0","0","0"
"Priest","78","Shadow Magic","10947","Mind Blast","0","1","16","0","0","0"
"Priest","78","Shadow Magic","10953","Mind Soothe","0","1","16","0","0","0"
"Priest","78","Shadow Magic","10957","Shadow Protection","0","1","16","0","0","0"
"Priest","78","Shadow Magic","10958","Shadow Protection","0","1","16","0","0","0"
"Priest","78","Shadow Magic","14910","Shadow Resilience","0","1","16","0","0","0"
"Priest","78","Shadow Magic","15257","Shadow Weaving","0","1","16","0","0","0"
"Priest","78","Shadow Magic","15259","Darkness","0","1","16","0","0","0"
"Priest","78","Shadow Magic","15260","Shadow Focus","0","1","16","0","0","0"
"Priest","78","Shadow Magic","15268","Blackout","0","1","16","0","0","0"
"Priest","78","Shadow Magic","15270","Spirit Tap","0","1","16","0","0","0"
"Priest","78","Shadow Magic","15272","Shadow Affinity","0","1","16","0","0","0"
"Priest","78","Shadow Magic","15273","Improved Mind Blast","0","1","16","0","0","0"
"Priest","78","Shadow Magic","15274","Improved Fade","0","1","16","0","0","0"
"Priest","78","Shadow Magic","15275","Improved Shadow Word: Pain","0","1","16","0","0","0"
"Priest","78","Shadow Magic","15286","Vampiric Embrace","0","1","16","0","0","0"
"Priest","78","Shadow Magic","15307","Darkness","0","1","16","0","0","0"
"Priest","78","Shadow Magic","15308","Darkness","0","1","16","0","0","0"
"Priest","78","Shadow Magic","15309","Darkness","0","1","16","0","0","0"
"Priest","78","Shadow Magic","15310","Darkness","0","1","16","0","0","0"
"Priest","78","Shadow Magic","15311","Improved Fade","0","1","16","0","0","0"
"Priest","78","Shadow Magic","15312","Improved Mind Blast","0","1","16","0","0","0"
"Priest","78","Shadow Magic","15313","Improved Mind Blast","0","1","16","0","0","0"
"Priest","78","Shadow Magic","15314","Improved Mind Blast","0","1","16","0","0","0"
"Priest","78","Shadow Magic","15316","Improved Mind Blast","0","1","16","0","0","0"
"Priest","78","Shadow Magic","15317","Improved Shadow Word: Pain","0","1","16","0","0","0"
"Priest","78","Shadow Magic","15318","Shadow Affinity","0","1","16","0","0","0"
"Priest","78","Shadow Magic","15320","Shadow Affinity","0","1","16","0","0","0"
"Priest","78","Shadow Magic","15323","Blackout","0","1","16","0","0","0"
"Priest","78","Shadow Magic","15324","Blackout","0","1","16","0","0","0"
"Priest","78","Shadow Magic","15325","Blackout","0","1","16","0","0","0"
"Priest","78","Shadow Magic","15326","Blackout","0","1","16","0","0","0"
"Priest","78","Shadow Magic","15327","Shadow Focus","0","1","16","0","0","0"
"Priest","78","Shadow Magic","15328","Shadow Focus","0","1","16","0","0","0"
"Priest","78","Shadow Magic","15329","Shadow Focus","0","1","16","0","0","0"
"Priest","78","Shadow Magic","15330","Shadow Focus","0","1","16","0","0","0"
"Priest","78","Shadow Magic","15331","Shadow Weaving","0","1","16","0","0","0"
"Priest","78","Shadow Magic","15332","Shadow Weaving","0","1","16","0","0","0"
"Priest","78","Shadow Magic","15333","Shadow Weaving","0","1","16","0","0","0"
"Priest","78","Shadow Magic","15334","Shadow Weaving","0","1","16","0","0","0"
"Priest","78","Shadow Magic","15335","Spirit Tap","0","1","16","0","0","0"
"Priest","78","Shadow Magic","15336","Spirit Tap","0","1","16","0","0","0"
"Priest","78","Shadow Magic","15337","Spirit Tap","0","1","16","0","0","0"
"Priest","78","Shadow Magic","15338","Spirit Tap","0","1","16","0","0","0"
"Priest","78","Shadow Magic","15392","Improved Psychic Scream","0","1","16","0","0","0"
"Priest","78","Shadow Magic","15407","Mind Flay","0","1","16","0","0","0"
"Priest","78","Shadow Magic","15448","Improved Psychic Scream","0","1","16","0","0","0"
"Priest","78","Shadow Magic","15473","Shadowform","0","1","16","0","0","0"
"Priest","78","Shadow Magic","15487","Silence","0","1","16","0","0","0"
"Priest","78","Shadow Magic","17311","Mind Flay","0","1","16","0","0","0"
"Priest","78","Shadow Magic","17312","Mind Flay","0","1","16","0","0","0"
"Priest","78","Shadow Magic","17313","Mind Flay","0","1","16","0","0","0"
"Priest","78","Shadow Magic","17314","Mind Flay","0","1","16","0","0","0"
"Priest","78","Shadow Magic","17322","Shadow Reach","0","1","16","0","0","0"
"Priest","78","Shadow Magic","17323","Shadow Reach","0","1","16","0","0","0"
"Priest","78","Shadow Magic","18137","Shadowguard","0","1","16","128","0","0"
"Priest","78","Shadow Magic","18807","Mind Flay","0","1","16","0","0","0"
"Priest","78","Shadow Magic","19249","Touch of Weakness","0","1","16","16","0","0"
"Priest","78","Shadow Magic","19251","Touch of Weakness","0","1","16","16","0","0"
"Priest","78","Shadow Magic","19252","Touch of Weakness","0","1","16","16","0","0"
"Priest","78","Shadow Magic","19253","Touch of Weakness","0","1","16","16","0","0"
"Priest","78","Shadow Magic","19254","Touch of Weakness","0","1","16","16","0","0"
"Priest","78","Shadow Magic","19261","Touch of Weakness","0","1","16","528","0","0"
"Priest","78","Shadow Magic","19262","Touch of Weakness","0","1","16","528","0","0"
"Priest","78","Shadow Magic","19264","Touch of Weakness","0","1","16","528","0","0"
"Priest","78","Shadow Magic","19265","Touch of Weakness","0","1","16","528","0","0"
"Priest","78","Shadow Magic","19266","Touch of Weakness","0","1","16","528","0","0"
"Priest","78","Shadow Magic","19276","Devouring Plague","0","1","16","16","0","0"
"Priest","78","Shadow Magic","19277","Devouring Plague","0","1","16","16","0","0"
"Priest","78","Shadow Magic","19278","Devouring Plague","0","1","16","16","0","0"
"Priest","78","Shadow Magic","19279","Devouring Plague","0","1","16","16","0","0"
"Priest","78","Shadow Magic","19280","Devouring Plague","0","1","16","16","0","0"
"Priest","78","Shadow Magic","19281","Hex of Weakness","0","1","16","128","0","0"
"Priest","78","Shadow Magic","19282","Hex of Weakness","0","1","16","128","0","0"
"Priest","78","Shadow Magic","19283","Hex of Weakness","0","1","16","128","0","0"
"Priest","78","Shadow Magic","19284","Hex of Weakness","0","1","16","128","0","0"
"Priest","78","Shadow Magic","19285","Hex of Weakness","0","1","16","128","0","0"
"Priest","78","Shadow Magic","19308","Shadowguard","0","1","16","128","0","0"
"Priest","78","Shadow Magic","19309","Shadowguard","0","1","16","128","0","0"
"Priest","78","Shadow Magic","19310","Shadowguard","0","1","16","128","0","0"
"Priest","78","Shadow Magic","19311","Shadowguard","0","1","16","128","0","0"
"Priest","78","Shadow Magic","19312","Shadowguard","0","1","16","128","0","0"
"Priest","78","Shadow Magic","25367","Shadow Word: Pain","0","1","16","0","0","0"
"Priest","78","Shadow Magic","25368","Shadow Word: Pain","0","1","16","0","0","0"
"Priest","78","Shadow Magic","25372","Mind Blast","0","1","16","0","0","0"
"Priest","78","Shadow Magic","25375","Mind Blast","0","1","16","0","0","0"
"Priest","78","Shadow Magic","25387","Mind Flay","0","1","16","0","0","0"
"Priest","78","Shadow Magic","25429","Fade","0","1","16","0","0","0"
"Priest","78","Shadow Magic","25433","Shadow Protection","0","1","16","0","0","0"
"Priest","78","Shadow Magic","25460","Touch of Weakness","0","1","16","16","0","0"
"Priest","78","Shadow Magic","25461","Touch of Weakness","0","1","16","528","0","0"
"Priest","78","Shadow Magic","25467","Devouring Plague","0","1","16","16","0","0"
"Priest","78","Shadow Magic","25470","Hex of Weakness","0","1","16","128","0","0"
"Priest","78","Shadow Magic","25477","Shadowguard","0","1","16","128","0","0"
"Priest","78","Shadow Magic","25596","Mind Soothe","0","1","16","0","0","0"
"Priest","78","Shadow Magic","27683","Prayer of Shadow Protection","0","1","16","0","0","0"
"Priest","78","Shadow Magic","27839","Improved Vampiric Embrace","0","1","16","0","0","0"
"Priest","78","Shadow Magic","27840","Improved Vampiric Embrace","0","1","16","0","0","0"
"Priest","78","Shadow Magic","28377","Shadowguard","0","1","16","128","0","0"
"Priest","78","Shadow Magic","28378","Shadowguard","0","1","16","128","0","0"
"Priest","78","Shadow Magic","28379","Shadowguard","0","1","16","128","0","0"
"Priest","78","Shadow Magic","28380","Shadowguard","0","1","16","128","0","0"
"Priest","78","Shadow Magic","28381","Shadowguard","0","1","16","128","0","0"
"Priest","78","Shadow Magic","28382","Shadowguard","0","1","16","128","0","0"
"Priest","78","Shadow Magic","28385","Shadowguard","0","1","16","128","0","0"
"Priest","78","Shadow Magic","32379","Shadow Word: Death","0","1","16","0","0","0"
"Priest","78","Shadow Magic","32996","Shadow Word: Death","0","1","16","0","0","0"
"Priest","78","Shadow Magic","33191","Misery","0","1","16","0","0","0"
"Priest","78","Shadow Magic","33192","Misery","0","1","16","0","0","0"
"Priest","78","Shadow Magic","33193","Misery","0","1","16","0","0","0"
"Priest","78","Shadow Magic","33194","Misery","0","1","16","0","0","0"
"Priest","78","Shadow Magic","33195","Misery","0","1","16","0","0","0"
"Priest","78","Shadow Magic","33196","Misery","0","1","16","0","0","0"
"Priest","78","Shadow Magic","33197","Misery","0","1","16","0","0","0"
"Priest","78","Shadow Magic","33198","Misery","0","1","16","0","0","0"
"Priest","78","Shadow Magic","33199","Misery","0","1","16","0","0","0"
"Priest","78","Shadow Magic","33200","Misery","0","1","16","0","0","0"
"Priest","78","Shadow Magic","33213","Focused Mind","0","1","16","0","0","0"
"Priest","78","Shadow Magic","33214","Focused Mind","0","1","16","0","0","0"
"Priest","78","Shadow Magic","33215","Focused Mind","0","1","16","0","0","0"
"Priest","78","Shadow Magic","33221","Shadow Power","0","1","16","0","0","0"
"Priest","78","Shadow Magic","33222","Shadow Power","0","1","16","0","0","0"
"Priest","78","Shadow Magic","33223","Shadow Power","0","1","16","0","0","0"
"Priest","78","Shadow Magic","33224","Shadow Power","0","1","16","0","0","0"
"Priest","78","Shadow Magic","33225","Shadow Power","0","1","16","0","0","0"
"Priest","78","Shadow Magic","33371","Shadow Resilience","0","1","16","0","0","0"
"Priest","78","Shadow Magic","34433","Shadowfiend","0","1","16","0","0","0"
"Priest","78","Shadow Magic","34914","Vampiric Touch","0","1","16","0","0","0"
"Priest","78","Shadow Magic","34916","Vampiric Touch","0","1","16","0","0","0"
"Priest","78","Shadow Magic","34917","Vampiric Touch","0","1","16","0","0","0"
"Priest","78","Shadow Magic","34919","Vampiric Touch","0","1","16","0","0","0"
"Priest","78","Shadow Magic","39374","Prayer of Shadow Protection","0","1","16","0","0","0"
"Priest","613","Discipline","17","Power Word: Shield","0","1","16","0","0","0"
"Priest","613","Discipline","527","Dispel Magic","0","1","16","0","0","0"
"Priest","613","Discipline","588","Inner Fire","0","1","16","0","0","0"
"Priest","613","Discipline","592","Power Word: Shield","0","1","16","0","0","0"
"Priest","613","Discipline","600","Power Word: Shield","0","1","16","0","0","0"
"Priest","613","Discipline","602","Inner Fire","0","1","16","0","0","0"
"Priest","613","Discipline","988","Dispel Magic","0","1","16","0","0","0"
"Priest","613","Discipline","1006","Inner Fire","0","1","16","0","0","0"
"Priest","613","Discipline","1243","Power Word: Fortitude","0","1","16","0","0","0"
"Priest","613","Discipline","1244","Power Word: Fortitude","0","1","16","0","0","0"
"Priest","613","Discipline","1245","Power Word: Fortitude","0","1","16","0","0","0"
"Priest","613","Discipline","1706","Levitate","0","1","16","0","0","0"
"Priest","613","Discipline","2651","Elune's Grace","0","1","16","8","0","0"
"Priest","613","Discipline","2791","Power Word: Fortitude","0","1","16","0","0","0"
"Priest","613","Discipline","3747","Power Word: Shield","0","1","16","0","0","0"
"Priest","613","Discipline","6065","Power Word: Shield","0","1","16","0","0","0"
"Priest","613","Discipline","6066","Power Word: Shield","0","1","16","0","0","0"
"Priest","613","Discipline","6346","Fear Ward","0","1","16","0","0","0"
"Priest","613","Discipline","7128","Inner Fire","0","1","16","0","0","0"
"Priest","613","Discipline","8129","Mana Burn","0","1","16","0","0","0"
"Priest","613","Discipline","8131","Mana Burn","0","1","16","0","0","0"
"Priest","613","Discipline","9484","Shackle Undead","0","1","16","0","0","0"
"Priest","613","Discipline","9485","Shackle Undead","0","1","16","0","0","0"
"Priest","613","Discipline","10060","Power Infusion","0","1","16","0","0","0"
"Priest","613","Discipline","10797","Starshards","0","1","16","8","0","0"
"Priest","613","Discipline","10874","Mana Burn","0","1","16","0","0","0"
"Priest","613","Discipline","10875","Mana Burn","0","1","16","0","0","0"
"Priest","613","Discipline","10876","Mana Burn","0","1","16","0","0","0"
"Priest","613","Discipline","10898","Power Word: Shield","0","1","16","0","0","0"
"Priest","613","Discipline","10899","Power Word: Shield","0","1","16","0","0","0"
"Priest","613","Discipline","10900","Power Word: Shield","0","1","16","0","0","0"
"Priest","613","Discipline","10901","Power Word: Shield","0","1","16","0","0","0"
"Priest","613","Discipline","10937","Power Word: Fortitude","0","1","16","0","0","0"
"Priest","613","Discipline","10938","Power Word: Fortitude","0","1","16","0","0","0"
"Priest","613","Discipline","10951","Inner Fire","0","1","16","0","0","0"
"Priest","613","Discipline","10952","Inner Fire","0","1","16","0","0","0"
"Priest","613","Discipline","10955","Shackle Undead","0","1","16","0","0","0"
"Priest","613","Discipline","13896","Feedback","0","1","16","1","0","0"
"Priest","613","Discipline","14520","Mental Agility","0","1","0","0","0","0"
"Priest","613","Discipline","14521","Meditation","0","1","0","0","0","0"
"Priest","613","Discipline","14522","Unbreakable Will","0","1","0","0","0","0"
"Priest","613","Discipline","14523","Silent Resolve","0","1","0","0","0","0"
"Priest","613","Discipline","14524","Wand Specialization","0","1","0","0","0","0"
"Priest","613","Discipline","14525","Wand Specialization","0","1","0","0","0","0"
"Priest","613","Discipline","14526","Wand Specialization","0","1","0","0","0","0"
"Priest","613","Discipline","14527","Wand Specialization","0","1","0","0","0","0"
"Priest","613","Discipline","14528","Wand Specialization","0","1","0","0","0","0"
"Priest","613","Discipline","14531","Martyrdom","0","1","16","0","0","0"
"Priest","613","Discipline","14743","Focused Casting","0","1","16","0","0","0"
"Priest","613","Discipline","14747","Improved Inner Fire","0","1","0","0","0","0"
"Priest","613","Discipline","14748","Improved Power Word: Shield","0","1","0","0","0","0"
"Priest","613","Discipline","14749","Improved Power Word: Fortitude","0","1","0","0","0","0"
"Priest","613","Discipline","14750","Improved Mana Burn","0","1","0","0","0","0"
"Priest","613","Discipline","14751","Inner Focus","0","1","0","0","0","0"
"Priest","613","Discipline","14752","Divine Spirit","0","1","16","0","0","0"
"Priest","613","Discipline","14767","Improved Power Word: Fortitude","0","1","0","0","0","0"
"Priest","613","Discipline","14768","Improved Power Word: Shield","0","1","0","0","0","0"
"Priest","613","Discipline","14769","Improved Power Word: Shield","0","1","0","0","0","0"
"Priest","613","Discipline","14770","Improved Inner Fire","0","1","0","0","0","0"
"Priest","613","Discipline","14771","Improved Inner Fire","0","1","0","0","0","0"
"Priest","613","Discipline","14772","Improved Mana Burn","0","1","0","0","0","0"
"Priest","613","Discipline","14774","Martyrdom","0","1","16","0","0","0"
"Priest","613","Discipline","14776","Meditation","0","1","0","0","0","0"
"Priest","613","Discipline","14777","Meditation","0","1","0","0","0","0"
"Priest","613","Discipline","14780","Mental Agility","0","1","0","0","0","0"
"Priest","613","Discipline","14781","Mental Agility","0","1","0","0","0","0"
"Priest","613","Discipline","14782","Mental Agility","0","1","0","0","0","0"
"Priest","613","Discipline","14783","Mental Agility","0","1","0","0","0","0"
"Priest","613","Discipline","14784","Silent Resolve","0","1","0","0","0","0"
"Priest","613","Discipline","14785","Silent Resolve","0","1","0","0","0","0"
"Priest","613","Discipline","14786","Silent Resolve","0","1","0","0","0","0"
"Priest","613","Discipline","14787","Silent Resolve","0","1","0","0","0","0"
"Priest","613","Discipline","14788","Unbreakable Will","0","1","0","0","0","0"
"Priest","613","Discipline","14789","Unbreakable Will","0","1","0","0","0","0"
"Priest","613","Discipline","14790","Unbreakable Will","0","1","0","0","0","0"
"Priest","613","Discipline","14791","Unbreakable Will","0","1","0","0","0","0"
"Priest","613","Discipline","14818","Divine Spirit","0","1","16","0","0","0"
"Priest","613","Discipline","14819","Divine Spirit","0","1","16","0","0","0"
"Priest","613","Discipline","18544","Force of Will","0","1","0","0","0","0"
"Priest","613","Discipline","18547","Force of Will","0","1","0","0","0","0"
"Priest","613","Discipline","18548","Force of Will","0","1","0","0","0","0"
"Priest","613","Discipline","18549","Force of Will","0","1","0","0","0","0"
"Priest","613","Discipline","18550","Force of Will","0","1","0","0","0","0"
"Priest","613","Discipline","18551","Mental Strength","0","1","0","0","0","0"
"Priest","613","Discipline","18552","Mental Strength","0","1","0","0","0","0"
"Priest","613","Discipline","18553","Mental Strength","0","1","0","0","0","0"
"Priest","613","Discipline","18554","Mental Strength","0","1","0","0","0","0"
"Priest","613","Discipline","18555","Mental Strength","0","1","0","0","0","0"
"Priest","613","Discipline","19271","Feedback","0","1","16","1","0","0"
"Priest","613","Discipline","19273","Feedback","0","1","16","1","0","0"
"Priest","613","Discipline","19274","Feedback","0","1","16","1","0","0"
"Priest","613","Discipline","19275","Feedback","0","1","16","1","0","0"
"Priest","613","Discipline","19296","Starshards","0","1","16","8","0","0"
"Priest","613","Discipline","19299","Starshards","0","1","16","8","0","0"
"Priest","613","Discipline","19302","Starshards","0","1","16","8","0","0"
"Priest","613","Discipline","19303","Starshards","0","1","16","8","0","0"
"Priest","613","Discipline","19304","Starshards","0","1","16","8","0","0"
"Priest","613","Discipline","19305","Starshards","0","1","16","8","0","0"
"Priest","613","Discipline","21562","Prayer of Fortitude","0","1","16","0","0","0"
"Priest","613","Discipline","21564","Prayer of Fortitude","0","1","16","0","0","0"
"Priest","613","Discipline","25217","Power Word: Shield","0","1","16","0","0","0"
"Priest","613","Discipline","25218","Power Word: Shield","0","1","16","0","0","0"
"Priest","613","Discipline","25312","Divine Spirit","0","1","16","0","0","0"
"Priest","613","Discipline","25379","Mana Burn","0","1","16","0","0","0"
"Priest","613","Discipline","25380","Mana Burn","0","1","16","0","0","0"
"Priest","613","Discipline","25389","Power Word: Fortitude","0","1","16","0","0","0"
"Priest","613","Discipline","25392","Prayer of Fortitude","0","1","16","0","0","0"
"Priest","613","Discipline","25431","Inner Fire","0","1","16","0","0","0"
"Priest","613","Discipline","25441","Feedback","0","1","16","1","0","0"
"Priest","613","Discipline","25446","Starshards","0","1","16","8","0","0"
"Priest","613","Discipline","27681","Prayer of Spirit","0","1","16","0","0","0"
"Priest","613","Discipline","27828","Focused Casting","0","1","16","0","0","0"
"Priest","613","Discipline","27841","Divine Spirit","0","1","16","0","0","0"
"Priest","613","Discipline","32375","Mass Dispel","0","1","16","0","0","0"
"Priest","613","Discipline","32548","Symbol of Hope","0","1","16","1024","0","0"
"Priest","613","Discipline","32676","Consume Magic","0","1","16","512","0","0"
"Priest","613","Discipline","32999","Prayer of Spirit","0","1","16","0","0","0"
"Priest","613","Discipline","33167","Absolution","0","1","16","0","0","0"
"Priest","613","Discipline","33171","Absolution","0","1","16","0","0","0"
"Priest","613","Discipline","33172","Absolution","0","1","16","0","0","0"
"Priest","613","Discipline","33174","Improved Divine Spirit","0","1","16","0","0","0"
"Priest","613","Discipline","33182","Improved Divine Spirit","0","1","16","0","0","0"
"Priest","613","Discipline","33186","Focused Power","0","1","16","0","0","0"
"Priest","613","Discipline","33190","Focused Power","0","1","16","0","0","0"
"Priest","613","Discipline","33201","Reflective Shield","0","1","16","0","0","0"
"Priest","613","Discipline","33202","Reflective Shield","0","1","16","0","0","0"
"Priest","613","Discipline","33203","Reflective Shield","0","1","16","0","0","0"
"Priest","613","Discipline","33204","Reflective Shield","0","1","16","0","0","0"
"Priest","613","Discipline","33205","Reflective Shield","0","1","16","0","0","0"
"Priest","613","Discipline","33206","Pain Suppression","0","1","16","0","0","0"
"Priest","613","Discipline","34908","Enlightenment","0","1","16","0","0","0"
"Priest","613","Discipline","34909","Enlightenment","0","1","16","0","0","0"
"Priest","613","Discipline","34910","Enlightenment","0","1","16","0","0","0"
"Priest","613","Discipline","34911","Enlightenment","0","1","16","0","0","0"
"Priest","613","Discipline","34912","Enlightenment","0","1","16","0","0","0"
"Priest","613","Discipline","44416","Pain Suppression","0","1","16","0","0","0"
"Priest","613","Discipline","45234","Focused Will","0","1","16","0","0","0"
"Priest","613","Discipline","45237","Focused Will","0","1","16","0","0","0"
"Priest","613","Discipline","45241","Focused Will","0","1","16","0","0","0"
"Priest","613","Discipline","45242","Focused Will","0","1","16","0","0","0"
"Priest","613","Discipline","45243","Focused Will","0","1","16","0","0","0"
"Priest","613","Discipline","45244","Focused Will","0","1","16","0","0","0"
"Rogue","38","Combat","53","Backstab","0","1","8","0","0","0"
"Rogue","38","Combat","1752","Sinister Strike","2","1","8","0","0","0"
"Rogue","38","Combat","1757","Sinister Strike","0","1","8","0","1752","0"
"Rogue","38","Combat","1758","Sinister Strike","0","1","8","0","1757","0"
"Rogue","38","Combat","1759","Sinister Strike","0","1","8","0","1758","0"
"Rogue","38","Combat","1760","Sinister Strike","0","1","8","0","1759","0"
"Rogue","38","Combat","1766","Kick","0","1","8","0","0","0"
"Rogue","38","Combat","1767","Kick","0","1","8","0","1766","0"
"Rogue","38","Combat","1768","Kick","0","1","8","0","1767","0"
"Rogue","38","Combat","1769","Kick","0","1","8","0","1768","0"
"Rogue","38","Combat","1776","Gouge","0","1","8","0","0","0"
"Rogue","38","Combat","1777","Gouge","0","1","8","0","1776","0"
"Rogue","38","Combat","1966","Feint","0","1","8","0","0","0"
"Rogue","38","Combat","2589","Backstab","0","1","8","0","53","0"
"Rogue","38","Combat","2590","Backstab","0","1","8","0","2589","0"
"Rogue","38","Combat","2591","Backstab","0","1","8","0","2590","0"
"Rogue","38","Combat","2983","Sprint","0","1","8","0","0","0"
"Rogue","38","Combat","5277","Evasion","0","1","8","0","0","0"
"Rogue","38","Combat","5938","Shiv","0","1","8","0","0","0"
"Rogue","38","Combat","6768","Feint","0","1","8","0","1966","0"
"Rogue","38","Combat","8621","Sinister Strike","0","1","8","0","1760","0"
"Rogue","38","Combat","8629","Gouge","0","1","8","0","1777","0"
"Rogue","38","Combat","8637","Feint","0","1","8","0","6768","0"
"Rogue","38","Combat","8696","Sprint","0","1","8","0","2983","0"
"Rogue","38","Combat","8721","Backstab","0","1","8","0","2591","0"
"Rogue","38","Combat","11279","Backstab","0","1","8","0","8721","0"
"Rogue","38","Combat","11280","Backstab","0","1","8","0","11279","0"
"Rogue","38","Combat","11281","Backstab","0","1","8","0","11280","0"
"Rogue","38","Combat","11285","Gouge","0","1","8","0","8629","0"
"Rogue","38","Combat","11286","Gouge","0","1","8","0","11285","0"
"Rogue","38","Combat","11293","Sinister Strike","0","1","8","0","8621","0"
"Rogue","38","Combat","11294","Sinister Strike","0","1","8","0","11293","0"
"Rogue","38","Combat","11303","Feint","0","1","8","0","8637","0"
"Rogue","38","Combat","11305","Sprint","0","1","8","0","8696","0"
"Rogue","38","Combat","13705","Precision","0","1","0","0","0","0"
"Rogue","38","Combat","13706","Dagger Specialization","0","1","0","0","0","0"
"Rogue","38","Combat","13706","Dagger Specialization","0","1","0","0","0","0"
"Rogue","38","Combat","13707","Fist Weapon Specialization","0","1","0","0","0","0"
"Rogue","38","Combat","13709","Mace Specialization","0","1","0","0","0","0"
"Rogue","38","Combat","13712","Lightning Reflexes","0","1","0","0","0","0"
"Rogue","38","Combat","13713","Deflection","0","1","0","0","0","0"
"Rogue","38","Combat","13715","Dual Wield Specialization","0","1","0","0","0","0"
"Rogue","38","Combat","13732","Improved Sinister Strike","0","1","0","0","0","0"
"Rogue","38","Combat","13733","Puncturing Wounds","0","1","0","0","0","0"
"Rogue","38","Combat","13741","Improved Gouge","0","1","0","0","0","0"
"Rogue","38","Combat","13742","Endurance","0","1","0","0","0","0"
"Rogue","38","Combat","13743","Improved Sprint","0","1","0","0","0","0"
"Rogue","38","Combat","13750","Adrenaline Rush","0","1","0","0","0","0"
"Rogue","38","Combat","13754","Improved Kick","0","1","0","0","0","0"
"Rogue","38","Combat","13788","Lightning Reflexes","0","1","0","0","0","0"
"Rogue","38","Combat","13789","Lightning Reflexes","0","1","0","0","0","0"
"Rogue","38","Combat","13790","Lightning Reflexes","0","1","0","0","0","0"
"Rogue","38","Combat","13791","Lightning Reflexes","0","1","0","0","0","0"
"Rogue","38","Combat","13792","Improved Gouge","0","1","0","0","0","0"
"Rogue","38","Combat","13793","Improved Gouge","0","1","0","0","0","0"
"Rogue","38","Combat","13800","Mace Specialization","0","1","0","0","0","0"
"Rogue","38","Combat","13801","Mace Specialization","0","1","0","0","0","0"
"Rogue","38","Combat","13802","Mace Specialization","0","1","0","0","0","0"
"Rogue","38","Combat","13803","Mace Specialization","0","1","0","0","0","0"
"Rogue","38","Combat","13804","Dagger Specialization","0","1","0","0","0","0"
"Rogue","38","Combat","13805","Dagger Specialization","0","1","0","0","0","0"
"Rogue","38","Combat","13806","Dagger Specialization","0","1","0","0","0","0"
"Rogue","38","Combat","13807","Dagger Specialization","0","1","0","0","0","0"
"Rogue","38","Combat","13832","Precision","0","1","0","0","0","0"
"Rogue","38","Combat","13843","Precision","0","1","0","0","0","0"
"Rogue","38","Combat","13844","Precision","0","1","0","0","0","0"
"Rogue","38","Combat","13845","Precision","0","1","0","0","0","0"
"Rogue","38","Combat","13848","Dual Wield Specialization","0","1","0","0","0","0"
"Rogue","38","Combat","13849","Dual Wield Specialization","0","1","0","0","0","0"
"Rogue","38","Combat","13851","Dual Wield Specialization","0","1","0","0","0","0"
"Rogue","38","Combat","13852","Dual Wield Specialization","0","1","0","0","0","0"
"Rogue","38","Combat","13853","Deflection","0","1","0","0","0","0"
"Rogue","38","Combat","13854","Deflection","0","1","0","0","0","0"
"Rogue","38","Combat","13855","Deflection","0","1","0","0","0","0"
"Rogue","38","Combat","13856","Deflection","0","1","0","0","0","0"
"Rogue","38","Combat","13863","Improved Sinister Strike","0","1","0","0","0","0"
"Rogue","38","Combat","13865","Puncturing Wounds","0","1","0","0","0","0"
"Rogue","38","Combat","13866","Puncturing Wounds","0","1","0","0","0","0"
"Rogue","38","Combat","13867","Improved Kick","0","1","0","0","0","0"
"Rogue","38","Combat","13872","Endurance","0","1","0","0","0","0"
"Rogue","38","Combat","13875","Improved Sprint","0","1","0","0","0","0"
"Rogue","38","Combat","13877","Blade Flurry","0","1","0","0","0","0"
"Rogue","38","Combat","13960","Sword Specialization","0","1","0","0","0","0"
"Rogue","38","Combat","13961","Sword Specialization","0","1","0","0","0","0"
"Rogue","38","Combat","13962","Sword Specialization","0","1","0","0","0","0"
"Rogue","38","Combat","13963","Sword Specialization","0","1","0","0","0","0"
"Rogue","38","Combat","13964","Sword Specialization","0","1","0","0","0","0"
"Rogue","38","Combat","13966","Fist Weapon Specialization","0","1","0","0","0","0"
"Rogue","38","Combat","13967","Fist Weapon Specialization","0","1","0","0","0","0"
"Rogue","38","Combat","13968","Fist Weapon Specialization","0","1","0","0","0","0"
"Rogue","38","Combat","13969","Fist Weapon Specialization","0","1","0","0","0","0"
"Rogue","38","Combat","14251","Riposte","0","1","0","0","0","0"
"Rogue","38","Combat","18427","Aggression","0","1","0","0","0","0"
"Rogue","38","Combat","18428","Aggression","0","1","0","0","0","0"
"Rogue","38","Combat","18429","Aggression","0","1","0","0","0","0"
"Rogue","38","Combat","21184","Rogue Passive (DND)","2","1","8","0","0","0"
"Rogue","38","Combat","25300","Backstab","0","1","8","0","11281","0"
"Rogue","38","Combat","25302","Feint","0","1","8","0","11303","0"
"Rogue","38","Combat","26669","Evasion","0","1","8","0","5277","0"
"Rogue","38","Combat","26861","Sinister Strike","0","1","8","0","11294","0"
"Rogue","38","Combat","26862","Sinister Strike","0","1","8","0","26861","0"
"Rogue","38","Combat","26863","Backstab","0","1","8","0","25300","0"
"Rogue","38","Combat","27448","Feint","0","1","8","0","25302","0"
"Rogue","38","Combat","30919","Weapon Expertise","0","1","0","0","0","0"
"Rogue","38","Combat","30920","Weapon Expertise","0","1","0","0","0","0"
"Rogue","38","Combat","31122","Vitality","0","1","8","0","0","0"
"Rogue","38","Combat","31123","Vitality","0","1","8","0","0","0"
"Rogue","38","Combat","31124","Blade Twisting","0","1","8","0","0","0"
"Rogue","38","Combat","31125","Dazed","0","1","8","0","0","0"
"Rogue","38","Combat","31126","Blade Twisting","0","1","8","0","0","0"
"Rogue","38","Combat","31130","Nerves of Steel","0","1","8","0","0","0"
"Rogue","38","Combat","31131","Nerves of Steel","0","1","8","0","0","0"
"Rogue","38","Combat","32601","Surprise Attacks","0","1","8","0","0","0"
"Rogue","38","Combat","35541","Combat Potency","0","1","8","0","0","0"
"Rogue","38","Combat","35550","Combat Potency","0","1","8","0","0","0"
"Rogue","38","Combat","35551","Combat Potency","0","1","8","0","0","0"
"Rogue","38","Combat","35552","Combat Potency","0","1","8","0","0","0"
"Rogue","38","Combat","35553","Combat Potency","0","1","8","0","0","0"
"Rogue","38","Combat","38764","Gouge","0","1","8","0","11286","0"
"Rogue","38","Combat","38768","Kick","0","1","8","0","1769","0"
"Rogue","39","Subtlety","921","Pick Pocket","0","1","8","0","0","0"
"Rogue","39","Subtlety","1725","Distract","0","1","8","0","0","0"
"Rogue","39","Subtlety","1784","Stealth","0","1","8","0","0","0"
"Rogue","39","Subtlety","1785","Stealth","0","1","8","0","1784","0"
"Rogue","39","Subtlety","1786","Stealth","0","1","8","0","1785","0"
"Rogue","39","Subtlety","1787","Stealth","0","1","8","0","1786","0"
"Rogue","39","Subtlety","1842","Disarm Trap","0","1","8","0","0","0"
"Rogue","39","Subtlety","1856","Vanish","0","1","8","0","0","0"
"Rogue","39","Subtlety","1857","Vanish","0","1","8","0","1856","0"
"Rogue","39","Subtlety","1860","Safe Fall","0","1","8","0","0","0"
"Rogue","39","Subtlety","2070","Sap","0","1","8","0","6770","0"
"Rogue","39","Subtlety","2094","Blind","0","1","8","0","0","0"
"Rogue","39","Subtlety","2836","Detect Traps","0","1","8","0","0","0"
"Rogue","39","Subtlety","6770","Sap","0","1","8","0","0","0"
"Rogue","39","Subtlety","11297","Sap","0","1","8","0","2070","0"
"Rogue","39","Subtlety","13958","Master of Deception","0","1","0","0","0","0"
"Rogue","39","Subtlety","13970","Master of Deception","0","1","0","0","0","0"
"Rogue","39","Subtlety","13971","Master of Deception","0","1","0","0","0","0"
"Rogue","39","Subtlety","13972","Master of Deception","0","1","0","0","0","0"
"Rogue","39","Subtlety","13973","Master of Deception","0","1","0","0","0","0"
"Rogue","39","Subtlety","13975","Camouflage","0","1","0","0","0","0"
"Rogue","39","Subtlety","13976","Initiative","0","1","0","0","0","0"
"Rogue","39","Subtlety","13977","Initiative","0","1","0","0","0","0"
"Rogue","39","Subtlety","13979","Initiative","0","1","0","0","0","0"
"Rogue","39","Subtlety","13980","Initiative","0","1","0","0","0","0"
"Rogue","39","Subtlety","13981","Elusiveness","0","1","0","0","0","0"
"Rogue","39","Subtlety","13983","Setup","0","1","0","0","0","0"
"Rogue","39","Subtlety","14057","Opportunity","0","1","0","0","0","0"
"Rogue","39","Subtlety","14062","Camouflage","0","1","0","0","0","0"
"Rogue","39","Subtlety","14063","Camouflage","0","1","0","0","0","0"
"Rogue","39","Subtlety","14064","Camouflage","0","1","0","0","0","0"
"Rogue","39","Subtlety","14065","Camouflage","0","1","0","0","0","0"
"Rogue","39","Subtlety","14066","Elusiveness","0","1","0","0","0","0"
"Rogue","39","Subtlety","14070","Setup","0","1","0","0","0","0"
"Rogue","39","Subtlety","14071","Setup","0","1","0","0","0","0"
"Rogue","39","Subtlety","14072","Opportunity","0","1","0","0","0","0"
"Rogue","39","Subtlety","14073","Opportunity","0","1","0","0","0","0"
"Rogue","39","Subtlety","14074","Opportunity","0","1","0","0","0","0"
"Rogue","39","Subtlety","14075","Opportunity","0","1","0","0","0","0"
"Rogue","39","Subtlety","14076","Dirty Tricks","0","1","0","0","0","0"
"Rogue","39","Subtlety","14079","Improved Ambush","0","1","0","0","0","0"
"Rogue","39","Subtlety","14080","Improved Ambush","0","1","0","0","0","0"
"Rogue","39","Subtlety","14081","Improved Ambush","0","1","0","0","0","0"
"Rogue","39","Subtlety","14082","Dirty Deeds","0","1","0","0","0","0"
"Rogue","39","Subtlety","14083","Dirty Deeds","0","1","0","0","0","0"
"Rogue","39","Subtlety","14093","Vanished","0","1","0","0","0","0"
"Rogue","39","Subtlety","14094","Dirty Tricks","0","1","0","0","0","0"
"Rogue","39","Subtlety","14171","Serrated Blades","0","1","0","0","0","0"
"Rogue","39","Subtlety","14172","Serrated Blades","0","1","0","0","0","0"
"Rogue","39","Subtlety","14173","Serrated Blades","0","1","0","0","0","0"
"Rogue","39","Subtlety","14183","Premeditation","0","1","0","0","0","0"
"Rogue","39","Subtlety","14185","Preparation","0","1","0","0","0","0"
"Rogue","39","Subtlety","14278","Ghostly Strike","0","1","8","0","0","0"
"Rogue","39","Subtlety","16511","Hemorrhage","0","1","8","0","0","0"
"Rogue","39","Subtlety","17347","Hemorrhage","0","1","8","0","16511","0"
"Rogue","39","Subtlety","17348","Hemorrhage","0","1","8","0","17347","0"
"Rogue","39","Subtlety","24224","Intuition","0","1","0","0","0","0"
"Rogue","39","Subtlety","26864","Hemorrhage","0","1","8","0","17348","0"
"Rogue","39","Subtlety","26889","Vanish","0","1","8","0","1857","0"
"Rogue","39","Subtlety","27095","Intuition","0","1","0","0","0","0"
"Rogue","39","Subtlety","27096","Intuition","0","1","0","0","0","0"
"Rogue","39","Subtlety","27097","Intuition","0","1","0","0","0","0"
"Rogue","39","Subtlety","27099","Intuition","0","1","0","0","0","0"
"Rogue","39","Subtlety","30892","Sleight of Hand","0","1","0","0","0","0"
"Rogue","39","Subtlety","30893","Sleight of Hand","0","1","0","0","0","0"
"Rogue","39","Subtlety","30894","Heightened Senses","0","1","0","0","0","0"
"Rogue","39","Subtlety","30895","Heightened Senses","0","1","0","0","0","0"
"Rogue","39","Subtlety","30902","Deadliness","0","1","0","0","0","0"
"Rogue","39","Subtlety","30903","Deadliness","0","1","0","0","0","0"
"Rogue","39","Subtlety","30904","Deadliness","0","1","0","0","0","0"
"Rogue","39","Subtlety","30905","Deadliness","0","1","0","0","0","0"
"Rogue","39","Subtlety","30906","Deadliness","0","1","0","0","0","0"
"Rogue","39","Subtlety","31211","Enveloping Shadows","0","1","8","0","0","0"
"Rogue","39","Subtlety","31212","Enveloping Shadows","0","1","8","0","0","0"
"Rogue","39","Subtlety","31213","Enveloping Shadows","0","1","8","0","0","0"
"Rogue","39","Subtlety","31216","Sinister Calling","0","1","8","0","0","0"
"Rogue","39","Subtlety","31217","Sinister Calling","0","1","8","0","0","0"
"Rogue","39","Subtlety","31218","Sinister Calling","0","1","8","0","0","0"
"Rogue","39","Subtlety","31219","Sinister Calling","0","1","8","0","0","0"
"Rogue","39","Subtlety","31220","Sinister Calling","0","1","8","0","0","0"
"Rogue","39","Subtlety","31221","Master of Subtlety","0","1","8","0","0","0"
"Rogue","39","Subtlety","31222","Master of Subtlety","0","1","8","0","0","0"
"Rogue","39","Subtlety","31223","Master of Subtlety","0","1","8","0","0","0"
"Rogue","39","Subtlety","31224","Cloak of Shadows","0","1","8","0","0","0"
"Rogue","39","Subtlety","31228","Cheat Death","0","1","8","0","0","0"
"Rogue","39","Subtlety","31229","Cheat Death","0","1","8","0","0","0"
"Rogue","39","Subtlety","31230","Cheat Death","0","1","8","0","0","0"
"Rogue","39","Subtlety","36554","Shadowstep","0","1","8","0","0","0"
"Rogue","40","Poisons","2835","Deadly Poison","0","1","8","0","0","0"
"Rogue","40","Poisons","2837","Deadly Poison II","0","1","8","0","0","0"
"Rogue","40","Poisons","2842","Poisons","0","1","8","0","0","0"
"Rogue","40","Poisons","3420","Crippling Poison","0","1","8","0","0","0"
"Rogue","40","Poisons","3421","Crippling Poison II","0","1","8","0","0","0"
"Rogue","40","Poisons","5763","Mind-numbing Poison","0","1","8","0","0","0"
"Rogue","40","Poisons","8681","Instant Poison","1","1","8","0","0","0"
"Rogue","40","Poisons","8687","Instant Poison II","0","1","8","0","0","0"
"Rogue","40","Poisons","8691","Instant Poison III","0","1","8","0","0","0"
"Rogue","40","Poisons","8694","Mind-numbing Poison II","0","1","8","0","0","0"
"Rogue","40","Poisons","11341","Instant Poison IV","0","1","8","0","0","0"
"Rogue","40","Poisons","11342","Instant Poison V","0","1","8","0","0","0"
"Rogue","40","Poisons","11343","Instant Poison VI","0","1","8","0","0","0"
"Rogue","40","Poisons","11357","Deadly Poison III","0","1","8","0","0","0"
"Rogue","40","Poisons","11358","Deadly Poison IV","0","1","8","0","0","0"
"Rogue","40","Poisons","11400","Mind-numbing Poison III","0","1","8","0","0","0"
"Rogue","40","Poisons","13220","Wound Poison","0","1","8","0","0","0"
"Rogue","40","Poisons","13228","Wound Poison II","0","1","8","0","0","0"
"Rogue","40","Poisons","13229","Wound Poison III","0","1","8","0","0","0"
"Rogue","40","Poisons","13230","Wound Poison IV","0","1","8","0","0","0"
"Rogue","40","Poisons","25347","Deadly Poison V","0","1","8","0","0","0"
"Rogue","40","Poisons","26786","Anesthetic Poison","0","1","8","0","0","0"
"Rogue","40","Poisons","26892","Instant Poison VII","0","1","8","0","0","0"
"Rogue","40","Poisons","26969","Deadly Poison VI","0","1","8","0","0","0"
"Rogue","40","Poisons","27282","Deadly Poison VII","0","1","8","0","0","0"
"Rogue","40","Poisons","27283","Wound Poison V","0","1","8","0","0","0"
"Rogue","253","Assassination","408","Kidney Shot","0","1","8","0","0","0"
"Rogue","253","Assassination","703","Garrote","0","1","8","0","0","0"
"Rogue","253","Assassination","1329","Mutilate","0","1","8","0","0","0"
"Rogue","253","Assassination","1833","Cheap Shot","0","1","8","0","0","0"
"Rogue","253","Assassination","1943","Rupture","0","1","8","0","0","0"
"Rogue","253","Assassination","2098","Eviscerate","2","1","8","0","0","0"
"Rogue","253","Assassination","5171","Slice and Dice","0","1","8","0","0","0"
"Rogue","253","Assassination","6760","Eviscerate","0","1","8","0","2098","0"
"Rogue","253","Assassination","6761","Eviscerate","0","1","8","0","6760","0"
"Rogue","253","Assassination","6762","Eviscerate","0","1","8","0","6761","0"
"Rogue","253","Assassination","6774","Slice and Dice","0","1","8","0","5171","0"
"Rogue","253","Assassination","8623","Eviscerate","0","1","8","0","6762","0"
"Rogue","253","Assassination","8624","Eviscerate","0","1","8","0","8623","0"
"Rogue","253","Assassination","8631","Garrote","0","1","8","0","703","0"
"Rogue","253","Assassination","8632","Garrote","0","1","8","0","8631","0"
"Rogue","253","Assassination","8633","Garrote","0","1","8","0","8632","0"
"Rogue","253","Assassination","8639","Rupture","0","1","8","0","1943","0"
"Rogue","253","Assassination","8640","Rupture","0","1","8","0","8639","0"
"Rogue","253","Assassination","8643","Kidney Shot","0","1","8","0","408","0"
"Rogue","253","Assassination","8647","Expose Armor","0","1","8","0","0","0"
"Rogue","253","Assassination","8649","Expose Armor","0","1","8","0","8647","0"
"Rogue","253","Assassination","8650","Expose Armor","0","1","8","0","8649","0"
"Rogue","253","Assassination","8676","Ambush","0","1","8","0","0","0"
"Rogue","253","Assassination","8724","Ambush","0","1","8","0","8676","0"
"Rogue","253","Assassination","8725","Ambush","0","1","8","0","8724","0"
"Rogue","253","Assassination","11197","Expose Armor","0","1","8","0","8650","0"
"Rogue","253","Assassination","11198","Expose Armor","0","1","8","0","11197","0"
"Rogue","253","Assassination","11267","Ambush","0","1","8","0","8725","0"
"Rogue","253","Assassination","11268","Ambush","0","1","8","0","11267","0"
"Rogue","253","Assassination","11269","Ambush","0","1","8","0","11268","0"
"Rogue","253","Assassination","11273","Rupture","0","1","8","0","8640","0"
"Rogue","253","Assassination","11274","Rupture","0","1","8","0","11273","0"
"Rogue","253","Assassination","11275","Rupture","0","1","8","0","11274","0"
"Rogue","253","Assassination","11289","Garrote","0","1","8","0","8633","0"
"Rogue","253","Assassination","11290","Garrote","0","1","8","0","11289","0"
"Rogue","253","Assassination","11299","Eviscerate","0","1","8","0","8624","0"
"Rogue","253","Assassination","11300","Eviscerate","0","1","8","0","11299","0"
"Rogue","253","Assassination","14113","Improved Poisons","0","1","0","0","0","0"
"Rogue","253","Assassination","14114","Improved Poisons","0","1","0","0","0","0"
"Rogue","253","Assassination","14115","Improved Poisons","0","1","0","0","0","0"
"Rogue","253","Assassination","14116","Improved Poisons","0","1","0","0","0","0"
"Rogue","253","Assassination","14117","Improved Poisons","0","1","0","0","0","0"
"Rogue","253","Assassination","14128","Lethality","0","1","0","0","0","0"
"Rogue","253","Assassination","14132","Lethality","0","1","0","0","0","0"
"Rogue","253","Assassination","14135","Lethality","0","1","0","0","0","0"
"Rogue","253","Assassination","14136","Lethality","0","1","0","0","0","0"
"Rogue","253","Assassination","14137","Lethality","0","1","0","0","0","0"
"Rogue","253","Assassination","14138","Malice","0","1","0","0","0","0"
"Rogue","253","Assassination","14139","Malice","0","1","0","0","0","0"
"Rogue","253","Assassination","14140","Malice","0","1","0","0","0","0"
"Rogue","253","Assassination","14141","Malice","0","1","0","0","0","0"
"Rogue","253","Assassination","14142","Malice","0","1","0","0","0","0"
"Rogue","253","Assassination","14144","Remorseless Attacks","0","1","0","0","0","0"
"Rogue","253","Assassination","14148","Remorseless Attacks","0","1","0","0","0","0"
"Rogue","253","Assassination","14156","Ruthlessness","0","1","0","0","0","0"
"Rogue","253","Assassination","14158","Murder","0","1","0","0","0","0"
"Rogue","253","Assassination","14159","Murder","0","1","0","0","0","0"
"Rogue","253","Assassination","14160","Ruthlessness","0","1","0","0","0","0"
"Rogue","253","Assassination","14161","Ruthlessness","0","1","0","0","0","0"
"Rogue","253","Assassination","14162","Improved Eviscerate","0","1","0","0","0","0"
"Rogue","253","Assassination","14163","Improved Eviscerate","0","1","0","0","0","0"
"Rogue","253","Assassination","14164","Improved Eviscerate","0","1","0","0","0","0"
"Rogue","253","Assassination","14165","Improved Slice and Dice","0","1","0","0","0","0"
"Rogue","253","Assassination","14166","Improved Slice and Dice","0","1","0","0","0","0"
"Rogue","253","Assassination","14167","Improved Slice and Dice","0","1","0","0","0","0"
"Rogue","253","Assassination","14168","Improved Expose Armor","0","1","0","0","0","0"
"Rogue","253","Assassination","14169","Improved Expose Armor","0","1","0","0","0","0"
"Rogue","253","Assassination","14174","Improved Kidney Shot","0","1","0","0","0","0"
"Rogue","253","Assassination","14175","Improved Kidney Shot","0","1","0","0","0","0"
"Rogue","253","Assassination","14176","Improved Kidney Shot","0","1","0","0","0","0"
"Rogue","253","Assassination","14177","Cold Blood","0","1","0","0","0","0"
"Rogue","253","Assassination","14179","Relentless Strikes","0","1","0","0","0","0"
"Rogue","253","Assassination","14186","Seal Fate","0","1","0","0","0","0"
"Rogue","253","Assassination","14190","Seal Fate","0","1","0","0","0","0"
"Rogue","253","Assassination","14193","Seal Fate","0","1","0","0","0","0"
"Rogue","253","Assassination","14194","Seal Fate","0","1","0","0","0","0"
"Rogue","253","Assassination","14195","Seal Fate","0","1","0","0","0","0"
"Rogue","253","Assassination","14983","Vigor","0","1","0","0","0","0"
"Rogue","253","Assassination","16513","Vile Poisons","0","1","0","0","0","0"
"Rogue","253","Assassination","16514","Vile Poisons","0","1","0","0","0","0"
"Rogue","253","Assassination","16515","Vile Poisons","0","1","0","0","0","0"
"Rogue","253","Assassination","16719","Vile Poisons","0","1","0","0","0","0"
"Rogue","253","Assassination","16720","Vile Poisons","0","1","0","0","0","0"
"Rogue","253","Assassination","26679","Deadly Throw","0","1","8","0","0","0"
"Rogue","253","Assassination","26839","Garrote","0","1","8","0","11290","0"
"Rogue","253","Assassination","26865","Eviscerate","0","1","8","0","31016","0"
"Rogue","253","Assassination","26866","Expose Armor","0","1","8","0","11198","0"
"Rogue","253","Assassination","26867","Rupture","0","1","8","0","11275","0"
"Rogue","253","Assassination","26884","Garrote","0","1","8","0","26839","0"
"Rogue","253","Assassination","27441","Ambush","0","1","8","0","11269","0"
"Rogue","253","Assassination","31016","Eviscerate","0","1","8","0","11300","0"
"Rogue","253","Assassination","31208","Fleet Footed","0","1","8","0","0","0"
"Rogue","253","Assassination","31209","Fleet Footed","0","1","8","0","0","0"
"Rogue","253","Assassination","31226","Master Poisoner","0","1","8","0","0","0"
"Rogue","253","Assassination","31227","Master Poisoner","0","1","8","0","0","0"
"Rogue","253","Assassination","31233","Find Weakness","0","1","8","0","0","0"
"Rogue","253","Assassination","31234","Find Weakness","0","1","8","0","0","0"
"Rogue","253","Assassination","31235","Find Weakness","0","1","8","0","0","0"
"Rogue","253","Assassination","31236","Find Weakness","0","1","8","0","0","0"
"Rogue","253","Assassination","31237","Find Weakness","0","1","8","0","0","0"
"Rogue","253","Assassination","31238","Find Weakness","0","1","8","0","0","0"
"Rogue","253","Assassination","31239","Find Weakness","0","1","8","0","0","0"
"Rogue","253","Assassination","31240","Find Weakness","0","1","8","0","0","0"
"Rogue","253","Assassination","31241","Find Weakness","0","1","8","0","0","0"
"Rogue","253","Assassination","31242","Find Weakness","0","1","8","0","0","0"
"Rogue","253","Assassination","31244","Quick Recovery","0","1","8","0","0","0"
"Rogue","253","Assassination","31245","Quick Recovery","0","1","8","0","0","0"
"Rogue","253","Assassination","31380","Deadened Nerves","0","1","8","0","0","0"
"Rogue","253","Assassination","31382","Deadened Nerves","0","1","8","0","0","0"
"Rogue","253","Assassination","31383","Deadened Nerves","0","1","8","0","0","0"
"Rogue","253","Assassination","31384","Deadened Nerves","0","1","8","0","0","0"
"Rogue","253","Assassination","31385","Deadened Nerves","0","1","8","0","0","0"
"Rogue","253","Assassination","32645","Envenom","0","1","8","0","0","0"
"Rogue","253","Assassination","32684","Envenom","0","1","8","0","32645","0"
"Rogue","253","Assassination","34411","Mutilate","0","1","8","0","1329","0"
"Rogue","253","Assassination","34412","Mutilate","0","1","8","0","34411","0"
"Rogue","253","Assassination","34413","Mutilate","0","1","8","0","34412","0"
"Rogue","253","Assassination","39967","Envenom","0","1","8","0","0","0"
"Rogue","633","Lockpicking","1804","Pick Lock","0","1","8","0","0","0"
"Shaman","373","Enhancement","131","Water Breathing","0","1","64","0","0","0"
"Shaman","373","Enhancement","324","Lightning Shield","0","1","64","0","0","0"
"Shaman","373","Enhancement","325","Lightning Shield","0","1","64","0","0","0"
"Shaman","373","Enhancement","546","Water Walking","0","1","64","0","0","0"
"Shaman","373","Enhancement","556","Astral Recall","0","1","64","0","0","0"
"Shaman","373","Enhancement","905","Lightning Shield","0","1","64","0","0","0"
"Shaman","373","Enhancement","945","Lightning Shield","0","1","64","0","0","0"
"Shaman","373","Enhancement","2062","Earth Elemental Totem","0","1","64","0","0","0"
"Shaman","373","Enhancement","2645","Ghost Wolf","0","1","64","0","0","0"
"Shaman","373","Enhancement","2825","Bloodlust","0","1","64","162","0","0"
"Shaman","373","Enhancement","3738","Wrath of Air Totem","0","1","64","0","0","0"
"Shaman","373","Enhancement","6196","Far Sight","0","1","64","0","0","0"
"Shaman","373","Enhancement","6495","Sentry Totem","0","1","64","0","0","0"
"Shaman","373","Enhancement","8017","Rockbiter Weapon","0","1","64","0","0","0"
"Shaman","373","Enhancement","8018","Rockbiter Weapon","0","1","64","0","0","0"
"Shaman","373","Enhancement","8019","Rockbiter Weapon","0","1","64","0","0","0"
"Shaman","373","Enhancement","8024","Flametongue Weapon","0","1","64","0","0","0"
"Shaman","373","Enhancement","8027","Flametongue Weapon","0","1","64","0","0","0"
"Shaman","373","Enhancement","8030","Flametongue Weapon","0","1","64","0","0","0"
"Shaman","373","Enhancement","8033","Frostbrand Weapon","0","1","64","0","0","0"
"Shaman","373","Enhancement","8038","Frostbrand Weapon","0","1","64","0","0","0"
"Shaman","373","Enhancement","8071","Stoneskin Totem","0","1","64","0","0","0"
"Shaman","373","Enhancement","8075","Strength of Earth Totem","0","1","64","0","0","0"
"Shaman","373","Enhancement","8134","Lightning Shield","0","1","64","0","0","0"
"Shaman","373","Enhancement","8154","Stoneskin Totem","0","1","64","0","0","0"
"Shaman","373","Enhancement","8155","Stoneskin Totem","0","1","64","0","0","0"
"Shaman","373","Enhancement","8160","Strength of Earth Totem","0","1","64","0","0","0"
"Shaman","373","Enhancement","8161","Strength of Earth Totem","0","1","64","0","0","0"
"Shaman","373","Enhancement","8177","Grounding Totem","0","1","64","0","0","0"
"Shaman","373","Enhancement","8181","Frost Resistance Totem","0","1","64","0","0","0"
"Shaman","373","Enhancement","8184","Fire Resistance Totem","0","1","64","0","0","0"
"Shaman","373","Enhancement","8227","Flametongue Totem","0","1","64","0","0","0"
"Shaman","373","Enhancement","8232","Windfury Weapon","0","1","64","0","0","0"
"Shaman","373","Enhancement","8235","Windfury Weapon","0","1","64","0","0","0"
"Shaman","373","Enhancement","8249","Flametongue Totem","0","1","64","0","0","0"
"Shaman","373","Enhancement","8512","Windfury Totem","0","1","64","0","0","0"
"Shaman","373","Enhancement","8835","Grace of Air Totem","0","1","64","0","0","0"
"Shaman","373","Enhancement","10399","Rockbiter Weapon","0","1","64","0","0","0"
"Shaman","373","Enhancement","10406","Stoneskin Totem","0","1","64","0","0","0"
"Shaman","373","Enhancement","10407","Stoneskin Totem","0","1","64","0","0","0"
"Shaman","373","Enhancement","10408","Stoneskin Totem","0","1","64","0","0","0"
"Shaman","373","Enhancement","10431","Lightning Shield","0","1","64","0","0","0"
"Shaman","373","Enhancement","10432","Lightning Shield","0","1","64","0","0","0"
"Shaman","373","Enhancement","10442","Strength of Earth Totem","0","1","64","0","0","0"
"Shaman","373","Enhancement","10456","Frostbrand Weapon","0","1","64","0","0","0"
"Shaman","373","Enhancement","10478","Frost Resistance Totem","0","1","64","0","0","0"
"Shaman","373","Enhancement","10479","Frost Resistance Totem","0","1","64","0","0","0"
"Shaman","373","Enhancement","10486","Windfury Weapon","0","1","64","0","0","0"
"Shaman","373","Enhancement","10526","Flametongue Totem","0","1","64","0","0","0"
"Shaman","373","Enhancement","10537","Fire Resistance Totem","0","1","64","0","0","0"
"Shaman","373","Enhancement","10538","Fire Resistance Totem","0","1","64","0","0","0"
"Shaman","373","Enhancement","10595","Nature Resistance Totem","0","1","64","0","0","0"
"Shaman","373","Enhancement","10600","Nature Resistance Totem","0","1","64","0","0","0"
"Shaman","373","Enhancement","10601","Nature Resistance Totem","0","1","64","0","0","0"
"Shaman","373","Enhancement","10613","Windfury Totem","0","1","64","0","0","0"
"Shaman","373","Enhancement","10614","Windfury Totem","0","1","64","0","0","0"
"Shaman","373","Enhancement","10627","Grace of Air Totem","0","1","64","0","0","0"
"Shaman","373","Enhancement","15107","Windwall Totem","0","1","64","0","0","0"
"Shaman","373","Enhancement","15111","Windwall Totem","0","1","64","0","0","0"
"Shaman","373","Enhancement","15112","Windwall Totem","0","1","64","0","0","0"
"Shaman","373","Enhancement","16252","Toughness","0","1","0","0","0","0"
"Shaman","373","Enhancement","16253","Shield Specialization","0","1","0","0","0","0"
"Shaman","373","Enhancement","16254","Anticipation","0","1","0","0","0","0"
"Shaman","373","Enhancement","16255","Thundering Strikes","0","1","0","0","0","0"
"Shaman","373","Enhancement","16256","Flurry","0","1","0","0","0","0"
"Shaman","373","Enhancement","16258","Guardian Totems","0","1","0","0","0","0"
"Shaman","373","Enhancement","16259","Enhancing Totems","0","1","0","0","0","0"
"Shaman","373","Enhancement","16261","Improved Lightning Shield","0","1","0","0","0","0"
"Shaman","373","Enhancement","16262","Improved Ghost Wolf","0","1","0","0","0","0"
"Shaman","373","Enhancement","16266","Elemental Weapons","0","1","64","0","0","0"
"Shaman","373","Enhancement","16268","Spirit Weapons","0","1","64","0","0","0"
"Shaman","373","Enhancement","16271","Anticipation","0","1","0","0","0","0"
"Shaman","373","Enhancement","16272","Anticipation","0","1","0","0","0","0"
"Shaman","373","Enhancement","16273","Anticipation","0","1","0","0","0","0"
"Shaman","373","Enhancement","16274","Anticipation","0","1","0","0","0","0"
"Shaman","373","Enhancement","16281","Flurry","0","1","0","0","0","0"
"Shaman","373","Enhancement","16282","Flurry","0","1","0","0","0","0"
"Shaman","373","Enhancement","16283","Flurry","0","1","0","0","0","0"
"Shaman","373","Enhancement","16284","Flurry","0","1","0","0","0","0"
"Shaman","373","Enhancement","16287","Improved Ghost Wolf","0","1","0","0","0","0"
"Shaman","373","Enhancement","16290","Improved Lightning Shield","0","1","0","0","0","0"
"Shaman","373","Enhancement","16291","Improved Lightning Shield","0","1","0","0","0","0"
"Shaman","373","Enhancement","16293","Guardian Totems","0","1","0","0","0","0"
"Shaman","373","Enhancement","16295","Enhancing Totems","0","1","0","0","0","0"
"Shaman","373","Enhancement","16298","Shield Specialization","0","1","0","0","0","0"
"Shaman","373","Enhancement","16299","Shield Specialization","0","1","0","0","0","0"
"Shaman","373","Enhancement","16300","Shield Specialization","0","1","0","0","0","0"
"Shaman","373","Enhancement","16301","Shield Specialization","0","1","0","0","0","0"
"Shaman","373","Enhancement","16302","Thundering Strikes","0","1","0","0","0","0"
"Shaman","373","Enhancement","16303","Thundering Strikes","0","1","0","0","0","0"
"Shaman","373","Enhancement","16304","Thundering Strikes","0","1","0","0","0","0"
"Shaman","373","Enhancement","16305","Thundering Strikes","0","1","0","0","0","0"
"Shaman","373","Enhancement","16306","Toughness","0","1","0","0","0","0"
"Shaman","373","Enhancement","16307","Toughness","0","1","0","0","0","0"
"Shaman","373","Enhancement","16308","Toughness","0","1","0","0","0","0"
"Shaman","373","Enhancement","16309","Toughness","0","1","0","0","0","0"
"Shaman","373","Enhancement","16314","Rockbiter Weapon","0","1","64","0","0","0"
"Shaman","373","Enhancement","16315","Rockbiter Weapon","0","1","64","0","0","0"
"Shaman","373","Enhancement","16316","Rockbiter Weapon","0","1","64","0","0","0"
"Shaman","373","Enhancement","16339","Flametongue Weapon","0","1","64","0","0","0"
"Shaman","373","Enhancement","16341","Flametongue Weapon","0","1","64","0","0","0"
"Shaman","373","Enhancement","16342","Flametongue Weapon","0","1","64","0","0","0"
"Shaman","373","Enhancement","16355","Frostbrand Weapon","0","1","64","0","0","0"
"Shaman","373","Enhancement","16356","Frostbrand Weapon","0","1","64","0","0","0"
"Shaman","373","Enhancement","16362","Windfury Weapon","0","1","64","0","0","0"
"Shaman","373","Enhancement","16387","Flametongue Totem","0","1","64","0","0","0"
"Shaman","373","Enhancement","17364","Stormstrike","0","1","64","0","0","0"
"Shaman","373","Enhancement","17485","Ancestral Knowledge","0","1","0","0","0","0"
"Shaman","373","Enhancement","17486","Ancestral Knowledge","0","1","0","0","0","0"
"Shaman","373","Enhancement","17487","Ancestral Knowledge","0","1","0","0","0","0"
"Shaman","373","Enhancement","17488","Ancestral Knowledge","0","1","0","0","0","0"
"Shaman","373","Enhancement","17489","Ancestral Knowledge","0","1","0","0","0","0"
"Shaman","373","Enhancement","25359","Grace of Air Totem","0","1","64","0","0","0"
"Shaman","373","Enhancement","25361","Strength of Earth Totem","0","1","64","0","0","0"
"Shaman","373","Enhancement","25469","Lightning Shield","0","1","64","0","0","0"
"Shaman","373","Enhancement","25472","Lightning Shield","0","1","64","0","0","0"
"Shaman","373","Enhancement","25479","Rockbiter Weapon","0","1","64","0","0","0"
"Shaman","373","Enhancement","25485","Rockbiter Weapon","0","1","64","0","0","0"
"Shaman","373","Enhancement","25489","Flametongue Weapon","0","1","64","0","0","0"
"Shaman","373","Enhancement","25500","Frostbrand Weapon","0","1","64","0","0","0"
"Shaman","373","Enhancement","25505","Windfury Weapon","0","1","64","0","0","0"
"Shaman","373","Enhancement","25508","Stoneskin Totem","0","1","64","0","0","0"
"Shaman","373","Enhancement","25509","Stoneskin Totem","0","1","64","0","0","0"
"Shaman","373","Enhancement","25528","Strength of Earth Totem","0","1","64","0","0","0"
"Shaman","373","Enhancement","25557","Flametongue Totem","0","1","64","0","0","0"
"Shaman","373","Enhancement","25560","Frost Resistance Totem","0","1","64","0","0","0"
"Shaman","373","Enhancement","25563","Fire Resistance Totem","0","1","64","0","0","0"
"Shaman","373","Enhancement","25574","Nature Resistance Totem","0","1","64","0","0","0"
"Shaman","373","Enhancement","25577","Windwall Totem","0","1","64","0","0","0"
"Shaman","373","Enhancement","25585","Windfury Totem","0","1","64","0","0","0"
"Shaman","373","Enhancement","25587","Windfury Totem","0","1","64","0","0","0"
"Shaman","373","Enhancement","26363","Lightning Shield","0","1","0","0","0","0"
"Shaman","373","Enhancement","26364","Lightning Shield","0","1","0","0","0","0"
"Shaman","373","Enhancement","26365","Lightning Shield","0","1","0","0","0","0"
"Shaman","373","Enhancement","26366","Lightning Shield","0","1","0","0","0","0"
"Shaman","373","Enhancement","26367","Lightning Shield","0","1","0","0","0","0"
"Shaman","373","Enhancement","26369","Lightning Shield","0","1","0","0","0","0"
"Shaman","373","Enhancement","26370","Lightning Shield","0","1","0","0","0","0"
"Shaman","373","Enhancement","26371","Lightning Shield","0","1","0","0","0","0"
"Shaman","373","Enhancement","26372","Lightning Shield","0","1","0","0","0","0"
"Shaman","373","Enhancement","29079","Elemental Weapons","0","1","64","0","0","0"
"Shaman","373","Enhancement","29080","Elemental Weapons","0","1","64","0","0","0"
"Shaman","373","Enhancement","29082","Weapon Mastery","0","1","64","0","0","0"
"Shaman","373","Enhancement","29084","Weapon Mastery","0","1","64","0","0","0"
"Shaman","373","Enhancement","29086","Weapon Mastery","0","1","64","0","0","0"
"Shaman","373","Enhancement","29087","Weapon Mastery","0","1","64","0","0","0"
"Shaman","373","Enhancement","29088","Weapon Mastery","0","1","64","0","0","0"
"Shaman","373","Enhancement","29192","Improved Weapon Totems","0","1","64","0","0","0"
"Shaman","373","Enhancement","29193","Improved Weapon Totems","0","1","64","0","0","0"
"Shaman","373","Enhancement","30798","Dual Wield","0","1","64","0","0","0"
"Shaman","373","Enhancement","30802","Unleashed Rage","0","1","64","0","0","0"
"Shaman","373","Enhancement","30803","Unleashed Rage","0","1","64","0","0","0"
"Shaman","373","Enhancement","30804","Unleashed Rage","0","1","64","0","0","0"
"Shaman","373","Enhancement","30805","Unleashed Rage","0","1","64","0","0","0"
"Shaman","373","Enhancement","30806","Unleashed Rage","0","1","64","0","0","0"
"Shaman","373","Enhancement","30807","Unleashed Rage","0","1","64","0","0","0"
"Shaman","373","Enhancement","30808","Unleashed Rage","0","1","64","0","0","0"
"Shaman","373","Enhancement","30809","Unleashed Rage","0","1","64","0","0","0"
"Shaman","373","Enhancement","30810","Unleashed Rage","0","1","64","0","0","0"
"Shaman","373","Enhancement","30811","Unleashed Rage","0","1","64","0","0","0"
"Shaman","373","Enhancement","30812","Mental Quickness","0","1","64","0","0","0"
"Shaman","373","Enhancement","30813","Mental Quickness","0","1","64","0","0","0"
"Shaman","373","Enhancement","30814","Mental Quickness","0","1","64","0","0","0"
"Shaman","373","Enhancement","30816","Dual Wield Specialization","0","1","64","0","0","0"
"Shaman","373","Enhancement","30818","Dual Wield Specialization","0","1","64","0","0","0"
"Shaman","373","Enhancement","30819","Dual Wield Specialization","0","1","64","0","0","0"
"Shaman","373","Enhancement","30823","Shamanistic Rage","0","1","64","0","0","0"
"Shaman","373","Enhancement","30824","Shamanistic Rage","0","1","64","0","0","0"
"Shaman","373","Enhancement","32175","Stormstrike","0","1","64","0","0","0"
"Shaman","373","Enhancement","32176","Stormstrike","0","1","64","0","0","0"
"Shaman","373","Enhancement","32182","Heroism","0","1","64","1024","0","0"
"Shaman","373","Enhancement","36591","Spirit Weapons","0","1","64","0","0","0"
"Shaman","373","Enhancement","43338","Shamanistic Focus","0","1","64","0","0","0"
"Shaman","373","Enhancement","43339","Focused","0","1","64","0","0","0"
"Shaman","374","Restoration","331","Healing Wave","2","1","64","0","0","0"
"Shaman","374","Restoration","332","Healing Wave","0","1","64","0","0","0"
"Shaman","374","Restoration","379","Earth Shield","0","1","64","0","0","0"
"Shaman","374","Restoration","526","Cure Poison","0","1","64","0","0","0"
"Shaman","374","Restoration","547","Healing Wave","0","1","64","0","0","0"
"Shaman","374","Restoration","913","Healing Wave","0","1","64","0","0","0"
"Shaman","374","Restoration","939","Healing Wave","0","1","64","0","0","0"
"Shaman","374","Restoration","959","Healing Wave","0","1","64","0","0","0"
"Shaman","374","Restoration","974","Earth Shield","0","1","64","0","0","0"
"Shaman","374","Restoration","1064","Chain Heal","0","1","64","0","0","0"
"Shaman","374","Restoration","2008","Ancestral Spirit","0","1","64","0","0","0"
"Shaman","374","Restoration","2870","Cure Disease","0","1","64","0","0","0"
"Shaman","374","Restoration","5394","Healing Stream Totem","0","1","64","0","0","0"
"Shaman","374","Restoration","5675","Mana Spring Totem","0","1","64","0","0","0"
"Shaman","374","Restoration","6375","Healing Stream Totem","0","1","64","0","0","0"
"Shaman","374","Restoration","6377","Healing Stream Totem","0","1","64","0","0","0"
"Shaman","374","Restoration","8004","Lesser Healing Wave","0","1","64","0","0","0"
"Shaman","374","Restoration","8005","Healing Wave","0","1","64","0","0","0"
"Shaman","374","Restoration","8008","Lesser Healing Wave","0","1","64","0","0","0"
"Shaman","374","Restoration","8010","Lesser Healing Wave","0","1","64","0","0","0"
"Shaman","374","Restoration","8143","Tremor Totem","0","1","64","0","0","0"
"Shaman","374","Restoration","8166","Poison Cleansing Totem","0","1","64","0","0","0"
"Shaman","374","Restoration","8170","Disease Cleansing Totem","0","1","64","0","0","0"
"Shaman","374","Restoration","10395","Healing Wave","0","1","64","0","0","0"
"Shaman","374","Restoration","10396","Healing Wave","0","1","64","0","0","0"
"Shaman","374","Restoration","10462","Healing Stream Totem","0","1","64","0","0","0"
"Shaman","374","Restoration","10463","Healing Stream Totem","0","1","64","0","0","0"
"Shaman","374","Restoration","10466","Lesser Healing Wave","0","1","64","0","0","0"
"Shaman","374","Restoration","10467","Lesser Healing Wave","0","1","64","0","0","0"
"Shaman","374","Restoration","10468","Lesser Healing Wave","0","1","64","0","0","0"
"Shaman","374","Restoration","10495","Mana Spring Totem","0","1","64","0","0","0"
"Shaman","374","Restoration","10496","Mana Spring Totem","0","1","64","0","0","0"
"Shaman","374","Restoration","10497","Mana Spring Totem","0","1","64","0","0","0"
"Shaman","374","Restoration","10622","Chain Heal","0","1","64","0","0","0"
"Shaman","374","Restoration","10623","Chain Heal","0","1","64","0","0","0"
"Shaman","374","Restoration","16173","Totemic Focus","0","1","0","0","0","0"
"Shaman","374","Restoration","16176","Ancestral Healing","0","1","64","0","0","0"
"Shaman","374","Restoration","16177","Ancestral Fortitude","0","1","64","0","0","0"
"Shaman","374","Restoration","16178","Purification","0","1","0","0","0","0"
"Shaman","374","Restoration","16179","Tidal Focus","0","1","0","0","0","0"
"Shaman","374","Restoration","16180","Nature's Guidance","0","1","0","0","0","0"
"Shaman","374","Restoration","16181","Healing Focus","0","1","0","0","0","0"
"Shaman","374","Restoration","16182","Improved Healing Wave","0","1","0","0","0","0"
"Shaman","374","Restoration","16184","Improved Reincarnation","0","1","0","0","0","0"
"Shaman","374","Restoration","16187","Restorative Totems","0","1","0","0","0","0"
"Shaman","374","Restoration","16188","Nature's Swiftness","0","1","0","0","0","0"
"Shaman","374","Restoration","16189","Totemic Mastery","0","1","0","0","0","0"
"Shaman","374","Restoration","16190","Mana Tide Totem","0","1","64","0","0","0"
"Shaman","374","Restoration","16194","Tidal Mastery","0","1","0","0","0","0"
"Shaman","374","Restoration","16196","Nature's Guidance","0","1","0","0","0","0"
"Shaman","374","Restoration","16198","Nature's Guidance","0","1","0","0","0","0"
"Shaman","374","Restoration","16205","Restorative Totems","0","1","0","0","0","0"
"Shaman","374","Restoration","16206","Restorative Totems","0","1","0","0","0","0"
"Shaman","374","Restoration","16207","Restorative Totems","0","1","0","0","0","0"
"Shaman","374","Restoration","16208","Restorative Totems","0","1","0","0","0","0"
"Shaman","374","Restoration","16209","Improved Reincarnation","0","1","0","0","0","0"
"Shaman","374","Restoration","16210","Purification","0","1","0","0","0","0"
"Shaman","374","Restoration","16211","Purification","0","1","0","0","0","0"
"Shaman","374","Restoration","16212","Purification","0","1","0","0","0","0"
"Shaman","374","Restoration","16213","Purification","0","1","0","0","0","0"
"Shaman","374","Restoration","16214","Tidal Focus","0","1","0","0","0","0"
"Shaman","374","Restoration","16215","Tidal Focus","0","1","0","0","0","0"
"Shaman","374","Restoration","16216","Tidal Focus","0","1","0","0","0","0"
"Shaman","374","Restoration","16217","Tidal Focus","0","1","0","0","0","0"
"Shaman","374","Restoration","16218","Tidal Mastery","0","1","0","0","0","0"
"Shaman","374","Restoration","16219","Tidal Mastery","0","1","0","0","0","0"
"Shaman","374","Restoration","16220","Tidal Mastery","0","1","0","0","0","0"
"Shaman","374","Restoration","16221","Tidal Mastery","0","1","0","0","0","0"
"Shaman","374","Restoration","16222","Totemic Focus","0","1","0","0","0","0"
"Shaman","374","Restoration","16223","Totemic Focus","0","1","0","0","0","0"
"Shaman","374","Restoration","16224","Totemic Focus","0","1","0","0","0","0"
"Shaman","374","Restoration","16225","Totemic Focus","0","1","0","0","0","0"
"Shaman","374","Restoration","16226","Improved Healing Wave","0","1","0","0","0","0"
"Shaman","374","Restoration","16227","Improved Healing Wave","0","1","0","0","0","0"
"Shaman","374","Restoration","16228","Improved Healing Wave","0","1","0","0","0","0"
"Shaman","374","Restoration","16229","Improved Healing Wave","0","1","0","0","0","0"
"Shaman","374","Restoration","16230","Healing Focus","0","1","0","0","0","0"
"Shaman","374","Restoration","16232","Healing Focus","0","1","0","0","0","0"
"Shaman","374","Restoration","16233","Healing Focus","0","1","0","0","0","0"
"Shaman","374","Restoration","16234","Healing Focus","0","1","0","0","0","0"
"Shaman","374","Restoration","16235","Ancestral Healing","0","1","64","0","0","0"
"Shaman","374","Restoration","16236","Ancestral Fortitude","0","1","64","0","0","0"
"Shaman","374","Restoration","16237","Ancestral Fortitude","0","1","64","0","0","0"
"Shaman","374","Restoration","16240","Ancestral Healing","0","1","64","0","0","0"
"Shaman","374","Restoration","20608","Reincarnation","0","1","64","0","0","0"
"Shaman","374","Restoration","20609","Ancestral Spirit","0","1","64","0","0","0"
"Shaman","374","Restoration","20610","Ancestral Spirit","0","1","64","0","0","0"
"Shaman","374","Restoration","20776","Ancestral Spirit","0","1","64","0","0","0"
"Shaman","374","Restoration","20777","Ancestral Spirit","0","1","64","0","0","0"
"Shaman","374","Restoration","21169","Reincarnation","0","1","64","0","0","0"
"Shaman","374","Restoration","24398","Water Shield","0","1","64","0","0","0"
"Shaman","374","Restoration","25357","Healing Wave","0","1","64","0","0","0"
"Shaman","374","Restoration","25391","Healing Wave","0","1","64","0","0","0"
"Shaman","374","Restoration","25396","Healing Wave","0","1","64","0","0","0"
"Shaman","374","Restoration","25420","Lesser Healing Wave","0","1","64","0","0","0"
"Shaman","374","Restoration","25422","Chain Heal","0","1","64","0","0","0"
"Shaman","374","Restoration","25423","Chain Heal","0","1","64","0","0","0"
"Shaman","374","Restoration","25567","Healing Stream Totem","0","1","64","0","0","0"
"Shaman","374","Restoration","25570","Mana Spring Totem","0","1","64","0","0","0"
"Shaman","374","Restoration","25908","Tranquil Air Totem","0","1","0","0","0","0"
"Shaman","374","Restoration","29187","Healing Grace","0","1","64","0","0","0"
"Shaman","374","Restoration","29189","Healing Grace","0","1","64","0","0","0"
"Shaman","374","Restoration","29191","Healing Grace","0","1","64","0","0","0"
"Shaman","374","Restoration","29202","Healing Way","0","1","64","0","0","0"
"Shaman","374","Restoration","29203","Healing Way","0","1","64","0","0","0"
"Shaman","374","Restoration","29205","Healing Way","0","1","64","0","0","0"
"Shaman","374","Restoration","29206","Healing Way","0","1","64","0","0","0"
"Shaman","374","Restoration","30864","Focused Mind","0","1","64","0","0","0"
"Shaman","374","Restoration","30865","Focused Mind","0","1","64","0","0","0"
"Shaman","374","Restoration","30866","Focused Mind","0","1","64","0","0","0"
"Shaman","374","Restoration","30867","Nature's Blessing","0","1","64","0","0","0"
"Shaman","374","Restoration","30868","Nature's Blessing","0","1","64","0","0","0"
"Shaman","374","Restoration","30869","Nature's Blessing","0","1","64","0","0","0"
"Shaman","374","Restoration","30872","Improved Chain Heal","0","1","64","0","0","0"
"Shaman","374","Restoration","30873","Improved Chain Heal","0","1","64","0","0","0"
"Shaman","374","Restoration","30874","Gift of the Water Spirit","0","1","64","0","0","0"
"Shaman","374","Restoration","30881","Nature's Guardian","0","1","64","0","0","0"
"Shaman","374","Restoration","30883","Nature's Guardian","0","1","64","0","0","0"
"Shaman","374","Restoration","30884","Nature's Guardian","0","1","64","0","0","0"
"Shaman","374","Restoration","30885","Nature's Guardian","0","1","64","0","0","0"
"Shaman","374","Restoration","30886","Nature's Guardian","0","1","64","0","0","0"
"Shaman","374","Restoration","32593","Earth Shield","0","1","64","0","0","0"
"Shaman","374","Restoration","32594","Earth Shield","0","1","64","0","0","0"
"Shaman","374","Restoration","33736","Water Shield","0","1","64","0","0","0"
"Shaman","374","Restoration","36936","Totemic Call","0","1","64","0","0","0"
"Shaman","375","Elemental Combat","370","Purge","0","1","64","0","0","0"
"Shaman","375","Elemental Combat","403","Lightning Bolt","2","1","64","0","0","0"
"Shaman","375","Elemental Combat","421","Chain Lightning","0","1","64","0","0","0"
"Shaman","375","Elemental Combat","529","Lightning Bolt","0","1","64","0","0","0"
"Shaman","375","Elemental Combat","548","Lightning Bolt","0","1","64","0","0","0"
"Shaman","375","Elemental Combat","915","Lightning Bolt","0","1","64","0","0","0"
"Shaman","375","Elemental Combat","930","Chain Lightning","0","1","64","0","0","0"
"Shaman","375","Elemental Combat","943","Lightning Bolt","0","1","64","0","0","0"
"Shaman","375","Elemental Combat","1535","Fire Nova Totem","0","1","64","0","0","0"
"Shaman","375","Elemental Combat","2484","Earthbind Totem","0","1","64","0","0","0"
"Shaman","375","Elemental Combat","2860","Chain Lightning","0","1","64","0","0","0"
"Shaman","375","Elemental Combat","2894","Fire Elemental Totem","0","1","0","0","0","0"
"Shaman","375","Elemental Combat","3599","Searing Totem","0","1","64","0","0","0"
"Shaman","375","Elemental Combat","5730","Stoneclaw Totem","0","1","64","0","0","0"
"Shaman","375","Elemental Combat","6041","Lightning Bolt","0","1","64","0","0","0"
"Shaman","375","Elemental Combat","6363","Searing Totem","0","1","64","0","0","0"
"Shaman","375","Elemental Combat","6364","Searing Totem","0","1","64","0","0","0"
"Shaman","375","Elemental Combat","6365","Searing Totem","0","1","64","0","0","0"
"Shaman","375","Elemental Combat","6390","Stoneclaw Totem","0","1","64","0","0","0"
"Shaman","375","Elemental Combat","6391","Stoneclaw Totem","0","1","64","0","0","0"
"Shaman","375","Elemental Combat","6392","Stoneclaw Totem","0","1","64","0","0","0"
"Shaman","375","Elemental Combat","8012","Purge","0","1","64","0","0","0"
"Shaman","375","Elemental Combat","8042","Earth Shock","0","1","64","0","0","0"
"Shaman","375","Elemental Combat","8044","Earth Shock","0","1","64","0","0","0"
"Shaman","375","Elemental Combat","8045","Earth Shock","0","1","64","0","0","0"
"Shaman","375","Elemental Combat","8046","Earth Shock","0","1","64","0","0","0"
"Shaman","375","Elemental Combat","8050","Flame Shock","0","1","64","0","0","0"
"Shaman","375","Elemental Combat","8052","Flame Shock","0","1","64","0","0","0"
"Shaman","375","Elemental Combat","8053","Flame Shock","0","1","64","0","0","0"
"Shaman","375","Elemental Combat","8056","Frost Shock","0","1","64","0","0","0"
"Shaman","375","Elemental Combat","8058","Frost Shock","0","1","64","0","0","0"
"Shaman","375","Elemental Combat","8190","Magma Totem","0","1","64","0","0","0"
"Shaman","375","Elemental Combat","8498","Fire Nova Totem","0","1","64","0","0","0"
"Shaman","375","Elemental Combat","8499","Fire Nova Totem","0","1","64","0","0","0"
"Shaman","375","Elemental Combat","10391","Lightning Bolt","0","1","64","0","0","0"
"Shaman","375","Elemental Combat","10392","Lightning Bolt","0","1","64","0","0","0"
"Shaman","375","Elemental Combat","10412","Earth Shock","0","1","64","0","0","0"
"Shaman","375","Elemental Combat","10413","Earth Shock","0","1","64","0","0","0"
"Shaman","375","Elemental Combat","10414","Earth Shock","0","1","64","0","0","0"
"Shaman","375","Elemental Combat","10427","Stoneclaw Totem","0","1","64","0","0","0"
"Shaman","375","Elemental Combat","10428","Stoneclaw Totem","0","1","64","0","0","0"
"Shaman","375","Elemental Combat","10437","Searing Totem","0","1","64","0","0","0"
"Shaman","375","Elemental Combat","10438","Searing Totem","0","1","64","0","0","0"
"Shaman","375","Elemental Combat","10447","Flame Shock","0","1","64","0","0","0"
"Shaman","375","Elemental Combat","10448","Flame Shock","0","1","64","0","0","0"
"Shaman","375","Elemental Combat","10472","Frost Shock","0","1","64","0","0","0"
"Shaman","375","Elemental Combat","10473","Frost Shock","0","1","64","0","0","0"
"Shaman","375","Elemental Combat","10585","Magma Totem","0","1","64","0","0","0"
"Shaman","375","Elemental Combat","10586","Magma Totem","0","1","64","0","0","0"
"Shaman","375","Elemental Combat","10587","Magma Totem","0","1","64","0","0","0"
"Shaman","375","Elemental Combat","10605","Chain Lightning","0","1","64","0","0","0"
"Shaman","375","Elemental Combat","11314","Fire Nova Totem","0","1","64","0","0","0"
"Shaman","375","Elemental Combat","11315","Fire Nova Totem","0","1","64","0","0","0"
"Shaman","375","Elemental Combat","15207","Lightning Bolt","0","1","64","0","0","0"
"Shaman","375","Elemental Combat","15208","Lightning Bolt","0","1","64","0","0","0"
"Shaman","375","Elemental Combat","16035","Concussion","0","1","0","0","0","0"
"Shaman","375","Elemental Combat","16038","Call of Flame","0","1","0","0","0","0"
"Shaman","375","Elemental Combat","16039","Convection","0","1","0","0","0","0"
"Shaman","375","Elemental Combat","16040","Reverberation","0","1","0","0","0","0"
"Shaman","375","Elemental Combat","16041","Call of Thunder","0","1","0","0","0","0"
"Shaman","375","Elemental Combat","16043","Earth's Grasp","0","1","0","0","0","0"
"Shaman","375","Elemental Combat","16086","Improved Fire Totems","0","1","0","0","0","0"
"Shaman","375","Elemental Combat","16089","Elemental Fury","0","1","0","0","0","0"
"Shaman","375","Elemental Combat","16105","Concussion","0","1","0","0","0","0"
"Shaman","375","Elemental Combat","16106","Concussion","0","1","0","0","0","0"
"Shaman","375","Elemental Combat","16107","Concussion","0","1","0","0","0","0"
"Shaman","375","Elemental Combat","16108","Concussion","0","1","0","0","0","0"
"Shaman","375","Elemental Combat","16109","Convection","0","1","0","0","0","0"
"Shaman","375","Elemental Combat","16110","Convection","0","1","0","0","0","0"
"Shaman","375","Elemental Combat","16111","Convection","0","1","0","0","0","0"
"Shaman","375","Elemental Combat","16112","Convection","0","1","0","0","0","0"
"Shaman","375","Elemental Combat","16113","Reverberation","0","1","0","0","0","0"
"Shaman","375","Elemental Combat","16114","Reverberation","0","1","0","0","0","0"
"Shaman","375","Elemental Combat","16115","Reverberation","0","1","0","0","0","0"
"Shaman","375","Elemental Combat","16116","Reverberation","0","1","0","0","0","0"
"Shaman","375","Elemental Combat","16117","Call of Thunder","0","1","0","0","0","0"
"Shaman","375","Elemental Combat","16118","Call of Thunder","0","1","0","0","0","0"
"Shaman","375","Elemental Combat","16119","Call of Thunder","0","1","0","0","0","0"
"Shaman","375","Elemental Combat","16120","Call of Thunder","0","1","0","0","0","0"
"Shaman","375","Elemental Combat","16130","Earth's Grasp","0","1","0","0","0","0"
"Shaman","375","Elemental Combat","16160","Call of Flame","0","1","0","0","0","0"
"Shaman","375","Elemental Combat","16161","Call of Flame","0","1","0","0","0","0"
"Shaman","375","Elemental Combat","16164","Elemental Focus","0","1","0","0","0","0"
"Shaman","375","Elemental Combat","16166","Elemental Mastery","0","1","0","0","0","0"
"Shaman","375","Elemental Combat","16544","Improved Fire Totems","0","1","0","0","0","0"
"Shaman","375","Elemental Combat","16578","Lightning Mastery","0","1","0","0","0","0"
"Shaman","375","Elemental Combat","16579","Lightning Mastery","0","1","0","0","0","0"
"Shaman","375","Elemental Combat","16580","Lightning Mastery","0","1","0","0","0","0"
"Shaman","375","Elemental Combat","16581","Lightning Mastery","0","1","0","0","0","0"
"Shaman","375","Elemental Combat","16582","Lightning Mastery","0","1","0","0","0","0"
"Shaman","375","Elemental Combat","25439","Chain Lightning","0","1","64","0","0","0"
"Shaman","375","Elemental Combat","25442","Chain Lightning","0","1","64","0","0","0"
"Shaman","375","Elemental Combat","25448","Lightning Bolt","0","1","64","0","0","0"
"Shaman","375","Elemental Combat","25449","Lightning Bolt","0","1","64","0","0","0"
"Shaman","375","Elemental Combat","25454","Earth Shock","0","1","64","0","0","0"
"Shaman","375","Elemental Combat","25457","Flame Shock","0","1","64","0","0","0"
"Shaman","375","Elemental Combat","25464","Frost Shock","0","1","64","0","0","0"
"Shaman","375","Elemental Combat","25525","Stoneclaw Totem","0","1","64","0","0","0"
"Shaman","375","Elemental Combat","25533","Searing Totem","0","1","64","0","0","0"
"Shaman","375","Elemental Combat","25546","Fire Nova Totem","0","1","64","0","0","0"
"Shaman","375","Elemental Combat","25547","Fire Nova Totem","0","1","64","0","0","0"
"Shaman","375","Elemental Combat","25552","Magma Totem","0","1","64","0","0","0"
"Shaman","375","Elemental Combat","28996","Elemental Warding","0","1","64","0","0","0"
"Shaman","375","Elemental Combat","28997","Elemental Warding","0","1","64","0","0","0"
"Shaman","375","Elemental Combat","28998","Elemental Warding","0","1","64","0","0","0"
"Shaman","375","Elemental Combat","28999","Storm Reach","0","1","64","0","0","0"
"Shaman","375","Elemental Combat","29000","Storm Reach","0","1","64","0","0","0"
"Shaman","375","Elemental Combat","29062","Eye of the Storm","0","1","64","0","0","0"
"Shaman","375","Elemental Combat","29063","Focused Casting","0","1","64","0","0","0"
"Shaman","375","Elemental Combat","29064","Eye of the Storm","0","1","64","0","0","0"
"Shaman","375","Elemental Combat","29065","Eye of the Storm","0","1","64","0","0","0"
"Shaman","375","Elemental Combat","29177","Elemental Devastation","0","1","64","0","0","0"
"Shaman","375","Elemental Combat","29178","Elemental Devastation","0","1","64","0","0","0"
"Shaman","375","Elemental Combat","29179","Elemental Devastation","0","1","64","0","0","0"
"Shaman","375","Elemental Combat","29180","Elemental Devastation","0","1","64","0","0","0"
"Shaman","375","Elemental Combat","29228","Flame Shock","0","1","64","0","0","0"
"Shaman","375","Elemental Combat","30160","Elemental Devastation","0","1","64","0","0","0"
"Shaman","375","Elemental Combat","30165","Elemental Devastation","0","1","0","0","0","0"
"Shaman","375","Elemental Combat","30664","Unrelenting Storm","0","1","64","0","0","0"
"Shaman","375","Elemental Combat","30665","Unrelenting Storm","0","1","64","0","0","0"
"Shaman","375","Elemental Combat","30666","Unrelenting Storm","0","1","64","0","0","0"
"Shaman","375","Elemental Combat","30667","Unrelenting Storm","0","1","64","0","0","0"
"Shaman","375","Elemental Combat","30668","Unrelenting Storm","0","1","64","0","0","0"
"Shaman","375","Elemental Combat","30669","Elemental Shields","0","1","64","0","0","0"
"Shaman","375","Elemental Combat","30670","Elemental Shields","0","1","64","0","0","0"
"Shaman","375","Elemental Combat","30671","Elemental Shields","0","1","64","0","0","0"
"Shaman","375","Elemental Combat","30672","Elemental Precision","0","1","64","0","0","0"
"Shaman","375","Elemental Combat","30673","Elemental Precision","0","1","64","0","0","0"
"Shaman","375","Elemental Combat","30674","Elemental Precision","0","1","64","0","0","0"
"Shaman","375","Elemental Combat","30675","Lightning Overload","0","1","64","0","0","0"
"Shaman","375","Elemental Combat","30678","Lightning Overload","0","1","64","0","0","0"
"Shaman","375","Elemental Combat","30679","Lightning Overload","0","1","64","0","0","0"
"Shaman","375","Elemental Combat","30680","Lightning Overload","0","1","64","0","0","0"
"Shaman","375","Elemental Combat","30681","Lightning Overload","0","1","64","0","0","0"
"Shaman","375","Elemental Combat","30706","Totem of Wrath","0","1","64","0","0","0"
"Shaman","375","Elemental Combat","30708","Totem of Wrath","0","1","64","0","0","0"
"Shaman","375","Elemental Combat","45284","Lightning Bolt","0","1","0","0","0","0"
"Shaman","375","Elemental Combat","45286","Lightning Bolt","0","1","0","0","0","0"
"Shaman","375","Elemental Combat","45287","Lightning Bolt","0","1","0","0","0","0"
"Shaman","375","Elemental Combat","45288","Lightning Bolt","0","1","0","0","0","0"
"Shaman","375","Elemental Combat","45289","Lightning Bolt","0","1","0","0","0","0"
"Shaman","375","Elemental Combat","45290","Lightning Bolt","0","1","0","0","0","0"
"Shaman","375","Elemental Combat","45291","Lightning Bolt","0","1","0","0","0","0"
"Shaman","375","Elemental Combat","45292","Lightning Bolt","0","1","0","0","0","0"
"Shaman","375","Elemental Combat","45293","Lightning Bolt","0","1","0","0","0","0"
"Shaman","375","Elemental Combat","45294","Lightning Bolt","0","1","0","0","0","0"
"Shaman","375","Elemental Combat","45295","Lightning Bolt","0","1","0","0","0","0"
"Shaman","375","Elemental Combat","45296","Lightning Bolt","0","1","0","0","0","0"
"Shaman","375","Elemental Combat","45297","Chain Lightning","0","1","0","0","0","0"
"Shaman","375","Elemental Combat","45298","Chain Lightning","0","1","0","0","0","0"
"Shaman","375","Elemental Combat","45299","Chain Lightning","0","1","0","0","0","0"
"Shaman","375","Elemental Combat","45300","Chain Lightning","0","1","0","0","0","0"
"Shaman","375","Elemental Combat","45301","Chain Lightning","0","1","0","0","0","0"
"Shaman","375","Elemental Combat","45302","Chain Lightning","0","1","0","0","0","0"
"Warlock","188","Pet - Imp","2947","Fire Shield","0","1","0","0","0","0"
"Warlock","188","Pet - Imp","3110","Firebolt","2","1","0","0","0","0"
"Warlock","188","Pet - Imp","4511","Phase Shift","0","1","0","0","0","0"
"Warlock","188","Pet - Imp","6307","Blood Pact","0","1","0","0","0","0"
"Warlock","188","Pet - Imp","7799","Firebolt","0","1","0","0","3110","0"
"Warlock","188","Pet - Imp","7800","Firebolt","0","1","0","0","7799","0"
"Warlock","188","Pet - Imp","7801","Firebolt","0","1","0","0","7800","0"
"Warlock","188","Pet - Imp","7802","Firebolt","0","1","0","0","7801","0"
"Warlock","188","Pet - Imp","7804","Blood Pact","0","1","0","0","6307","0"
"Warlock","188","Pet - Imp","7805","Blood Pact","0","1","0","0","7804","0"
"Warlock","188","Pet - Imp","8316","Fire Shield","0","1","0","0","2947","0"
"Warlock","188","Pet - Imp","8317","Fire Shield","0","1","0","0","8316","0"
"Warlock","188","Pet - Imp","11762","Firebolt","0","1","0","0","7802","0"
"Warlock","188","Pet - Imp","11763","Firebolt","0","1","0","0","11762","0"
"Warlock","188","Pet - Imp","11766","Blood Pact","0","1","0","0","7805","0"
"Warlock","188","Pet - Imp","11767","Blood Pact","0","1","0","0","11766","0"
"Warlock","188","Pet - Imp","11770","Fire Shield","0","1","0","0","8317","0"
"Warlock","188","Pet - Imp","11771","Fire Shield","0","1","0","0","11770","0"
"Warlock","188","Pet - Imp","18728","Tamed Pet Passive (DND)","2","1","0","0","0","0"
"Warlock","188","Pet - Imp","18737","Tamed Pet Passive (DND)","2","1","0","0","0","0"
"Warlock","188","Pet - Imp","18740","Tamed Pet Passive (DND)","2","1","0","0","0","0"
"Warlock","188","Pet - Imp","27267","Firebolt","0","1","0","0","11763","0"
"Warlock","188","Pet - Imp","27268","Blood Pact","0","1","0","0","11767","0"
"Warlock","188","Pet - Imp","27269","Fire Shield","0","1","0","0","11771","0"
"Warlock","188","Pet - Imp","34947","Warlock Pet Scaling 01","2","1","0","0","0","0"
"Warlock","188","Pet - Imp","34956","Warlock Pet Scaling 02","2","1","0","0","0","0"
"Warlock","188","Pet - Imp","34957","Warlock Pet Scaling 03","2","1","0","0","0","0"
"Warlock","188","Pet - Imp","34958","Warlock Pet Scaling 04","2","1","0","0","0","0"
"Warlock","188","Pet - Imp","35695","Pet Passive (DND)","2","1","0","0","0","0"
"Warlock","188","Pet - Imp","35697","Pet Passive (DND)","2","1","0","0","0","0"
"Warlock","189","Pet - Felhunter","18730","Tamed Pet Passive (DND)","2","1","0","0","0","0"
"Warlock","189","Pet - Felhunter","18738","Tamed Pet Passive (DND)","2","1","0","0","0","0"
"Warlock","189","Pet - Felhunter","18739","Tamed Pet Passive (DND)","2","1","0","0","0","0"
"Warlock","189","Pet - Felhunter","19007","Tamed Pet Passive (DND)","2","1","0","0","0","0"
"Warlock","189","Pet - Felhunter","19244","Spell Lock","0","1","0","0","0","0"
"Warlock","189","Pet - Felhunter","19478","Tainted Blood","0","1","0","0","0","0"
"Warlock","189","Pet - Felhunter","19480","Paranoia","0","1","0","0","0","0"
"Warlock","189","Pet - Felhunter","19505","Devour Magic","2","1","0","0","0","0"
"Warlock","189","Pet - Felhunter","19647","Spell Lock","0","1","0","0","19244","0"
"Warlock","189","Pet - Felhunter","19655","Tainted Blood","0","1","0","0","19478","0"
"Warlock","189","Pet - Felhunter","19656","Tainted Blood","0","1","0","0","19655","0"
"Warlock","189","Pet - Felhunter","19658","Devour Magic Effect","0","1","0","0","0","0"
"Warlock","189","Pet - Felhunter","19660","Tainted Blood","0","1","0","0","19656","0"
"Warlock","189","Pet - Felhunter","19731","Devour Magic","0","1","0","0","19505","0"
"Warlock","189","Pet - Felhunter","19732","Devour Magic Effect","0","1","0","0","0","0"
"Warlock","189","Pet - Felhunter","19733","Devour Magic Effect","0","1","0","0","0","0"
"Warlock","189","Pet - Felhunter","19734","Devour Magic","0","1","0","0","19731","0"
"Warlock","189","Pet - Felhunter","19735","Devour Magic Effect","0","1","0","0","0","0"
"Warlock","189","Pet - Felhunter","19736","Devour Magic","0","1","0","0","19734","0"
"Warlock","189","Pet - Felhunter","27276","Devour Magic","0","1","0","0","19736","0"
"Warlock","189","Pet - Felhunter","27277","Devour Magic","0","1","0","0","27276","0"
"Warlock","189","Pet - Felhunter","27278","Devour Magic Effect","0","1","0","0","19735","0"
"Warlock","189","Pet - Felhunter","27279","Devour Magic Effect","0","1","0","0","27278","0"
"Warlock","189","Pet - Felhunter","27280","Tainted Blood","0","1","0","0","19660","0"
"Warlock","189","Pet - Felhunter","34947","Warlock Pet Scaling 01","2","1","0","0","0","0"
"Warlock","189","Pet - Felhunter","34956","Warlock Pet Scaling 02","2","1","0","0","0","0"
"Warlock","189","Pet - Felhunter","34957","Warlock Pet Scaling 03","2","1","0","0","0","0"
"Warlock","189","Pet - Felhunter","34958","Warlock Pet Scaling 04","2","1","0","0","0","0"
"Warlock","189","Pet - Felhunter","35695","Pet Passive (DND)","2","1","0","0","0","0"
"Warlock","189","Pet - Felhunter","35697","Pet Passive (DND)","2","1","0","0","0","0"
"Warlock","204","Pet - Voidwalker","3716","Torment","2","1","0","0","0","0"
"Warlock","204","Pet - Voidwalker","7809","Torment","0","1","0","0","3716","0"
"Warlock","204","Pet - Voidwalker","7810","Torment","0","1","0","0","7809","0"
"Warlock","204","Pet - Voidwalker","7811","Torment","0","1","0","0","7810","0"
"Warlock","204","Pet - Voidwalker","7812","Sacrifice","0","1","0","0","0","0"
"Warlock","204","Pet - Voidwalker","11774","Torment","0","1","0","0","7811","0"
"Warlock","204","Pet - Voidwalker","11775","Torment","0","1","0","0","11774","0"
"Warlock","204","Pet - Voidwalker","17735","Suffering","0","1","0","0","0","0"
"Warlock","204","Pet - Voidwalker","17750","Suffering","0","1","0","0","17735","0"
"Warlock","204","Pet - Voidwalker","17751","Suffering","0","1","0","0","17750","0"
"Warlock","204","Pet - Voidwalker","17752","Suffering","0","1","0","0","17751","0"
"Warlock","204","Pet - Voidwalker","17767","Consume Shadows","0","1","0","0","0","0"
"Warlock","204","Pet - Voidwalker","17850","Consume Shadows","0","1","0","0","17767","0"
"Warlock","204","Pet - Voidwalker","17851","Consume Shadows","0","1","0","0","17850","0"
"Warlock","204","Pet - Voidwalker","17852","Consume Shadows","0","1","0","0","17851","0"
"Warlock","204","Pet - Voidwalker","17853","Consume Shadows","0","1","0","0","17852","0"
"Warlock","204","Pet - Voidwalker","17854","Consume Shadows","0","1","0","0","17853","0"
"Warlock","204","Pet - Voidwalker","18727","Tamed Pet Passive (DND)","2","1","0","0","0","0"
"Warlock","204","Pet - Voidwalker","18735","Tamed Pet Passive (DND)","2","1","0","0","0","0"
"Warlock","204","Pet - Voidwalker","18742","Tamed Pet Passive (DND)","2","1","0","0","0","0"
"Warlock","204","Pet - Voidwalker","19438","Sacrifice","0","1","0","0","7812","0"
"Warlock","204","Pet - Voidwalker","19440","Sacrifice","0","1","0","0","19438","0"
"Warlock","204","Pet - Voidwalker","19441","Sacrifice","0","1","0","0","19440","0"
"Warlock","204","Pet - Voidwalker","19442","Sacrifice","0","1","0","0","19441","0"
"Warlock","204","Pet - Voidwalker","19443","Sacrifice","0","1","0","0","19442","0"
"Warlock","204","Pet - Voidwalker","27270","Torment","0","1","0","0","11775","0"
"Warlock","204","Pet - Voidwalker","27271","Suffering","0","1","0","0","17752","0"
"Warlock","204","Pet - Voidwalker","27272","Consume Shadows","0","1","0","0","17854","0"
"Warlock","204","Pet - Voidwalker","27273","Sacrifice","0","1","0","0","19443","0"
"Warlock","204","Pet - Voidwalker","33701","Suffering","0","1","0","0","27271","0"
"Warlock","204","Pet - Voidwalker","34947","Warlock Pet Scaling 01","2","1","0","0","0","0"
"Warlock","204","Pet - Voidwalker","34956","Warlock Pet Scaling 02","2","1","0","0","0","0"
"Warlock","204","Pet - Voidwalker","34957","Warlock Pet Scaling 03","2","1","0","0","0","0"
"Warlock","204","Pet - Voidwalker","34958","Warlock Pet Scaling 04","2","1","0","0","0","0"
"Warlock","204","Pet - Voidwalker","35695","Pet Passive (DND)","2","1","0","0","0","0"
"Warlock","204","Pet - Voidwalker","35697","Pet Passive (DND)","2","1","0","0","0","0"
"Warlock","205","Pet - Succubus","6358","Seduction","0","1","0","0","0","0"
"Warlock","205","Pet - Succubus","6360","Soothing Kiss","0","1","0","0","0","0"
"Warlock","205","Pet - Succubus","7813","Soothing Kiss","0","1","0","0","6360","0"
"Warlock","205","Pet - Succubus","7814","Lash of Pain","2","1","0","0","0","0"
"Warlock","205","Pet - Succubus","7815","Lash of Pain","0","1","0","0","7814","0"
"Warlock","205","Pet - Succubus","7816","Lash of Pain","0","1","0","0","7815","0"
"Warlock","205","Pet - Succubus","7870","Lesser Invisibility","0","1","0","0","0","0"
"Warlock","205","Pet - Succubus","11778","Lash of Pain","0","1","0","0","7816","0"
"Warlock","205","Pet - Succubus","11779","Lash of Pain","0","1","0","0","11778","0"
"Warlock","205","Pet - Succubus","11780","Lash of Pain","0","1","0","0","11779","0"
"Warlock","205","Pet - Succubus","11784","Soothing Kiss","0","1","0","0","7813","0"
"Warlock","205","Pet - Succubus","11785","Soothing Kiss","0","1","0","0","11784","0"
"Warlock","205","Pet - Succubus","18729","Tamed Pet Passive (DND)","2","1","0","0","0","0"
"Warlock","205","Pet - Succubus","18736","Tamed Pet Passive (DND)","2","1","0","0","0","0"
"Warlock","205","Pet - Succubus","18741","Tamed Pet Passive (DND)","2","1","0","0","0","0"
"Warlock","205","Pet - Succubus","27274","Lash of Pain","0","1","0","0","11780","0"
"Warlock","205","Pet - Succubus","27275","Soothing Kiss","0","1","0","0","11785","0"
"Warlock","205","Pet - Succubus","34947","Warlock Pet Scaling 01","2","1","0","0","0","0"
"Warlock","205","Pet - Succubus","34956","Warlock Pet Scaling 02","2","1","0","0","0","0"
"Warlock","205","Pet - Succubus","34957","Warlock Pet Scaling 03","2","1","0","0","0","0"
"Warlock","205","Pet - Succubus","34958","Warlock Pet Scaling 04","2","1","0","0","0","0"
"Warlock","205","Pet - Succubus","35695","Pet Passive (DND)","2","1","0","0","0","0"
"Warlock","205","Pet - Succubus","35697","Pet Passive (DND)","2","1","0","0","0","0"
"Warlock","207","Pet - Doomguard","34947","Warlock Pet Scaling 01","2","1","0","0","0","0"
"Warlock","207","Pet - Doomguard","34956","Warlock Pet Scaling 02","2","1","0","0","0","0"
"Warlock","207","Pet - Doomguard","34957","Warlock Pet Scaling 03","2","1","0","0","0","0"
"Warlock","207","Pet - Doomguard","34958","Warlock Pet Scaling 04","2","1","0","0","0","0"
"Warlock","354","Demonology","126","Eye of Kilrogg","0","1","256","0","0","0"
"Warlock","354","Demonology","132","Detect Invisibility","0","1","256","0","0","0"
"Warlock","354","Demonology","687","Demon Skin","2","1","256","0","0","0"
"Warlock","354","Demonology","688","Summon Imp","0","1","256","0","0","0"
"Warlock","354","Demonology","691","Summon Felhunter","0","1","256","0","0","0"
"Warlock","354","Demonology","693","Create Soulstone","0","1","256","0","0","0"
"Warlock","354","Demonology","696","Demon Skin","0","1","256","0","0","0"
"Warlock","354","Demonology","697","Summon Voidwalker","0","1","256","0","0","0"
"Warlock","354","Demonology","698","Ritual of Summoning","0","1","256","0","0","0"
"Warlock","354","Demonology","706","Demon Armor","0","1","256","0","0","0"
"Warlock","354","Demonology","710","Banish","0","1","256","0","0","0"
"Warlock","354","Demonology","712","Summon Succubus","0","1","256","0","0","0"
"Warlock","354","Demonology","713","Summon Incubus","0","1","256","0","0","0"
"Warlock","354","Demonology","755","Health Funnel","0","1","256","0","0","0"
"Warlock","354","Demonology","1086","Demon Armor","0","1","256","0","0","0"
"Warlock","354","Demonology","1098","Subjugate Demon","0","1","256","0","0","0"
"Warlock","354","Demonology","1122","Inferno","0","1","256","0","0","0"
"Warlock","354","Demonology","2362","Create Spellstone","0","1","256","0","0","0"
"Warlock","354","Demonology","3698","Health Funnel","0","1","256","0","0","0"
"Warlock","354","Demonology","3699","Health Funnel","0","1","256","0","0","0"
"Warlock","354","Demonology","3700","Health Funnel","0","1","256","0","0","0"
"Warlock","354","Demonology","5500","Sense Demons","0","1","256","0","0","0"
"Warlock","354","Demonology","5697","Unending Breath","0","1","256","0","0","0"
"Warlock","354","Demonology","5699","Create Healthstone","0","1","256","0","0","0"
"Warlock","354","Demonology","5784","Summon Felsteed","0","1","256","0","0","0"
"Warlock","354","Demonology","6201","Create Healthstone","0","1","256","0","0","0"
"Warlock","354","Demonology","6202","Create Healthstone","0","1","256","0","0","0"
"Warlock","354","Demonology","6229","Shadow Ward","0","1","256","0","0","0"
"Warlock","354","Demonology","6366","Create Firestone","0","1","256","0","0","0"
"Warlock","354","Demonology","11693","Health Funnel","0","1","256","0","0","0"
"Warlock","354","Demonology","11694","Health Funnel","0","1","256","0","0","0"
"Warlock","354","Demonology","11695","Health Funnel","0","1","256","0","0","0"
"Warlock","354","Demonology","11725","Subjugate Demon","0","1","256","0","0","0"
"Warlock","354","Demonology","11726","Subjugate Demon","0","1","256","0","0","0"
"Warlock","354","Demonology","11729","Create Healthstone","0","1","256","0","0","0"
"Warlock","354","Demonology","11730","Create Healthstone","0","1","256","0","0","0"
"Warlock","354","Demonology","11733","Demon Armor","0","1","256","0","0","0"
"Warlock","354","Demonology","11734","Demon Armor","0","1","256","0","0","0"
"Warlock","354","Demonology","11735","Demon Armor","0","1","256","0","0","0"
"Warlock","354","Demonology","11739","Shadow Ward","0","1","256","0","0","0"
"Warlock","354","Demonology","11740","Shadow Ward","0","1","256","0","0","0"
"Warlock","354","Demonology","17727","Create Spellstone","0","1","256","0","0","0"
"Warlock","354","Demonology","17728","Create Spellstone","0","1","256","0","0","0"
"Warlock","354","Demonology","17951","Create Firestone","0","1","256","0","0","0"
"Warlock","354","Demonology","17952","Create Firestone","0","1","256","0","0","0"
"Warlock","354","Demonology","17953","Create Firestone","0","1","256","0","0","0"
"Warlock","354","Demonology","18540","Ritual of Doom","0","1","256","0","0","0"
"Warlock","354","Demonology","18541","Ritual of Doom Effect","0","1","256","0","0","0"
"Warlock","354","Demonology","18647","Banish","0","1","256","0","0","0"
"Warlock","354","Demonology","18692","Improved Healthstone","0","1","0","0","0","0"
"Warlock","354","Demonology","18693","Improved Healthstone","0","1","0","0","0","0"
"Warlock","354","Demonology","18694","Improved Imp","0","1","0","0","0","0"
"Warlock","354","Demonology","18695","Improved Imp","0","1","0","0","0","0"
"Warlock","354","Demonology","18696","Improved Imp","0","1","0","0","0","0"
"Warlock","354","Demonology","18697","Demonic Embrace","0","1","0","0","0","0"
"Warlock","354","Demonology","18698","Demonic Embrace","0","1","0","0","0","0"
"Warlock","354","Demonology","18699","Demonic Embrace","0","1","0","0","0","0"
"Warlock","354","Demonology","18700","Demonic Embrace","0","1","0","0","0","0"
"Warlock","354","Demonology","18701","Demonic Embrace","0","1","0","0","0","0"
"Warlock","354","Demonology","18703","Improved Health Funnel","0","1","0","0","0","0"
"Warlock","354","Demonology","18704","Improved Health Funnel","0","1","0","0","0","0"
"Warlock","354","Demonology","18705","Improved Voidwalker","0","1","0","0","0","0"
"Warlock","354","Demonology","18706","Improved Voidwalker","0","1","0","0","0","0"
"Warlock","354","Demonology","18707","Improved Voidwalker","0","1","0","0","0","0"
"Warlock","354","Demonology","18708","Fel Domination","0","1","0","0","0","0"
"Warlock","354","Demonology","18709","Master Summoner","0","1","0","0","0","0"
"Warlock","354","Demonology","18710","Master Summoner","0","1","0","0","0","0"
"Warlock","354","Demonology","18731","Fel Intellect","0","1","0","0","0","0"
"Warlock","354","Demonology","18743","Fel Intellect","0","1","0","0","0","0"
"Warlock","354","Demonology","18744","Fel Intellect","0","1","0","0","0","0"
"Warlock","354","Demonology","18748","Fel Stamina","0","1","0","0","0","0"
"Warlock","354","Demonology","18749","Fel Stamina","0","1","0","0","0","0"
"Warlock","354","Demonology","18750","Fel Stamina","0","1","0","0","0","0"
"Warlock","354","Demonology","18754","Improved Sayaad","0","1","0","0","0","0"
"Warlock","354","Demonology","18755","Improved Sayaad","0","1","0","0","0","0"
"Warlock","354","Demonology","18756","Improved Sayaad","0","1","0","0","0","0"
"Warlock","354","Demonology","18767","Master Conjuror","0","1","0","0","0","0"
"Warlock","354","Demonology","18768","Master Conjuror","0","1","0","0","0","0"
"Warlock","354","Demonology","18769","Unholy Power","0","1","0","0","0","0"
"Warlock","354","Demonology","18770","Unholy Power","0","1","0","0","0","0"
"Warlock","354","Demonology","18771","Unholy Power","0","1","0","0","0","0"
"Warlock","354","Demonology","18772","Unholy Power","0","1","0","0","0","0"
"Warlock","354","Demonology","18773","Unholy Power","0","1","0","0","0","0"
"Warlock","354","Demonology","18788","Demonic Sacrifice","0","1","0","0","0","0"
"Warlock","354","Demonology","18821","Improved Subjugate Demon","0","1","0","0","0","0"
"Warlock","354","Demonology","18822","Improved Subjugate Demon","0","1","0","0","0","0"
"Warlock","354","Demonology","19028","Soul Link","0","1","0","0","0","0"
"Warlock","354","Demonology","20752","Create Soulstone","0","1","256","0","0","0"
"Warlock","354","Demonology","20755","Create Soulstone","0","1","256","0","0","0"
"Warlock","354","Demonology","20756","Create Soulstone","0","1","256","0","0","0"
"Warlock","354","Demonology","20757","Create Soulstone","0","1","256","0","0","0"
"Warlock","354","Demonology","23161","Summon Dreadsteed","0","1","256","0","0","0"
"Warlock","354","Demonology","23759","Master Demonologist","0","1","256","0","0","0"
"Warlock","354","Demonology","23760","Master Demonologist","0","1","256","0","0","0"
"Warlock","354","Demonology","23761","Master Demonologist","0","1","256","0","0","0"
"Warlock","354","Demonology","23762","Master Demonologist","0","1","256","0","0","0"
"Warlock","354","Demonology","23785","Master Demonologist","0","1","256","0","0","0"
"Warlock","354","Demonology","23822","Master Demonologist","0","1","256","0","0","0"
"Warlock","354","Demonology","23823","Master Demonologist","0","1","256","0","0","0"
"Warlock","354","Demonology","23824","Master Demonologist","0","1","256","0","0","0"
"Warlock","354","Demonology","23825","Master Demonologist","0","1","256","0","0","0"
"Warlock","354","Demonology","23826","Master Demonologist","0","1","256","0","0","0"
"Warlock","354","Demonology","23827","Master Demonologist","0","1","256","0","0","0"
"Warlock","354","Demonology","23828","Master Demonologist","0","1","256","0","0","0"
"Warlock","354","Demonology","23829","Master Demonologist","0","1","256","0","0","0"
"Warlock","354","Demonology","23833","Master Demonologist","0","1","256","0","0","0"
"Warlock","354","Demonology","23834","Master Demonologist","0","1","256","0","0","0"
"Warlock","354","Demonology","23835","Master Demonologist","0","1","256","0","0","0"
"Warlock","354","Demonology","23836","Master Demonologist","0","1","256","0","0","0"
"Warlock","354","Demonology","23837","Master Demonologist","0","1","256","0","0","0"
"Warlock","354","Demonology","23838","Master Demonologist","0","1","256","0","0","0"
"Warlock","354","Demonology","23839","Master Demonologist","0","1","256","0","0","0"
"Warlock","354","Demonology","23840","Master Demonologist","0","1","256","0","0","0"
"Warlock","354","Demonology","23841","Master Demonologist","0","1","256","0","0","0"
"Warlock","354","Demonology","23842","Master Demonologist","0","1","256","0","0","0"
"Warlock","354","Demonology","23843","Master Demonologist","0","1","256","0","0","0"
"Warlock","354","Demonology","23844","Master Demonologist","0","1","256","0","0","0"
"Warlock","354","Demonology","27230","Create Healthstone","0","1","256","0","0","0"
"Warlock","354","Demonology","27238","Create Soulstone","0","1","256","0","0","0"
"Warlock","354","Demonology","27250","Create Firestone","0","1","256","0","0","0"
"Warlock","354","Demonology","27259","Health Funnel","0","1","256","0","0","0"
"Warlock","354","Demonology","27260","Demon Armor","0","1","256","0","0","0"
"Warlock","354","Demonology","28172","Create Spellstone","0","1","256","0","0","0"
"Warlock","354","Demonology","28176","Fel Armor","0","1","256","0","0","0"
"Warlock","354","Demonology","28189","Fel Armor","0","1","256","0","0","0"
"Warlock","354","Demonology","28610","Shadow Ward","0","1","256","0","0","0"
"Warlock","354","Demonology","29858","Soulshatter","0","1","256","0","0","0"
"Warlock","354","Demonology","29886","Create Soulwell","0","1","256","0","0","0"
"Warlock","354","Demonology","29893","Ritual of Souls","0","1","256","0","0","0"
"Warlock","354","Demonology","30143","Demonic Aegis","0","1","256","0","0","0"
"Warlock","354","Demonology","30144","Demonic Aegis","0","1","256","0","0","0"
"Warlock","354","Demonology","30145","Demonic Aegis","0","1","256","0","0","0"
"Warlock","354","Demonology","30146","Summon Felguard","0","1","256","0","0","0"
"Warlock","354","Demonology","30242","Demonic Tactics","0","1","256","0","0","0"
"Warlock","354","Demonology","30245","Demonic Tactics","0","1","256","0","0","0"
"Warlock","354","Demonology","30246","Demonic Tactics","0","1","256","0","0","0"
"Warlock","354","Demonology","30247","Demonic Tactics","0","1","256","0","0","0"
"Warlock","354","Demonology","30248","Demonic Tactics","0","1","256","0","0","0"
"Warlock","354","Demonology","30319","Demonic Resilience","0","1","256","0","0","0"
"Warlock","354","Demonology","30320","Demonic Resilience","0","1","256","0","0","0"
"Warlock","354","Demonology","30321","Demonic Resilience","0","1","256","0","0","0"
"Warlock","354","Demonology","30326","Mana Feed","0","1","256","0","0","0"
"Warlock","354","Demonology","30327","Mana Feed","0","1","256","0","0","0"
"Warlock","354","Demonology","30328","Mana Feed","0","1","256","0","0","0"
"Warlock","354","Demonology","35691","Demonic Knowledge","0","1","256","0","0","0"
"Warlock","354","Demonology","35692","Demonic Knowledge","0","1","256","0","0","0"
"Warlock","354","Demonology","35693","Demonic Knowledge","0","1","256","0","0","0"
"Warlock","354","Demonology","35702","Master Demonologist","0","1","256","0","0","0"
"Warlock","354","Demonology","35703","Master Demonologist","0","1","256","0","0","0"
"Warlock","354","Demonology","35704","Master Demonologist","0","1","256","0","0","0"
"Warlock","354","Demonology","35705","Master Demonologist","0","1","256","0","0","0"
"Warlock","354","Demonology","35706","Master Demonologist","0","1","256","0","0","0"
"Warlock","355","Affliction","172","Corruption","0","1","256","0","0","0"
"Warlock","355","Affliction","603","Curse of Doom","0","1","256","0","0","0"
"Warlock","355","Affliction","689","Drain Life","0","1","256","0","0","0"
"Warlock","355","Affliction","699","Drain Life","0","1","256","0","0","0"
"Warlock","355","Affliction","702","Curse of Weakness","0","1","256","0","0","0"
"Warlock","355","Affliction","704","Curse of Recklessness","0","1","256","0","0","0"
"Warlock","355","Affliction","709","Drain Life","0","1","256","0","0","0"
"Warlock","355","Affliction","980","Curse of Agony","0","1","256","0","0","0"
"Warlock","355","Affliction","1010","Curse of Idiocy","0","1","256","0","0","0"
"Warlock","355","Affliction","1014","Curse of Agony","0","1","0","0","0","0"
"Warlock","355","Affliction","1108","Curse of Weakness","0","1","256","0","0","0"
"Warlock","355","Affliction","1120","Drain Soul","0","1","256","0","0","0"
"Warlock","355","Affliction","1454","Life Tap","0","1","256","0","0","0"
"Warlock","355","Affliction","1455","Life Tap","0","1","256","0","0","0"
"Warlock","355","Affliction","1456","Life Tap","0","1","256","0","0","0"
"Warlock","355","Affliction","1490","Curse of the Elements","0","1","256","0","0","0"
"Warlock","355","Affliction","1714","Curse of Tongues","0","1","256","0","0","0"
"Warlock","355","Affliction","5138","Drain Mana","0","1","256","0","0","0"
"Warlock","355","Affliction","5484","Howl of Terror","0","1","256","0","0","0"
"Warlock","355","Affliction","5782","Fear","0","1","256","0","0","0"
"Warlock","355","Affliction","6205","Curse of Weakness","0","1","256","0","0","0"
"Warlock","355","Affliction","6213","Fear","0","1","256","0","0","0"
"Warlock","355","Affliction","6215","Fear","0","1","256","0","0","0"
"Warlock","355","Affliction","6217","Curse of Agony","0","1","256","0","0","0"
"Warlock","355","Affliction","6222","Corruption","0","1","256","0","0","0"
"Warlock","355","Affliction","6223","Corruption","0","1","256","0","0","0"
"Warlock","355","Affliction","6226","Drain Mana","0","1","256","0","0","0"
"Warlock","355","Affliction","6789","Death Coil","0","1","256","0","0","0"
"Warlock","355","Affliction","7646","Curse of Weakness","0","1","256","0","0","0"
"Warlock","355","Affliction","7648","Corruption","0","1","256","0","0","0"
"Warlock","355","Affliction","7651","Drain Life","0","1","256","0","0","0"
"Warlock","355","Affliction","7658","Curse of Recklessness","0","1","256","0","0","0"
"Warlock","355","Affliction","7659","Curse of Recklessness","0","1","256","0","0","0"
"Warlock","355","Affliction","8288","Drain Soul","0","1","256","0","0","0"
"Warlock","355","Affliction","8289","Drain Soul","0","1","256","0","0","0"
"Warlock","355","Affliction","11671","Corruption","0","1","256","0","0","0"
"Warlock","355","Affliction","11672","Corruption","0","1","256","0","0","0"
"Warlock","355","Affliction","11675","Drain Soul","0","1","256","0","0","0"
"Warlock","355","Affliction","11687","Life Tap","0","1","256","0","0","0"
"Warlock","355","Affliction","11688","Life Tap","0","1","256","0","0","0"
"Warlock","355","Affliction","11689","Life Tap","0","1","256","0","0","0"
"Warlock","355","Affliction","11699","Drain Life","0","1","256","0","0","0"
"Warlock","355","Affliction","11700","Drain Life","0","1","256","0","0","0"
"Warlock","355","Affliction","11703","Drain Mana","0","1","256","0","0","0"
"Warlock","355","Affliction","11704","Drain Mana","0","1","256","0","0","0"
"Warlock","355","Affliction","11707","Curse of Weakness","0","1","256","0","0","0"
"Warlock","355","Affliction","11708","Curse of Weakness","0","1","256","0","0","0"
"Warlock","355","Affliction","11711","Curse of Agony","0","1","256","0","0","0"
"Warlock","355","Affliction","11712","Curse of Agony","0","1","256","0","0","0"
"Warlock","355","Affliction","11713","Curse of Agony","0","1","256","0","0","0"
"Warlock","355","Affliction","11717","Curse of Recklessness","0","1","256","0","0","0"
"Warlock","355","Affliction","11719","Curse of Tongues","0","1","256","0","0","0"
"Warlock","355","Affliction","11721","Curse of the Elements","0","1","256","0","0","0"
"Warlock","355","Affliction","11722","Curse of the Elements","0","1","256","0","0","0"
"Warlock","355","Affliction","17783","Fel Concentration","0","1","0","0","0","0"
"Warlock","355","Affliction","17784","Fel Concentration","0","1","0","0","0","0"
"Warlock","355","Affliction","17785","Fel Concentration","0","1","0","0","0","0"
"Warlock","355","Affliction","17786","Fel Concentration","0","1","0","0","0","0"
"Warlock","355","Affliction","17787","Fel Concentration","0","1","0","0","0","0"
"Warlock","355","Affliction","17804","Soul Siphon","0","1","0","0","0","0"
"Warlock","355","Affliction","17805","Soul Siphon","0","1","0","0","0","0"
"Warlock","355","Affliction","17810","Improved Corruption","0","1","0","0","0","0"
"Warlock","355","Affliction","17811","Improved Corruption","0","1","0","0","0","0"
"Warlock","355","Affliction","17812","Improved Corruption","0","1","0","0","0","0"
"Warlock","355","Affliction","17813","Improved Corruption","0","1","0","0","0","0"
"Warlock","355","Affliction","17814","Improved Corruption","0","1","0","0","0","0"
"Warlock","355","Affliction","17925","Death Coil","0","1","256","0","0","0"
"Warlock","355","Affliction","17926","Death Coil","0","1","256","0","0","0"
"Warlock","355","Affliction","17928","Howl of Terror","0","1","256","0","0","0"
"Warlock","355","Affliction","18094","Nightfall","0","1","0","0","0","0"
"Warlock","355","Affliction","18095","Nightfall","0","1","0","0","0","0"
"Warlock","355","Affliction","18174","Suppression","0","1","0","0","0","0"
"Warlock","355","Affliction","18175","Suppression","0","1","0","0","0","0"
"Warlock","355","Affliction","18176","Suppression","0","1","0","0","0","0"
"Warlock","355","Affliction","18177","Suppression","0","1","0","0","0","0"
"Warlock","355","Affliction","18178","Suppression","0","1","0","0","0","0"
"Warlock","355","Affliction","18179","Improved Curse of Weakness","0","1","0","0","0","0"
"Warlock","355","Affliction","18180","Improved Curse of Weakness","0","1","0","0","0","0"
"Warlock","355","Affliction","18182","Improved Life Tap","0","1","0","0","0","0"
"Warlock","355","Affliction","18183","Improved Life Tap","0","1","0","0","0","0"
"Warlock","355","Affliction","18213","Improved Drain Soul","0","1","0","0","0","0"
"Warlock","355","Affliction","18218","Grim Reach","0","1","0","0","0","0"
"Warlock","355","Affliction","18219","Grim Reach","0","1","0","0","0","0"
"Warlock","355","Affliction","18220","Dark Pact","0","1","256","0","0","0"
"Warlock","355","Affliction","18223","Curse of Exhaustion","0","1","0","0","0","0"
"Warlock","355","Affliction","18265","Siphon Life","0","1","256","0","0","0"
"Warlock","355","Affliction","18271","Shadow Mastery","0","1","0","0","0","0"
"Warlock","355","Affliction","18272","Shadow Mastery","0","1","0","0","0","0"
"Warlock","355","Affliction","18273","Shadow Mastery","0","1","0","0","0","0"
"Warlock","355","Affliction","18274","Shadow Mastery","0","1","0","0","0","0"
"Warlock","355","Affliction","18275","Shadow Mastery","0","1","0","0","0","0"
"Warlock","355","Affliction","18288","Amplify Curse","0","1","0","0","0","0"
"Warlock","355","Affliction","18372","Improved Drain Soul","0","1","0","0","0","0"
"Warlock","355","Affliction","18662","Curse of Doom Effect","0","1","256","0","0","0"
"Warlock","355","Affliction","18827","Improved Curse of Agony","0","1","0","0","0","0"
"Warlock","355","Affliction","18829","Improved Curse of Agony","0","1","0","0","0","0"
"Warlock","355","Affliction","18879","Siphon Life","0","1","256","0","0","0"
"Warlock","355","Affliction","18880","Siphon Life","0","1","256","0","0","0"
"Warlock","355","Affliction","18881","Siphon Life","0","1","256","0","0","0"
"Warlock","355","Affliction","18937","Dark Pact","0","1","256","0","0","0"
"Warlock","355","Affliction","18938","Dark Pact","0","1","256","0","0","0"
"Warlock","355","Affliction","25311","Corruption","0","1","256","0","0","0"
"Warlock","355","Affliction","27216","Corruption","0","1","256","0","0","0"
"Warlock","355","Affliction","27217","Drain Soul","0","1","256","0","0","0"
"Warlock","355","Affliction","27218","Curse of Agony","0","1","256","0","0","0"
"Warlock","355","Affliction","27219","Drain Life","0","1","256","0","0","0"
"Warlock","355","Affliction","27220","Drain Life","0","1","256","0","0","0"
"Warlock","355","Affliction","27221","Drain Mana","0","1","256","0","0","0"
"Warlock","355","Affliction","27222","Life Tap","0","1","256","0","0","0"
"Warlock","355","Affliction","27223","Death Coil","0","1","256","0","0","0"
"Warlock","355","Affliction","27224","Curse of Weakness","0","1","256","0","0","0"
"Warlock","355","Affliction","27226","Curse of Recklessness","0","1","256","0","0","0"
"Warlock","355","Affliction","27228","Curse of the Elements","0","1","256","0","0","0"
"Warlock","355","Affliction","27243","Seed of Corruption","0","1","256","0","0","0"
"Warlock","355","Affliction","27264","Siphon Life","0","1","256","0","0","0"
"Warlock","355","Affliction","27265","Dark Pact","0","1","256","0","0","0"
"Warlock","355","Affliction","27285","Seed of Corruption","0","1","0","0","0","0"
"Warlock","355","Affliction","30054","Improved Howl of Terror","0","1","256","0","0","0"
"Warlock","355","Affliction","30057","Improved Howl of Terror","0","1","256","0","0","0"
"Warlock","355","Affliction","30060","Contagion","0","1","256","0","0","0"
"Warlock","355","Affliction","30061","Contagion","0","1","256","0","0","0"
"Warlock","355","Affliction","30062","Contagion","0","1","256","0","0","0"
"Warlock","355","Affliction","30063","Contagion","0","1","256","0","0","0"
"Warlock","355","Affliction","30064","Contagion","0","1","256","0","0","0"
"Warlock","355","Affliction","30108","Unstable Affliction","0","1","256","0","0","0"
"Warlock","355","Affliction","30404","Unstable Affliction","0","1","256","0","0","0"
"Warlock","355","Affliction","30405","Unstable Affliction","0","1","256","0","0","0"
"Warlock","355","Affliction","30908","Drain Mana","0","1","256","0","0","0"
"Warlock","355","Affliction","30909","Curse of Weakness","0","1","256","0","0","0"
"Warlock","355","Affliction","30910","Curse of Doom","0","1","256","0","0","0"
"Warlock","355","Affliction","30911","Siphon Life","0","1","256","0","0","0"
"Warlock","355","Affliction","31117","Unstable Affliction","0","1","256","0","0","0"
"Warlock","355","Affliction","32381","Empowered Corruption","0","1","256","0","0","0"
"Warlock","355","Affliction","32382","Empowered Corruption","0","1","256","0","0","0"
"Warlock","355","Affliction","32383","Empowered Corruption","0","1","256","0","0","0"
"Warlock","355","Affliction","32385","Shadow Embrace","0","1","256","0","0","0"
"Warlock","355","Affliction","32386","Shadow Embrace","0","1","256","0","0","0"
"Warlock","355","Affliction","32387","Shadow Embrace","0","1","256","0","0","0"
"Warlock","355","Affliction","32388","Shadow Embrace","0","1","256","0","0","0"
"Warlock","355","Affliction","32389","Shadow Embrace","0","1","256","0","0","0"
"Warlock","355","Affliction","32390","Shadow Embrace","0","1","256","0","0","0"
"Warlock","355","Affliction","32391","Shadow Embrace","0","1","256","0","0","0"
"Warlock","355","Affliction","32392","Shadow Embrace","0","1","256","0","0","0"
"Warlock","355","Affliction","32393","Shadow Embrace","0","1","256","0","0","0"
"Warlock","355","Affliction","32394","Shadow Embrace","0","1","256","0","0","0"
"Warlock","355","Affliction","32477","Malediction","0","1","256","0","0","0"
"Warlock","355","Affliction","32483","Malediction","0","1","256","0","0","0"
"Warlock","355","Affliction","32484","Malediction","0","1","256","0","0","0"
"Warlock","593","Destruction","348","Immolate","0","1","256","0","0","0"
"Warlock","593","Destruction","686","Shadow Bolt","2","1","256","0","0","0"
"Warlock","593","Destruction","695","Shadow Bolt","0","1","256","0","0","0"
"Warlock","593","Destruction","705","Shadow Bolt","0","1","256","0","0","0"
"Warlock","593","Destruction","707","Immolate","0","1","256","0","0","0"
"Warlock","593","Destruction","1088","Shadow Bolt","0","1","256","0","0","0"
"Warlock","593","Destruction","1094","Immolate","0","1","256","0","0","0"
"Warlock","593","Destruction","1106","Shadow Bolt","0","1","256","0","0","0"
"Warlock","593","Destruction","1949","Hellfire","0","1","256","0","0","0"
"Warlock","593","Destruction","2941","Immolate","0","1","256","0","0","0"
"Warlock","593","Destruction","5676","Searing Pain","0","1","256","0","0","0"
"Warlock","593","Destruction","5740","Rain of Fire","0","1","256","0","0","0"
"Warlock","593","Destruction","5857","Hellfire Effect","0","1","256","0","0","0"
"Warlock","593","Destruction","6219","Rain of Fire","0","1","256","0","0","0"
"Warlock","593","Destruction","6353","Soul Fire","0","1","256","0","0","0"
"Warlock","593","Destruction","7641","Shadow Bolt","0","1","256","0","0","0"
"Warlock","593","Destruction","11659","Shadow Bolt","0","1","256","0","0","0"
"Warlock","593","Destruction","11660","Shadow Bolt","0","1","256","0","0","0"
"Warlock","593","Destruction","11661","Shadow Bolt","0","1","256","0","0","0"
"Warlock","593","Destruction","11665","Immolate","0","1","256","0","0","0"
"Warlock","593","Destruction","11667","Immolate","0","1","256","0","0","0"
"Warlock","593","Destruction","11668","Immolate","0","1","256","0","0","0"
"Warlock","593","Destruction","11668","Immolate","0","1","0","0","0","0"
"Warlock","593","Destruction","11677","Rain of Fire","0","1","256","0","0","0"
"Warlock","593","Destruction","11678","Rain of Fire","0","1","256","0","0","0"
"Warlock","593","Destruction","11681","Hellfire Effect","0","1","256","0","0","0"
"Warlock","593","Destruction","11682","Hellfire Effect","0","1","256","0","0","0"
"Warlock","593","Destruction","11683","Hellfire","0","1","256","0","0","0"
"Warlock","593","Destruction","11684","Hellfire","0","1","256","0","0","0"
"Warlock","593","Destruction","17778","Cataclysm","0","1","0","0","0","0"
"Warlock","593","Destruction","17779","Cataclysm","0","1","0","0","0","0"
"Warlock","593","Destruction","17780","Cataclysm","0","1","0","0","0","0"
"Warlock","593","Destruction","17781","Cataclysm","0","1","0","0","0","0"
"Warlock","593","Destruction","17782","Cataclysm","0","1","0","0","0","0"
"Warlock","593","Destruction","17788","Bane","0","1","0","0","0","0"
"Warlock","593","Destruction","17789","Bane","0","1","0","0","0","0"
"Warlock","593","Destruction","17790","Bane","0","1","0","0","0","0"
"Warlock","593","Destruction","17791","Bane","0","1","0","0","0","0"
"Warlock","593","Destruction","17792","Bane","0","1","0","0","0","0"
"Warlock","593","Destruction","17793","Improved Shadow Bolt","0","1","0","0","0","0"
"Warlock","593","Destruction","17796","Improved Shadow Bolt","0","1","0","0","0","0"
"Warlock","593","Destruction","17801","Improved Shadow Bolt","0","1","0","0","0","0"
"Warlock","593","Destruction","17802","Improved Shadow Bolt","0","1","0","0","0","0"
"Warlock","593","Destruction","17803","Improved Shadow Bolt","0","1","0","0","0","0"
"Warlock","593","Destruction","17815","Improved Immolate","0","1","0","0","0","0"
"Warlock","593","Destruction","17833","Improved Immolate","0","1","0","0","0","0"
"Warlock","593","Destruction","17834","Improved Immolate","0","1","0","0","0","0"
"Warlock","593","Destruction","17835","Improved Immolate","0","1","0","0","0","0"
"Warlock","593","Destruction","17836","Improved Immolate","0","1","0","0","0","0"
"Warlock","593","Destruction","17877","Shadowburn","0","1","256","0","0","0"
"Warlock","593","Destruction","17917","Destructive Reach","0","1","0","0","0","0"
"Warlock","593","Destruction","17918","Destructive Reach","0","1","0","0","0","0"
"Warlock","593","Destruction","17919","Searing Pain","0","1","256","0","0","0"
"Warlock","593","Destruction","17920","Searing Pain","0","1","256","0","0","0"
"Warlock","593","Destruction","17921","Searing Pain","0","1","256","0","0","0"
"Warlock","593","Destruction","17922","Searing Pain","0","1","256","0","0","0"
"Warlock","593","Destruction","17923","Searing Pain","0","1","256","0","0","0"
"Warlock","593","Destruction","17924","Soul Fire","0","1","256","0","0","0"
"Warlock","593","Destruction","17927","Improved Searing Pain","0","1","0","0","0","0"
"Warlock","593","Destruction","17929","Improved Searing Pain","0","1","0","0","0","0"
"Warlock","593","Destruction","17930","Improved Searing Pain","0","1","0","0","0","0"
"Warlock","593","Destruction","17954","Emberstorm","0","1","0","0","0","0"
"Warlock","593","Destruction","17955","Emberstorm","0","1","0","0","0","0"
"Warlock","593","Destruction","17956","Emberstorm","0","1","0","0","0","0"
"Warlock","593","Destruction","17957","Emberstorm","0","1","0","0","0","0"
"Warlock","593","Destruction","17958","Emberstorm","0","1","0","0","0","0"
"Warlock","593","Destruction","17959","Ruin","0","1","0","0","0","0"
"Warlock","593","Destruction","17962","Conflagrate","0","1","256","0","0","0"
"Warlock","593","Destruction","18073","Pyroclasm","0","1","0","0","0","0"
"Warlock","593","Destruction","18093","Pyroclasm","0","1","0","0","0","0"
"Warlock","593","Destruction","18096","Pyroclasm","0","1","0","0","0","0"
"Warlock","593","Destruction","18119","Aftermath","0","1","0","0","0","0"
"Warlock","593","Destruction","18120","Aftermath","0","1","0","0","0","0"
"Warlock","593","Destruction","18121","Aftermath","0","1","0","0","0","0"
"Warlock","593","Destruction","18122","Aftermath","0","1","0","0","0","0"
"Warlock","593","Destruction","18123","Aftermath","0","1","0","0","0","0"
"Warlock","593","Destruction","18126","Improved Firebolt","0","1","0","0","0","0"
"Warlock","593","Destruction","18127","Improved Firebolt","0","1","0","0","0","0"
"Warlock","593","Destruction","18128","Improved Lash of Pain","0","1","0","0","0","0"
"Warlock","593","Destruction","18129","Improved Lash of Pain","0","1","0","0","0","0"
"Warlock","593","Destruction","18130","Devastation","0","1","0","0","0","0"
"Warlock","593","Destruction","18131","Devastation","0","1","0","0","0","0"
"Warlock","593","Destruction","18132","Devastation","0","1","0","0","0","0"
"Warlock","593","Destruction","18133","Devastation","0","1","0","0","0","0"
"Warlock","593","Destruction","18134","Devastation","0","1","0","0","0","0"
"Warlock","593","Destruction","18135","Intensity","0","1","0","0","0","0"
"Warlock","593","Destruction","18136","Intensity","0","1","0","0","0","0"
"Warlock","593","Destruction","18867","Shadowburn","0","1","256","0","0","0"
"Warlock","593","Destruction","18868","Shadowburn","0","1","256","0","0","0"
"Warlock","593","Destruction","18869","Shadowburn","0","1","256","0","0","0"
"Warlock","593","Destruction","18870","Shadowburn","0","1","256","0","0","0"
"Warlock","593","Destruction","18871","Shadowburn","0","1","256","0","0","0"
"Warlock","593","Destruction","18930","Conflagrate","0","1","256","0","0","0"
"Warlock","593","Destruction","18931","Conflagrate","0","1","256","0","0","0"
"Warlock","593","Destruction","18932","Conflagrate","0","1","256","0","0","0"
"Warlock","593","Destruction","25307","Shadow Bolt","0","1","256","0","0","0"
"Warlock","593","Destruction","25309","Immolate","0","1","256","0","0","0"
"Warlock","593","Destruction","27209","Shadow Bolt","0","1","256","0","0","0"
"Warlock","593","Destruction","27210","Searing Pain","0","1","256","0","0","0"
"Warlock","593","Destruction","27211","Soul Fire","0","1","256","0","0","0"
"Warlock","593","Destruction","27212","Rain of Fire","0","1","256","0","0","0"
"Warlock","593","Destruction","27213","Hellfire","0","1","256","0","0","0"
"Warlock","593","Destruction","27214","Hellfire Effect","0","1","256","0","0","0"
"Warlock","593","Destruction","27215","Immolate","0","1","256","0","0","0"
"Warlock","593","Destruction","27263","Shadowburn","0","1","256","0","0","0"
"Warlock","593","Destruction","27266","Conflagrate","0","1","256","0","0","0"
"Warlock","593","Destruction","29722","Incinerate","0","1","256","0","0","0"
"Warlock","593","Destruction","30283","Shadowfury","0","1","256","0","0","0"
"Warlock","593","Destruction","30288","Shadow and Flame","0","1","256","0","0","0"
"Warlock","593","Destruction","30289","Shadow and Flame","0","1","256","0","0","0"
"Warlock","593","Destruction","30290","Shadow and Flame","0","1","256","0","0","0"
"Warlock","593","Destruction","30291","Shadow and Flame","0","1","256","0","0","0"
"Warlock","593","Destruction","30292","Shadow and Flame","0","1","256","0","0","0"
"Warlock","593","Destruction","30293","Soul Leech","0","1","256","0","0","0"
"Warlock","593","Destruction","30295","Soul Leech","0","1","256","0","0","0"
"Warlock","593","Destruction","30296","Soul Leech","0","1","256","0","0","0"
"Warlock","593","Destruction","30299","Nether Protection","0","1","256","0","0","0"
"Warlock","593","Destruction","30300","Nether Protection","0","1","256","0","0","0"
"Warlock","593","Destruction","30301","Nether Protection","0","1","256","0","0","0"
"Warlock","593","Destruction","30302","Nether Protection","0","1","256","0","0","0"
"Warlock","593","Destruction","30413","Shadowfury","0","1","256","0","0","0"
"Warlock","593","Destruction","30414","Shadowfury","0","1","256","0","0","0"
"Warlock","593","Destruction","30459","Searing Pain","0","1","256","0","0","0"
"Warlock","593","Destruction","30545","Soul Fire","0","1","256","0","0","0"
"Warlock","593","Destruction","30546","Shadowburn","0","1","256","0","0","0"
"Warlock","593","Destruction","30912","Conflagrate","0","1","256","0","0","0"
"Warlock","593","Destruction","32231","Incinerate","0","1","256","0","0","0"
"Warlock","593","Destruction","34935","Backlash","0","1","256","0","0","0"
"Warlock","593","Destruction","34936","Backlash","0","1","256","0","0","0"
"Warlock","593","Destruction","34938","Backlash","0","1","256","0","0","0"
"Warlock","593","Destruction","34939","Backlash","0","1","256","0","0","0"
"Warlock","593","Destruction","42218","Rain of Fire","0","1","256","0","0","0"
"Warlock","593","Destruction","42223","Rain of Fire","0","1","256","0","0","0"
"Warlock","593","Destruction","42224","Rain of Fire","0","1","256","0","0","0"
"Warlock","593","Destruction","42225","Rain of Fire","0","1","256","0","0","0"
"Warlock","593","Destruction","42226","Rain of Fire","0","1","256","0","0","0"
"Warlock","761","Pet - Felguard","30147","Tamed Pet Passive (DND)","2","1","0","0","0","0"
"Warlock","761","Pet - Felguard","30148","Tamed Pet Passive (DND)","2","1","0","0","0","0"
"Warlock","761","Pet - Felguard","30149","Tamed Pet Passive (DND)","2","1","0","0","0","0"
"Warlock","761","Pet - Felguard","30151","Intercept","0","1","0","0","0","0"
"Warlock","761","Pet - Felguard","30153","Intercept Stun","0","1","0","0","0","0"
"Warlock","761","Pet - Felguard","30194","Intercept","0","1","0","0","30151","0"
"Warlock","761","Pet - Felguard","30195","Intercept Stun","0","1","0","0","0","0"
"Warlock","761","Pet - Felguard","30197","Intercept Stun","0","1","0","0","0","0"
"Warlock","761","Pet - Felguard","30198","Intercept","0","1","0","0","30194","0"
"Warlock","761","Pet - Felguard","30213","Cleave","0","1","0","0","0","0"
"Warlock","761","Pet - Felguard","30219","Cleave","0","1","0","0","30213","0"
"Warlock","761","Pet - Felguard","30223","Cleave","0","1","0","0","30219","0"
"Warlock","761","Pet - Felguard","32233","Avoidance","0","1","0","0","0","0"
"Warlock","761","Pet - Felguard","32850","Demonic Frenzy","0","1","0","0","0","0"
"Warlock","761","Pet - Felguard","32851","Demonic Frenzy","0","1","0","0","0","0"
"Warlock","761","Pet - Felguard","33698","Anguish","0","1","0","0","0","0"
"Warlock","761","Pet - Felguard","33699","Anguish","0","1","0","0","33698","0"
"Warlock","761","Pet - Felguard","33700","Anguish","0","1","0","0","33699","0"
"Warlock","761","Pet - Felguard","34947","Warlock Pet Scaling 01","2","1","0","0","0","0"
"Warlock","761","Pet - Felguard","34956","Warlock Pet Scaling 02","2","1","0","0","0","0"
"Warlock","761","Pet - Felguard","34957","Warlock Pet Scaling 03","2","1","0","0","0","0"
"Warlock","761","Pet - Felguard","34958","Warlock Pet Scaling 04","2","1","0","0","0","0"
"Warlock","761","Pet - Felguard","35695","Pet Passive (DND)","2","1","0","0","0","0"
"Warlock","761","Pet - Felguard","35697","Pet Passive (DND)","2","1","0","0","0","0"
"Warrior","26","Arms","78","Heroic Strike","2","1","1","0","0","0"
"Warrior","26","Arms","100","Charge","0","1","1","0","0","0"
"Warrior","26","Arms","284","Heroic Strike","0","1","1","0","78","0"
"Warrior","26","Arms","285","Heroic Strike","0","1","1","0","284","0"
"Warrior","26","Arms","694","Mocking Blow","0","1","1","0","0","0"
"Warrior","26","Arms","772","Rend","0","1","1","0","0","0"
"Warrior","26","Arms","1608","Heroic Strike","0","1","1","0","285","0"
"Warrior","26","Arms","1715","Hamstring","0","1","1","0","0","0"
"Warrior","26","Arms","2457","Battle Stance","2","1","1","0","0","0"
"Warrior","26","Arms","5530","Mace Stun Effect","0","1","0","0","0","0"
"Warrior","26","Arms","6178","Charge","0","1","1","0","100","0"
"Warrior","26","Arms","6343","Thunder Clap","0","1","1","0","0","0"
"Warrior","26","Arms","6546","Rend","0","1","1","0","772","0"
"Warrior","26","Arms","6547","Rend","0","1","1","0","6546","0"
"Warrior","26","Arms","6548","Rend","0","1","1","0","6547","0"
"Warrior","26","Arms","7372","Hamstring","0","1","1","0","1715","0"
"Warrior","26","Arms","7373","Hamstring","0","1","1","0","7372","0"
"Warrior","26","Arms","7384","Overpower","0","1","1","0","0","0"
"Warrior","26","Arms","7400","Mocking Blow","0","1","1","0","694","0"
"Warrior","26","Arms","7402","Mocking Blow","0","1","1","0","7400","0"
"Warrior","26","Arms","7887","Overpower","0","1","1","0","7384","0"
"Warrior","26","Arms","8198","Thunder Clap","0","1","1","0","6343","0"
"Warrior","26","Arms","8204","Thunder Clap","0","1","1","0","8198","0"
"Warrior","26","Arms","8205","Thunder Clap","0","1","1","0","8204","0"
"Warrior","26","Arms","11564","Heroic Strike","0","1","1","0","1608","0"
"Warrior","26","Arms","11565","Heroic Strike","0","1","1","0","11564","0"
"Warrior","26","Arms","11566","Heroic Strike","0","1","1","0","11565","0"
"Warrior","26","Arms","11567","Heroic Strike","0","1","1","0","11566","0"
"Warrior","26","Arms","11572","Rend","0","1","1","0","6548","0"
"Warrior","26","Arms","11573","Rend","0","1","1","0","11572","0"
"Warrior","26","Arms","11574","Rend","0","1","1","0","11573","0"
"Warrior","26","Arms","11578","Charge","0","1","1","0","6178","0"
"Warrior","26","Arms","11580","Thunder Clap","0","1","1","0","8205","0"
"Warrior","26","Arms","11581","Thunder Clap","0","1","1","0","11580","0"
"Warrior","26","Arms","11584","Overpower","0","1","1","0","7887","0"
"Warrior","26","Arms","11585","Overpower","0","1","1","0","11584","0"
"Warrior","26","Arms","12163","Two-Handed Weapon Specialization","0","1","0","0","0","0"
"Warrior","26","Arms","12281","Sword Specialization","0","1","0","0","0","0"
"Warrior","26","Arms","12282","Improved Heroic Strike","0","1","0","0","0","0"
"Warrior","26","Arms","12284","Mace Specialization","0","1","0","0","0","0"
"Warrior","26","Arms","12285","Improved Charge","0","1","0","0","0","0"
"Warrior","26","Arms","12286","Improved Rend","0","1","0","0","0","0"
"Warrior","26","Arms","12287","Improved Thunder Clap","0","1","0","0","0","0"
"Warrior","26","Arms","12289","Improved Hamstring","0","1","0","0","0","0"
"Warrior","26","Arms","12290","Improved Overpower","0","1","0","0","0","0"
"Warrior","26","Arms","12292","Death Wish","0","1","1","0","0","0"
"Warrior","26","Arms","12294","Mortal Strike","0","1","1","0","0","0"
"Warrior","26","Arms","12296","Anger Management","0","1","0","0","0","0"
"Warrior","26","Arms","12300","Iron Will","0","1","1","0","0","0"
"Warrior","26","Arms","12658","Improved Rend","0","1","0","0","0","0"
"Warrior","26","Arms","12659","Improved Rend","0","1","0","0","0","0"
"Warrior","26","Arms","12663","Improved Heroic Strike","0","1","0","0","0","0"
"Warrior","26","Arms","12664","Improved Heroic Strike","0","1","0","0","0","0"
"Warrior","26","Arms","12665","Improved Thunder Clap","0","1","0","0","0","0"
"Warrior","26","Arms","12666","Improved Thunder Clap","0","1","0","0","0","0"
"Warrior","26","Arms","12668","Improved Hamstring","0","1","0","0","0","0"
"Warrior","26","Arms","12695","Charge Rage Bonus Effect","0","1","0","0","0","0"
"Warrior","26","Arms","12696","Charge Rage Bonus Effect","0","1","0","0","0","0"
"Warrior","26","Arms","12697","Improved Charge","0","1","0","0","0","0"
"Warrior","26","Arms","12700","Poleaxe Specialization","0","1","0","0","0","0"
"Warrior","26","Arms","12701","Mace Specialization","0","1","0","0","0","0"
"Warrior","26","Arms","12702","Mace Specialization","0","1","0","0","0","0"
"Warrior","26","Arms","12703","Mace Specialization","0","1","0","0","0","0"
"Warrior","26","Arms","12704","Mace Specialization","0","1","0","0","0","0"
"Warrior","26","Arms","12705","Long Daze","0","1","0","0","0","0"
"Warrior","26","Arms","12711","Two-Handed Weapon Specialization","0","1","0","0","0","0"
"Warrior","26","Arms","12712","Two-Handed Weapon Specialization","0","1","0","0","0","0"
"Warrior","26","Arms","12713","Two-Handed Weapon Specialization","0","1","0","0","0","0"
"Warrior","26","Arms","12714","Two-Handed Weapon Specialization","0","1","0","0","0","0"
"Warrior","26","Arms","12781","Poleaxe Specialization","0","1","0","0","0","0"
"Warrior","26","Arms","12783","Poleaxe Specialization","0","1","0","0","0","0"
"Warrior","26","Arms","12784","Poleaxe Specialization","0","1","0","0","0","0"
"Warrior","26","Arms","12785","Poleaxe Specialization","0","1","0","0","0","0"
"Warrior","26","Arms","12812","Sword Specialization","0","1","0","0","0","0"
"Warrior","26","Arms","12813","Sword Specialization","0","1","0","0","0","0"
"Warrior","26","Arms","12814","Sword Specialization","0","1","0","0","0","0"
"Warrior","26","Arms","12815","Sword Specialization","0","1","0","0","0","0"
"Warrior","26","Arms","12834","Deep Wounds","0","1","0","0","0","0"
"Warrior","26","Arms","12849","Deep Wounds","0","1","0","0","0","0"
"Warrior","26","Arms","12867","Deep Wounds","0","1","0","0","0","0"
"Warrior","26","Arms","12959","Iron Will","0","1","1","0","0","0"
"Warrior","26","Arms","12960","Iron Will","0","1","1","0","0","0"
"Warrior","26","Arms","12961","Iron Will","0","1","1","0","0","0"
"Warrior","26","Arms","12962","Iron Will","0","1","1","0","0","0"
"Warrior","26","Arms","12963","Improved Overpower","0","1","0","0","0","0"
"Warrior","26","Arms","16462","Deflection","0","1","0","0","0","0"
"Warrior","26","Arms","16463","Deflection","0","1","0","0","0","0"
"Warrior","26","Arms","16464","Deflection","0","1","0","0","0","0"
"Warrior","26","Arms","16465","Deflection","0","1","0","0","0","0"
"Warrior","26","Arms","16466","Deflection","0","1","0","0","0","0"
"Warrior","26","Arms","16493","Impale","0","1","0","0","0","0"
"Warrior","26","Arms","16494","Impale","0","1","0","0","0","0"
"Warrior","26","Arms","20230","Retaliation","0","1","1","0","0","0"
"Warrior","26","Arms","20559","Mocking Blow","0","1","1","0","7402","0"
"Warrior","26","Arms","20560","Mocking Blow","0","1","1","0","20559","0"
"Warrior","26","Arms","21156","Battle Stance Passive","0","1","1","0","0","0"
"Warrior","26","Arms","21551","Mortal Strike","0","1","1","0","12294","0"
"Warrior","26","Arms","21552","Mortal Strike","0","1","1","0","21551","0"
"Warrior","26","Arms","21553","Mortal Strike","0","1","1","0","21552","0"
"Warrior","26","Arms","23695","Improved Hamstring","0","1","0","0","0","0"
"Warrior","26","Arms","25208","Rend","0","1","1","0","11574","0"
"Warrior","26","Arms","25212","Hamstring","0","1","1","0","7373","0"
"Warrior","26","Arms","25248","Mortal Strike","0","1","1","0","21553","0"
"Warrior","26","Arms","25264","Thunder Clap","0","1","1","0","11581","0"
"Warrior","26","Arms","25266","Mocking Blow","0","1","1","0","20560","0"
"Warrior","26","Arms","25286","Heroic Strike","0","1","1","0","11567","0"
"Warrior","26","Arms","29623","Endless Rage","0","1","1","0","0","0"
"Warrior","26","Arms","29707","Heroic Strike","0","1","1","0","25286","0"
"Warrior","26","Arms","29723","Improved Disciplines","0","1","1","0","0","0"
"Warrior","26","Arms","29724","Improved Disciplines","0","1","1","0","0","0"
"Warrior","26","Arms","29725","Improved Disciplines","0","1","1","0","0","0"
"Warrior","26","Arms","29834","Second Wind","0","1","1","0","0","0"
"Warrior","26","Arms","29836","Blood Frenzy","0","1","1","0","0","0"
"Warrior","26","Arms","29838","Second Wind","0","1","1","0","0","0"
"Warrior","26","Arms","29841","Second Wind","0","1","1","0","0","0"
"Warrior","26","Arms","29842","Second Wind","0","1","1","0","0","0"
"Warrior","26","Arms","29859","Blood Frenzy","0","1","1","0","0","0"
"Warrior","26","Arms","29888","Improved Intercept","0","1","1","0","0","0"
"Warrior","26","Arms","29889","Improved Intercept","0","1","1","0","0","0"
"Warrior","26","Arms","30324","Heroic Strike","0","1","1","0","29707","0"
"Warrior","26","Arms","30330","Mortal Strike","0","1","1","0","25248","0"
"Warrior","26","Arms","35446","Improved Mortal Strike","0","1","1","0","0","0"
"Warrior","26","Arms","35448","Improved Mortal Strike","0","1","1","0","0","0"
"Warrior","26","Arms","35449","Improved Mortal Strike","0","1","1","0","0","0"
"Warrior","26","Arms","35450","Improved Mortal Strike","0","1","1","0","0","0"
"Warrior","26","Arms","35451","Improved Mortal Strike","0","1","1","0","0","0"
"Warrior","256","Fury","469","Commanding Shout","0","1","1","0","0","0"
"Warrior","256","Fury","845","Cleave","0","1","1","0","0","0"
"Warrior","256","Fury","1160","Demoralizing Shout","0","1","1","0","0","0"
"Warrior","256","Fury","1161","Challenging Shout","0","1","1","0","0","0"
"Warrior","256","Fury","1464","Slam","0","1","1","0","0","0"
"Warrior","256","Fury","1680","Whirlwind","0","1","1","0","0","0"
"Warrior","256","Fury","1719","Recklessness","0","1","1","0","0","0"
"Warrior","256","Fury","2048","Battle Shout","0","1","1","0","25289","0"
"Warrior","256","Fury","2458","Berserker Stance","0","1","1","0","0","0"
"Warrior","256","Fury","5242","Battle Shout","0","1","1","0","6673","0"
"Warrior","256","Fury","5246","Intimidating Shout","0","1","1","0","0","0"
"Warrior","256","Fury","5308","Execute","0","1","1","0","0","0"
"Warrior","256","Fury","6190","Demoralizing Shout","0","1","1","0","1160","0"
"Warrior","256","Fury","6192","Battle Shout","0","1","1","0","5242","0"
"Warrior","256","Fury","6552","Pummel","0","1","1","0","0","0"
"Warrior","256","Fury","6554","Pummel","0","1","1","0","6552","0"
"Warrior","256","Fury","6673","Battle Shout","0","1","1","0","0","0"
"Warrior","256","Fury","7369","Cleave","0","1","1","0","845","0"
"Warrior","256","Fury","7381","Berserker Stance Passive","0","1","1","0","0","0"
"Warrior","256","Fury","8820","Slam","0","1","1","0","1464","0"
"Warrior","256","Fury","11549","Battle Shout","0","1","1","0","6192","0"
"Warrior","256","Fury","11550","Battle Shout","0","1","1","0","11549","0"
"Warrior","256","Fury","11551","Battle Shout","0","1","1","0","11550","0"
"Warrior","256","Fury","11554","Demoralizing Shout","0","1","1","0","6190","0"
"Warrior","256","Fury","11555","Demoralizing Shout","0","1","1","0","11554","0"
"Warrior","256","Fury","11556","Demoralizing Shout","0","1","1","0","11555","0"
"Warrior","256","Fury","11604","Slam","0","1","1","0","8820","0"
"Warrior","256","Fury","11605","Slam","0","1","1","0","11604","0"
"Warrior","256","Fury","11608","Cleave","0","1","1","0","7369","0"
"Warrior","256","Fury","11609","Cleave","0","1","1","0","11608","0"
"Warrior","256","Fury","12317","Enrage","0","1","0","0","0","0"
"Warrior","256","Fury","12318","Commanding Presence","0","1","0","0","0","0"
"Warrior","256","Fury","12319","Flurry","0","1","0","0","0","0"
"Warrior","256","Fury","12320","Cruelty","0","1","0","0","0","0"
"Warrior","256","Fury","12321","Booming Voice","0","1","0","0","0","0"
"Warrior","256","Fury","12322","Unbridled Wrath","0","1","0","0","0","0"
"Warrior","256","Fury","12323","Piercing Howl","0","1","0","0","0","0"
"Warrior","256","Fury","12324","Improved Demoralizing Shout","0","1","0","0","0","0"
"Warrior","256","Fury","12327","Improved Challenging Shout","0","1","0","0","0","0"
"Warrior","256","Fury","12328","Sweeping Strikes","0","1","1","0","0","0"
"Warrior","256","Fury","12329","Improved Cleave","0","1","0","0","0","0"
"Warrior","256","Fury","12330","Improved Slam","0","1","0","0","0","0"
"Warrior","256","Fury","12723","Sweeping Strikes","0","1","1","0","0","0"
"Warrior","256","Fury","12835","Booming Voice","0","1","0","0","0","0"
"Warrior","256","Fury","12836","Booming Voice","0","1","0","0","0","0"
"Warrior","256","Fury","12837","Booming Voice","0","1","0","0","0","0"
"Warrior","256","Fury","12838","Booming Voice","0","1","0","0","0","0"
"Warrior","256","Fury","12852","Cruelty","0","1","0","0","0","0"
"Warrior","256","Fury","12853","Cruelty","0","1","0","0","0","0"
"Warrior","256","Fury","12855","Cruelty","0","1","0","0","0","0"
"Warrior","256","Fury","12856","Cruelty","0","1","0","0","0","0"
"Warrior","256","Fury","12857","Commanding Presence","0","1","0","0","0","0"
"Warrior","256","Fury","12858","Commanding Presence","0","1","0","0","0","0"
"Warrior","256","Fury","12860","Commanding Presence","0","1","0","0","0","0"
"Warrior","256","Fury","12861","Commanding Presence","0","1","0","0","0","0"
"Warrior","256","Fury","12862","Improved Slam","0","1","0","0","0","0"
"Warrior","256","Fury","12876","Improved Demoralizing Shout","0","1","0","0","0","0"
"Warrior","256","Fury","12877","Improved Demoralizing Shout","0","1","0","0","0","0"
"Warrior","256","Fury","12878","Improved Demoralizing Shout","0","1","0","0","0","0"
"Warrior","256","Fury","12879","Improved Demoralizing Shout","0","1","0","0","0","0"
"Warrior","256","Fury","12886","Improved Challenging Shout","0","1","0","0","0","0"
"Warrior","256","Fury","12950","Improved Cleave","0","1","0","0","0","0"
"Warrior","256","Fury","12964","Unbridled Wrath","0","1","0","0","0","0"
"Warrior","256","Fury","12966","Flurry","0","1","0","0","0","0"
"Warrior","256","Fury","12967","Flurry","0","1","0","0","0","0"
"Warrior","256","Fury","12968","Flurry","0","1","0","0","0","0"
"Warrior","256","Fury","12969","Flurry","0","1","0","0","0","0"
"Warrior","256","Fury","12970","Flurry","0","1","0","0","0","0"
"Warrior","256","Fury","12971","Flurry","0","1","0","0","0","0"
"Warrior","256","Fury","12972","Flurry","0","1","0","0","0","0"
"Warrior","256","Fury","12973","Flurry","0","1","0","0","0","0"
"Warrior","256","Fury","12974","Flurry","0","1","0","0","0","0"
"Warrior","256","Fury","12999","Unbridled Wrath","0","1","0","0","0","0"
"Warrior","256","Fury","13000","Unbridled Wrath","0","1","0","0","0","0"
"Warrior","256","Fury","13001","Unbridled Wrath","0","1","0","0","0","0"
"Warrior","256","Fury","13002","Unbridled Wrath","0","1","0","0","0","0"
"Warrior","256","Fury","13045","Enrage","0","1","0","0","0","0"
"Warrior","256","Fury","13046","Enrage","0","1","0","0","0","0"
"Warrior","256","Fury","13047","Enrage","0","1","0","0","0","0"
"Warrior","256","Fury","13048","Enrage","0","1","0","0","0","0"
"Warrior","256","Fury","16487","Blood Craze","0","1","0","0","0","0"
"Warrior","256","Fury","16489","Blood Craze","0","1","0","0","0","0"
"Warrior","256","Fury","16492","Blood Craze","0","1","0","0","0","0"
"Warrior","256","Fury","18499","Berserker Rage","0","1","1","0","0","0"
"Warrior","256","Fury","19870","Improved Intimidating Shout","0","1","0","0","0","0"
"Warrior","256","Fury","19871","Improved Intimidating Shout","0","1","0","0","0","0"
"Warrior","256","Fury","20252","Intercept","0","1","1","0","0","0"
"Warrior","256","Fury","20496","Improved Cleave","0","1","0","0","0","0"
"Warrior","256","Fury","20500","Improved Berserker Rage","0","1","0","0","0","0"
"Warrior","256","Fury","20501","Improved Berserker Rage","0","1","0","0","0","0"
"Warrior","256","Fury","20502","Improved Execute","0","1","0","0","0","0"
"Warrior","256","Fury","20503","Improved Execute","0","1","0","0","0","0"
"Warrior","256","Fury","20504","Weapon Mastery","0","1","1","0","0","0"
"Warrior","256","Fury","20505","Weapon Mastery","0","1","1","0","0","0"
"Warrior","256","Fury","20569","Cleave","0","1","1","0","11609","0"
"Warrior","256","Fury","20616","Intercept","0","1","1","0","20252","0"
"Warrior","256","Fury","20617","Intercept","0","1","1","0","20616","0"
"Warrior","256","Fury","20647","Execute","0","1","1","0","0","0"
"Warrior","256","Fury","20658","Execute","0","1","1","0","5308","0"
"Warrior","256","Fury","20660","Execute","0","1","1","0","20658","0"
"Warrior","256","Fury","20661","Execute","0","1","1","0","20660","0"
"Warrior","256","Fury","20662","Execute","0","1","1","0","20661","0"
"Warrior","256","Fury","23584","Dual Wield Specialization","0","1","1","0","0","0"
"Warrior","256","Fury","23585","Dual Wield Specialization","0","1","1","0","0","0"
"Warrior","256","Fury","23586","Dual Wield Specialization","0","1","1","0","0","0"
"Warrior","256","Fury","23587","Dual Wield Specialization","0","1","1","0","0","0"
"Warrior","256","Fury","23588","Dual Wield Specialization","0","1","1","0","0","0"
"Warrior","256","Fury","23880","Bloodthirst","0","1","1","0","0","0"
"Warrior","256","Fury","23881","Bloodthirst","0","1","1","0","0","0"
"Warrior","256","Fury","23885","Bloodthirst","0","1","1","0","0","0"
"Warrior","256","Fury","23886","Bloodthirst","0","1","1","0","0","0"
"Warrior","256","Fury","23887","Bloodthirst","0","1","1","0","0","0"
"Warrior","256","Fury","23888","Bloodthirst","0","1","1","0","0","0"
"Warrior","256","Fury","23889","Bloodthirst","0","1","1","0","0","0"
"Warrior","256","Fury","23890","Bloodthirst","0","1","1","0","0","0"
"Warrior","256","Fury","23891","Bloodthirst","0","1","1","0","0","0"
"Warrior","256","Fury","23892","Bloodthirst","0","1","1","0","23881","0"
"Warrior","256","Fury","23893","Bloodthirst","0","1","1","0","23892","0"
"Warrior","256","Fury","23894","Bloodthirst","0","1","1","0","23893","0"
"Warrior","256","Fury","25202","Demoralizing Shout","0","1","1","0","11556","0"
"Warrior","256","Fury","25203","Demoralizing Shout","0","1","1","0","25202","0"
"Warrior","256","Fury","25231","Cleave","0","1","1","0","20569","0"
"Warrior","256","Fury","25234","Execute","0","1","1","0","20662","0"
"Warrior","256","Fury","25236","Execute","0","1","1","0","25234","0"
"Warrior","256","Fury","25241","Slam","0","1","1","0","11605","0"
"Warrior","256","Fury","25242","Slam","0","1","1","0","25241","0"
"Warrior","256","Fury","25251","Bloodthirst","0","1","1","0","23894","0"
"Warrior","256","Fury","25252","Bloodthirst","0","1","1","0","0","0"
"Warrior","256","Fury","25253","Bloodthirst","0","1","1","0","0","0"
"Warrior","256","Fury","25272","Intercept","0","1","1","0","20617","0"
"Warrior","256","Fury","25275","Intercept","0","1","1","0","25272","0"
"Warrior","256","Fury","25289","Battle Shout","0","1","1","0","11551","0"
"Warrior","256","Fury","26654","Sweeping Strikes","0","1","1","0","0","0"
"Warrior","256","Fury","29590","Precision","0","1","1","0","0","0"
"Warrior","256","Fury","29591","Precision","0","1","1","0","0","0"
"Warrior","256","Fury","29592","Precision","0","1","1","0","0","0"
"Warrior","256","Fury","29721","Improved Whirlwind","0","1","1","0","0","0"
"Warrior","256","Fury","29759","Improved Berserker Stance","0","1","1","0","0","0"
"Warrior","256","Fury","29760","Improved Berserker Stance","0","1","1","0","0","0"
"Warrior","256","Fury","29761","Improved Berserker Stance","0","1","1","0","0","0"
"Warrior","256","Fury","29762","Improved Berserker Stance","0","1","1","0","0","0"
"Warrior","256","Fury","29763","Improved Berserker Stance","0","1","1","0","0","0"
"Warrior","256","Fury","29776","Improved Whirlwind","0","1","1","0","0","0"
"Warrior","256","Fury","29801","Rampage","0","1","1","0","0","0"
"Warrior","256","Fury","30029","Rampage","0","1","1","0","0","0"
"Warrior","256","Fury","30030","Rampage","0","1","1","0","29801","0"
"Warrior","256","Fury","30031","Rampage","0","1","1","0","0","0"
"Warrior","256","Fury","30032","Rampage","0","1","1","0","0","0"
"Warrior","256","Fury","30033","Rampage","0","1","1","0","30030","0"
"Warrior","256","Fury","30335","Bloodthirst","0","1","1","0","25251","0"
"Warrior","256","Fury","30339","Bloodthirst","0","1","1","0","0","0"
"Warrior","256","Fury","30340","Bloodthirst","0","1","1","0","0","0"
"Warrior","256","Fury","33379","Rampage Passive (DND)","2","1","1","0","0","0"
"Warrior","256","Fury","34428","Victory Rush","0","1","1","0","0","0"
"Warrior","257","Protection","71","Defensive Stance","0","1","1","0","0","0"
"Warrior","257","Protection","72","Shield Bash","0","1","1","0","0","0"
"Warrior","257","Protection","355","Taunt","0","1","1","0","0","0"
"Warrior","257","Protection","676","Disarm","0","1","1","0","0","0"
"Warrior","257","Protection","871","Shield Wall","0","1","1","0","0","0"
"Warrior","257","Protection","1671","Shield Bash","0","1","1","0","72","0"
"Warrior","257","Protection","1672","Shield Bash","0","1","1","0","1671","0"
"Warrior","257","Protection","2565","Shield Block","0","1","1","0","0","0"
"Warrior","257","Protection","2687","Bloodrage","0","1","1","0","0","0"
"Warrior","257","Protection","3411","Intervene","0","1","1","0","0","0"
"Warrior","257","Protection","6572","Revenge","0","1","1","0","0","0"
"Warrior","257","Protection","6574","Revenge","0","1","1","0","6572","0"
"Warrior","257","Protection","7376","Defensive Stance Passive","0","1","1","0","0","0"
"Warrior","257","Protection","7379","Revenge","0","1","1","0","6574","0"
"Warrior","257","Protection","7386","Sunder Armor","0","1","1","0","0","0"
"Warrior","257","Protection","7405","Sunder Armor","0","1","1","0","7386","0"
"Warrior","257","Protection","8380","Sunder Armor","0","1","1","0","7405","0"
"Warrior","257","Protection","11596","Sunder Armor","0","1","1","0","8380","0"
"Warrior","257","Protection","11597","Sunder Armor","0","1","1","0","11596","0"
"Warrior","257","Protection","11600","Revenge","0","1","1","0","7379","0"
"Warrior","257","Protection","11601","Revenge","0","1","1","0","11600","0"
"Warrior","257","Protection","12295","Tactical Mastery","0","1","1","0","0","0"
"Warrior","257","Protection","12297","Anticipation","0","1","0","0","0","0"
"Warrior","257","Protection","12298","Shield Specialization","0","1","0","0","0","0"
"Warrior","257","Protection","12299","Toughness","0","1","0","0","0","0"
"Warrior","257","Protection","12301","Improved Bloodrage","0","1","0","0","0","0"
"Warrior","257","Protection","12302","Improved Taunt","0","1","0","0","0","0"
"Warrior","257","Protection","12303","Defiance","0","1","0","0","0","0"
"Warrior","257","Protection","12308","Improved Sunder Armor","0","1","0","0","0","0"
"Warrior","257","Protection","12311","Improved Shield Bash","0","1","0","0","0","0"
"Warrior","257","Protection","12312","Improved Shield Wall","0","1","0","0","0","0"
"Warrior","257","Protection","12313","Improved Disarm","0","1","0","0","0","0"
"Warrior","257","Protection","12676","Tactical Mastery","0","1","1","0","0","0"
"Warrior","257","Protection","12677","Tactical Mastery","0","1","1","0","0","0"
"Warrior","257","Protection","12678","Stance Mastery","0","1","1","0","0","0"
"Warrior","257","Protection","12724","Shield Specialization","0","1","0","0","0","0"
"Warrior","257","Protection","12725","Shield Specialization","0","1","0","0","0","0"
"Warrior","257","Protection","12726","Shield Specialization","0","1","0","0","0","0"
"Warrior","257","Protection","12727","Shield Specialization","0","1","0","0","0","0"
"Warrior","257","Protection","12750","Anticipation","0","1","0","0","0","0"
"Warrior","257","Protection","12751","Anticipation","0","1","0","0","0","0"
"Warrior","257","Protection","12752","Anticipation","0","1","0","0","0","0"
"Warrior","257","Protection","12753","Anticipation","0","1","0","0","0","0"
"Warrior","257","Protection","12761","Toughness","0","1","0","0","0","0"
"Warrior","257","Protection","12762","Toughness","0","1","0","0","0","0"
"Warrior","257","Protection","12763","Toughness","0","1","0","0","0","0"
"Warrior","257","Protection","12764","Toughness","0","1","0","0","0","0"
"Warrior","257","Protection","12765","Improved Taunt","0","1","0","0","0","0"
"Warrior","257","Protection","12788","Defiance","0","1","0","0","0","0"
"Warrior","257","Protection","12789","Defiance","0","1","0","0","0","0"
"Warrior","257","Protection","12797","Improved Revenge","0","1","0","0","0","0"
"Warrior","257","Protection","12798","Revenge Stun","0","1","0","0","0","0"
"Warrior","257","Protection","12799","Improved Revenge","0","1","0","0","0","0"
"Warrior","257","Protection","12800","Improved Revenge","0","1","0","0","0","0"
"Warrior","257","Protection","12803","Improved Shield Wall","0","1","0","0","0","0"
"Warrior","257","Protection","12804","Improved Disarm","0","1","0","0","0","0"
"Warrior","257","Protection","12807","Improved Disarm","0","1","0","0","0","0"
"Warrior","257","Protection","12809","Concussion Blow","0","1","0","0","0","0"
"Warrior","257","Protection","12810","Improved Sunder Armor","0","1","0","0","0","0"
"Warrior","257","Protection","12811","Improved Sunder Armor","0","1","0","0","0","0"
"Warrior","257","Protection","12818","Improved Bloodrage","0","1","0","0","0","0"
"Warrior","257","Protection","12945","Improved Shield Block","0","1","0","0","0","0"
"Warrior","257","Protection","12958","Improved Shield Bash","0","1","0","0","0","0"
"Warrior","257","Protection","12975","Last Stand","0","1","0","0","0","0"
"Warrior","257","Protection","12976","Last Stand","0","1","0","0","0","0"
"Warrior","257","Protection","16538","One-Handed Weapon Specialization","0","1","0","0","0","0"
"Warrior","257","Protection","16539","One-Handed Weapon Specialization","0","1","0","0","0","0"
"Warrior","257","Protection","16540","One-Handed Weapon Specialization","0","1","0","0","0","0"
"Warrior","257","Protection","16541","One-Handed Weapon Specialization","0","1","0","0","0","0"
"Warrior","257","Protection","16542","One-Handed Weapon Specialization","0","1","0","0","0","0"
"Warrior","257","Protection","18498","Shield Bash - Silenced","0","1","0","0","0","0"
"Warrior","257","Protection","20243","Devastate","0","1","1","0","0","0"
"Warrior","257","Protection","23920","Spell Reflection","0","1","1","0","0","0"
"Warrior","257","Protection","23922","Shield Slam","0","1","1","0","0","0"
"Warrior","257","Protection","23923","Shield Slam","0","1","1","0","23922","0"
"Warrior","257","Protection","23924","Shield Slam","0","1","1","0","23923","0"
"Warrior","257","Protection","23925","Shield Slam","0","1","1","0","23924","0"
"Warrior","257","Protection","25225","Sunder Armor","0","1","1","0","11597","0"
"Warrior","257","Protection","25258","Shield Slam","0","1","1","0","23925","0"
"Warrior","257","Protection","25269","Revenge","0","1","1","0","25288","0"
"Warrior","257","Protection","25288","Revenge","0","1","1","0","11601","0"
"Warrior","257","Protection","29140","Vitality","0","1","1","0","0","0"
"Warrior","257","Protection","29143","Vitality","0","1","1","0","0","0"
"Warrior","257","Protection","29144","Vitality","0","1","1","0","0","0"
"Warrior","257","Protection","29145","Vitality","0","1","1","0","0","0"
"Warrior","257","Protection","29146","Vitality","0","1","1","0","0","0"
"Warrior","257","Protection","29593","Improved Defensive Stance","0","1","1","0","0","0"
"Warrior","257","Protection","29594","Improved Defensive Stance","0","1","1","0","0","0"
"Warrior","257","Protection","29595","Improved Defensive Stance","0","1","1","0","0","0"
"Warrior","257","Protection","29598","Shield Mastery","0","1","1","0","0","0"
"Warrior","257","Protection","29599","Shield Mastery","0","1","1","0","0","0"
"Warrior","257","Protection","29600","Shield Mastery","0","1","1","0","0","0"
"Warrior","257","Protection","29704","Shield Bash","0","1","1","0","1672","0"
"Warrior","257","Protection","29787","Focused Rage","0","1","1","0","0","0"
"Warrior","257","Protection","29790","Focused Rage","0","1","1","0","0","0"
"Warrior","257","Protection","29792","Focused Rage","0","1","1","0","0","0"
"Warrior","257","Protection","30016","Devastate","0","1","1","0","20243","0"
"Warrior","257","Protection","30022","Devastate","0","1","1","0","30016","0"
"Warrior","257","Protection","30356","Shield Slam","0","1","1","0","25258","0"
"Warrior","257","Protection","30357","Revenge","0","1","1","0","25269","0"
"Warrior","257","Protection","45471","Defiance Expertise Passive (DND)","2","1","1","0","0","0"
