ID,DifficultyID,CumulativeAura,ProcCategoryRecovery,ProcChance,ProcCharges,SpellProcsPerMinuteID,ProcTypeMask_0,ProcTypeMask_1,SpellID
2650,0,0,0,101,0,0,0,0,43680
2651,0,0,0,101,0,0,0,0,43681
15157,0,0,0,100,0,0,-2146819416,0,74410
22415,0,0,0,101,0,0,0,0,219003
22416,0,0,0,101,0,0,0,0,219004
115698,0,0,0,100,0,0,-2146819416,0,512
115720,0,0,0,101,0,0,0,0,71
115728,0,0,0,100,0,0,-2146819416,0,113
115730,0,0,0,101,0,0,0,0,99
115732,0,0,0,100,0,0,0,0,10
115742,0,0,0,101,0,0,0,0,116
115761,0,0,0,101,0,0,0,0,133
115762,0,0,0,101,0,0,0,0,143
115763,0,0,0,101,0,0,0,0,145
115783,0,0,0,101,0,0,0,0,611
115801,0,0,0,101,0,0,0,0,89
115808,0,0,0,100,0,0,0,0,589
115813,0,20,0,101,0,0,0,0,96
115841,0,0,0,100,0,0,-2146819416,0,339
115850,0,0,0,100,0,0,0,0,594
115856,0,0,0,101,0,0,0,0,31817
115865,0,0,0,101,0,0,0,0,408
115887,0,0,0,100,0,0,-2146819416,0,122
115901,0,0,0,100,20,0,680,0,602
115930,0,0,0,101,0,0,0,0,853
115995,0,0,0,101,0,0,0,0,783
116074,0,0,0,101,0,0,0,0,605
116085,0,0,0,101,0,0,0,0,837
116104,0,0,0,101,0,0,0,0,1714
116128,0,0,0,100,20,0,680,0,588
116131,0,15,0,101,0,0,0,0,1010
116141,0,0,0,101,0,0,0,0,355
116144,0,0,0,101,0,0,40,0,379
116146,0,0,0,101,0,0,0,0,676
116149,0,3,0,101,0,0,0,0,26025
116183,0,0,0,100,0,0,-2146819416,0,865
116186,0,5,0,101,0,0,0,0,27891
116227,0,0,3500,100,3,0,139944,0,905
116231,0,0,3500,100,3,0,139944,0,324
116235,0,0,0,101,0,0,0,0,1490
116251,0,0,0,101,0,0,0,0,205
116258,0,0,0,101,0,0,0,0,1108
116272,0,0,0,101,0,0,0,0,1735
116363,0,0,20000,5,0,0,131072,0,27561
116364,0,0,0,101,0,0,0,0,1776
116416,0,0,0,101,0,0,0,0,1161
116503,0,0,0,101,0,0,0,0,768
116526,0,0,0,101,0,0,0,0,770
116549,0,0,0,101,0,0,0,0,886
116558,0,0,0,100,0,0,-2146819416,0,1062
116610,0,0,0,100,1,0,680,0,2565
116619,0,0,0,40,0,0,20,0,3029
116665,0,0,0,101,0,0,0,0,1160
116686,0,0,0,100,1,0,139944,0,1786
116701,0,5,0,101,0,0,0,0,7386
116706,0,0,0,100,1,0,139944,0,1787
116713,0,0,0,35,0,0,20,0,742
116721,0,0,0,100,1,0,139944,0,1784
116739,0,0,0,101,0,0,0,0,1066
116757,0,5,0,101,0,0,0,0,2819
116760,0,0,3500,100,6,0,139944,0,974
116775,0,0,0,100,1,0,139944,0,1785
116834,0,0,0,101,0,0,0,0,778
116836,0,0,0,101,0,0,0,0,2094
116838,0,0,0,100,0,0,640,0,1130
116902,0,0,0,0,0,0,139944,0,1463
116932,0,0,0,101,0,0,0,0,1777
117013,0,0,0,100,0,0,-2146819416,0,1513
117020,0,0,0,101,0,0,0,0,1098
117042,0,0,0,100,0,0,0,0,970
117073,0,0,0,0,1,0,2,0,1120
117115,0,0,10000,10,0,0,20,0,3582
117126,0,0,0,100,0,0,-2146819416,0,2878
117150,0,0,16000,10,0,0,40,0,3284
117217,0,0,0,101,0,0,0,0,2855
117271,0,0,4000,25,0,0,40,0,3338
117308,0,0,0,101,0,0,0,0,3043
117327,0,0,0,100,1,0,40,0,2652
117332,0,5,0,101,0,0,0,0,2818
117363,0,0,0,101,0,0,0,0,3355
117364,0,3,0,101,0,0,0,0,3356
117386,0,0,0,100,0,0,-2146819416,0,2479
117479,0,100,0,101,0,0,0,0,2766
117480,0,0,0,100,0,0,0,0,2767
117513,0,0,0,30,0,0,0,0,2823
117542,0,20,0,101,0,0,0,0,1834
117587,0,0,0,101,0,0,0,0,2457
117700,0,0,0,30,0,0,20,0,2880
117710,0,0,0,100,1,0,139944,0,1856
117711,0,0,0,30,0,0,0,0,2824
117739,0,0,0,101,0,0,0,0,2637
117761,0,0,0,101,0,0,0,0,2096
117788,0,0,0,100,0,0,69648,0,2070
117806,0,0,0,101,0,0,0,0,2969
117855,0,0,0,101,0,0,0,0,1833
117868,0,0,0,100,1,0,139944,0,1857
118036,0,0,0,35,0,0,20,0,3424
118040,0,0,0,10,0,0,40,0,3637
118092,0,0,4000,10,0,0,20,0,3417
118093,0,0,0,10,0,0,40,0,3418
118111,0,0,0,15,0,0,20,0,3394
118152,0,0,0,15,0,0,20,0,3616
118237,0,0,0,5,0,0,20,0,4241
118339,0,0,0,100,0,0,20,0,3512
118354,0,0,0,100,1,0,680,0,3411
118359,0,0,0,101,0,0,40,0,3169
118390,0,0,0,15,0,0,40,0,3235
118400,0,0,0,100,0,0,20,0,3509
118438,0,0,0,101,0,0,0,0,2458
118446,0,0,4000,15,0,0,20,0,8876
118447,0,0,0,10,0,0,40,0,3439
118448,0,0,0,5,0,0,20,0,3440
118459,0,0,0,101,0,0,0,0,9490
118484,0,0,0,10,0,0,40,0,3436
118542,0,0,0,100,5,0,20,0,3232
118559,0,0,0,101,0,0,0,0,3140
118634,0,0,0,8,0,0,40,0,4114
118635,0,0,0,7,0,0,40,0,4115
118694,0,0,0,11,0,0,40,0,4140
118696,0,0,0,100,0,0,2,0,4142
118722,0,0,0,5,0,0,20,0,4283
118739,0,0,0,5,0,0,20,0,4279
118766,0,0,0,100,2,0,1048576,0,4066
118770,0,0,0,30,0,0,0,0,3408
118779,0,0,0,5,0,0,20,0,4284
118791,0,0,0,5,0,0,20,0,4315
118792,0,0,0,5,0,0,20,0,4317
118794,0,0,0,9,0,0,40,0,4138
118854,0,0,0,5,0,0,40,0,4112
118860,0,0,0,101,0,0,1,0,4312
118962,0,0,0,2,0,0,20,0,4493
118981,0,0,0,6,0,0,40,0,4113
118996,0,0,0,5,0,0,20,0,4245
119001,0,0,0,100,2,0,1048576,0,4069
119046,0,0,0,15,0,0,40,0,4525
119131,0,0,0,5,0,0,20,0,5104
119176,0,0,0,100,2,0,1048576,0,4067
119177,0,0,0,100,2,0,1048576,0,4068
119219,0,0,0,5,0,0,20,0,4144
119233,0,0,0,100,0,0,20,0,4242
119264,0,0,0,100,2,0,1048576,0,4064
119285,0,0,0,100,2,0,1048576,0,4065
119348,0,0,0,20,10,0,40,0,4951
119386,0,0,0,50,0,0,1048576,0,5728
119408,0,0,0,15,0,0,40,0,5369
119410,0,0,0,15,0,0,40,0,5364
119434,0,0,0,100,0,0,680,0,5301
119484,0,0,0,15,0,0,40,0,5368
119507,0,0,0,100,0,0,-2146819416,0,5196
119588,0,0,0,101,0,0,1,0,5707
119598,0,0,0,100,1,0,20,0,6268
119604,0,0,0,100,0,0,-2146819416,0,5195
119609,0,0,0,100,0,0,40,0,4932
119638,0,0,0,100,0,0,-2146819416,0,5484
119701,0,3,0,101,0,0,0,0,5416
119717,0,0,0,7,0,0,40,0,4136
119729,0,0,0,5,0,0,40,0,4133
119732,0,0,0,100,0,0,20,0,26021
119764,0,0,0,40,0,0,20,0,5201
119765,0,0,0,100,0,0,139944,0,5118
119786,0,0,3000,100,0,0,20,0,5202
119867,0,0,0,100,0,0,40,0,5205
119870,0,0,0,15,0,0,40,0,5370
119882,0,0,0,100,1,0,139944,0,5215
119987,0,0,0,5,0,0,20,0,5377
119992,0,0,0,101,0,0,0,0,5209
119994,0,0,0,101,0,0,0,0,5211
120022,0,0,0,15,0,0,20,0,7095
120059,0,0,0,101,0,0,0,0,5589
120105,0,0,0,101,0,0,0,0,5760
120132,0,0,0,101,0,0,0,0,5588
120167,0,0,0,5,0,0,20,0,6947
120181,0,0,0,100,0,0,-2146819416,0,5627
120259,0,0,0,20,0,0,0,0,5761
120320,0,0,0,101,0,0,0,0,5487
120373,0,0,0,100,0,0,-2146819416,0,5782
120392,0,0,0,101,0,0,0,0,9747
120401,0,0,0,2,0,0,20,0,5427
120427,0,0,0,100,0,0,-2146819416,0,6131
120431,0,0,0,101,0,0,0,0,9749
120464,0,0,0,100,0,0,-2146819416,0,5246
120545,0,0,0,101,0,0,0,0,6190
120569,0,0,0,101,0,0,0,0,5570
120675,0,0,0,101,0,0,1048576,0,6542
120709,0,0,0,15,0,0,40,0,6433
120737,0,0,0,100,0,0,69648,0,6770
120746,0,0,0,100,1,0,139264,0,6346
120751,0,0,0,100,1,0,139944,0,6783
120774,0,0,0,15,0,0,20,0,6750
120825,0,0,0,5,0,0,4436,0,6866
120837,0,0,0,5,0,0,20,0,6867
120855,0,0,0,100,0,0,-2146819416,0,6213
120858,0,0,0,100,0,0,139944,0,7164
120865,0,0,0,101,0,0,1,0,7291
120907,0,0,0,100,20,0,680,0,7128
120946,0,0,0,100,1,0,20,0,7137
120952,0,0,0,50,0,0,1048576,0,6397
120955,0,0,0,101,0,0,0,0,6789
120965,0,0,0,10,0,0,20,0,6752
120968,0,0,0,100,0,0,40,0,7301
120970,0,0,0,10,0,0,20,0,6645
121014,0,0,0,101,0,0,0,0,6205
121024,0,0,0,100,0,0,139944,0,6905
121031,0,0,0,101,0,0,0,0,6358
121052,0,0,0,50,0,0,1048576,0,6398
121053,0,0,0,50,0,0,1048576,0,6399
121068,0,0,0,0,0,0,139944,0,8495
121117,0,0,0,50,0,0,20,0,6909
121183,0,0,0,101,0,0,0,0,6795
121198,0,0,0,100,0,0,-2146819416,0,6984
121223,0,0,0,100,0,0,-2146819416,0,6215
121232,0,0,0,100,0,0,-2146819416,0,7131
121281,0,0,0,5,0,0,680,0,6870
121282,0,0,0,5,0,0,20,0,6871
121285,0,0,0,100,0,0,40,0,7300
121293,0,0,0,20,0,0,20,0,7098
121309,0,0,15000,10,0,0,20,0,6961
121312,0,0,0,10,0,0,40,0,5811
121314,0,5,0,101,0,0,0,0,14517
121321,0,0,0,101,0,0,0,0,6798
121338,0,0,0,100,20,0,680,0,1006
121349,0,0,0,101,0,0,1,0,7824
121351,0,0,0,101,0,0,0,0,7922
121372,0,0,0,100,2,0,4,0,8516
121421,0,0,0,101,0,0,1,0,7967
121452,0,0,0,100,0,0,0,0,992
121457,0,0,0,100,0,0,69972,0,7366
121486,0,0,0,101,0,0,0,0,5938
121532,0,0,0,100,0,0,0,0,8362
121545,0,0,0,101,0,0,0,0,7402
121579,0,0,0,100,0,0,1,0,7331
121601,0,0,0,101,1,0,20,0,7371
121606,0,0,0,100,0,0,40,0,7302
121638,0,0,0,100,0,0,40,0,7320
121661,0,0,0,5,0,0,20,0,7276
121678,0,0,0,100,0,0,40,0,168
121690,0,0,5000,5,0,0,40,0,7849
121740,0,0,0,100,0,0,20,0,7711
121745,0,0,0,1,0,0,680,0,7619
121805,0,0,0,101,2,0,40,0,7383
121810,0,0,0,100,0,0,20,0,7486
121819,0,0,0,5,0,0,20,0,7102
121820,0,0,0,10,0,0,40,0,7103
121821,0,0,0,100,0,0,20,0,7721
121822,0,0,0,100,0,0,20,0,7722
121831,0,0,0,101,0,0,0,0,7400
121837,0,0,0,101,0,0,1,0,7154
121839,0,0,0,100,0,0,20,0,7723
121879,0,0,0,10,0,0,20,0,6923
121889,0,0,0,100,0,0,20,0,7725
121890,0,0,0,100,0,0,20,0,7726
121893,0,0,0,101,0,0,0,0,6558
121978,0,0,0,5,0,0,20,0,8247
121986,0,0,0,15,0,0,40,0,8852
122012,0,0,3500,50,3,0,139944,0,8788
122032,0,0,0,101,0,0,0,0,8629
122040,0,0,0,100,0,0,-2145771520,0,7377
122117,0,99,0,101,0,0,0,0,29659
122173,0,0,0,101,0,0,0,0,8692
122182,0,0,3500,100,3,0,139944,0,945
122192,0,0,0,101,0,0,0,0,7658
122193,0,0,0,100,0,0,20,0,7724
122196,0,5,0,100,0,0,1,0,7288
122207,0,0,0,100,0,0,0,0,8070
122257,0,0,0,100,1,0,20,0,6921
122283,0,0,5000,2,0,0,40,0,7445
122299,0,0,0,101,0,0,0,0,7659
122350,0,0,0,5,0,0,40,0,8224
122353,0,0,0,1,0,0,680,0,7617
122361,0,5,0,101,0,0,0,0,8380
122402,0,0,0,20,0,0,0,0,8688
122405,0,0,0,101,0,0,0,0,8643
122408,0,0,0,101,0,0,0,0,8647
122419,0,0,0,15,0,0,40,0,7999
122426,0,0,0,101,0,0,0,0,8313
122431,0,0,0,2,0,0,40,0,8397
122441,0,0,0,20,0,0,0,0,8679
122500,0,20,0,101,0,0,0,0,26003
122504,0,0,0,20,0,0,0,0,8686
122510,0,0,3500,100,3,0,139944,0,325
122532,0,0,0,100,0,0,-2146819416,0,8122
122533,0,0,0,20,0,0,0,0,8693
122541,0,0,0,101,0,0,0,0,7322
122542,0,0,0,10,0,0,20,0,8981
122543,0,0,0,101,0,0,0,0,8983
122547,0,0,0,101,0,0,0,0,704
122557,0,0,0,101,0,0,0,0,8407
122558,0,0,0,101,0,0,0,0,8408
122569,0,0,5000,5,0,0,40,0,7446
122573,0,5,0,101,0,0,0,0,14518
122595,0,3,0,101,0,0,0,0,6917
122601,0,0,0,101,0,0,0,0,8345
122602,0,0,0,5,0,0,40,0,8612
122605,0,5,0,101,0,0,0,0,7405
122626,0,0,0,100,1,0,139944,0,9913
122648,0,0,0,100,0,0,20,0,5262
122650,0,0,3500,100,3,0,139944,0,8134
122688,0,0,0,15,0,0,20,0,8601
122708,0,0,0,60,0,0,65536,0,28593
122710,0,0,0,3,0,0,40,0,9778
122731,0,0,0,101,0,0,0,0,9484
122737,0,0,0,100,1,0,20,0,8260
122741,0,0,0,101,0,0,0,0,9634
122742,0,999,0,101,0,0,0,0,25748
122750,0,5,0,101,0,0,0,0,9574
122774,0,0,0,100,1,0,131072,0,8178
122776,0,0,0,101,0,0,0,0,10151
122787,0,5,0,101,0,0,0,0,7947
122799,0,0,0,101,0,0,0,0,14914
122802,0,0,0,100,0,0,0,0,8263
122804,0,0,0,10,0,0,20,0,9276
122808,0,0,0,101,0,0,0,0,7646
122811,0,0,0,100,0,0,0,0,7948
122820,0,5,0,101,0,0,0,0,10370
122835,0,0,0,101,0,0,0,0,9485
122866,0,0,0,101,0,0,0,0,10180
122867,0,0,0,101,0,0,0,0,10181
122884,0,0,0,101,0,0,0,0,10371
122886,0,0,0,40,0,0,20,0,9850
122907,0,0,0,101,0,0,0,0,8649
122914,0,0,0,100,0,0,0,0,8348
122918,0,0,0,40,0,0,65536,0,28592
122921,0,0,0,100,20,0,680,0,10951
122927,0,0,0,100,0,0,-2146819416,0,9853
122936,0,0,0,101,0,0,0,0,515
122953,0,0,0,5,0,0,20,0,9233
122961,0,0,0,101,0,0,0,0,710
122973,0,5,0,101,0,0,0,0,9658
122980,0,0,0,101,0,0,0,0,9907
122983,0,0,0,101,0,0,40,0,4071
123013,0,0,0,101,0,0,0,0,8400
123020,0,0,0,100,0,0,0,0,10021
123021,0,0,0,10,0,0,20,0,10022
123037,0,3,0,101,0,0,0,0,8257
123049,0,0,0,0,1,0,2,0,8289
123050,0,0,0,101,0,0,0,0,8406
123119,0,0,0,100,0,0,-2146819416,0,8124
123129,0,0,0,101,0,0,0,0,8650
123133,0,0,0,101,0,0,0,0,8401
123139,0,0,0,101,0,0,0,0,10179
123176,0,0,0,100,0,0,40,0,10220
123178,0,0,0,100,0,0,40,0,9782
123180,0,0,0,100,0,0,40,0,9784
123193,0,0,0,100,0,0,0,0,9616
123197,0,0,0,100,0,0,40,0,10219
123205,0,0,0,40,0,0,20,0,9849
123206,0,0,0,0,1,0,2,0,8288
123223,0,4,0,101,0,0,0,0,10072
123226,0,0,0,100,0,0,-2146819416,0,9852
123246,0,0,0,101,0,0,0,0,9823
123249,0,0,0,101,0,0,0,0,9827
123258,0,0,0,5,0,0,40,0,9160
123261,0,0,0,101,0,0,139944,0,8494
123273,0,4,0,101,0,0,0,0,10270
123274,0,0,0,50,0,0,1048576,0,10425
123292,0,0,0,101,0,0,0,0,11095
123295,0,0,0,100,0,0,0,0,10892
123303,0,0,0,0,0,0,139944,0,10192
123314,0,0,0,101,0,0,0,0,9898
123337,0,0,0,50,0,0,1048576,0,10426
123354,0,0,0,0,0,0,139944,0,10191
123374,0,0,0,0,0,0,139944,0,10193
123382,0,0,0,100,12,0,20,0,12880
123404,0,0,0,101,0,0,0,0,10308
123419,0,0,0,100,0,0,20,0,7808
123434,0,0,0,101,0,0,0,0,10911
123451,0,0,3500,100,3,0,139944,0,10432
123460,0,0,0,100,0,0,-2146819416,0,10017
123461,0,0,0,100,0,0,-2146819416,0,10018
123488,0,0,0,101,0,0,0,0,10149
123492,0,0,0,101,0,0,0,0,10578
123503,0,0,0,101,0,0,0,0,10150
123512,0,0,3500,100,3,0,139944,0,10431
123517,0,0,0,101,0,0,0,0,694
123557,0,0,0,100,0,0,65536,0,12846
123565,0,0,0,20,0,0,65536,0,11180
123567,0,0,0,101,0,0,0,0,10148
123588,0,0,0,100,0,0,20,0,9452
123594,0,0,0,101,0,0,0,0,8402
123616,0,0,0,10,0,0,40,0,9460
123646,0,0,0,100,0,0,-2146819416,0,10253
123653,0,0,0,101,0,0,1,0,9084
123663,0,0,0,10,0,0,40,0,9463
123676,0,0,0,100,2,0,1048576,0,12543
123700,0,0,0,100,0,0,40,0,12544
123714,0,5,0,101,0,0,0,0,12579
123823,0,0,0,2,0,0,87376,0,11103
123835,0,0,0,100,20,0,680,0,10952
123859,0,0,0,101,0,0,0,0,10444
123890,0,0,0,100,0,0,131072,0,9799
123904,0,0,0,101,0,0,0,0,9005
123907,0,0,0,100,0,0,4,0,10092
123925,0,0,0,100,0,0,-2146819416,0,9915
123935,0,0,0,100,0,0,-2146819416,0,10230
123940,0,0,0,30,0,0,0,0,11356
123960,0,0,0,5,0,0,20,0,11441
123967,0,5,0,101,0,0,0,0,11960
123995,0,0,0,8,0,0,87376,0,12359
123996,0,0,0,101,0,0,0,0,12523
124000,0,0,0,101,0,0,0,0,11366
124025,0,5,0,101,0,0,0,0,10452
124043,0,0,0,25,0,0,20,0,11919
124085,0,5,0,101,0,0,0,0,11596
124113,0,0,0,100,0,0,65536,0,28595
124135,0,0,0,101,0,0,0,0,11198
124169,0,0,0,100,0,0,-2146819416,0,12551
124180,0,0,0,20,0,0,0,0,11399
124184,0,0,0,15,0,0,20,0,11959
124190,0,0,0,30,0,0,40,0,11371
124201,0,5,0,101,0,0,0,0,11597
124202,0,0,1000,2,0,0,87376,0,11213
124203,0,0,0,100,0,0,87376,0,12598
124210,0,0,500,1,0,0,20,0,12281
124240,0,0,0,100,3,0,65536,0,11129
124333,0,0,0,100,0,0,0,0,10894
124346,0,0,0,100,0,0,65536,0,11120
124356,0,0,0,100,0,0,65536,0,12848
124390,0,0,0,50,0,0,87376,0,11255
124391,0,0,0,101,0,0,0,0,10912
124393,0,0,0,101,0,0,0,0,10909
124410,0,0,0,80,0,0,65536,0,28594
124411,0,0,0,101,0,0,0,0,10955
124422,0,0,0,100,2,0,4,0,10608
124431,0,0,0,100,0,0,-2146819416,0,10888
124435,0,0,0,30,0,0,0,0,11202
124448,0,0,0,100,0,0,-2146819416,0,10326
124452,0,0,0,100,0,0,0,0,11639
124475,0,0,0,101,0,0,0,0,702
124477,0,0,0,100,2,0,4,0,10610
124504,0,0,0,10,0,0,20,0,11984
124555,0,0,0,100,0,0,-2146819416,0,11264
124572,0,0,0,101,0,0,0,0,12873
124580,0,0,0,100,0,0,-2146819416,0,10890
124585,0,0,0,100,0,0,0,0,10893
124587,0,0,0,100,0,0,65536,0,11119
124601,0,0,0,100,0,0,20,0,12284
124609,0,0,0,100,1,0,87376,0,12536
124610,0,3,0,101,0,0,0,0,15664
124624,0,0,0,0,0,0,69972,0,20784
124625,0,0,0,100,0,0,20,0,12701
124647,0,0,0,100,0,0,40,0,12556
124655,0,0,0,5,0,0,20,0,12539
124670,0,3,0,101,0,0,0,0,12251
124687,0,0,1000,4,0,0,87376,0,12574
124696,0,5,0,101,0,0,0,0,11971
124699,0,0,0,100,0,0,4,0,12322
124700,0,0,1000,10,0,0,87376,0,12577
124709,0,0,0,100,0,0,20,0,12319
124735,0,0,0,25,0,0,40,0,12529
124737,0,0,0,100,0,0,20,0,12703
124743,0,0,0,100,0,0,69972,0,12849
124744,0,0,0,101,0,0,0,0,11725
124750,0,0,0,4,0,0,87376,0,12357
124767,0,10,0,101,0,0,0,0,9459
124799,0,0,0,100,0,0,-2146819416,0,12674
124840,0,0,0,100,0,0,40,0,12099
124859,0,0,0,100,0,0,139944,0,12317
124891,0,0,0,100,0,0,-2146819416,0,13119
124902,0,0,0,101,0,0,0,0,12524
124910,0,0,0,100,0,0,40,0,12782
124916,0,0,5000,10,0,0,20,0,15641
124917,0,0,3500,50,3,0,139944,0,12550
124922,0,0,0,101,0,0,0,0,11708
124943,0,10,0,101,0,0,0,0,12533
124961,0,5,0,101,0,0,0,0,11354
124969,0,0,0,101,0,0,0,0,11398
124970,0,0,0,6,0,0,87376,0,12358
124971,0,0,0,10,0,0,87376,0,12360
124972,0,0,0,101,0,0,0,0,12522
124973,0,0,0,101,0,0,0,0,11555
124975,0,0,1000,6,0,0,87376,0,12575
125010,0,0,0,10,0,0,20,0,11964
125057,0,0,0,5,0,0,87376,0,12289
125065,0,0,0,101,0,0,0,0,11726
125086,0,0,0,101,0,0,0,0,11554
125092,0,0,500,2,0,0,20,0,12812
125094,0,10,0,101,0,0,0,0,12530
125096,0,0,0,101,0,0,0,0,12505
125097,0,0,0,100,0,0,-2146819416,0,12494
125099,0,0,0,20,0,0,0,0,11340
125104,0,5,0,101,0,0,0,0,11353
125108,0,0,0,100,0,0,139944,0,13159
125118,0,5,0,101,0,0,0,0,11539
125128,0,0,0,30,0,0,0,0,11355
125134,0,0,0,101,0,0,0,0,12525
125135,0,0,0,101,0,0,0,0,12526
125138,0,0,0,101,0,0,0,0,11197
125141,0,0,0,100,0,0,139944,0,13046
125148,0,0,0,101,0,0,0,0,11721
125165,0,0,0,100,0,0,-2146819416,0,11831
125179,0,0,0,0,1,0,2,0,11675
125187,0,0,0,101,0,0,0,0,11717
125190,0,0,0,100,1,0,680,0,12169
125207,0,0,0,100,1,0,87376,0,12043
125219,0,0,0,101,0,0,0,0,11556
125231,0,0,0,101,0,0,0,0,11722
125233,0,0,1000,8,0,0,87376,0,12576
125234,0,0,0,101,0,0,0,0,11707
125240,0,0,0,100,0,0,-2146819416,0,12748
125245,0,0,0,101,0,0,0,0,13181
125249,0,0,0,100,3,0,4,0,12969
125267,0,0,0,100,3,0,4,0,12970
125269,0,0,0,30,0,0,87376,0,12799
125280,0,0,500,5,0,0,20,0,12815
125284,0,0,0,15,0,0,20,0,12947
125287,0,0,0,15,0,0,20,0,12254
125312,0,10,0,101,0,0,0,0,12891
125320,0,5,0,101,0,0,0,0,13222
125321,0,5,0,101,0,0,0,0,13223
125322,0,5,0,101,0,0,0,0,13224
125323,0,0,0,30,0,0,0,0,13225
125339,0,0,0,101,0,0,0,0,13526
125341,0,0,0,100,10,0,20,0,12328
125345,0,0,0,101,0,0,0,0,12809
125358,0,0,0,30,0,0,0,0,13226
125381,0,0,0,101,0,0,0,0,11719
125388,0,0,0,100,2,0,1048576,0,12562
125411,0,5,0,101,0,0,0,0,16333
125422,0,5,0,101,0,0,0,0,11469
125423,0,5,0,101,0,0,0,0,11470
125433,0,0,0,100,0,0,131072,0,13896
125435,0,3,0,101,0,0,0,0,14189
125443,0,5,0,101,0,0,0,0,11471
125454,0,0,500,3,0,0,20,0,12813
125455,0,0,500,4,0,0,20,0,12814
125458,0,0,0,100,2,0,1048576,0,12421
125470,0,0,0,15,0,0,87376,0,12797
125471,0,0,0,45,0,0,87376,0,12800
125478,0,10,0,101,0,0,0,0,12884
125495,0,0,0,100,0,0,69972,0,12834
125507,0,0,0,0,0,0,87376,0,13165
125540,0,0,0,100,2,0,1048576,0,13808
125544,0,0,0,101,0,0,0,0,14087
125566,0,0,0,101,0,0,0,0,15662
125567,0,0,0,101,0,0,0,0,13438
125569,0,0,0,101,0,0,0,0,12826
125570,0,0,0,50,0,0,87376,0,12311
125574,0,0,0,20,0,0,680,0,12298
125586,0,0,0,101,0,0,0,0,11790
125599,0,0,0,101,0,0,0,0,12824
125610,0,0,0,100,0,0,20,0,12972
125613,0,0,0,101,0,0,0,0,11286
125622,0,0,0,101,0,0,0,0,11285
125624,0,0,0,5,0,0,139944,0,13234
125646,0,0,0,100,0,0,20,0,12702
125652,0,0,0,10,0,0,87376,0,12668
125656,0,0,0,100,0,0,20,0,12971
125659,0,0,0,100,0,0,4,0,13002
125660,0,0,0,101,0,0,0,0,11297
125661,0,100,0,101,0,0,0,0,12280
125679,0,0,0,30,0,0,0,0,13227
125688,0,0,0,10,0,0,40,0,14108
125694,0,5,0,101,0,0,0,0,13218
125698,0,0,0,100,0,0,20,0,12973
125699,0,0,0,100,0,0,20,0,12704
125723,0,0,0,100,0,0,139944,0,13045
125742,0,0,0,80,0,0,680,0,12726
125744,0,0,0,20,0,0,0,0,11338
125775,0,0,0,60,0,0,680,0,12725
125781,0,0,0,10,0,0,40,0,12246
125784,0,0,1000,25,0,0,40,0,13879
125803,0,0,0,100,0,0,4,0,12999
125813,0,0,0,100,0,0,680,0,12727
125815,0,0,0,100,0,0,87376,0,12958
125822,0,0,0,101,0,0,0,0,13318
125825,0,0,0,100,0,0,65536,0,12847
125826,0,0,0,100,3,0,4,0,12967
125834,0,0,0,100,0,0,4,0,13001
125842,0,0,0,101,0,0,0,0,12872
125844,0,0,0,100,0,0,0,0,15654
125870,0,0,0,20,0,0,0,0,11339
125875,0,0,0,100,0,0,4,0,13000
125891,0,0,0,5,0,0,20,0,13616
125902,0,0,0,5,0,0,20,0,14133
125905,0,0,0,40,0,0,87376,0,14160
125910,0,0,0,100,0,0,0,0,13327
125926,0,0,0,60,0,0,87376,0,14161
125933,0,0,0,100,0,0,2,0,14144
125939,0,0,0,6,0,0,69652,0,13803
125949,0,0,500,2,0,0,20,0,13961
125974,0,0,500,100,0,0,87376,0,14195
125976,0,0,0,100,0,0,0,0,13530
125978,0,5,0,101,0,0,0,0,13444
125982,0,0,500,1,0,0,20,0,13960
125995,0,0,0,100,0,0,640,0,14325
126011,0,0,0,100,1,0,87376,0,14143
126019,0,0,0,5,0,0,680,0,13959
126020,0,0,0,101,0,0,0,0,15261
126040,0,0,0,100,0,0,20,0,15636
126045,0,0,0,4,0,0,20,0,13802
126046,0,0,0,101,0,0,0,0,15264
126066,0,0,500,5,0,0,20,0,13964
126078,0,0,0,2,0,0,20,0,13800
126079,0,0,0,100,0,0,-2146819416,0,14326
126082,0,0,0,101,0,0,0,0,15263
126085,0,0,0,100,0,0,-2146819416,0,14327
126091,0,0,0,100,12,0,20,0,14204
126092,0,0,0,3,0,0,20,0,13801
126099,0,0,0,100,0,0,139944,0,13716
126103,0,0,0,50,0,0,87376,0,13754
126113,0,0,8000,5,0,0,20,0,14869
126117,0,0,500,3,0,0,20,0,13962
126129,0,0,0,101,0,0,0,0,13752
126186,0,0,0,100,0,0,2,0,14148
126187,0,0,0,100,1,0,87376,0,14149
126202,0,0,0,101,0,0,0,0,14118
126204,0,5,0,101,0,0,0,0,14120
126223,0,0,0,101,0,0,0,0,12721
126266,0,0,0,15,0,0,20,0,13299
126269,0,0,0,1,0,0,20,0,13709
126277,0,0,0,100,0,0,139944,0,13048
126283,0,0,0,100,0,0,40,0,13358
126285,0,3,0,101,0,0,0,0,14795
126286,0,0,8000,15,0,0,139936,0,14796
126294,0,0,0,101,0,0,0,0,14309
126305,0,0,0,101,0,0,0,0,14308
126306,0,0,0,30,0,0,0,0,13219
126342,0,0,0,5,0,0,20,0,13886
126354,0,0,0,100,0,0,69972,0,12867
126355,0,0,0,100,0,0,139944,0,13047
126360,0,0,0,101,0,0,0,0,118
126364,0,3,0,101,0,0,0,0,14331
126385,0,0,0,40,0,0,680,0,12724
126394,0,0,3500,50,3,0,139944,0,13585
126412,0,0,4000,35,0,0,20,0,12787
126417,0,0,0,101,0,0,0,0,12825
126435,0,0,0,20,0,0,87376,0,14156
126447,0,0,0,100,0,0,20,0,12974
126449,0,50,0,101,0,0,0,0,13880
126474,0,0,500,60,0,0,87376,0,14193
126475,0,0,500,80,0,0,87376,0,14194
126489,0,0,0,101,0,0,0,0,13518
126492,0,0,0,15,0,0,20,0,14111
126501,0,0,0,100,3,0,4,0,12966
126502,0,0,0,100,3,0,4,0,12968
126512,0,0,0,101,0,0,0,0,13439
126532,0,0,0,101,0,0,8,0,15061
126549,0,0,0,4,0,0,87376,0,15323
126560,0,0,0,100,0,0,640,0,14323
126593,0,0,0,100,0,0,87376,0,15362
126613,0,0,0,101,0,0,0,0,18809
126640,0,0,3500,50,3,0,139944,0,15507
126653,0,0,0,6,0,0,87376,0,15324
126657,0,0,0,100,0,0,680,0,14774
126666,0,0,0,100,0,0,20,0,13877
126701,0,0,0,100,0,0,-2146819416,0,14907
126704,0,0,500,40,0,0,87376,0,14190
126741,0,0,0,80,0,0,2,0,15337
126756,0,0,0,100,2,0,139936,0,15128
126773,0,0,0,0,0,0,87376,0,14318
126774,0,0,0,0,0,0,87376,0,14319
126784,0,50,0,101,0,0,0,0,14744
126806,0,5,0,101,0,0,0,0,15572
126807,0,0,4000,25,0,0,20,0,15573
126842,0,0,0,100,0,0,87376,0,13867
126846,0,0,0,100,0,0,640,0,14324
126847,0,0,500,20,0,0,87376,0,14186
126865,0,0,0,100,0,0,0,0,14032
126905,0,0,0,8,0,0,87376,0,15325
126928,0,0,0,100,1,0,87376,0,14177
126929,0,0,8000,10,0,0,40,0,14178
126931,0,0,0,100,12,0,20,0,14202
126932,0,0,0,100,12,0,20,0,14203
126942,0,0,0,101,0,0,0,0,15265
126961,0,0,0,100,12,0,20,0,14201
126962,0,0,0,101,0,0,0,0,14898
126992,0,0,0,0,0,0,87376,0,14322
127014,0,0,0,10,0,0,87376,0,15326
127054,0,0,0,0,0,0,87376,0,14320
127073,0,0,500,4,0,0,20,0,13963
127098,0,0,0,100,0,0,-2146819416,0,15063
127102,0,0,0,100,0,0,87376,0,14892
127110,0,0,0,101,0,0,0,0,14251
127116,0,0,0,15,0,0,20,0,16574
127124,0,0,0,100,0,0,8,0,15097
127137,0,0,0,100,0,0,40,0,15784
127143,0,0,0,101,0,0,0,0,15333
127152,0,0,0,100,2,0,87376,0,16246
127169,0,0,0,35,0,0,20,0,5680
127176,0,0,0,100,1,0,87376,0,14751
127180,0,3,0,101,0,0,0,0,16095
127182,0,20,0,101,0,0,0,0,15976
127201,0,0,0,100,0,0,-2146819416,0,15531
127202,0,0,0,100,0,0,-2146819416,0,15532
127213,0,5,0,101,0,0,0,0,16536
127234,0,0,0,100,0,0,20,0,7807
127242,0,0,1000,15,0,0,131112,0,13983
127251,0,0,0,100,1,0,2441216,0,18820
127252,0,0,30000,5,0,0,40,0,16620
127253,0,0,0,100,0,0,0,0,16621
127254,0,0,0,101,0,0,0,0,15356
127264,0,0,3000,25,0,0,20,0,15733
127317,0,0,0,101,0,0,0,0,15332
127329,0,0,0,60,0,0,2,0,15336
127332,0,0,0,50,0,0,20,0,16247
127340,0,0,0,101,0,0,0,0,15266
127341,0,0,0,101,0,0,0,0,15267
127357,0,0,0,5,0,0,20,0,16575
127370,0,0,0,100,0,0,87376,0,16240
127382,0,0,0,0,0,0,87376,0,14321
127385,0,0,1000,45,0,0,131112,0,14071
127386,0,0,0,100,0,0,87376,0,16176
127390,0,0,0,2,0,0,680,0,15603
127393,0,3,0,101,0,0,0,0,16001
127396,0,0,0,101,0,0,0,0,16454
127399,0,0,0,33,0,0,20,0,15730
127410,0,0,0,100,0,0,65536,0,30160
127413,0,0,0,8,0,0,20,0,16142
127414,0,0,0,100,0,0,4,0,16177
127422,0,0,0,101,0,0,0,0,15331
127435,0,0,0,101,0,0,1,0,18800
127436,0,0,0,100,0,0,4,0,15088
127447,0,0,0,100,0,0,87376,0,16235
127465,0,0,0,101,0,0,0,0,15473
127476,0,0,0,2,0,0,87376,0,15268
127501,0,0,0,100,0,0,87376,0,15363
127505,0,5,0,101,0,0,0,0,15258
127549,0,5,0,101,0,0,0,0,15502
127575,0,0,0,101,0,0,0,0,15487
127596,0,0,0,101,0,0,0,0,15349
127609,0,0,3000,20,0,0,40,0,19449
127639,0,0,4000,25,0,0,20,0,15506
127652,0,0,0,100,0,0,40,0,16092
127661,0,0,0,100,0,0,2,0,15338
127677,0,0,0,100,0,0,20,0,15277
127678,0,0,0,3,0,0,40,0,16611
127679,0,0,0,3,0,0,40,0,16610
127685,0,0,0,100,0,0,20,0,15346
127691,0,0,0,101,0,0,0,0,15354
127708,0,0,0,101,0,0,0,0,15262
127716,0,0,0,100,0,0,20,0,7806
127734,0,0,8000,10,0,0,20,0,14870
127753,0,0,0,50,0,0,680,0,14531
127773,0,0,500,100,3,0,4,0,16280
127800,0,0,0,101,0,0,0,0,16412
127822,0,0,0,101,0,0,0,0,16413
127829,0,0,0,100,0,0,0,0,17146
127870,0,0,0,101,0,0,0,0,16406
127872,0,0,0,35,1,0,40,0,16689
127880,0,0,0,100,0,0,20,0,15978
127881,0,0,0,100,10,0,139944,0,17348
127889,0,5,0,101,0,0,0,0,16168
127893,0,0,500,100,3,0,4,0,16277
127894,0,0,500,100,3,0,4,0,16278
127902,0,0,0,1,0,0,40,0,17350
127907,0,0,0,100,0,0,0,0,16191
127917,0,0,0,100,0,0,139944,0,16487
127923,0,0,0,5,0,0,20,0,18847
127937,0,0,0,100,0,0,-2146819416,0,16566
127948,0,0,0,100,10,0,139944,0,16511
127958,0,0,0,2,0,0,40,0,4070
127963,0,0,0,5,0,0,20,0,17332
127983,0,0,0,100,0,0,20,0,16843
127984,0,0,0,100,0,0,87376,0,16954
127991,0,0,1000,30,0,0,131112,0,14070
128024,0,0,0,100,1,0,87376,0,16886
128046,0,0,0,100,0,0,0,0,15709
128056,0,0,0,5,0,0,20,0,15599
128074,0,0,0,101,0,0,0,0,15257
128077,0,0,0,100,4,0,139936,0,17798
128084,0,0,500,100,3,0,4,0,16279
128107,0,0,0,100,0,0,20,0,16615
128111,0,0,500,100,3,0,4,0,16257
128118,0,0,0,40,0,0,2,0,15335
128133,0,0,0,100,0,0,4,0,16236
128134,0,0,0,100,0,0,4,0,16237
128141,0,0,0,100,1,0,87376,0,16188
128201,0,0,0,5,0,0,20,0,18186
128207,0,25,0,101,0,0,0,0,16791
128216,0,0,0,101,0,0,0,0,15355
128223,0,0,2000,100,0,0,8,0,16792
128227,0,0,0,1,0,0,40,0,15594
128236,0,0,0,101,0,0,0,0,16400
128243,0,0,0,20,0,0,2,0,15270
128248,0,0,0,100,0,0,4,0,16793
128254,0,10,0,101,0,0,0,0,16359
128270,0,3,0,101,0,0,0,0,16953
128321,0,5,0,101,0,0,0,0,16145
128333,0,50,0,101,0,0,0,0,16049
128357,0,0,0,101,0,0,0,0,16415
128389,0,0,0,35,1,0,40,0,16813
128399,0,3,0,101,0,0,0,0,16928
128400,0,3,0,101,0,0,0,0,16552
128407,0,0,0,50,0,0,87380,0,16958
128409,0,0,2000,100,0,0,20,0,15600
128437,0,0,0,35,1,0,40,0,16812
128441,0,0,0,100,0,0,20,0,16283
128442,0,0,0,100,0,0,20,0,16284
128443,0,0,0,100,10,0,139944,0,17347
128446,0,0,0,10,0,0,87376,0,16923
128448,0,0,0,101,0,0,1,0,16878
128494,0,0,0,101,0,0,0,0,18199
128495,0,0,0,101,0,0,0,0,18200
128558,0,0,0,100,0,0,40,0,16624
128559,0,3,0,101,0,0,0,0,15475
128560,0,0,0,100,0,0,139936,0,16146
128575,0,0,0,100,0,0,8,0,16550
128579,0,3,0,101,0,0,0,0,16427
128585,0,0,0,100,4,0,139936,0,17794
128594,0,0,0,100,0,0,17408,0,17107
128595,0,0,0,100,0,0,17408,0,17108
128602,0,0,0,25,0,0,20,0,16428
128605,0,100,0,101,0,0,0,0,17745
128620,0,0,0,100,0,0,-2146828288,0,15286
128630,0,0,0,101,0,0,0,0,17390
128637,0,0,0,100,1,0,87376,0,16166
128647,0,3,0,101,0,0,0,0,16871
128654,0,0,0,101,0,0,0,0,15334
128689,0,0,0,101,0,0,0,0,17183
128702,0,0,0,101,0,0,0,0,17392
128705,0,0,0,100,0,0,20,0,16282
128706,0,0,0,15,0,0,87376,0,16924
128708,0,0,0,100,0,0,680,0,17014
128711,0,0,9000,10,0,0,40,0,15876
128720,0,0,10000,5,0,0,20,0,15852
128737,0,0,0,3,0,0,20,0,16800
128750,0,0,0,15,0,0,20,0,15849
128759,0,0,0,100,0,0,139944,0,16492
128762,0,0,0,100,0,0,87380,0,16961
128774,0,3,0,101,0,0,0,0,17158
128781,0,3,0,101,0,0,0,0,15860
128784,0,5,0,101,0,0,0,0,17281
128819,0,0,0,100,0,0,17408,0,17106
128854,0,0,0,100,0,0,87376,0,16880
128855,0,0,0,100,0,0,0,0,16402
128856,0,0,0,101,0,0,0,0,16403
128862,0,0,0,50,0,0,87376,0,16952
128898,0,0,0,15,0,0,20,0,17010
128906,0,0,0,101,0,0,0,0,17148
128910,0,0,0,100,0,0,20,0,16256
128932,0,0,0,101,0,0,0,0,16393
128936,0,0,0,101,0,0,0,0,17153
128937,0,0,0,3,0,0,40,0,17154
128963,0,0,0,5,0,0,40,0,18146
128974,0,0,0,100,0,0,20,0,16281
128979,0,3,0,101,0,0,0,0,17315
128995,0,0,0,101,0,0,0,0,16914
129005,0,0,0,100,0,0,139944,0,16489
129009,0,5,0,101,0,0,0,0,17052
129048,0,0,0,6,0,0,87376,0,18121
129052,0,0,0,101,0,0,0,0,17196
129055,0,0,0,101,0,0,0,0,17862
129057,0,0,0,101,0,0,0,0,17937
129074,0,0,0,8,0,0,87376,0,18122
129092,0,0,0,2,0,0,87376,0,18119
129110,0,0,0,101,0,0,0,0,17402
129115,0,0,0,101,0,0,0,0,17401
129117,0,0,0,4,0,0,87376,0,18120
129132,0,0,0,10,0,0,87376,0,18123
129142,0,0,0,101,0,0,0,0,16401
129165,0,0,0,100,0,0,680,0,17495
129170,0,0,0,101,0,0,0,0,17504
129174,0,0,0,1,0,0,40,0,18097
129182,0,0,3500,100,3,0,139944,0,18137
129184,0,0,0,5,0,0,20,0,18152
129191,0,0,0,101,0,0,0,0,17407
129198,0,0,0,100,0,0,87376,0,16164
129206,0,0,0,101,0,0,0,0,18082
129211,0,0,0,100,0,0,-2146819416,0,18099
129222,0,0,0,100,0,0,0,0,17510
129223,0,0,0,101,0,0,0,0,17511
129234,0,0,0,1,0,0,20,0,16982
129246,0,99,0,101,0,0,0,0,18210
129259,0,100,0,101,0,0,0,0,18270
129262,0,0,0,100,0,0,87376,0,17803
129268,0,0,0,101,0,0,0,0,18105
129270,0,0,0,4,0,0,2424832,0,18095
129297,0,0,0,101,0,0,0,0,17629
129304,0,0,0,100,0,0,40,0,18100
129328,0,0,0,101,0,0,0,0,17391
129347,0,0,0,5,0,0,87376,0,16850
129376,0,0,0,100,0,0,87376,0,17793
129406,0,0,0,101,0,0,0,0,18223
129415,0,0,0,101,0,0,0,0,18202
129438,0,0,10000,100,0,0,20,0,16864
129446,0,0,0,101,0,0,1,0,17670
129450,0,3,0,101,0,0,0,0,16866
129451,0,0,0,101,0,0,0,0,17292
129475,0,5,0,101,0,0,0,0,17963
129478,0,0,0,101,0,0,0,0,18077
129480,0,0,0,100,1,0,87376,0,17116
129494,0,0,0,101,0,0,0,0,18106
129498,0,0,0,101,0,0,0,0,18093
129524,0,5,0,101,0,0,0,0,18070
129529,0,0,0,35,1,0,40,0,17329
129536,0,0,0,101,0,0,0,0,18078
129538,0,0,0,100,2,0,139944,0,17364
129557,0,0,0,2,0,0,2424832,0,18094
129558,0,0,0,100,0,0,0,0,17506
129564,0,0,0,100,0,0,0,0,18088
129567,0,0,0,101,0,0,0,0,18197
129575,0,0,0,101,0,0,0,0,18203
129581,0,0,0,101,0,0,0,0,17925
129587,0,0,0,101,0,0,0,0,16857
129604,0,0,0,35,1,0,40,0,16811
129608,0,0,0,101,0,0,0,0,17505
129616,0,0,0,35,1,0,40,0,16810
129623,0,0,0,100,0,0,87376,0,17796
129663,0,0,0,100,1,0,87376,0,18708
129670,0,0,0,4,0,0,87376,0,19407
129687,0,0,0,50,0,0,4,0,17688
129709,0,10,0,101,0,0,0,0,20667
129720,0,0,0,100,0,0,131072,0,19275
129727,0,0,0,20,0,0,87376,0,19233
129751,0,100,0,101,0,0,0,0,19397
129803,0,0,0,101,0,0,40,0,18634
129841,0,0,0,100,1,0,87376,0,16870
129848,0,0,1000,100,0,0,87376,0,18189
129865,0,0,0,14,0,0,87376,0,19232
129917,0,0,0,100,0,0,1048576,0,19386
129918,0,0,0,101,0,0,0,0,18425
129920,0,0,0,100,3,0,4,0,17687
129921,0,0,0,40,0,0,40,0,17690
129927,0,0,0,3,0,0,680,0,19409
129929,0,0,0,100,0,0,131072,0,19273
129962,0,0,0,100,1,0,87376,0,18288
129966,0,0,0,100,4,0,139936,0,17797
129994,0,0,0,100,0,0,139944,0,18499
130002,0,0,0,100,0,0,2359296,0,18096
130003,0,0,0,101,0,0,0,0,18108
130013,0,0,0,10,0,0,20,0,18542
130019,0,0,0,101,0,0,0,0,18173
130030,0,0,0,100,1,0,40,0,19265
130045,0,0,0,100,1,0,87376,0,21887
130047,0,0,0,100,1,0,40,0,19266
130048,0,0,0,5,0,0,20,0,18979
130069,0,0,0,1,0,0,40,0,18799
130083,0,0,0,101,0,0,0,0,18652
130120,0,0,0,101,0,0,0,0,17941
130129,0,0,0,100,1,0,139936,0,23920
130135,0,0,0,101,0,0,0,0,17624
130146,0,0,0,100,1,0,40,0,19262
130155,0,0,0,101,0,0,0,0,18208
130156,0,500,0,101,0,0,0,0,18209
130157,0,0,0,101,0,0,0,0,18657
130171,0,0,0,101,0,0,0,0,17626
130172,0,0,0,101,0,0,0,0,18658
130188,0,0,0,100,0,0,-2146819416,0,17928
130199,0,0,0,101,0,0,0,0,21141
130242,0,0,0,101,0,0,0,0,18075
130289,0,0,0,100,0,0,0,0,19821
130290,0,10,0,101,0,0,0,0,19448
130326,0,0,30000,100,0,0,2,0,18983
130354,0,0,0,101,0,0,0,0,19676
130355,0,0,0,101,0,0,0,0,19686
130374,0,0,0,16,0,0,2428928,0,19387
130396,0,0,0,101,0,0,0,0,17627
130397,0,0,0,101,0,0,0,0,17628
130424,0,0,0,101,1,0,20,0,26177
130425,0,99,0,101,0,0,0,0,26476
130435,0,0,0,100,0,0,2359296,0,18073
130446,0,0,0,7,0,0,87376,0,19228
130457,0,0,0,101,0,0,0,0,17926
130458,0,0,0,25,0,0,2428928,0,19388
130494,0,0,3000,100,0,0,20,0,19194
130496,0,0,0,8,0,0,2428928,0,19184
130548,0,0,0,100,0,0,40,0,19660
130552,0,0,0,16,0,0,87376,0,19414
130567,0,0,0,101,0,0,0,0,19679
130584,0,0,0,100,0,0,131072,0,19271
130586,0,0,0,100,5,0,4,0,18765
130589,0,0,0,101,0,0,0,0,17483
130605,0,0,0,101,0,0,0,0,19306
130608,0,0,0,101,0,0,0,0,18469
130612,0,0,0,100,0,0,4,0,20725
130641,0,0,0,100,0,0,-2146819416,0,18802
130645,0,0,0,101,0,0,0,0,18647
130647,0,0,0,101,0,0,0,0,19755
130663,0,0,0,3,0,0,40,0,18815
130664,0,0,0,1,0,0,40,0,18816
130675,0,0,0,100,0,0,-2146819416,0,19973
130676,0,0,0,100,0,0,0,0,18656
130683,0,0,0,100,0,0,87376,0,17802
130685,0,0,0,100,0,0,0,0,17484
130687,0,0,0,100,0,0,-2146819416,0,19974
130689,0,0,0,101,0,0,0,0,18633
130699,0,5,0,101,0,0,0,0,19652
130715,0,0,0,101,1,0,20,0,26178
130720,0,3,0,101,0,0,0,0,18958
130735,0,0,3000,25,0,0,20,0,19818
130737,0,0,0,101,0,0,0,0,18796
130741,0,0,0,100,1,0,81920,0,20216
130753,0,0,0,100,0,0,87376,0,17801
130806,0,0,0,100,0,0,131072,0,19274
130807,0,0,3500,100,3,0,139944,0,19308
130823,0,0,0,100,1,0,40,0,19264
130841,0,0,0,10,0,0,20,0,18167
130852,0,0,0,101,0,0,0,0,19503
130859,0,0,0,100,1,0,40,0,19261
130896,0,3,0,101,0,0,0,0,20054
130898,0,0,0,100,0,0,69972,0,20049
130900,0,0,0,100,0,0,0,0,19776
130901,0,3,0,101,0,0,0,0,20053
130902,0,0,1000,100,0,0,4,0,20375
130906,0,10,0,101,0,0,0,0,19463
130910,0,0,0,100,0,0,4,0,20291
130911,0,0,0,20,0,0,87376,0,19415
130932,0,0,0,100,1,0,20,0,19577
130954,0,10,0,101,0,0,0,0,19631
130959,0,0,0,101,0,0,40,0,19723
130964,0,10,0,101,0,0,0,0,19771
130968,0,0,0,100,0,0,4,0,20292
130976,0,0,0,100,0,0,20,0,20166
130997,0,0,0,101,0,0,40,0,18907
131020,0,0,0,50,0,0,40,0,20345
131021,0,0,0,50,0,0,40,0,20346
131024,0,0,0,100,0,0,-2146819416,0,19971
131037,0,0,0,100,0,0,87376,0,20235
131041,0,0,0,101,0,0,0,0,20586
131046,0,0,0,100,0,0,40,0,19655
131047,0,0,0,101,0,0,0,0,20066
131049,0,0,0,100,4,0,139936,0,17799
131050,0,0,0,100,4,0,139936,0,17800
131051,0,0,0,100,0,0,40,0,19656
131063,0,0,0,100,0,0,-2146819416,0,19970
131067,0,0,0,50,0,0,40,0,20185
131072,0,0,0,100,0,0,4,0,20154
131088,0,0,0,100,0,0,69972,0,20059
131094,0,5,0,101,0,0,0,0,19654
131097,0,5,0,101,0,0,0,0,19635
131099,0,0,0,50,0,0,40,0,20344
131113,0,5,0,101,0,0,0,0,19653
131125,0,20,0,101,0,0,0,0,20512
131128,0,3,0,101,0,0,0,0,19450
131132,0,3,0,101,0,0,0,0,20050
131147,0,3,0,101,0,0,0,0,20052
131158,0,0,0,100,0,0,-2146819416,0,19725
131161,0,0,0,100,2,0,1048576,0,19769
131171,0,0,3000,50,0,0,20,0,18943
131173,0,0,3000,100,0,0,20,0,19362
131178,0,0,0,100,0,0,40,0,19478
131179,0,5,0,101,0,0,0,0,19479
131186,0,0,0,100,0,0,-2146819416,0,19134
131199,0,0,3000,10,0,0,20,0,19817
131215,0,10,0,101,0,0,0,0,19516
131217,0,0,0,101,0,0,0,0,20253
131245,0,0,3500,50,3,0,139944,0,19514
131253,0,0,0,100,0,0,20,0,20165
131270,0,0,0,101,0,0,0,0,19685
131277,0,0,0,101,0,0,0,0,19684
131284,0,0,0,101,0,0,0,0,19597
131302,0,0,3500,100,3,0,139944,0,19312
131303,0,0,3500,100,3,0,139944,0,19309
131305,0,0,0,101,0,0,0,0,19680
131307,0,0,0,8,0,0,87376,0,19412
131308,0,0,0,100,0,0,2,0,20577
131319,0,0,0,12,0,0,87376,0,19413
131335,0,0,0,101,0,0,0,0,19681
131336,0,0,0,101,0,0,0,0,19682
131353,0,0,0,101,0,0,0,0,19683
131385,0,0,3500,100,3,0,139944,0,19311
131386,0,0,3500,100,3,0,139944,0,19310
131391,0,0,0,100,0,0,-2146819416,0,19975
131398,0,0,0,100,0,0,20,0,20164
131411,0,0,0,100,0,0,17408,0,20215
131445,0,0,0,101,0,0,0,0,19482
131453,0,0,0,100,4,0,680,0,20928
131469,0,0,0,101,0,0,87376,0,21229
131475,0,0,0,100,0,0,4,0,21084
131487,0,0,0,101,0,0,0,0,21159
131496,0,0,0,101,0,0,0,0,20615
131500,0,0,0,100,5,0,680,0,20128
131502,0,3,0,101,0,0,0,0,21153
131505,0,0,0,10,0,0,680,0,20127
131510,0,0,0,20,0,0,17408,0,20210
131551,0,0,1000,100,0,0,4,0,20920
131561,0,0,0,100,2,0,1048576,0,19784
131564,0,0,0,100,0,0,87376,0,20500
131565,0,0,0,101,0,0,87376,0,20501
131570,0,0,0,50,0,0,139944,0,20186
131582,0,0,0,100,0,0,20,0,20356
131585,0,0,0,100,0,0,40,0,20913
131592,0,0,0,100,0,0,20,0,20348
131602,0,0,0,101,0,0,0,0,19677
131603,0,0,0,101,0,0,0,0,19678
131610,0,0,10000,100,0,0,2,0,21185
131611,0,0,0,100,0,0,40,0,20914
131612,0,0,0,10,0,0,680,0,20136
131613,0,0,0,10,0,0,680,0,20137
131623,0,0,1000,100,0,0,4,0,20918
131628,0,0,0,100,0,0,0,0,20726
131659,0,0,0,100,0,0,87376,0,20234
131666,0,50,0,101,0,0,0,0,20542
131670,0,0,0,100,5,0,680,0,20134
131679,0,0,0,100,0,0,4,0,20891
131684,0,3,0,101,0,0,0,0,20055
131700,0,0,1000,100,0,0,4,0,20915
131715,0,0,0,100,0,0,4,0,20290
131720,0,0,0,100,0,0,20,0,20349
131725,0,0,0,101,0,0,0,0,20614
131738,0,0,0,100,0,0,69972,0,20058
131741,0,0,0,100,0,0,20,0,20347
131749,0,0,0,40,0,0,17408,0,20212
131756,0,0,0,100,0,0,69972,0,20057
131763,0,0,0,100,0,0,2,0,21053
131768,0,0,0,100,0,0,69972,0,20056
131769,0,0,0,50,0,0,139944,0,20354
131779,0,0,0,50,0,0,139944,0,20355
131792,0,5,0,101,0,0,0,0,20243
131798,0,5,0,101,0,0,0,0,21055
131800,0,0,0,6,0,0,139944,0,20181
131815,0,3,0,101,0,0,0,0,21067
131844,0,0,0,100,0,0,-2146819416,0,19972
131857,0,0,0,4,0,0,139944,0,20179
131858,0,0,0,8,0,0,139944,0,20180
131868,0,0,0,10,0,0,139944,0,20182
131899,0,0,0,5,0,0,8,0,20705
131935,0,0,0,100,5,0,680,0,20131
131969,0,10,0,101,0,0,0,0,21307
131970,0,0,0,100,0,0,0,0,20961
131971,0,0,0,100,0,0,0,0,20962
131977,0,0,0,100,0,0,20,0,20810
131978,0,0,0,100,0,0,4,0,20289
131988,0,3,0,101,0,0,0,0,21971
131989,0,0,0,0,0,0,87376,0,21977
131997,0,0,0,10,0,0,680,0,20130
131998,0,0,0,100,5,0,680,0,20132
131999,0,0,0,100,5,0,680,0,20133
132022,0,0,0,100,0,0,-2146819416,0,21063
132026,0,3,0,101,0,0,0,0,23379
132029,0,0,0,101,0,0,0,0,21151
132046,0,0,0,101,0,0,87376,0,21228
132047,0,0,0,0,0,0,1,0,21163
132057,0,0,0,60,0,0,17408,0,20213
132058,0,0,0,80,0,0,17408,0,20214
132067,0,0,0,100,0,0,0,0,20425
132069,0,0,0,100,0,0,4,0,20287
132079,0,5,0,101,0,0,0,0,21081
132081,0,10,0,101,0,0,0,0,21086
132085,0,0,0,100,0,0,20,0,22835
132095,0,100,0,101,0,0,0,0,22442
132112,0,3,0,101,0,0,0,0,20629
132132,0,0,0,5,0,0,20,0,21061
132146,0,0,0,100,0,0,0,0,20967
132155,0,0,0,10,0,0,65536,0,21978
132168,0,0,0,2,0,0,139944,0,20177
132169,0,0,1000,100,4,0,4,0,20178
132172,0,0,0,2,0,0,40,0,21893
132215,0,0,0,100,0,0,0,0,22008
132220,0,0,1000,100,0,0,4,0,20919
132227,0,0,0,101,0,0,0,0,20549
132247,0,8,0,0,0,0,0,0,20481
132260,0,0,0,100,0,0,20,0,20357
132261,0,0,0,100,0,0,4,0,20288
132262,0,0,0,1,0,0,40,0,20847
132264,0,50,0,101,0,0,0,0,23619
132274,0,0,0,101,0,0,0,0,21961
132304,0,0,0,100,0,0,4,0,20293
132314,0,0,0,101,0,0,0,0,20910
132323,0,5,0,0,0,0,0,0,22284
132333,0,0,0,100,0,0,40,0,20911
132334,0,0,0,20,0,0,4,0,21882
132372,0,0,0,10,0,0,680,0,20135
132375,0,0,0,10,0,0,65536,0,22007
132399,0,0,3000,25,0,0,40,0,23378
132406,0,0,0,100,0,0,0,0,20968
132432,0,0,0,100,4,0,680,0,20925
132447,0,0,0,101,0,0,1,0,21187
132453,0,0,0,1,0,0,1048576,0,21334
132457,0,0,0,100,1,0,87376,0,21091
132469,0,0,0,75,0,0,20,0,21645
132475,0,10,0,101,0,0,0,0,21047
132484,0,0,0,100,30,0,40,0,20230
132492,0,0,0,1,0,0,20,0,20884
132539,0,0,0,101,0,0,0,0,20559
132543,0,0,0,15,0,0,20,0,21788
132568,0,0,0,15,0,0,20,0,21080
132587,0,0,0,101,0,0,87376,0,21230
132614,0,0,0,0,0,0,1048576,0,21959
132635,0,0,0,100,0,0,20,0,21747
132663,0,50,0,101,0,0,0,0,23402
132671,0,0,0,101,0,0,0,0,20560
132681,0,0,0,25,0,0,20,0,21841
132723,0,0,0,20,0,0,87376,0,21890
132752,0,0,0,100,0,0,0,0,20893
132759,0,0,0,101,0,0,0,0,21952
132763,0,0,0,20,0,0,1048576,0,21838
132771,0,0,0,101,0,0,87376,0,21879
132797,0,20,0,101,0,0,0,0,21687
132803,0,0,0,50,0,0,20,0,21911
132815,0,0,1000,100,0,0,680,0,22618
132824,0,0,0,101,0,0,0,0,21949
132825,0,5,0,101,0,0,0,0,22433
132828,0,0,0,100,0,0,40,0,20912
132843,0,0,3500,25,20,0,139944,0,20545
132858,0,0,0,101,0,0,0,0,22639
132879,0,0,1000,50,0,0,680,0,22620
132890,0,0,0,100,0,0,0,0,22641
132914,0,0,0,2,0,0,40,0,21969
132922,0,0,0,4,0,0,81920,0,27774
132923,0,0,0,100,4,0,680,0,20927
132938,0,5,0,101,0,0,0,0,22959
132961,0,0,0,100,0,0,32768,0,23333
132971,0,0,5000,50,0,0,40,0,21853
132977,0,0,0,100,0,0,32768,0,23335
132982,0,0,0,2,0,0,81920,0,23688
132994,0,5,0,101,0,0,0,0,22426
133009,0,0,0,101,0,0,0,0,20909
133041,0,0,0,2,0,0,40,0,21897
133078,0,0,0,101,0,0,0,0,21162
133091,0,10,0,101,0,0,0,0,23016
133093,0,0,0,100,0,0,40,0,22438
133105,0,0,0,101,1,0,340,0,24603
133113,0,0,0,100,0,0,0,0,22168
133141,0,0,0,100,0,0,-2146819416,0,22645
133142,0,0,0,100,0,0,0,0,22646
133165,0,3,0,101,0,0,0,0,22638
133184,0,0,0,101,0,0,87376,0,21972
133185,0,20,0,101,0,0,0,0,22420
133210,0,0,0,100,0,0,20,0,23686
133219,0,10,0,101,0,0,0,0,23315
133239,0,3,0,101,0,0,0,0,22412
133240,0,0,0,25,0,0,20,0,22413
133251,0,3,0,101,0,0,0,0,23862
133279,0,0,0,100,0,0,1048576,0,24133
133288,0,0,240000,1,0,0,340,0,24256
133324,0,0,0,25,0,0,16384,0,23551
133325,0,0,3500,100,3,0,139944,0,23552
133330,0,0,0,101,0,0,680,0,23781
133340,0,0,0,100,0,0,40,0,23340
133353,0,0,0,15,0,0,87376,0,23695
133387,0,0,0,100,0,0,16,0,26107
133395,0,0,120000,1,0,0,4,0,22648
133406,0,0,0,100,0,0,40,0,23394
133408,0,0,0,101,0,0,20,0,23581
133454,0,0,0,101,0,0,0,0,23620
133474,0,0,0,101,0,0,0,0,20882
133482,0,0,0,15,0,0,20,0,23771
133572,0,0,0,100,0,0,20,0,23689
133590,0,0,0,100,0,0,1048576,0,24132
133591,0,50,0,101,0,0,0,0,24701
133598,0,0,0,101,0,0,1,0,22820
133609,0,0,0,100,0,0,20,0,23867
133611,0,0,1000,25,0,0,16384,0,23572
133626,0,5,0,0,0,0,0,0,22558
133632,0,0,0,100,1,0,40,0,23547
133633,0,0,0,4,0,0,680,0,23548
133682,0,0,0,101,0,0,1,0,22817
133716,0,0,0,100,0,0,40,0,22857
133747,0,0,0,101,0,0,1,0,22818
133766,0,50,0,101,0,0,0,0,23341
133787,0,0,0,100,0,0,0,0,23268
133834,0,0,0,100,0,0,0,0,23684
133892,0,500,0,101,0,0,0,0,22735
133895,0,50,0,101,0,0,0,0,23155
133943,0,0,0,101,1,0,60,0,24450
133947,0,99,0,101,0,0,0,0,25991
133957,0,6,0,101,0,0,0,0,24818
133959,0,3,0,101,0,0,0,0,24011
133990,0,0,0,101,1,0,60,0,24453
134000,0,99,0,101,0,0,0,0,24312
134029,0,0,0,100,0,0,680,0,23780
134055,0,0,0,101,0,0,0,0,24858
134069,0,5,0,101,0,0,0,0,22713
134077,0,0,0,101,0,0,0,0,24423
134083,0,3,0,101,0,0,0,0,24049
134096,0,0,0,100,0,0,0,0,24212
134137,0,20,0,101,0,0,0,0,24323
134153,0,0,0,100,0,0,20,0,23602
134154,0,0,0,101,0,0,0,0,23603
134183,0,3,0,101,0,0,0,0,22937
134190,0,20,0,101,0,0,0,0,24322
134195,0,0,0,101,0,0,0,0,24394
134196,0,0,0,101,0,0,0,0,24388
134251,0,10,0,101,0,0,0,0,23316
134272,0,5,0,101,0,0,0,0,24339
134285,0,0,0,100,5,0,20,0,23885
134380,0,0,0,100,0,0,4,0,24905
134394,0,5,0,101,0,0,0,0,23461
134402,0,0,0,101,1,0,87376,0,24389
134409,0,0,3500,100,3,0,139944,0,24398
134411,0,0,0,100,5,0,20,0,23886
134414,0,0,0,100,5,0,20,0,23887
134415,0,0,0,100,5,0,20,0,23888
134443,0,10,0,101,0,0,0,0,24063
134477,0,0,0,100,1,0,87376,0,23721
134496,0,0,0,2,0,0,20,0,23863
134504,0,0,0,40,0,0,20,0,24187
134513,0,0,0,100,0,0,320,0,23578
134542,0,0,0,100,0,0,0,0,23952
134544,0,3,0,101,0,0,0,0,24099
134576,0,5,0,101,0,0,0,0,25424
134604,0,5,0,101,0,0,0,0,25349
134614,0,0,0,101,0,0,0,0,25174
134619,0,12,0,100,0,0,87376,0,24659
134620,0,0,0,100,0,0,340,0,24661
134621,0,20,0,101,0,0,0,0,24662
134645,0,0,0,101,0,0,0,0,24974
134649,0,0,0,101,1,0,340,0,24605
134651,0,0,0,101,0,0,0,0,25306
134724,0,5,0,101,0,0,0,0,27673
134729,0,10,0,101,0,0,0,0,24611
134741,0,3,0,101,0,0,0,0,25497
134805,0,10,0,101,0,0,0,0,24097
134851,0,3,0,101,0,0,0,0,24688
134857,0,0,0,101,0,0,0,0,26036
134858,0,0,0,101,0,0,0,0,26034
134893,0,5,0,101,0,0,0,0,24587
134899,0,0,0,100,0,0,20,0,24051
134906,0,0,0,100,0,0,680,0,24574
134930,0,20,0,101,0,0,0,0,28679
134936,0,5,0,101,0,0,0,0,24586
134938,0,99,0,101,0,0,0,0,24839
134939,0,0,0,101,0,0,0,0,24577
134959,0,5,0,101,0,0,0,0,24640
134965,0,0,0,101,1,0,40,0,24844
134970,0,20,0,101,0,0,0,0,24590
134987,0,0,0,101,1,0,20,0,24353
134988,0,0,0,100,0,0,0,0,24893
135000,0,0,0,101,0,0,0,0,24578
135001,0,0,0,101,0,0,0,0,24579
135002,0,0,0,30,0,0,0,0,25351
135024,0,0,0,100,0,0,65536,0,26128
135031,0,5,0,101,0,0,0,0,24583
135053,0,0,0,5,0,0,1020,0,24596
135054,0,0,0,101,1,0,340,0,24597
135067,0,0,0,20,0,0,65536,0,26119
135069,0,0,0,100,0,0,65536,0,26123
135090,0,0,0,101,0,0,0,0,25304
135103,0,0,0,101,1,0,340,0,24604
135144,0,0,0,101,1,0,60,0,24452
135150,0,20,0,101,0,0,0,0,24317
135158,0,10,0,101,0,0,0,0,24575
135197,0,0,0,100,0,0,40,0,24949
135276,0,1,0,101,0,0,0,0,26077
135277,0,0,0,101,1,0,40,0,25011
135288,0,1,0,101,0,0,0,0,26121
135289,0,0,0,100,0,0,139808,0,25759
135290,0,0,0,100,0,0,139808,0,25760
135294,0,0,0,101,1,0,40,0,25008
135295,0,0,0,101,1,0,40,0,25010
135304,0,0,0,101,1,0,20,0,26201
135306,0,0,0,5,0,0,65536,0,25906
135329,0,0,0,5,0,0,40,0,25023
135342,0,0,0,100,0,0,4,0,27498
135382,0,0,3500,50,3,0,139944,0,25020
135400,0,10,0,101,0,0,0,0,28682
135406,0,0,0,101,0,0,0,0,25163
135442,0,0,0,0,0,0,87376,0,25296
135449,0,0,0,100,0,0,4,0,25160
135459,0,0,6000,100,0,0,4436,0,24932
135492,0,0,0,100,0,0,131072,0,25988
135507,0,0,0,100,0,0,20,0,26016
135512,0,0,0,20,0,0,65536,0,26135
135521,0,5,0,101,0,0,0,0,26052
135522,0,5,0,101,0,0,0,0,26053
135544,0,3,0,101,0,0,0,0,25262
135546,0,0,0,20,0,0,16384,0,26169
135560,0,20,0,101,0,0,0,0,25051
135569,0,5,0,101,0,0,0,0,25645
135570,0,10,0,101,0,0,0,0,25646
135589,0,0,0,101,1,0,40,0,25009
135657,0,0,0,101,0,0,0,0,24975
135658,0,0,0,100,0,0,20,0,25669
135659,0,0,0,101,1,0,20,0,26179
135662,0,99,0,101,0,0,0,0,26050
135675,0,5,0,101,0,0,0,0,25605
135688,0,0,0,101,1,0,40,0,25012
135704,0,0,0,100,0,0,139808,0,25761
135715,0,0,0,101,0,0,1,0,24752
135730,0,0,0,100,0,0,0,0,25102
135731,0,0,0,20,0,0,16384,0,26174
135759,0,0,0,101,1,0,0,0,25076
135763,0,1,0,101,0,0,0,0,25185
135775,0,1,0,101,0,0,0,0,26132
135787,0,0,0,20,0,0,16384,0,26173
135791,0,0,0,101,0,0,0,0,24755
135795,0,5,0,101,0,0,0,0,25651
135803,0,0,0,100,2,0,139936,0,25050
135806,0,3,0,101,0,0,0,0,25053
135807,0,4,0,101,0,0,0,0,26129
135811,0,3,0,101,0,0,0,0,26548
135881,0,0,0,101,0,0,0,0,26489
135883,0,0,0,101,0,0,1024,0,26376
135887,0,99,0,101,0,0,0,0,26419
135893,0,3,0,101,0,0,0,0,26601
135905,0,0,0,100,0,0,139808,0,25762
135913,0,3,0,101,0,0,0,0,26977
135933,0,0,0,101,0,0,1,0,27865
135962,0,0,0,101,0,0,0,0,24976
135963,0,0,0,101,0,0,0,0,24977
135969,0,5,0,101,0,0,0,0,28322
135978,0,0,0,5,0,0,139944,0,27867
135980,0,10,0,101,0,0,0,0,26464
136002,0,0,0,100,1,0,0,0,27035
136019,0,0,0,101,0,0,0,0,28272
136039,0,99,0,101,0,0,0,0,30285
136040,0,0,0,101,0,0,0,0,26470
136043,0,20,0,101,0,0,0,0,26465
136075,0,0,0,100,0,0,131072,0,26463
136083,0,0,0,10,0,0,-2145902424,0,28313
136096,0,0,0,101,0,0,340,0,26480
136097,0,6,0,101,0,0,0,0,26481
136098,0,0,0,101,0,0,0,0,26680
136109,0,0,0,100,0,0,16384,0,26467
136133,0,0,0,100,0,0,4,0,28305
136138,0,3,0,101,0,0,0,0,28311
136140,0,20,0,101,0,0,0,0,25812
136149,0,0,0,100,0,0,340,0,27522
136165,0,0,0,10,0,0,-2145902424,0,25820
136187,0,0,0,40,0,0,0,0,27634
136190,0,5,0,101,0,0,0,0,25668
136202,0,0,10000,30,0,0,131072,0,27539
136233,0,0,0,101,0,0,0,0,27192
136234,0,0,0,101,0,0,0,0,27193
136256,0,0,0,101,0,0,0,0,27648
136286,0,0,0,15,0,0,65536,0,25767
136291,0,20,0,101,0,0,0,0,25938
136308,0,0,0,100,0,0,139944,0,25937
136331,0,0,0,101,1,0,20,0,27685
136334,0,0,15000,5,0,0,81920,0,27521
136350,0,0,0,100,0,0,139944,0,27688
136353,0,0,0,101,0,0,0,0,25780
136400,0,0,0,101,0,0,1,0,27420
136458,0,0,0,100,0,0,40,0,25899
136473,0,3,0,101,0,0,0,0,25811
136539,0,0,0,10,0,0,20,0,28414
136544,0,0,0,100,0,0,87376,0,28200
136547,0,0,0,100,0,0,320,0,29501
136550,0,0,0,101,0,0,0,0,27177
136594,0,5,0,101,0,0,0,0,28204
136613,0,0,0,10,0,0,65536,0,27860
136621,0,0,0,101,0,0,0,0,27194
136626,0,0,0,101,0,0,0,0,27195
136634,0,0,0,100,1,0,0,0,27204
136637,0,0,0,2,0,0,40,0,27780
136659,0,0,0,101,0,0,0,0,27183
136682,0,0,0,101,0,0,0,0,27196
136683,0,0,0,101,0,0,0,0,27197
136684,0,0,0,101,0,0,0,0,27198
136685,0,0,0,101,0,0,0,0,27199
136686,0,0,0,100,1,0,34816,0,27200
136691,0,0,0,101,0,0,0,0,28732
136706,0,99,0,101,0,0,0,0,28413
136707,0,0,0,100,0,0,4,0,27419
136708,0,99,0,101,0,0,0,0,28969
136714,0,0,0,101,0,0,0,0,28412
136767,0,0,0,101,0,0,0,0,29205
136774,0,0,0,100,0,0,16384,0,28719
136817,0,0,0,100,0,0,680,0,27811
136821,0,0,0,101,0,0,1,0,27864
136834,0,0,0,101,0,0,40,0,27661
136841,0,0,0,100,0,0,680,0,27815
136845,0,0,0,100,0,0,20,0,27656
136863,0,0,0,2,0,0,40,0,27776
136919,0,0,0,101,0,0,0,0,29197
136920,0,0,0,100,0,0,17408,0,29198
136921,0,0,0,101,0,0,0,0,29199
136934,0,0,0,100,0,0,680,0,27816
136944,0,0,0,100,0,0,4,0,27787
136952,0,0,0,101,0,0,1,0,27861
136960,0,0,0,10,0,0,139400,0,27852
136964,0,3,0,101,0,0,0,0,27807
136979,0,0,0,2,0,0,40,0,27778
136997,0,0,0,2,0,0,40,0,27781
137015,0,0,0,4,0,0,64,0,27785
137021,0,0,0,100,0,0,0,0,27605
137027,0,0,0,101,0,0,1,0,27863
137095,0,100,0,101,0,0,0,0,27638
137110,0,0,0,100,0,0,-2146819416,0,27610
137130,0,0,0,100,0,0,320,0,29624
137131,0,0,0,100,0,0,320,0,29625
137143,0,99,0,101,0,0,0,0,29660
137146,0,0,1000,100,0,0,131072,0,29446
137151,0,0,0,101,0,0,0,0,29164
137152,0,0,0,15,0,0,40,0,29162
137178,0,7,0,101,0,0,0,0,28750
137182,0,0,0,100,0,0,320,0,29636
137185,0,0,0,101,0,0,0,0,29060
137196,0,0,0,100,0,0,320,0,29637
137197,0,0,0,100,1,0,87376,0,28815
137198,0,0,0,100,0,0,4,0,28816
137210,0,0,0,100,0,0,320,0,28752
137247,0,99,0,101,0,0,0,0,28835
137256,0,0,0,100,0,0,-2146819416,0,28845
137269,0,0,0,100,0,0,-2146819416,0,30094
137277,0,0,0,100,0,0,65536,0,29180
137284,0,0,0,20,0,0,65536,0,28771
137285,0,0,0,100,1,0,131072,0,28772
137308,0,0,0,100,0,0,320,0,29626
137309,0,0,0,100,0,0,320,0,29633
137310,0,0,0,100,0,0,320,0,29632
137326,0,0,0,100,0,0,320,0,29635
137333,0,0,0,10,0,0,139400,0,31316
137365,0,0,0,101,0,0,0,0,29202
137366,0,3,0,0,0,0,0,0,29203
137403,0,10,0,101,0,0,0,0,29604
137408,0,0,0,100,0,0,320,0,29634
137417,0,0,0,100,0,0,65536,0,29179
137421,0,0,0,101,0,0,0,0,29124
137422,0,0,0,101,0,0,0,0,29607
137434,0,0,0,101,0,0,0,0,29184
137435,0,0,0,100,0,0,87040,0,29185
137443,0,0,0,100,1,0,65536,0,28762
137445,0,0,0,20,0,0,131072,0,28764
137479,0,0,0,100,0,0,16384,0,28809
137483,0,5,0,101,0,0,0,0,27991
137490,0,0,0,100,0,0,16384,0,28847
137503,0,99,0,101,0,0,0,0,28832
137525,0,0,8,100,0,0,65536,0,29075
137528,0,1,0,101,0,0,0,0,29175
137538,0,99,0,101,0,0,0,0,28786
137541,0,99,0,101,0,0,0,0,28833
137548,0,0,10000,5,0,0,20,0,29220
137554,0,0,9,100,0,0,65536,0,29076
137561,0,0,0,100,0,0,16,0,28812
137571,0,0,0,66,0,0,680,0,29064
137572,0,0,0,100,0,0,16384,0,28849
137581,0,10,0,101,0,0,0,0,28467
137582,0,3,0,101,0,0,0,0,28796
137586,0,99,0,101,0,0,0,0,28470
137619,0,0,0,15,0,0,65536,0,28761
137636,0,0,0,101,0,0,0,0,29206
137652,0,0,9,100,0,0,65536,0,29074
137653,0,0,0,10,0,0,16384,0,28789
137655,0,0,0,100,0,0,20,0,30802
137661,0,0,0,101,0,0,0,0,28271
137672,0,0,0,100,0,0,20,0,30803
137673,0,0,0,100,0,0,20,0,30804
137674,0,0,0,100,0,0,20,0,30805
137675,0,0,0,100,0,0,20,0,30806
137678,0,0,0,100,0,0,20,0,30807
137679,0,0,0,100,0,0,20,0,30808
137680,0,0,0,100,0,0,20,0,30809
137696,0,99,0,101,0,0,0,0,28834
137703,0,0,0,5,0,0,81920,0,28802
137720,0,0,0,100,0,0,20,0,30810
137721,0,0,0,100,0,0,20,0,30811
137730,0,0,0,101,0,0,4,0,28754
137731,0,0,750,100,5,0,2441216,0,28780
137738,0,0,0,100,0,0,20,0,29150
137757,0,0,0,10,0,0,16384,0,28823
137761,0,0,0,100,0,0,20,0,28458
137763,0,0,0,100,0,0,20,0,28460
137776,0,100,0,101,0,0,0,0,27556
137789,0,3,0,101,0,0,0,0,28428
137790,0,0,0,25,0,0,20,0,28429
137802,0,0,1000,100,0,0,131072,0,29441
137818,0,0,5000,100,0,0,20,0,31255
137820,0,99,0,101,0,0,0,0,29306
137825,0,0,1000,100,0,0,131072,0,29444
137826,0,0,0,100,0,0,4,0,29307
137834,0,0,0,100,0,0,-2146819416,0,29849
137837,0,50,0,101,0,0,0,0,29325
137860,0,0,0,100,0,0,17408,0,29194
137861,0,0,0,101,0,0,0,0,29195
137862,0,0,0,100,0,0,17408,0,29196
137866,0,1,0,101,0,0,0,0,29865
137868,0,0,0,33,0,0,680,0,29062
137877,0,0,0,10,0,0,87376,0,29936
137884,0,0,1000,100,0,0,131072,0,29445
137891,0,0,0,101,0,0,0,0,31725
137897,0,0,1000,100,0,0,131072,0,29447
137903,0,0,0,100,1,0,131072,0,30003
137918,0,0,0,10,0,0,40,0,30081
137925,0,0,0,100,0,0,680,0,29065
137951,0,0,0,101,0,0,0,0,31726
137983,0,0,0,10,0,0,20,0,30079
137984,0,0,0,10,0,0,40,0,30080
141461,0,0,0,100,0,0,34816,0,301089
141462,0,0,0,100,0,0,34816,0,301091
168025,0,0,0,101,0,0,0,0,27961
168026,0,0,0,101,0,0,0,0,27962
168027,0,0,0,101,0,0,0,0,27963
168028,0,0,0,101,0,0,0,0,27964
168035,0,0,0,101,0,0,0,0,25217
168036,0,0,0,101,0,0,0,0,25218
168041,0,0,0,101,0,0,0,0,25339
168043,0,0,0,101,0,0,0,0,25464
168045,0,0,0,101,0,0,0,0,25467
168047,0,0,0,101,0,0,0,0,25557
168049,0,0,0,101,0,0,0,0,25559
168050,0,0,0,101,0,0,0,0,25560
168051,0,0,0,101,0,0,0,0,25689
168052,0,0,0,101,0,0,0,0,25706
168053,0,0,0,101,0,0,0,0,26371
168054,0,0,0,101,0,0,0,0,26372
168055,0,0,0,101,0,0,0,0,26547
168056,0,0,0,101,0,0,0,0,26790
168057,0,0,0,101,0,0,0,0,26791
168060,0,0,0,101,0,0,0,0,26796
168061,0,0,0,101,0,0,0,0,26797
168062,0,0,0,101,0,0,0,0,26875
168063,0,0,0,101,0,0,0,0,26876
168065,0,0,0,101,0,0,0,0,26878
168066,0,0,0,101,0,0,0,0,26880
168067,0,0,0,101,0,0,0,0,26881
168070,0,0,0,30,0,0,0,0,26967
168071,0,5,0,101,0,0,0,0,26968
168072,0,0,0,101,0,0,0,0,27031
168073,0,0,0,101,0,0,0,0,27032
168074,0,0,0,101,0,0,0,0,27033
168077,0,0,0,0,0,0,139944,0,27131
168078,0,0,0,101,0,0,0,0,27132
168079,0,0,0,101,0,0,0,0,27133
168081,0,0,0,101,0,0,0,0,27174
168082,0,0,0,101,0,0,0,0,27175
168083,0,0,0,101,0,0,0,0,27176
168084,0,0,0,101,0,0,0,0,27266
168085,0,0,0,101,0,0,0,0,27267
168086,0,0,0,101,0,0,0,0,27268
168087,0,0,0,101,0,0,0,0,27269
168090,0,0,0,101,0,0,0,0,27361
168091,0,0,0,101,0,0,0,0,27362
168099,0,0,0,101,0,0,0,0,27966
168100,0,0,0,101,0,0,0,0,27967
168101,0,0,0,101,0,0,0,0,27968
168102,0,0,0,101,0,0,0,0,27969
168103,0,0,0,101,0,0,0,0,27970
168116,0,0,0,101,0,0,0,0,25363
168117,0,0,3500,100,3,0,139944,0,25469
168118,0,0,0,101,0,0,0,0,25470
168120,0,0,0,101,0,0,0,0,25562
168121,0,0,0,101,0,0,0,0,25563
168125,0,0,0,101,0,0,0,0,26551
168127,0,0,0,101,0,0,0,0,26562
168128,0,0,0,101,0,0,0,0,26563
168129,0,0,0,101,0,0,0,0,26798
168130,0,0,0,101,0,0,0,0,26799
168131,0,0,0,101,0,0,0,0,26800
168132,0,0,0,101,0,0,0,0,26801
168134,0,0,0,101,0,0,0,0,26882
168135,0,0,0,101,0,0,0,0,26883
168136,0,0,0,101,0,0,0,0,26884
168137,0,0,0,101,0,0,0,0,26885
168138,0,0,0,101,0,0,0,0,26887
168139,0,0,0,101,0,0,0,0,26969
168144,0,0,0,0,0,0,87376,0,27044
168145,0,0,0,101,0,0,0,0,27045
168146,0,0,0,101,0,0,0,0,27046
168147,0,0,0,101,0,0,0,0,27047
168148,0,0,0,101,0,0,0,0,27134
168152,0,0,0,101,0,0,0,0,27138
168153,0,0,0,100,4,0,680,0,27179
168154,0,0,0,101,0,0,0,0,27180
168155,0,0,0,101,0,0,0,0,27270
168156,0,0,0,101,0,0,0,0,27271
168157,0,0,0,101,0,0,0,0,27272
168158,0,0,0,101,0,0,0,0,27364
168160,0,0,0,101,0,0,0,0,27366
168171,0,0,0,101,0,0,0,0,27971
168172,0,0,0,101,0,0,0,0,27972
168173,0,0,0,101,0,0,0,0,27973
168174,0,0,0,101,0,0,0,0,27974
168178,0,5,0,101,0,0,0,0,25225
168180,0,0,0,101,0,0,0,0,25229
168181,0,0,0,101,0,0,0,0,25230
168182,0,0,0,101,0,0,0,0,25364
168185,0,0,0,100,0,0,0,0,25367
168186,0,0,0,100,0,0,0,0,25368
168187,0,0,3500,100,3,0,139944,0,25472
168191,0,0,0,101,0,0,0,0,25567
168194,0,0,0,101,0,0,0,0,25570
168195,0,0,0,101,0,0,0,0,26566
168198,0,0,0,101,0,0,0,0,26571
168199,0,0,0,101,0,0,0,0,26572
168205,0,0,0,101,0,0,0,0,26888
168206,0,0,0,100,1,0,139944,0,26889
168207,0,0,0,101,0,0,0,0,26890
168208,0,0,0,20,0,0,0,0,26891
168211,0,0,0,101,0,0,0,0,26983
168212,0,0,0,101,0,0,0,0,26984
168213,0,0,0,101,0,0,0,0,27048
168214,0,0,0,101,0,0,0,0,27049
168215,0,0,0,101,0,0,0,0,27050
168216,0,0,0,101,0,0,0,0,27051
168217,0,0,0,101,0,0,0,0,27052
168218,0,0,0,101,0,0,0,0,27139
168221,0,0,0,100,1,0,680,0,27181
168222,0,0,0,100,1,0,680,0,27182
168224,0,0,0,101,0,0,0,0,27273
168225,0,0,0,101,0,0,0,0,27274
168226,0,0,0,101,0,0,0,0,27275
168236,0,0,0,101,0,0,0,0,27484
168237,0,0,0,101,0,0,0,0,27485
168238,0,0,0,101,0,0,0,0,27486
168239,0,0,0,101,0,0,0,0,27487
168240,0,0,0,101,0,0,0,0,27975
168241,0,0,0,101,0,0,0,0,27976
168242,0,0,0,101,0,0,0,0,27977
168243,0,0,0,101,0,0,0,0,27979
168248,0,0,0,101,0,0,0,0,25231
168254,0,0,0,101,0,0,0,0,25372
168255,0,0,0,101,0,0,0,0,25375
168258,0,0,3500,100,3,0,139944,0,25477
168260,0,0,0,101,0,0,0,0,25479
168263,0,0,0,101,0,0,0,0,25572
168264,0,0,0,101,0,0,0,0,25573
168265,0,0,0,101,0,0,0,0,25574
168267,0,0,0,101,0,0,0,0,26576
168268,0,0,0,101,0,0,0,0,26578
168270,0,0,0,101,0,0,0,0,26581
168277,0,0,0,101,0,0,0,0,26892
168281,0,0,0,101,0,0,0,0,26896
168282,0,0,0,101,0,0,0,0,26897
168283,0,0,0,101,0,0,0,0,26985
168284,0,0,0,101,0,0,0,0,26986
168285,0,0,0,101,0,0,0,0,26987
168286,0,0,0,101,0,0,0,0,26988
168287,0,0,0,101,0,0,0,0,27053
168288,0,0,0,101,0,0,0,0,27054
168289,0,0,0,101,0,0,0,0,27055
168290,0,0,0,101,0,0,0,0,27056
168293,0,0,0,30,0,0,0,0,27186
168294,0,5,0,101,0,0,0,0,27187
168295,0,0,0,30,0,0,0,0,27188
168296,0,5,0,101,0,0,0,0,27189
168297,0,0,0,101,0,0,0,0,27276
168298,0,0,0,101,0,0,0,0,27277
168299,0,0,0,101,0,0,0,0,27278
168300,0,0,0,101,0,0,0,0,27279
168308,0,0,0,101,0,0,0,0,27488
168309,0,0,0,101,0,0,0,0,27489
168310,0,0,0,101,0,0,0,0,27490
168311,0,0,0,101,0,0,0,0,27491
168312,0,0,0,101,0,0,0,0,27492
168313,0,0,0,101,0,0,0,0,27980
168314,0,0,0,101,0,0,0,0,27981
168315,0,0,0,101,0,0,0,0,27982
168316,0,0,0,101,0,0,0,0,27983
168318,0,0,0,101,0,0,0,0,28093
168320,0,0,0,101,0,0,0,0,28100
168327,0,0,0,101,0,0,0,0,25379
168328,0,0,0,101,0,0,0,0,25380
168331,0,0,0,101,0,0,0,0,25384
168336,0,0,0,101,0,0,0,0,25485
168337,0,0,0,101,0,0,0,0,25576
168338,0,0,0,101,0,0,0,0,25577
168340,0,0,0,101,0,0,0,0,25579
168341,0,0,0,101,0,0,0,0,25580
168343,0,0,0,101,0,0,0,0,26596
168344,0,0,0,101,0,0,0,0,26597
168345,0,0,0,101,0,0,0,0,26598
168346,0,0,0,101,0,0,0,0,26599
168351,0,0,0,101,0,0,0,0,26900
168352,0,0,0,101,0,0,0,0,26902
168353,0,0,0,101,0,0,0,0,26903
168354,0,0,0,101,0,0,0,0,26904
168355,0,0,0,101,0,0,0,0,26905
168356,0,0,0,101,0,0,0,0,26906
168357,0,0,0,100,0,0,-2146819416,0,26989
168360,0,5,0,101,0,0,0,0,27060
168361,0,0,0,101,0,0,0,0,27061
168362,0,0,0,101,0,0,0,0,27062
168365,0,0,0,101,0,0,0,0,27145
168366,0,0,0,101,0,0,0,0,27209
168367,0,0,0,101,0,0,0,0,27210
168368,0,0,0,101,0,0,0,0,27211
168369,0,0,0,101,0,0,0,0,27212
168370,0,0,0,100,0,0,40,0,27280
168371,0,5,0,101,0,0,0,0,27281
168372,0,0,0,101,0,0,0,0,27282
168381,0,0,0,101,0,0,0,0,27495
168382,0,0,0,101,0,0,0,0,27496
168383,0,0,0,101,0,0,0,0,27497
168384,0,0,0,101,0,0,0,0,27984
168385,0,0,0,101,0,0,0,0,27985
168386,0,0,0,101,0,0,0,0,27996
168387,0,0,50000,15,0,0,81920,0,27997
168388,0,0,0,101,0,0,0,0,28101
168389,0,0,0,101,0,0,0,0,28102
168390,0,0,0,101,0,0,0,0,28103
168391,0,0,0,101,0,0,0,0,28104
168392,0,0,0,101,0,0,0,0,28105
168393,0,0,0,101,0,0,0,0,25241
168394,0,0,0,101,0,0,0,0,25242
168397,0,0,0,101,0,0,0,0,25245
168399,0,0,0,101,0,0,0,0,25387
168401,0,0,0,101,0,0,0,0,25389
168404,0,0,0,101,0,0,0,0,25488
168405,0,0,0,101,0,0,0,0,25489
168406,0,0,0,101,0,0,0,0,25490
168408,0,0,0,101,0,0,0,0,25581
168409,0,0,0,101,0,0,0,0,25582
168410,0,0,0,100,2,0,4,0,25583
168411,0,0,0,100,2,0,4,0,25584
168412,0,0,0,101,0,0,0,0,26600
168413,0,0,0,100,0,0,20,0,26605
168414,0,0,0,101,0,0,0,0,26606
168415,0,0,0,101,0,0,0,0,26609
168421,0,0,0,101,0,0,0,0,26907
168422,0,0,0,101,0,0,0,0,26908
168423,0,0,0,101,0,0,0,0,26909
168424,0,0,0,101,0,0,0,0,26910
168425,0,0,0,101,0,0,0,0,26911
168426,0,0,0,101,0,0,0,0,26912
168428,0,0,0,101,0,0,0,0,26993
168430,0,0,0,101,0,0,0,0,26995
168431,0,0,0,101,0,0,0,0,27065
168432,0,0,0,101,0,0,0,0,27066
168433,0,0,0,101,0,0,0,0,27067
168434,0,0,0,101,0,0,0,0,27147
168435,0,0,0,101,0,0,0,0,27148
168437,0,0,0,101,0,0,0,0,27213
168438,0,0,0,101,0,0,0,0,27214
168439,0,0,0,101,0,0,0,0,27215
168440,0,0,0,101,0,0,0,0,27216
168441,0,0,0,101,0,0,0,0,27283
168442,0,0,0,101,0,0,0,0,27285
168453,0,0,0,101,0,0,0,0,27500
168454,0,0,0,101,0,0,0,0,27576
168455,0,0,0,101,0,0,0,0,27599
168456,0,0,0,101,0,0,0,0,27898
168457,0,0,0,101,0,0,0,0,28002
168458,0,0,0,101,0,0,0,0,28003
168459,0,0,0,101,0,0,0,0,28004
168460,0,0,0,101,0,0,0,0,28005
168461,0,0,0,101,0,0,0,0,28106
168468,0,0,0,101,0,0,0,0,25246
168478,0,0,0,101,0,0,0,0,25493
168480,0,0,0,101,0,0,0,0,25498
168482,0,0,0,101,0,0,0,0,25585
168483,0,0,0,101,0,0,0,0,25587
168485,0,0,0,101,0,0,0,0,26610
168486,0,0,0,100,0,0,20,0,26612
168487,0,0,0,100,0,0,340,0,26614
168488,0,0,0,101,0,0,0,0,26660
168494,0,0,0,101,0,0,0,0,26914
168495,0,0,0,101,0,0,0,0,26915
168496,0,0,0,101,0,0,0,0,26916
168497,0,0,0,101,0,0,0,0,26996
168498,0,0,0,101,0,0,0,0,26997
168499,0,0,0,101,0,0,0,0,26998
168500,0,0,0,101,0,0,0,0,26999
168501,0,0,0,100,0,0,1048576,0,27068
168502,0,0,0,101,0,0,0,0,27069
168503,0,0,0,101,0,0,0,0,27070
168507,0,0,0,0,1,0,2,0,27217
168508,0,0,0,101,0,0,0,0,27218
168509,0,0,0,101,0,0,0,0,27219
168523,0,0,0,101,0,0,0,0,27899
168524,0,0,0,101,0,0,0,0,27905
168525,0,0,0,101,0,0,0,0,27906
168526,0,0,0,101,0,0,0,0,27907
168527,0,0,0,101,0,0,0,0,28013
168528,0,0,0,101,0,0,0,0,28014
168529,0,0,0,101,0,0,0,0,28015
168530,0,0,0,101,0,0,0,0,28016
168532,0,0,0,101,0,0,0,0,28170
168533,0,0,0,101,0,0,0,0,28172
168535,0,0,0,101,0,0,0,0,25251
168536,0,0,0,100,5,0,20,0,25252
168537,0,0,0,101,0,0,0,0,25253
168538,0,0,0,101,0,0,0,0,25255
168545,0,0,0,101,0,0,0,0,25500
168546,0,0,0,101,0,0,0,0,25501
168548,0,0,0,101,0,0,0,0,25504
168550,0,0,0,101,0,0,0,0,25590
168552,0,0,0,101,0,0,0,0,25596
168554,0,0,0,101,0,0,0,0,26661
168555,0,0,0,101,0,0,0,0,26669
168561,0,0,0,101,0,0,0,0,26918
168562,0,0,0,101,0,0,0,0,26920
168564,0,0,0,40,0,0,20,0,27000
168565,0,0,0,101,0,0,0,0,27001
168566,0,0,0,101,0,0,0,0,27002
168567,0,0,0,101,0,0,0,0,27003
168568,0,0,0,101,0,0,0,0,27071
168569,0,0,0,101,0,0,0,0,27072
168570,0,0,0,101,0,0,0,0,27073
168571,0,0,0,101,0,0,0,0,27074
168573,0,0,0,101,0,0,0,0,27154
168575,0,0,0,101,0,0,0,0,27221
168576,0,0,0,101,0,0,0,0,27222
168590,0,0,0,101,0,0,0,0,27908
168593,0,0,0,101,0,0,0,0,27911
168594,0,0,0,101,0,0,0,0,27912
168595,0,0,0,101,0,0,0,0,28017
168596,0,0,0,101,0,0,0,0,28019
168597,0,0,0,101,0,0,0,0,28021
168598,0,0,0,101,0,0,0,0,28022
168599,0,0,0,101,0,0,0,0,28027
168600,0,0,0,101,0,0,0,0,28176
168603,0,0,0,101,0,0,0,0,25258
168610,0,0,0,101,0,0,0,0,25429
168612,0,0,0,101,0,0,0,0,25505
168613,0,0,0,101,0,0,0,0,25506
168614,0,0,0,101,0,0,0,0,25507
168615,0,0,0,101,0,0,0,0,25508
168617,0,0,0,101,0,0,0,0,25602
168618,0,0,0,101,0,0,0,0,25603
168619,0,0,0,101,0,0,0,0,25606
168621,0,0,0,101,0,0,0,0,26688
168622,0,0,0,101,0,0,0,0,26692
168627,0,0,0,101,0,0,0,0,26925
168628,0,0,0,101,0,0,0,0,26926
168629,0,0,0,101,0,0,0,0,26927
168630,0,0,0,101,0,0,0,0,26928
168633,0,0,0,101,0,0,0,0,27004
168634,0,0,0,101,0,0,0,0,27005
168635,0,0,0,101,0,0,0,0,27006
168636,0,0,0,101,0,0,0,0,27007
168637,0,0,0,101,0,0,0,0,27075
168640,0,0,0,101,0,0,0,0,27078
168641,0,0,0,101,0,0,0,0,27079
168642,0,0,0,100,0,0,4,0,27155
168643,0,0,0,101,0,0,0,0,27156
168645,0,0,0,101,0,0,0,0,27224
168646,0,0,0,101,0,0,0,0,27226
168661,0,0,0,101,0,0,0,0,27913
168662,0,0,0,101,0,0,0,0,27914
168663,0,0,0,101,0,0,0,0,27916
168664,0,0,0,101,0,0,0,0,27917
168665,0,0,0,101,0,0,0,0,28028
168666,0,0,0,101,0,0,0,0,28029
168667,0,0,0,101,0,0,0,0,28030
168671,0,0,0,101,0,0,0,0,28189
168675,0,0,0,101,0,0,0,0,28226
168676,0,0,0,101,0,0,0,0,25266
168679,0,0,0,101,0,0,0,0,25269
168681,0,0,0,100,20,0,680,0,25431
168685,0,0,0,101,0,0,0,0,25509
168688,0,0,0,101,0,0,0,0,25512
168689,0,0,0,50,0,0,1048576,0,25513
168690,0,0,0,101,0,0,0,0,25607
168691,0,0,0,101,0,0,0,0,25608
168693,0,0,0,101,0,0,0,0,25610
168695,0,0,0,101,0,0,0,0,26742
168696,0,0,0,101,0,0,0,0,26745
168697,0,0,0,101,0,0,0,0,26746
168698,0,0,0,101,0,0,0,0,26747
168699,0,0,0,101,0,0,0,0,26749
168701,0,0,0,101,0,0,0,0,26839
168711,0,0,0,101,0,0,0,0,27008
168712,0,0,0,35,1,0,40,0,27009
168713,0,0,0,101,0,0,0,0,27080
168715,0,0,0,101,0,0,0,0,27082
168720,0,0,0,101,0,0,0,0,27228
168721,0,0,0,101,0,0,0,0,27229
168736,0,0,0,101,0,0,0,0,27918
168737,0,0,0,101,0,0,0,0,27920
168743,0,0,0,101,0,0,0,0,24817
168744,0,0,0,101,0,0,0,0,24824
168745,0,0,0,101,0,0,0,0,24825
168752,0,0,0,101,0,0,0,0,25435
168754,0,0,0,101,0,0,0,0,25437
168756,0,0,0,101,0,0,0,0,25439
168757,0,0,0,101,0,0,0,0,25525
168759,0,0,0,101,0,0,0,0,25527
168760,0,0,0,101,0,0,0,0,25528
168762,0,0,0,101,0,0,0,0,25612
168763,0,0,0,101,0,0,0,0,25613
168764,0,0,0,101,0,0,0,0,25614
168765,0,0,0,101,0,0,0,0,25615
168767,0,0,0,101,0,0,0,0,26750
168768,0,0,0,101,0,0,0,0,26751
168769,0,0,0,101,0,0,0,0,26752
168770,0,0,0,101,0,0,0,0,26753
168771,0,0,0,101,0,0,0,0,26754
168772,0,0,0,101,0,0,0,0,26755
168785,0,0,0,100,0,0,-2146819416,0,27010
168786,0,0,0,101,0,0,0,0,27011
168787,0,0,0,101,0,0,0,0,27012
168789,0,0,0,101,0,0,0,0,27086
168790,0,0,0,101,0,0,0,0,27087
168791,0,0,0,100,0,0,20,0,27160
168793,0,0,0,50,0,0,40,0,27162
168794,0,0,0,101,0,0,0,0,27230
168798,0,0,0,101,0,0,0,0,27235
168812,0,0,0,101,0,0,0,0,27924
168814,0,0,0,101,0,0,0,0,27926
168819,0,0,0,101,0,0,0,0,24829
168821,0,0,0,101,0,0,0,0,25046
168824,0,0,0,101,0,0,0,0,25278
168825,0,0,0,101,0,0,0,0,25280
168827,0,0,0,101,0,0,0,0,25283
168828,0,0,0,101,0,0,0,0,25284
168829,0,0,0,101,0,0,0,0,25440
168830,0,0,0,100,0,0,131072,0,25441
168831,0,0,0,101,0,0,0,0,25442
168834,0,0,0,101,0,0,0,0,25530
168839,0,0,0,101,0,0,0,0,25617
168840,0,0,0,101,0,0,0,0,25618
168841,0,0,0,101,0,0,0,0,25619
168842,0,0,0,101,0,0,0,0,25620
168843,0,0,0,101,0,0,0,0,25621
168844,0,0,0,101,0,0,0,0,25622
168845,0,0,0,101,0,0,0,0,26756
168846,0,0,0,101,0,0,0,0,26757
168847,0,0,0,101,0,0,0,0,26758
168848,0,0,0,101,0,0,0,0,26759
168849,0,0,0,101,0,0,0,0,26760
168850,0,0,0,101,0,0,0,0,26761
168862,0,0,0,101,0,0,0,0,27013
168863,0,0,0,101,0,0,0,0,27014
168864,0,0,0,101,0,0,0,0,27015
168865,0,0,0,100,0,0,-2146819416,0,27088
168866,0,0,0,101,0,0,0,0,27089
168867,0,0,0,101,0,0,0,0,27090
168870,0,0,0,50,0,0,139944,0,27164
168872,0,0,0,101,0,0,0,0,27236
168873,0,0,0,101,0,0,0,0,27237
168886,0,0,0,101,0,0,0,0,27441
168888,0,0,0,101,0,0,0,0,27927
168889,0,0,0,101,0,0,0,0,27940
168890,0,0,0,101,0,0,0,0,27941
168891,0,0,0,101,0,0,0,0,27942
168892,0,0,0,101,0,0,0,0,27943
168896,0,0,0,101,0,0,0,0,25048
168897,0,0,0,101,0,0,0,0,25140
168898,0,0,0,101,0,0,0,0,25143
168903,0,0,0,101,0,0,0,0,25287
168906,0,0,0,101,0,0,0,0,25305
168910,0,0,0,101,0,0,0,0,25446
168912,0,0,0,101,0,0,0,0,25448
168913,0,0,0,101,0,0,0,0,25535
168914,0,0,0,101,0,0,0,0,25537
168915,0,0,0,101,0,0,0,0,25538
168916,0,0,0,101,0,0,0,0,25539
168923,0,0,0,101,0,0,0,0,26762
168924,0,0,0,101,0,0,0,0,26763
168925,0,0,0,101,0,0,0,0,26764
168926,0,0,0,101,0,0,0,0,26765
168927,0,0,0,101,0,0,0,0,26770
168928,0,0,0,101,0,0,0,0,26771
168934,0,0,0,101,0,0,0,0,26861
168939,0,0,0,101,0,0,0,0,27016
168941,0,0,0,101,0,0,0,0,27018
168942,0,0,0,101,0,0,0,0,27094
168943,0,0,0,101,0,0,0,0,27095
168944,0,0,0,101,0,0,0,0,27096
168945,0,0,0,101,0,0,0,0,27097
168946,0,0,0,100,0,0,20,0,27166
168948,0,0,0,101,0,0,0,0,27240
168949,0,0,0,100,0,0,-2146819416,0,27243
168962,0,0,0,101,0,0,0,0,27448
168963,0,0,0,101,0,0,0,0,27944
168964,0,0,0,101,0,0,0,0,27945
168965,0,0,0,101,0,0,0,0,27946
168966,0,0,0,101,0,0,0,0,27947
168971,0,0,0,101,0,0,0,0,25179
168972,0,0,0,101,0,0,0,0,25202
168973,0,0,0,101,0,0,0,0,25203
168978,0,0,0,101,0,0,0,0,25317
168979,0,0,0,101,0,0,0,0,25318
168981,0,0,0,101,0,0,0,0,25449
168986,0,0,0,101,0,0,0,0,25540
168988,0,0,0,101,0,0,0,0,25544
168990,0,0,0,101,0,0,0,0,25546
168996,0,0,0,101,0,0,0,0,26772
168997,0,0,0,101,0,0,0,0,26773
168998,0,0,0,101,0,0,0,0,26774
168999,0,0,0,101,0,0,0,0,26775
169000,0,0,0,101,0,0,0,0,26776
169001,0,0,0,101,0,0,0,0,26777
169002,0,0,0,101,0,0,0,0,26862
169003,0,0,0,101,0,0,0,0,26863
169004,0,0,0,100,10,0,139944,0,26864
169011,0,0,0,101,0,0,0,0,27020
169012,0,0,0,101,0,0,0,0,27021
169013,0,0,0,101,0,0,0,0,27022
169014,0,0,0,101,0,0,0,0,27099
169015,0,0,0,101,0,0,0,0,27101
169016,0,0,0,101,0,0,0,0,27103
169017,0,0,0,100,0,0,40,0,27168
169018,0,0,0,101,0,0,0,0,27250
169020,0,0,0,101,0,0,0,0,27252
169021,0,0,0,101,0,0,0,0,27253
169023,0,0,0,101,0,0,0,0,27346
169024,0,0,0,101,0,0,0,0,27347
169025,0,0,0,101,0,0,0,0,27348
169026,0,0,0,101,0,0,0,0,27349
169033,0,0,0,101,0,0,0,0,27948
169034,0,0,0,101,0,0,0,0,27949
169035,0,0,0,101,0,0,0,0,27950
169036,0,0,0,101,0,0,0,0,27951
169041,0,0,0,101,0,0,0,0,25207
169042,0,0,0,101,0,0,0,0,25208
169045,0,0,0,101,0,0,0,0,25320
169046,0,0,0,101,0,0,0,0,25321
169047,0,0,0,101,0,0,0,0,25323
169051,0,0,0,101,0,0,0,0,25454
169054,0,0,0,101,0,0,0,0,25457
169055,0,0,0,101,0,0,0,0,25547
169058,0,0,0,101,0,0,0,0,25550
169059,0,0,0,101,0,0,0,0,25551
169065,0,0,0,101,0,0,0,0,26778
169066,0,0,0,101,0,0,0,0,26779
169067,0,0,0,101,0,0,0,0,26780
169068,0,0,0,101,0,0,0,0,26781
169069,0,0,0,101,0,0,0,0,26782
169070,0,0,0,101,0,0,0,0,26783
169071,0,0,0,101,0,0,0,0,26784
169072,0,0,0,101,0,0,0,0,26865
169073,0,0,0,101,0,0,0,0,26866
169078,0,0,0,101,0,0,0,0,27023
169079,0,0,0,101,0,0,0,0,27024
169080,0,0,0,101,0,0,0,0,27025
169081,0,0,0,100,0,0,40,0,27124
169084,0,0,0,100,0,0,40,0,27169
169085,0,0,0,101,0,0,0,0,27256
169086,0,0,0,101,0,0,0,0,27259
169088,0,0,0,101,0,0,0,0,27350
169089,0,0,0,101,0,0,0,0,27351
169090,0,0,0,101,0,0,0,0,27352
169091,0,0,0,101,0,0,0,0,27353
169099,0,0,0,101,0,0,0,0,27952
169100,0,0,0,101,0,0,0,0,27953
169101,0,0,0,101,0,0,0,0,27954
169102,0,0,0,101,0,0,0,0,27955
169103,0,0,0,101,0,0,0,0,27956
169107,0,0,0,101,0,0,0,0,25211
169112,0,0,0,101,0,0,0,0,25329
169114,0,0,0,101,0,0,0,0,25331
169118,0,0,0,101,0,0,0,0,25460
169119,0,0,0,100,1,0,40,0,25461
169121,0,0,0,101,0,0,0,0,25552
169123,0,0,0,101,0,0,0,0,25554
169124,0,0,0,101,0,0,0,0,25555
169125,0,0,0,101,0,0,0,0,25556
169126,0,0,0,101,0,0,0,0,25641
169128,0,0,0,101,0,0,0,0,25649
169129,0,0,0,101,0,0,0,0,25650
169130,0,0,0,101,0,0,0,0,25652
169132,0,0,0,20,0,0,0,0,26785
169133,0,0,0,101,0,0,0,0,26786
169135,0,0,0,101,0,0,0,0,26867
169136,0,0,0,101,0,0,0,0,26872
169137,0,0,0,101,0,0,0,0,26873
169138,0,0,0,101,0,0,0,0,26874
169143,0,0,0,101,0,0,0,0,27026
169144,0,0,0,101,0,0,0,0,27028
169145,0,0,0,101,0,0,0,0,27029
169146,0,0,0,101,0,0,0,0,27030
169148,0,0,0,101,0,0,0,0,27128
169150,0,0,0,101,0,0,0,0,27130
169151,0,0,1000,100,0,0,4,0,27170
169153,0,0,0,100,0,0,0,0,27172
169155,0,0,0,101,0,0,0,0,27263
169156,0,0,0,101,0,0,0,0,27264
169157,0,0,0,101,0,0,0,0,27265
169158,0,0,0,101,0,0,0,0,27354
169169,0,0,0,101,0,0,0,0,27957
169170,0,0,0,101,0,0,0,0,27958
169171,0,0,0,101,0,0,0,0,27959
169172,0,0,0,101,0,0,0,0,27960
169173,0,0,0,101,0,0,0,0,30358
169179,0,0,0,101,0,0,0,0,30430
169180,0,0,0,101,0,0,0,0,30431
169182,0,0,0,101,0,0,0,0,30433
169183,0,0,0,101,0,0,0,0,30434
169184,0,0,0,101,0,0,0,0,30435
169186,0,0,0,101,0,0,0,0,28499
169187,0,0,0,101,0,0,0,0,28500
169189,0,0,0,101,0,0,0,0,28603
169190,0,0,0,101,0,0,0,0,28604
169191,0,0,0,101,0,0,0,0,28606
169192,0,0,0,101,0,0,0,0,28607
169194,0,0,0,101,0,0,0,0,28624
169195,0,0,0,101,0,0,0,0,28729
169196,0,0,0,101,0,0,0,0,28730
169197,0,0,0,101,0,0,0,0,28731
169198,0,0,0,101,0,0,0,0,28733
169199,0,0,0,101,0,0,0,0,29044
169200,0,0,0,101,0,0,0,0,29045
169202,0,0,0,101,0,0,0,0,29047
169203,0,0,0,101,0,0,0,0,29049
169205,0,0,0,101,0,0,0,0,29356
169206,0,0,0,101,0,0,0,0,29358
169207,0,0,0,101,0,0,0,0,29359
169208,0,0,0,101,0,0,0,0,29360
169209,0,0,0,101,0,0,0,0,29504
169210,0,0,0,101,0,0,0,0,29505
169211,0,0,0,101,0,0,0,0,29507
169212,0,0,0,101,0,0,0,0,29511
169214,0,0,0,101,0,0,0,0,29598
169215,0,0,0,101,0,0,0,0,29599
169216,0,0,0,101,0,0,0,0,29600
169217,0,0,0,101,0,0,0,0,29707
169219,0,0,0,101,0,0,0,0,29711
169220,0,0,0,101,0,0,0,0,29712
169223,0,0,0,101,0,0,0,0,29787
169224,0,0,1000,100,0,0,40,0,29788
169225,0,0,0,101,0,0,0,0,29872
169227,0,0,0,101,0,0,0,0,29876
169231,0,0,0,101,0,0,0,0,29962
169234,0,0,0,100,0,0,87376,0,30049
169235,0,0,0,101,0,0,0,0,30050
169236,0,0,0,100,0,0,87376,0,30051
169237,0,0,0,100,0,0,87376,0,30052
169238,0,0,0,101,0,0,0,0,30180
169240,0,0,0,101,0,0,0,0,30184
169244,0,0,0,101,0,0,0,0,30280
169245,0,0,0,101,0,0,0,0,30282
169246,0,0,0,101,0,0,0,0,30283
169260,0,0,0,101,0,0,0,0,28504
169261,0,0,0,101,0,0,0,0,28506
169263,0,0,0,101,0,0,0,0,28630
169267,0,3,0,101,0,0,0,0,28734
169268,0,0,0,101,0,0,0,0,28822
169269,0,0,0,101,0,0,0,0,28828
169273,0,0,0,101,0,0,0,0,29054
169274,0,0,0,101,0,0,0,0,29058
169275,0,0,0,101,0,0,0,0,29066
169276,0,0,0,101,0,0,0,0,29067
169277,0,0,0,101,0,0,0,0,29361
169278,0,0,0,101,0,0,0,0,29362
169279,0,0,0,8,0,0,20,0,29363
169280,0,0,0,101,0,0,0,0,29364
169281,0,0,0,101,0,0,0,0,29512
169282,0,0,0,101,0,0,0,0,29513
169283,0,0,0,101,0,0,0,0,29514
169284,0,0,0,100,0,0,87376,0,29601
169285,0,0,0,101,0,0,0,0,29603
169286,0,0,0,101,0,0,0,0,29605
169287,0,0,0,101,0,0,0,0,29606
169288,0,0,0,101,0,0,0,0,29608
169290,0,0,0,101,0,0,0,0,29714
169291,0,5,0,101,0,0,0,0,29716
169292,0,0,0,101,0,0,0,0,29717
169294,0,0,0,101,0,0,0,0,29790
169296,0,0,0,101,0,0,0,0,29792
169297,0,0,1000,100,0,0,-2146828288,0,29793
169298,0,0,0,101,0,0,0,0,29881
169299,0,0,0,101,0,0,0,0,29882
169300,0,0,0,101,0,0,0,0,29883
169301,0,0,0,101,0,0,0,0,29884
169303,0,0,0,101,0,0,0,0,29965
169304,0,0,0,101,0,0,0,0,29966
169305,0,0,0,101,0,0,0,0,29967
169307,0,0,0,101,0,0,0,0,30054
169308,0,0,0,101,0,0,0,0,30055
169309,0,0,0,101,0,0,0,0,30057
169310,0,0,0,101,0,0,0,0,30195
169312,0,0,0,101,0,0,0,0,30197
169314,0,0,0,101,0,0,0,0,30199
169315,0,0,0,101,0,0,0,0,30200
169316,0,0,0,101,0,0,0,0,30284
169317,0,0,0,101,0,0,0,0,30286
169319,0,0,0,101,0,0,0,0,30288
169320,0,0,0,101,0,0,0,0,30289
169330,0,0,0,101,0,0,0,0,30446
169331,0,0,0,101,0,0,0,0,30447
169332,0,0,0,101,0,0,0,0,28507
169333,0,0,0,101,0,0,0,0,28508
169335,0,0,0,101,0,0,0,0,28511
169341,0,0,0,101,0,0,0,0,28872
169342,0,0,0,101,0,0,0,0,28875
169343,0,0,0,101,0,0,0,0,28877
169344,0,0,0,101,0,0,0,0,28878
169345,0,0,0,101,0,0,0,0,29098
169346,0,0,0,101,0,0,0,0,29106
169347,0,0,0,101,0,0,0,0,29109
169348,0,0,0,101,0,0,0,0,29117
169355,0,0,0,101,0,0,0,0,29516
169356,0,0,0,101,0,0,0,0,29517
169357,0,0,0,101,0,0,0,0,29521
169358,0,0,0,101,0,0,0,0,29522
169359,0,0,0,101,0,0,0,0,29609
169360,0,0,0,101,0,0,0,0,29610
169361,0,0,0,101,0,0,0,0,29611
169362,0,0,0,101,0,0,0,0,29612
169363,0,0,0,101,0,0,0,0,29613
169364,0,0,0,100,0,0,40,0,29718
169365,0,0,0,101,0,0,0,0,29719
169366,0,0,0,101,0,0,0,0,29720
169367,0,0,0,101,0,0,0,0,29721
169368,0,0,1000,100,0,0,640,0,29794
169372,0,0,0,101,0,0,0,0,29885
169373,0,0,0,101,0,0,0,0,29886
169374,0,0,0,101,0,0,0,0,29888
169375,0,0,0,101,0,0,0,0,29889
169377,0,0,0,101,0,0,0,0,29968
169378,0,0,0,101,0,0,0,0,29969
169379,0,0,0,101,0,0,0,0,29970
169382,0,0,0,101,0,0,0,0,30060
169383,0,0,0,101,0,0,0,0,30061
169384,0,0,0,101,0,0,0,0,30062
169385,0,0,0,101,0,0,0,0,30201
169386,0,0,0,101,0,0,0,0,30202
169389,0,0,0,101,0,0,0,0,30205
169390,0,0,0,101,0,0,0,0,30206
169391,0,0,0,101,0,0,0,0,30290
169392,0,0,0,101,0,0,0,0,30291
169393,0,0,0,101,0,0,0,0,30292
169394,0,0,0,10,0,0,65536,0,30293
169399,0,0,0,101,0,0,0,0,30448
169400,0,0,0,101,0,0,0,0,30449
169402,0,0,0,101,0,0,0,0,30451
169403,0,0,0,101,0,0,0,0,28512
169404,0,0,0,101,0,0,0,0,28513
169406,0,0,0,101,0,0,0,0,28515
169413,0,0,0,101,0,0,0,0,28887
169414,0,0,0,101,0,0,0,0,28892
169415,0,0,0,101,0,0,0,0,28894
169416,0,0,10000,8,0,0,20,0,29118
169417,0,0,8000,16,0,0,20,0,29119
169418,0,0,0,101,0,0,0,0,29120
169419,0,0,0,101,0,0,0,0,29121
169420,0,0,0,101,0,0,0,0,29122
169421,0,0,0,101,0,0,0,0,29128
169425,0,0,0,101,0,0,0,0,29380
169426,0,0,0,101,0,0,0,0,29381
169428,0,0,0,101,0,0,0,0,29524
169429,0,0,0,101,0,0,0,0,29525
169430,0,0,0,101,0,0,0,0,29528
169431,0,0,0,101,0,0,0,0,29614
169432,0,0,0,101,0,0,0,0,29615
169433,0,0,0,101,0,0,0,0,29616
169434,0,0,0,101,0,0,0,0,29617
169435,0,10,0,101,0,0,0,0,29618
169436,0,5,0,100,1,0,0,0,29722
169437,0,0,0,101,0,0,0,0,29723
169438,0,0,0,101,0,0,0,0,29724
169440,0,0,0,101,0,0,0,0,29799
169442,0,0,0,100,0,0,20,0,29801
169445,0,0,0,101,0,0,0,0,29893
169446,0,0,0,101,0,0,0,0,29973
169447,0,0,0,101,0,0,0,0,29975
169448,0,0,0,100,1,0,87376,0,29976
169449,0,0,0,101,0,0,0,0,30063
169450,0,0,0,101,0,0,0,0,30064
169451,0,0,0,101,0,0,0,0,30065
169452,0,0,0,101,0,0,0,0,30066
169453,0,0,0,101,0,0,0,0,30207
169454,0,0,0,101,0,0,0,0,30208
169455,0,0,0,101,0,0,0,0,30209
169456,0,0,0,101,0,0,0,0,30210
169457,0,0,0,101,0,0,0,0,30212
169458,0,0,0,101,0,0,0,0,30294
169459,0,0,0,20,0,0,65536,0,30295
169460,0,0,0,30,0,0,65536,0,30296
169461,0,0,0,101,0,0,0,0,30298
169465,0,0,0,101,0,0,0,0,30383
169467,0,0,0,101,0,0,0,0,30452
169470,0,0,0,101,0,0,0,0,30455
169471,0,0,0,101,0,0,0,0,30456
169472,0,0,0,101,0,0,0,0,28516
169473,0,0,0,101,0,0,0,0,28517
169479,0,0,0,101,0,0,0,0,28895
169480,0,0,0,101,0,0,0,0,28896
169481,0,0,0,101,0,0,0,0,28897
169482,0,0,0,101,0,0,0,0,28899
169483,0,0,0,101,0,0,0,0,28900
169484,0,0,0,101,0,0,0,0,29129
169486,0,0,0,101,0,0,0,0,29147
169487,0,0,0,101,0,0,0,0,29148
169490,0,0,0,101,0,0,0,0,29383
169491,0,0,0,101,0,0,0,0,29384
169492,0,0,1000,100,0,0,4,0,29385
169494,0,0,0,101,0,0,0,0,29537
169495,0,0,0,101,0,0,0,0,29538
169496,0,0,0,101,0,0,0,0,29539
169497,0,0,0,101,0,0,0,0,29540
169498,0,0,0,101,0,0,0,0,29619
169499,0,0,0,101,0,0,0,0,29620
169500,0,0,0,101,0,0,0,0,29621
169501,0,0,0,101,0,0,0,0,29622
169502,0,0,0,101,0,0,0,0,29623
169503,0,0,0,101,0,0,0,0,29627
169504,0,0,0,101,0,0,0,0,29725
169505,0,0,0,101,0,0,0,0,29728
169506,0,0,0,101,0,0,0,0,29729
169508,0,0,0,101,0,0,0,0,29731
169509,0,0,0,101,0,0,0,0,29802
169514,0,0,0,101,0,0,0,0,29896
169515,0,0,0,101,0,0,0,0,29900
169516,0,7,0,101,0,0,0,0,29901
169517,0,0,0,100,3,0,65536,0,29977
169519,0,0,0,101,0,0,0,0,29979
169520,0,0,0,101,0,0,0,0,29981
169523,0,0,0,101,0,0,0,0,30069
169524,0,0,0,101,0,0,0,0,30070
169527,0,0,0,101,0,0,0,0,30213
169528,0,0,0,101,0,0,0,0,30214
169529,0,0,0,100,2,0,1048576,0,30216
169530,0,0,0,100,2,0,1048576,0,30217
169531,0,0,0,10,0,0,131072,0,30299
169532,0,0,0,101,0,0,0,0,30300
169533,0,0,0,20,0,0,131072,0,30301
169538,0,0,0,101,0,0,0,0,30457
169540,0,0,0,101,0,0,0,0,30459
169541,0,0,0,101,0,0,0,0,30460
169549,0,0,0,101,0,0,0,0,28901
169550,0,0,0,101,0,0,0,0,28902
169551,0,0,0,101,0,0,0,0,28903
169552,0,0,0,101,0,0,0,0,28904
169553,0,0,0,101,0,0,0,0,28905
169554,0,0,0,101,0,0,0,0,28906
169555,0,0,0,101,0,0,0,0,29152
169556,0,0,0,101,0,0,0,0,29157
169557,0,0,0,101,0,0,0,0,29158
169558,0,0,0,101,0,0,0,0,29170
169560,0,0,0,101,0,0,0,0,29390
169561,0,0,0,101,0,0,0,0,29395
169564,0,0,0,101,0,0,0,0,29541
169565,0,0,0,101,0,0,0,0,29542
169566,0,0,0,101,0,0,0,0,29543
169567,0,0,0,101,0,0,0,0,29545
169568,0,0,0,101,0,0,0,0,29628
169569,0,0,0,101,0,0,0,0,29629
169570,0,0,0,101,0,0,0,0,29630
169571,0,0,0,101,0,0,0,0,29642
169572,0,0,0,101,0,0,0,0,29643
169573,0,0,0,101,0,0,0,0,29645
169574,0,0,0,101,0,0,0,0,29648
169587,0,0,0,101,0,0,0,0,29904
169588,0,0,0,101,0,0,0,0,29905
169589,0,0,0,101,0,0,0,0,29906
169590,0,0,0,101,0,0,0,0,29982
169591,0,15,0,101,0,0,0,0,29983
169595,0,0,0,101,0,0,0,0,30077
169598,0,0,0,101,0,0,0,0,30218
169599,0,0,0,101,0,0,0,0,30219
169600,0,0,0,101,0,0,0,0,30220
169601,0,0,0,101,0,0,0,0,30221
169602,0,0,0,101,0,0,0,0,30222
169603,0,0,0,30,0,0,131072,0,30302
169604,0,0,0,101,0,0,0,0,30303
169605,0,0,0,101,0,0,0,0,30304
169606,0,0,0,101,0,0,0,0,30305
169607,0,0,0,101,0,0,0,0,30306
169608,0,0,0,101,0,0,0,0,30307
169614,0,0,0,100,2,0,1048576,0,30461
169615,0,0,0,101,0,0,0,0,30462
169616,0,0,0,101,0,0,0,0,30463
169617,0,0,0,101,0,0,0,0,30464
169618,0,0,0,101,0,0,0,0,30465
169619,0,0,0,101,0,0,0,0,28527
169620,0,0,0,101,0,0,0,0,28528
169621,0,0,0,101,0,0,0,0,28536
169622,0,0,0,101,0,0,0,0,28537
169623,0,0,0,101,0,0,0,0,28538
169628,0,0,0,101,0,0,0,0,28907
169629,0,0,0,101,0,0,0,0,28910
169630,0,0,0,101,0,0,0,0,28912
169631,0,0,0,101,0,0,0,0,28914
169632,0,0,0,101,0,0,0,0,28915
169633,0,0,0,101,0,0,0,0,28916
169634,0,0,0,101,0,0,0,0,29176
169636,0,0,0,101,0,0,0,0,29251
169638,0,0,0,101,0,0,0,0,29271
169640,0,0,0,101,0,0,0,0,29405
169641,0,0,0,101,0,0,0,0,29406
169642,0,0,0,101,0,0,0,0,29546
169643,0,0,0,101,0,0,0,0,29547
169644,0,0,0,101,0,0,0,0,29548
169645,0,0,0,101,0,0,0,0,29549
169646,0,0,0,101,0,0,0,0,29550
169647,0,0,0,101,0,0,0,0,29551
169648,0,0,0,101,0,0,0,0,29649
169649,0,0,0,101,0,0,0,0,29650
169650,0,0,0,101,0,0,0,0,29651
169651,0,0,0,101,0,0,0,0,29652
169652,0,0,0,101,0,0,0,0,29654
169661,0,0,0,101,0,0,0,0,29815
169663,0,0,0,101,0,0,0,0,29907
169664,0,0,0,100,0,0,20,0,29908
169665,0,0,0,101,0,0,0,0,29909
169668,0,0,0,101,0,0,0,0,29989
169669,0,0,0,101,0,0,0,0,29990
169670,0,0,0,101,0,0,0,0,30085
169671,0,0,0,101,0,0,0,0,30086
169672,0,0,0,101,0,0,0,0,30087
169673,0,0,0,101,0,0,0,0,30223
169674,0,0,0,101,0,0,0,0,30224
169675,0,0,0,101,0,0,0,0,30226
169676,0,0,0,101,0,0,0,0,30230
169677,0,0,0,101,0,0,0,0,30308
169678,0,0,0,101,0,0,0,0,30309
169679,0,0,0,101,0,0,0,0,30310
169680,0,0,0,101,0,0,0,0,30311
169681,0,0,0,101,0,0,0,0,30312
169682,0,0,0,101,0,0,0,0,30313
169684,0,0,0,101,0,0,0,0,30395
169686,0,0,0,101,0,0,0,0,30397
169687,0,0,0,101,0,0,0,0,30398
169688,0,99,0,101,0,0,0,0,30466
169689,0,99,0,101,0,0,0,0,30467
169690,0,99,0,101,0,0,0,0,30468
169691,0,0,0,101,0,0,0,0,30469
169693,0,0,0,101,0,0,0,0,28543
169694,0,0,0,101,0,0,0,0,28544
169695,0,0,0,101,0,0,0,0,28545
169696,0,0,0,101,0,0,0,0,28546
169701,0,0,0,101,0,0,0,0,28917
169702,0,0,0,101,0,0,0,0,28918
169703,0,0,0,101,0,0,0,0,28924
169704,0,0,0,101,0,0,0,0,28925
169705,0,0,0,101,0,0,0,0,28927
169706,0,0,0,101,0,0,0,0,28933
169708,0,0,0,101,0,0,0,0,29276
169709,0,0,0,101,0,0,0,0,29277
169710,0,0,0,101,0,0,0,0,29278
169711,0,0,0,101,0,0,0,0,29279
169712,0,0,0,101,0,0,0,0,29408
169714,0,0,0,101,0,0,0,0,29425
169715,0,0,0,101,0,0,0,0,29426
169716,0,0,0,101,0,0,0,0,29552
169717,0,0,0,101,0,0,0,0,29553
169718,0,0,0,101,0,0,0,0,29555
169719,0,0,0,101,0,0,0,0,29556
169720,0,0,0,101,0,0,0,0,29557
169721,0,0,0,101,0,0,0,0,29656
169722,0,0,0,101,0,0,0,0,29657
169723,0,0,0,101,0,0,0,0,29658
169724,0,0,0,101,0,0,0,0,29661
169725,0,0,0,101,0,0,0,0,29662
169726,0,0,0,101,0,0,0,0,29663
169736,0,0,0,101,0,0,0,0,29911
169740,0,0,0,101,0,0,0,0,29916
169741,0,0,0,100,0,0,-2146819416,0,29991
169742,0,0,0,101,0,0,0,0,29992
169746,0,0,0,101,0,0,0,0,30098
169748,0,0,0,101,0,0,0,0,30100
169750,0,0,0,101,0,0,0,0,30231
169751,0,0,0,101,0,0,0,0,30232
169752,0,0,0,101,0,0,0,0,30234
169753,0,0,0,101,0,0,0,0,30235
169755,0,0,0,101,0,0,0,0,30314
169756,0,0,0,101,0,0,0,0,30315
169757,0,0,0,101,0,0,0,0,30316
169758,0,0,0,101,0,0,0,0,30317
169759,0,0,0,101,0,0,0,0,30318
169760,0,0,0,101,0,0,0,0,30400
169761,0,0,0,101,0,0,0,0,30401
169762,0,0,0,101,0,0,0,0,30402
169763,0,0,0,100,0,0,20,0,30403
169764,0,0,0,101,0,0,0,0,30470
169766,0,0,0,101,0,0,0,0,30472
169767,0,0,0,101,0,0,0,0,30473
169768,0,0,0,101,0,0,0,0,28548
169769,0,0,0,101,0,0,0,0,28549
169770,0,0,0,101,0,0,0,0,28550
169771,0,0,0,101,0,0,0,0,28551
169772,0,0,0,101,0,0,0,0,28552
169773,0,0,0,101,0,0,0,0,28553
169776,0,0,0,101,0,0,0,0,28664
169777,0,0,0,101,0,0,0,0,28665
169778,0,0,0,101,0,0,0,0,28666
169779,0,0,0,101,0,0,0,0,28936
169780,0,0,0,101,0,0,0,0,28938
169781,0,0,0,101,0,0,0,0,28944
169782,0,0,0,101,0,0,0,0,28947
169783,0,0,0,101,0,0,0,0,28948
169784,0,0,0,101,0,0,0,0,28950
169785,0,5,0,101,0,0,0,0,29290
169786,0,0,0,5,0,0,20,0,29291
169787,0,0,0,101,0,0,0,0,29292
169788,0,3,0,101,0,0,0,0,29293
169789,0,0,0,101,0,0,0,0,29427
169790,0,0,0,101,0,0,0,0,29428
169793,0,0,0,101,0,0,0,0,29435
169794,0,0,0,101,0,0,0,0,29558
169795,0,0,0,101,0,0,0,0,29560
169796,0,0,0,101,0,0,0,0,29561
169797,0,0,0,101,0,0,0,0,29562
169798,0,0,0,101,0,0,0,0,29563
169799,0,0,0,101,0,0,0,0,29664
169800,0,0,0,101,0,0,0,0,29665
169801,0,0,0,101,0,0,0,0,29666
169803,0,0,0,101,0,0,0,0,29668
169813,0,0,0,101,0,0,0,0,29917
169814,0,0,0,101,0,0,0,0,29918
169815,0,0,0,101,0,0,0,0,29919
169816,0,0,0,101,0,0,0,0,29920
169817,0,0,0,101,0,0,0,0,29921
169822,0,0,0,101,0,0,0,0,30006
169823,0,0,0,101,0,0,0,0,30103
169824,0,0,0,101,0,0,0,0,30104
169827,0,0,0,101,0,0,0,0,30107
169828,0,0,0,101,0,0,0,0,30237
169832,0,0,0,101,0,0,0,0,30242
169833,0,0,0,101,0,0,0,0,30319
169834,0,0,0,101,0,0,0,0,30320
169835,0,0,0,101,0,0,0,0,30321
169836,0,0,0,101,0,0,0,0,30404
169837,0,0,0,101,0,0,0,0,30405
169838,0,0,0,101,0,0,0,0,30406
169839,0,0,0,101,0,0,0,0,30474
169840,0,0,0,100,5,0,20,0,30475
169841,0,0,0,101,0,0,0,0,30476
169842,0,0,0,101,0,0,0,0,30477
169843,0,0,0,101,0,0,0,0,28554
169844,0,0,0,101,0,0,0,0,28555
169845,0,0,0,101,0,0,0,0,28556
169846,0,0,0,101,0,0,0,0,28557
169847,0,0,0,101,0,0,0,0,28558
169848,0,0,0,101,0,0,0,0,28562
169849,0,0,0,101,0,0,0,0,28667
169850,0,0,0,101,0,0,0,0,28668
169851,0,0,0,101,0,0,0,0,28669
169852,0,0,0,101,0,0,0,0,28672
169853,0,0,0,101,0,0,0,0,28674
169854,0,0,0,101,0,0,0,0,28953
169855,0,0,0,101,0,0,0,0,28955
169856,0,0,0,101,0,0,0,0,28957
169859,0,0,0,101,0,0,0,0,29297
169860,0,0,0,101,0,0,0,0,29298
169861,0,0,0,40,0,0,20,0,29299
169862,0,0,0,101,0,0,0,0,29300
169864,0,0,0,100,1,0,5136,0,29448
169865,0,0,0,101,0,0,0,0,29451
169866,0,0,0,101,0,0,0,0,29452
169867,0,0,0,101,0,0,0,0,29564
169868,0,0,0,101,0,0,0,0,29565
169869,0,0,0,101,0,0,0,0,29566
169870,0,0,0,101,0,0,0,0,29567
169871,0,0,0,101,0,0,0,0,29568
169872,0,0,0,101,0,0,0,0,29669
169873,0,0,0,101,0,0,0,0,29670
169874,0,0,0,101,0,0,0,0,29671
169875,0,0,0,101,0,0,0,0,29672
169876,0,0,0,101,0,0,0,0,29673
169881,0,0,0,101,0,0,0,0,29830
169882,0,0,0,101,0,0,0,0,29832
169883,0,0,0,101,0,0,0,0,29833
169884,0,0,0,101,0,0,0,0,29922
169885,0,0,0,101,0,0,0,0,29923
169886,0,0,0,101,0,0,0,0,29924
169887,0,0,0,101,0,0,0,0,30007
169888,0,15,0,101,0,0,0,0,30008
169889,0,0,0,101,0,0,0,0,30009
169890,0,0,0,101,0,0,0,0,30010
169891,0,0,0,101,0,0,0,0,30108
169892,0,0,0,101,0,0,0,0,30115
169893,0,0,0,101,0,0,0,0,30120
169894,0,0,0,101,0,0,0,0,30245
169895,0,0,0,101,0,0,0,0,30246
169896,0,0,0,101,0,0,0,0,30247
169897,0,0,0,101,0,0,0,0,30248
169900,0,0,0,101,0,0,0,0,30324
169901,0,0,0,101,0,0,0,0,30325
169902,0,0,0,101,0,0,0,0,30407
169903,0,0,0,101,0,0,0,0,30408
169905,0,0,0,101,0,0,0,0,28247
169906,0,0,0,101,0,0,0,0,28267
169908,0,0,0,101,0,0,0,0,28269
169909,0,0,0,101,0,0,0,0,28273
169910,0,0,0,101,0,0,0,0,28563
169911,0,0,0,101,0,0,0,0,28564
169912,0,0,0,101,0,0,0,0,28565
169913,0,0,0,101,0,0,0,0,28566
169914,0,0,0,101,0,0,0,0,28567
169915,0,0,0,101,0,0,0,0,28568
169916,0,0,0,101,0,0,0,0,28675
169917,0,0,0,101,0,0,0,0,28676
169918,0,0,0,101,0,0,0,0,28677
169919,0,0,0,101,0,0,0,0,28678
169920,0,0,0,101,0,0,0,0,28684
169921,0,0,0,101,0,0,0,0,28685
169927,0,0,0,101,0,0,0,0,29302
169928,0,0,0,101,0,0,0,0,29303
169930,0,0,0,101,0,0,0,0,29453
169931,0,0,0,101,0,0,0,0,29454
169932,0,0,0,100,0,0,40,0,29455
169933,0,0,0,101,0,0,0,0,29456
169934,0,0,0,101,0,0,0,0,29457
169935,0,0,0,101,0,0,0,0,29458
169936,0,0,0,101,0,0,0,0,29569
169937,0,0,0,101,0,0,0,0,29570
169938,0,0,0,101,0,0,0,0,29571
169939,0,0,0,101,0,0,0,0,29572
169940,0,0,0,101,0,0,0,0,29674
169941,0,0,0,101,0,0,0,0,29675
169943,0,0,0,101,0,0,0,0,29677
169946,0,0,0,101,0,0,0,0,29759
169947,0,0,0,101,0,0,0,0,29760
169948,0,0,0,100,0,0,174760,0,29834
169949,0,0,0,101,0,0,0,0,29836
169950,0,0,0,101,0,0,0,0,29837
169951,0,0,0,101,0,0,0,0,29925
169952,0,0,0,101,0,0,0,0,29926
169953,0,0,0,101,0,0,0,0,29927
169954,0,0,0,101,0,0,0,0,29928
169956,0,0,0,101,0,0,0,0,30013
169957,0,0,0,101,0,0,0,0,30014
169958,0,0,0,101,0,0,0,0,30015
169961,0,0,0,101,0,0,0,0,30127
169964,0,0,0,101,0,0,0,0,30249
169965,0,0,0,101,0,0,0,0,30250
169966,0,0,0,101,0,0,0,0,30251
169967,0,0,0,101,0,0,0,0,30252
169968,0,0,0,101,0,0,0,0,30253
169969,0,0,0,101,0,0,0,0,30326
169970,0,0,0,101,0,0,0,0,30327
169971,0,0,0,101,0,0,0,0,30328
169972,0,0,0,101,0,0,0,0,30329
169973,0,0,0,100,0,0,0,0,30410
169975,0,0,0,101,0,0,0,0,30412
169976,0,0,0,101,0,0,0,0,30413
169977,0,0,0,101,0,0,0,0,28274
169978,0,0,0,101,0,0,0,0,28275
169979,0,0,0,101,0,0,0,0,28276
169981,0,0,0,101,0,0,0,0,28569
169982,0,0,0,101,0,0,0,0,28570
169983,0,0,0,101,0,0,0,0,28571
169984,0,0,0,101,0,0,0,0,28572
169985,0,0,0,101,0,0,0,0,28573
169986,0,0,0,101,0,0,0,0,28689
169987,0,0,0,101,0,0,0,0,28690
169988,0,0,0,101,0,0,0,0,28691
169989,0,0,0,101,0,0,0,0,28692
169990,0,0,0,101,0,0,0,0,28694
169991,0,0,0,101,0,0,0,0,28695
169996,0,0,0,101,0,0,0,0,29308
169997,0,0,0,101,0,0,0,0,29309
169998,0,0,0,101,0,0,0,0,29311
169999,0,0,0,101,0,0,0,0,29312
170000,0,0,0,101,0,0,0,0,29314
170001,0,0,0,101,0,0,0,0,29459
170002,0,0,0,101,0,0,0,0,29460
170003,0,0,0,101,0,0,0,0,29461
170006,0,0,0,101,0,0,0,0,29573
170007,0,0,0,101,0,0,0,0,29574
170008,0,0,0,101,0,0,0,0,29575
170009,0,0,0,101,0,0,0,0,29576
170010,0,0,0,101,0,0,0,0,29679
170011,0,0,0,101,0,0,0,0,29680
170013,0,0,0,101,0,0,0,0,29684
170014,0,0,0,101,0,0,0,0,29761
170015,0,0,0,101,0,0,0,0,29762
170016,0,0,0,101,0,0,0,0,29763
170018,0,0,0,100,0,0,-2146784600,0,29838
170020,0,0,0,101,0,0,0,0,29840
170021,0,0,0,101,0,0,0,0,29841
170022,0,0,0,101,0,0,0,0,29930
170023,0,0,0,101,0,0,0,0,29932
170024,0,0,0,101,0,0,0,0,29933
170025,0,0,0,101,0,0,0,0,29935
170026,0,0,0,101,0,0,0,0,29938
170027,0,5,0,101,0,0,0,0,30016
170029,0,0,0,101,0,0,0,0,30019
170030,0,5,0,101,0,0,0,0,30022
170031,0,0,0,101,0,0,0,0,30130
170032,0,0,0,101,0,0,0,0,30131
170036,0,0,0,101,0,0,0,0,30254
170037,0,0,0,101,0,0,0,0,30255
170038,0,0,0,101,0,0,0,0,30256
170039,0,0,0,101,0,0,0,0,30257
170041,0,0,0,101,0,0,0,0,30332
170043,0,0,0,101,0,0,0,0,30334
170044,0,0,0,101,0,0,0,0,30414
170046,0,0,0,101,0,0,0,0,30416
170047,0,0,0,101,0,0,0,0,30417
170048,0,0,0,101,0,0,0,0,30418
170052,0,0,0,101,0,0,0,0,28303
170054,0,0,0,101,0,0,0,0,28575
170055,0,0,0,101,0,0,0,0,28576
170056,0,0,0,101,0,0,0,0,28577
170057,0,0,0,101,0,0,0,0,28578
170058,0,0,0,101,0,0,0,0,28579
170059,0,0,0,101,0,0,0,0,28580
170060,0,0,0,101,0,0,0,0,28696
170061,0,0,0,101,0,0,0,0,28698
170062,0,0,0,101,0,0,0,0,28700
170063,0,0,0,101,0,0,0,0,28702
170064,0,0,0,101,0,0,0,0,28703
170065,0,0,0,101,0,0,0,0,28704
170070,0,0,24000,100,0,0,131072,0,29315
170071,0,0,0,10,0,0,139400,0,29319
170072,0,0,0,101,0,0,0,0,29320
170073,0,0,0,101,0,0,0,0,29321
170074,0,0,0,101,0,0,0,0,29322
170076,0,0,0,101,0,0,0,0,29472
170077,0,0,0,101,0,0,0,0,29473
170078,0,0,0,101,0,0,0,0,29476
170079,0,0,0,101,0,0,0,0,29477
170080,0,0,0,101,0,0,0,0,29577
170081,0,0,0,101,0,0,0,0,29578
170082,0,0,0,101,0,0,0,0,29579
170083,0,0,0,101,0,0,0,0,29580
170084,0,0,0,101,0,0,0,0,29581
170085,0,0,0,101,0,0,0,0,29686
170087,0,0,0,101,0,0,0,0,29688
170089,0,0,0,101,0,0,0,0,29765
170090,0,0,0,101,0,0,0,0,29766
170092,0,0,0,101,0,0,0,0,29768
170093,0,0,0,101,0,0,0,0,29842
170095,0,0,0,101,0,0,0,0,29844
170096,0,0,0,101,0,0,0,0,29845
170098,0,0,0,101,0,0,0,0,29939
170099,0,0,0,101,0,0,0,0,29942
170103,0,0,0,101,0,0,0,0,30024
170107,0,0,0,101,0,0,0,0,30140
170108,0,0,0,101,0,0,0,0,30141
170110,0,0,0,101,0,0,0,0,30143
170111,0,0,0,101,0,0,0,0,30144
170112,0,0,0,101,0,0,0,0,30258
170114,0,0,0,101,0,0,0,0,30260
170115,0,0,0,101,0,0,0,0,30261
170116,0,0,0,101,0,0,0,0,30335
170117,0,0,0,101,0,0,0,0,30337
170118,0,0,0,100,5,0,20,0,30339
170119,0,0,0,101,0,0,0,0,30340
170120,0,0,0,101,0,0,0,0,30341
170121,0,0,0,101,0,0,0,0,30419
170123,0,99,0,101,0,0,0,0,30421
170124,0,0,0,101,0,0,0,0,28385
170126,0,0,0,101,0,0,0,0,28451
170127,0,0,0,101,0,0,0,0,28486
170128,0,0,0,101,0,0,0,0,28488
170129,0,0,0,101,0,0,0,0,28581
170130,0,0,0,101,0,0,0,0,28582
170131,0,0,0,101,0,0,0,0,28583
170132,0,0,0,101,0,0,0,0,28584
170133,0,0,0,101,0,0,0,0,28705
170134,0,0,0,101,0,0,0,0,28706
170135,0,0,0,101,0,0,0,0,28707
170136,0,0,0,101,0,0,0,0,28708
170137,0,0,0,101,0,0,0,0,28709
170138,0,0,0,101,0,0,0,0,28710
170143,0,10,0,101,0,0,0,0,29323
170144,0,10,0,101,0,0,0,0,29326
170146,0,0,0,101,0,0,0,0,29339
170147,0,0,0,100,1,0,139424,0,29479
170148,0,0,0,101,0,0,0,0,29485
170149,0,0,0,101,0,0,0,0,29486
170150,0,0,0,101,0,0,0,0,29487
170151,0,0,0,101,0,0,0,0,29488
170152,0,0,0,101,0,0,0,0,29582
170153,0,3,0,101,0,0,0,0,29583
170154,0,0,0,101,0,0,0,0,29584
170155,0,0,0,101,0,0,0,0,29585
170156,0,0,0,101,0,0,0,0,29690
170157,0,0,0,101,0,0,0,0,29691
170158,0,0,0,101,0,0,0,0,29692
170159,0,0,0,101,0,0,0,0,29693
170160,0,0,0,101,0,0,0,0,29694
170161,0,0,0,101,0,0,0,0,29695
170162,0,0,0,101,0,0,0,0,29769
170163,0,0,0,101,0,0,0,0,29770
170166,0,0,0,101,0,0,0,0,29773
170167,0,0,0,101,0,0,0,0,29850
170170,0,0,0,101,0,0,0,0,29858
170171,0,0,0,101,0,0,0,0,29859
170172,0,0,0,101,0,0,0,0,29948
170173,0,0,0,101,0,0,0,0,29949
170176,0,5,0,101,0,0,0,0,30029
170177,0,0,0,100,0,0,20,0,30030
170178,0,5,0,101,0,0,0,0,30031
170179,0,5,0,101,0,0,0,0,30032
170180,0,0,0,101,0,0,0,0,30145
170181,0,0,0,101,0,0,0,0,30146
170182,0,0,0,101,0,0,0,0,30147
170183,0,0,0,101,0,0,0,0,30148
170184,0,0,0,101,0,0,0,0,30149
170185,0,0,0,101,0,0,0,0,30262
170186,0,0,0,101,0,0,0,0,30263
170187,0,0,0,101,0,0,0,0,30264
170188,0,0,0,101,0,0,0,0,30265
170189,0,0,0,101,0,0,0,0,30266
170190,0,0,0,101,0,0,0,0,30342
170191,0,0,0,101,0,0,0,0,30343
170192,0,0,0,101,0,0,0,0,30344
170195,0,0,0,101,0,0,0,0,30347
170196,0,99,0,101,0,0,0,0,30422
170197,0,99,0,101,0,0,0,0,30423
170198,0,0,0,101,0,0,0,0,30424
170199,0,0,0,101,0,0,0,0,28489
170202,0,0,0,101,0,0,0,0,28492
170203,0,0,0,101,0,0,0,0,28585
170204,0,0,0,101,0,0,0,0,28586
170205,0,0,0,101,0,0,0,0,28587
170206,0,0,0,101,0,0,0,0,28588
170207,0,0,0,101,0,0,0,0,28589
170208,0,0,0,101,0,0,0,0,28590
170209,0,0,0,101,0,0,0,0,28711
170210,0,0,0,101,0,0,0,0,28712
170212,0,0,0,101,0,0,68,0,28714
170213,0,0,0,101,0,0,0,0,28715
170218,0,0,0,101,0,0,0,0,29340
170219,0,0,0,101,0,0,0,0,29341
170220,0,0,0,101,0,0,0,0,29343
170222,0,0,0,101,0,0,0,0,29489
170223,0,0,0,101,0,0,0,0,29490
170224,0,0,0,101,0,0,0,0,29491
170225,0,0,0,101,0,0,0,0,29492
170227,0,0,0,101,0,0,0,0,29586
170228,0,0,0,101,0,0,0,0,29587
170229,0,0,0,101,0,0,0,0,29590
170230,0,0,0,101,0,0,0,0,29591
170231,0,0,0,101,0,0,0,0,29592
170232,0,0,0,101,0,0,0,0,29696
170233,0,0,0,101,0,0,0,0,29697
170234,0,0,0,101,0,0,0,0,29698
170235,0,0,0,101,0,0,0,0,29699
170236,0,0,0,101,0,0,0,0,29700
170237,0,0,0,101,0,0,0,0,29701
170240,0,0,0,101,0,0,0,0,29776
170247,0,0,0,101,0,0,0,0,29864
170249,0,0,0,101,0,0,0,0,29953
170250,0,0,0,101,0,0,0,0,29954
170252,0,0,0,101,0,0,0,0,29956
170253,0,0,0,100,0,0,20,0,30033
170254,0,0,0,101,0,0,0,0,30035
170257,0,0,0,101,0,0,0,0,30153
170258,0,0,0,101,0,0,0,0,30154
170259,0,0,0,101,0,0,0,0,30155
170260,0,0,0,101,0,0,0,0,30166
170261,0,0,0,101,0,0,0,0,30267
170263,0,0,0,101,0,0,0,0,30269
170264,0,0,0,101,0,0,0,0,30270
170265,0,0,0,101,0,0,0,0,30271
170267,0,0,0,101,0,0,0,0,30348
170268,0,0,0,101,0,0,0,0,30349
170269,0,0,0,101,0,0,0,0,30350
170270,0,0,0,101,0,0,0,0,30351
170272,0,0,0,101,0,0,0,0,30353
170273,0,0,0,101,0,0,0,0,30425
170275,0,0,0,101,0,0,0,0,30427
170276,0,0,0,101,0,0,0,0,30428
170279,0,0,0,101,0,0,0,0,28494
170280,0,0,0,101,0,0,0,0,28495
170281,0,0,0,101,0,0,0,0,28496
170282,0,0,0,101,0,0,0,0,28591
170283,0,0,0,101,0,0,0,0,28596
170284,0,0,0,101,0,0,0,0,28597
170285,0,0,0,101,0,0,0,0,28600
170286,0,0,0,101,0,0,0,0,28602
170287,0,0,0,101,0,0,0,0,28718
170288,0,0,0,101,0,0,0,0,28720
170289,0,0,0,101,0,0,0,0,28721
170290,0,0,0,101,0,0,68,0,28726
170291,0,0,0,101,0,0,0,0,28728
170294,0,0,0,101,0,0,0,0,28993
170299,0,0,0,101,0,0,0,0,29354
170300,0,0,0,101,0,0,0,0,29355
170301,0,0,0,50,0,0,2429268,0,29494
170302,0,0,0,101,0,0,0,0,29495
170303,0,0,0,101,0,0,0,0,29496
170304,0,0,0,50,0,0,2429268,0,29497
170305,0,0,0,101,0,0,0,0,29503
170306,0,0,0,101,0,0,0,0,29593
170307,0,0,0,101,0,0,0,0,29594
170308,0,0,0,101,0,0,0,0,29595
170310,0,0,0,101,0,0,0,0,29702
170311,0,0,0,101,0,0,0,0,29703
170312,0,0,0,101,0,0,0,0,29704
170319,0,0,0,101,0,0,0,0,29866
170323,0,0,0,101,0,0,0,0,29870
170324,0,0,0,101,0,0,0,0,29957
170325,0,0,0,101,0,0,0,0,29958
170326,0,0,0,101,0,0,0,0,29959
170327,0,0,0,101,0,0,0,0,29960
170328,0,0,0,101,0,0,0,0,30036
170329,0,10,0,101,0,0,0,0,30037
170330,0,0,0,100,0,0,-2146926592,0,30039
170332,0,0,0,101,0,0,0,0,30168
170333,0,0,0,101,0,0,0,0,30170
170334,0,0,0,101,0,0,0,0,30171
170335,0,0,0,101,0,0,0,0,30179
170336,0,0,0,101,0,0,0,0,30273
170342,0,0,0,101,0,0,0,0,30354
170344,0,0,0,101,0,0,0,0,30356
170345,0,0,0,101,0,0,0,0,30357
170346,0,0,0,101,0,0,0,0,31697
170347,0,30,0,101,0,0,0,0,31698
170349,0,0,0,101,0,0,0,0,31701
170350,0,0,0,101,0,0,0,0,31702
170351,0,0,0,101,0,0,0,0,31782
170353,0,0,0,101,0,0,0,0,31784
170354,0,0,0,100,0,0,-2146924544,0,31785
170355,0,0,0,101,0,0,0,0,31786
170356,0,0,0,101,0,0,0,0,30507
170357,0,0,0,101,0,0,0,0,30508
170364,0,0,0,101,0,0,0,0,30584
170366,0,0,0,101,0,0,0,0,30669
170367,0,0,0,101,0,0,0,0,30670
170368,0,0,0,101,0,0,0,0,30671
170370,0,0,0,101,0,0,0,0,30768
170371,0,0,0,101,0,0,0,0,30769
170375,0,0,0,100,0,0,0,0,30898
170377,0,0,0,101,0,0,0,0,30900
170378,0,5,0,101,0,0,0,0,30901
170379,0,0,0,101,0,0,0,0,30986
170380,0,0,0,101,0,0,0,0,30987
170381,0,0,0,101,0,0,0,0,30988
170382,0,0,0,101,0,0,0,0,30989
170383,0,0,0,101,0,0,0,0,31080
170384,0,0,0,101,0,0,0,0,31081
170385,0,0,0,101,0,0,0,0,31082
170386,0,0,0,101,0,0,0,0,31083
170387,0,0,0,101,0,0,0,0,31084
170388,0,0,0,101,0,0,0,0,31085
170393,0,0,0,101,0,0,0,0,31225
170394,0,0,0,101,0,0,0,0,31226
170395,0,0,0,101,0,0,0,0,31227
170396,0,0,0,101,0,0,0,0,31293
170397,0,0,0,101,0,0,0,0,31294
170398,0,0,0,101,0,0,0,0,31295
170399,0,0,0,101,0,0,0,0,31385
170400,0,0,0,5,0,0,20,0,31386
170401,0,0,0,101,0,0,0,0,31387
170402,0,0,0,101,0,0,0,0,31388
170403,0,0,0,101,0,0,0,0,31389
170404,0,0,0,101,0,0,0,0,31473
170406,0,0,0,101,0,0,0,0,31475
170407,0,0,0,101,0,0,0,0,31476
170408,0,3,0,101,0,0,0,0,31551
170409,0,0,0,101,0,0,0,0,31552
170410,0,0,0,101,0,0,0,0,31553
170413,0,0,0,101,0,0,0,0,31633
170414,0,0,0,101,0,0,0,0,31634
170415,0,0,0,101,0,0,0,0,31635
170417,0,0,0,101,0,0,0,0,31703
170418,0,0,0,101,0,0,0,0,31704
170419,0,0,0,101,0,0,0,0,31705
170420,0,0,0,101,0,0,0,0,31706
170421,0,0,0,101,0,0,0,0,31707
170425,0,0,0,101,0,0,0,0,31789
170426,0,0,0,101,0,0,0,0,31790
170428,0,0,0,101,0,0,0,0,30512
170429,0,0,0,101,0,0,0,0,30513
170430,0,0,0,101,0,0,0,0,30514
170431,0,0,0,101,0,0,0,0,30515
170440,0,0,0,4,0,0,65536,0,30675
170446,0,0,0,101,0,0,0,0,30790
170447,0,0,0,101,0,0,0,0,30907
170448,0,0,0,101,0,0,0,0,30908
170449,0,0,0,101,0,0,0,0,30909
170450,0,0,0,101,0,0,0,0,30910
170451,0,0,0,101,0,0,0,0,30990
170452,0,0,0,100,1,0,-2146819416,0,30991
170453,0,0,0,101,0,0,0,0,30992
170455,0,8,0,101,0,0,0,0,31086
170456,0,0,0,101,0,0,0,0,31087
170457,0,0,0,101,0,0,0,0,31088
170458,0,0,0,101,0,0,0,0,31089
170459,0,0,0,101,0,0,0,0,31090
170460,0,0,0,101,0,0,0,0,31091
170466,0,0,0,101,0,0,0,0,31228
170467,0,0,0,101,0,0,0,0,31229
170468,0,0,0,101,0,0,0,0,31296
170469,0,0,0,101,0,0,0,0,31298
170470,0,0,0,101,0,0,0,0,31299
170472,0,0,0,101,0,0,0,0,31303
170473,0,0,0,101,0,0,0,0,31390
170477,0,0,0,100,1,0,139936,0,31394
170478,0,0,0,101,0,0,0,0,31477
170479,0,0,0,101,0,0,0,0,31478
170480,0,0,0,101,0,0,0,0,31479
170481,0,0,0,101,0,0,0,0,31555
170482,0,0,0,101,0,0,0,0,31556
170483,0,0,0,101,0,0,0,0,31558
170484,0,0,0,101,0,0,0,0,31560
170485,0,0,0,101,0,0,0,0,31566
170487,0,0,0,101,0,0,0,0,31638
170488,0,0,0,101,0,0,0,0,31639
170489,0,0,0,101,0,0,0,0,31640
170490,0,0,0,101,0,0,0,0,31709
170493,0,0,0,101,0,0,0,0,31713
170495,0,0,0,101,0,0,0,0,31792
170496,0,0,0,101,0,0,0,0,31793
170497,0,0,0,100,1,0,82176,0,31794
170498,0,0,0,101,0,0,0,0,31796
170499,0,0,0,100,0,0,4,0,30516
170502,0,0,0,101,0,0,0,0,30519
170503,0,0,0,101,0,0,0,0,30520
170509,0,0,0,100,0,0,20,0,30598
170510,0,0,0,8,0,0,65536,0,30678
170511,0,0,0,12,0,0,65536,0,30679
170512,0,0,0,16,0,0,65536,0,30680
170518,0,0,0,101,0,0,0,0,30911
170519,0,0,0,101,0,0,0,0,30912
170520,0,0,0,101,0,0,0,0,30913
170521,0,0,0,101,0,0,0,0,30914
170522,0,0,0,101,0,0,0,0,30994
170523,0,0,0,101,0,0,0,0,30997
170525,0,0,0,101,0,0,0,0,30999
170526,0,0,0,101,0,0,0,0,31092
170527,0,0,0,101,0,0,0,0,31094
170528,0,0,0,101,0,0,0,0,31095
170529,0,0,0,101,0,0,0,0,31096
170530,0,0,0,101,0,0,0,0,31097
170531,0,0,0,101,0,0,0,0,31098
170537,0,0,0,101,0,0,0,0,31230
170538,0,0,0,101,0,0,0,0,31231
170540,0,0,0,101,0,0,0,0,31304
170543,0,0,0,101,0,0,0,0,31308
170545,0,0,0,5,0,0,20,0,31396
170546,0,0,0,5,0,0,4436,0,31397
170547,0,0,0,5,0,0,20,0,31398
170548,0,0,0,5,0,0,680,0,31399
170549,0,0,0,101,0,0,0,0,31480
170550,0,0,0,101,0,0,1048576,0,31481
170551,0,0,0,101,0,0,0,0,31482
170552,0,0,0,101,0,0,0,0,31483
170553,0,0,0,101,0,0,0,0,31485
170554,0,0,0,101,0,0,0,0,31486
170555,0,0,0,101,0,0,0,0,31567
170556,0,0,0,100,0,0,16384,0,31569
170557,0,0,0,100,0,0,16384,0,31570
170558,0,0,0,101,0,0,0,0,31571
170559,0,0,0,5,0,0,680,0,31641
170560,0,0,0,10,0,0,680,0,31642
170561,0,0,0,101,0,0,0,0,31643
170562,0,0,0,101,0,0,0,0,31715
170563,0,0,0,101,0,0,0,0,31716
170564,0,0,0,101,0,0,0,0,31797
170565,0,0,0,101,0,0,0,0,31798
170566,0,0,0,101,0,0,0,0,31799
170568,0,0,0,101,0,0,0,0,30522
170569,0,0,0,101,0,0,0,0,30523
170570,0,0,0,101,0,0,0,0,30524
170571,0,0,0,101,0,0,0,0,30599
170572,0,0,0,101,0,0,0,0,30600
170574,0,0,0,101,0,0,0,0,30602
170575,0,0,0,101,0,0,0,0,30603
170576,0,0,0,20,0,0,65536,0,30681
170577,0,0,0,101,0,0,0,0,30686
170578,0,0,0,101,0,0,0,0,30687
170579,0,0,0,101,0,0,0,0,30688
170580,0,8,0,101,0,0,0,0,30822
170581,0,0,0,100,0,0,20,0,30823
170582,0,0,0,100,0,0,20,0,30824
170584,0,0,0,101,0,0,0,0,30915
170585,0,0,0,101,0,0,0,0,30916
170586,0,5,0,101,0,0,0,0,30917
170587,0,0,0,101,0,0,0,0,30923
170588,0,0,0,101,0,0,0,0,30924
170589,0,0,0,101,0,0,0,0,31000
170591,0,0,0,101,0,0,0,0,31002
170592,0,0,0,101,0,0,0,0,31003
170593,0,0,0,101,0,0,0,0,31008
170594,0,0,0,101,0,0,0,0,31099
170595,0,0,0,101,0,0,0,0,31100
170596,0,0,0,101,0,0,0,0,31101
170597,0,0,0,101,0,0,0,0,31102
170598,0,0,0,101,0,0,0,0,31103
170599,0,0,0,101,0,0,0,0,31104
170600,0,0,0,101,0,0,0,0,31105
170606,0,0,0,100,0,0,1296,0,31233
170607,0,0,0,101,0,0,0,0,31234
170608,0,0,0,101,0,0,0,0,31235
170609,0,0,0,101,0,0,0,0,31236
170610,0,0,0,101,0,0,0,0,31237
170611,0,0,0,101,0,0,0,0,31310
170612,0,0,0,101,0,0,0,0,31311
170613,0,0,0,100,0,0,20,0,31312
170615,0,0,0,101,0,0,0,0,31317
170617,0,0,0,101,0,0,0,0,31401
170618,0,0,0,101,0,0,0,0,31402
170619,0,0,0,101,0,0,0,0,31403
170620,0,0,0,101,0,0,0,0,31404
170625,0,0,0,101,0,0,0,0,31572
170626,0,0,0,101,0,0,0,0,31573
170627,0,0,0,101,0,0,0,0,31574
170628,0,0,0,101,0,0,0,0,31575
170633,0,0,0,101,0,0,0,0,31717
170634,0,0,0,101,0,0,0,0,31718
170635,0,0,0,101,0,0,0,0,31719
170637,0,0,0,100,0,0,4,0,31801
170638,0,0,0,101,0,0,0,0,31802
170639,0,5,0,0,0,0,0,0,31803
170640,0,0,0,101,0,0,0,0,31804
170643,0,0,0,101,0,0,0,0,30527
170644,0,0,0,101,0,0,0,0,30528
170646,0,0,0,101,0,0,0,0,30604
170647,0,0,0,101,0,0,0,0,30605
170648,0,0,0,101,0,0,0,0,30606
170649,0,0,0,101,0,0,0,0,30607
170650,0,0,0,101,0,0,0,0,30608
170651,0,0,0,101,0,0,0,0,30689
170652,0,0,0,101,0,0,0,0,30690
170653,0,0,0,101,0,0,0,0,30691
170660,0,0,0,101,0,0,0,0,30829
170661,0,8,0,101,0,0,0,0,30830
170664,0,0,0,101,0,0,0,0,30927
170665,0,0,0,101,0,0,0,0,30928
170667,0,0,0,101,0,0,0,0,30930
170668,0,0,0,101,0,0,0,0,31009
170671,0,0,0,101,0,0,0,0,31012
170672,0,0,0,101,0,0,0,0,31013
170673,0,0,0,101,0,0,0,0,31106
170674,0,0,0,101,0,0,0,0,31107
170675,0,0,0,101,0,0,0,0,31108
170676,0,0,0,101,0,0,0,0,31109
170677,0,0,0,101,0,0,0,0,31110
170678,0,0,0,101,0,0,0,0,31111
170683,0,0,0,101,0,0,0,0,31238
170684,0,0,0,100,0,0,1296,0,31239
170685,0,0,0,100,0,0,1296,0,31240
170686,0,0,0,100,0,0,1296,0,31241
170687,0,0,0,101,0,0,0,0,31319
170688,0,0,0,101,0,0,0,0,31320
170692,0,0,0,101,0,0,0,0,31405
170693,0,0,0,101,0,0,0,0,31406
170694,0,0,0,101,0,0,0,0,31407
170702,0,0,0,101,0,0,0,0,31579
170708,0,0,0,101,0,0,0,0,31721
170709,0,0,0,101,0,0,0,0,31722
170710,0,0,0,101,0,0,0,0,31723
170711,0,10,0,101,0,0,0,0,31724
170712,0,0,0,101,0,0,0,0,31727
170713,0,0,0,101,0,0,0,0,31806
170717,0,0,0,101,0,0,0,0,30530
170718,0,99,0,101,0,0,0,0,30531
170719,0,0,0,101,0,0,0,0,30532
170720,0,0,0,101,0,0,0,0,30533
170721,0,0,0,101,0,0,0,0,30534
170722,0,0,0,101,0,0,0,0,30609
170723,0,5,0,100,0,0,65536,0,30610
170724,0,0,0,101,0,0,0,0,30611
170725,0,0,0,101,0,0,0,0,30612
170726,0,0,0,101,0,0,0,0,30613
170729,0,0,0,101,0,0,0,0,30697
170732,0,0,0,100,1,0,-2145736024,0,30831
170733,0,0,0,101,0,0,0,0,30832
170734,0,0,0,101,0,0,0,0,30833
170735,0,0,0,101,0,0,0,0,30834
170736,0,0,0,101,0,0,0,0,30835
170737,0,0,0,101,0,0,0,0,30931
170738,0,0,0,101,0,0,0,0,30932
170739,0,0,0,101,0,0,0,0,30933
170740,0,0,0,101,0,0,0,0,30934
170741,0,0,0,101,0,0,0,0,31014
170742,0,0,0,101,0,0,0,0,31015
170743,0,0,0,101,0,0,0,0,31022
170744,0,0,0,101,0,0,0,0,31023
170745,0,0,0,101,0,0,0,0,31112
170746,0,0,0,101,0,0,0,0,31113
170747,0,0,0,101,0,0,0,0,31114
170748,0,0,0,101,0,0,0,0,31115
170749,0,0,0,101,0,0,0,0,31116
170750,0,0,0,101,0,0,0,0,31117
170755,0,0,0,100,0,0,1296,0,31242
170757,0,0,0,100,0,0,272,0,31244
170758,0,0,0,101,0,0,0,0,31324
170759,0,0,0,101,0,0,0,0,31325
170760,0,0,0,101,0,0,0,0,31326
170762,0,0,0,101,0,0,0,0,31328
170763,0,0,0,101,0,0,0,0,31408
170764,0,0,0,101,0,0,0,0,31409
170765,0,0,0,101,0,0,0,0,31410
170766,0,0,0,101,0,0,0,0,31411
170767,0,0,0,101,0,0,0,0,31412
170769,0,0,0,101,0,0,0,0,31497
170772,0,0,0,101,0,0,0,0,31581
170773,0,0,0,101,0,0,0,0,31582
170774,0,0,0,101,0,0,0,0,31583
170775,0,0,0,101,0,0,0,0,31584
170776,0,0,0,101,0,0,0,0,31651
170781,0,0,0,101,0,0,0,0,31729
170782,0,0,0,101,0,0,0,0,31730
170783,0,0,0,101,0,0,0,0,31731
170789,0,0,0,101,0,0,0,0,30536
170790,0,0,0,101,0,0,0,0,30537
170791,0,0,0,101,0,0,0,0,30538
170792,0,0,0,101,0,0,0,0,30539
170793,0,0,0,101,0,0,0,0,30540
170794,0,0,0,101,0,0,0,0,30614
170795,0,0,0,101,0,0,0,0,30615
170797,0,0,0,101,0,0,0,0,30617
170798,0,0,0,101,0,0,0,0,30618
170799,0,0,0,101,0,0,0,0,30700
170800,0,0,0,100,0,0,-2146819416,0,30701
170801,0,0,0,101,0,0,0,0,30702
170802,0,0,0,101,0,0,0,0,30703
170803,0,0,0,101,0,0,0,0,30836
170804,0,0,0,101,0,0,0,0,30837
170805,0,0,0,101,0,0,0,0,30838
170806,0,0,0,101,0,0,0,0,30840
170807,0,0,0,101,0,0,0,0,30935
170808,0,0,0,101,0,0,0,0,30936
170809,0,0,0,100,1,0,139936,0,30937
170810,0,0,0,101,0,0,0,0,30938
170811,0,0,0,101,0,0,0,0,31024
170812,0,0,0,101,0,0,0,0,31025
170813,0,0,0,101,0,0,0,0,31026
170816,0,0,0,101,0,0,0,0,31118
170818,0,0,0,101,0,0,0,0,31120
170819,0,0,0,101,0,0,0,0,31121
170824,0,0,0,100,0,0,272,0,31245
170826,0,0,0,101,0,0,0,0,31249
170827,0,0,0,101,0,0,0,0,31329
170828,0,0,0,101,0,0,0,0,31330
170829,0,0,0,101,0,0,0,0,31331
170830,0,0,0,101,0,0,0,0,31332
170831,0,0,0,101,0,0,0,0,31333
170832,0,0,0,101,0,0,0,0,31413
170833,0,0,0,101,0,0,0,0,31414
170835,0,0,0,101,0,0,0,0,31422
170836,0,0,0,101,0,0,0,0,31423
170842,0,0,0,101,0,0,0,0,31585
170843,0,0,0,101,0,0,0,0,31586
170844,0,0,0,101,0,0,0,0,31587
170845,0,0,0,101,0,0,0,0,31588
170847,0,0,0,101,0,0,0,0,31656
170848,0,0,0,101,0,0,0,0,31657
170849,0,0,0,101,0,0,0,0,31658
170850,0,0,0,101,0,0,0,0,31732
170851,0,0,0,101,0,0,0,0,31733
170852,0,0,0,100,0,0,136,0,31734
170853,0,0,0,101,0,0,0,0,31735
170856,0,0,0,101,0,0,0,0,31816
170857,0,0,0,101,0,0,0,0,31819
170858,0,0,0,101,0,0,0,0,30541
170859,0,0,0,101,0,0,0,0,30542
170860,0,0,0,101,0,0,0,0,30543
170861,0,0,0,101,0,0,0,0,30544
170862,0,0,0,101,0,0,0,0,30545
170863,0,0,0,101,0,0,0,0,30619
170865,0,0,0,101,0,0,0,0,30621
170867,0,0,0,101,0,0,0,0,30624
170868,0,0,0,101,0,0,0,0,30625
170870,0,0,0,101,0,0,0,0,30704
170871,0,0,0,100,0,0,-2146819416,0,30705
170872,0,0,0,101,0,0,0,0,30706
170874,0,0,0,101,0,0,0,0,30842
170875,0,0,0,101,0,0,0,0,30843
170876,0,0,0,101,0,0,0,0,30844
170877,0,0,0,101,0,0,0,0,30939
170879,0,0,0,101,0,0,0,0,30941
170880,0,0,0,101,0,0,0,0,30942
170883,0,0,0,101,0,0,0,0,31032
170885,0,0,0,101,0,0,0,0,31122
170886,0,0,0,101,0,0,0,0,31123
170887,0,0,0,10,0,0,16,0,31124
170888,0,0,0,101,0,0,0,0,31125
170893,0,0,0,100,0,0,-2146819416,0,31250
170895,0,0,0,101,0,0,0,0,31252
170898,0,0,0,101,0,0,0,0,31334
170899,0,0,0,101,0,0,0,0,31335
170900,0,0,0,101,0,0,0,0,31336
170901,0,0,0,101,0,0,0,0,31337
170903,0,0,0,101,0,0,0,0,31339
170904,0,0,0,101,0,0,0,0,31424
170905,0,0,0,101,0,0,0,0,31425
170906,0,0,0,101,1,0,20,0,31426
170907,0,0,0,101,0,0,0,0,31427
170908,0,0,0,101,0,0,0,0,31428
170913,0,0,0,101,0,0,0,0,31589
170914,0,0,0,101,0,0,0,0,31591
170917,0,0,0,101,0,0,0,0,31659
170918,0,0,0,101,0,0,0,0,31660
170919,0,0,0,100,1,0,139944,0,31661
170920,0,0,0,101,0,0,0,0,31662
170921,0,0,0,101,0,0,0,0,31736
170922,0,0,0,101,0,0,0,0,31737
170923,0,0,0,101,0,0,0,0,31738
170924,0,0,0,101,0,0,0,0,31739
170925,0,0,0,101,0,0,0,0,31740
170927,0,0,0,101,0,0,0,0,31821
170928,0,0,0,101,0,0,0,0,31822
170929,0,0,0,101,0,0,0,0,31823
170931,0,0,0,101,0,0,0,0,30546
170932,0,0,0,101,0,0,0,0,30547
170933,0,0,0,101,0,0,0,0,30548
170934,0,0,0,101,0,0,0,0,30549
170935,0,0,0,101,0,0,0,0,30628
170938,0,0,0,101,0,0,0,0,30631
170939,0,0,0,101,0,0,0,0,30632
170940,0,0,0,101,0,0,0,0,30707
170941,0,0,0,101,0,0,0,0,30708
170942,0,0,0,101,0,0,0,0,30717
170945,0,0,0,101,0,0,0,0,30845
170946,0,0,0,101,0,0,0,0,30846
170947,0,0,0,101,0,0,0,0,30847
170948,0,0,0,101,0,0,0,0,30848
170949,0,0,0,101,0,0,0,0,30943
170950,0,0,0,101,0,0,0,0,30944
170951,0,0,0,101,0,0,0,0,30945
170952,0,0,0,101,0,0,0,0,30946
170956,0,0,0,101,0,0,0,0,31036
170957,0,0,0,5,0,0,81920,0,31037
170959,0,0,0,20,0,0,16,0,31126
170967,0,0,2000,100,0,0,40,0,31256
170968,0,0,0,101,0,0,0,0,31257
170969,0,0,0,101,0,0,0,0,31258
170970,0,0,0,101,0,0,0,0,31340
170971,0,0,0,101,0,0,0,0,31341
170973,0,0,0,101,0,0,0,0,31344
170974,0,0,0,101,0,0,0,0,31429
170975,0,0,0,101,0,0,0,0,31430
170976,0,0,0,101,0,0,0,0,31431
170977,0,0,0,101,0,0,0,0,31432
170978,0,0,0,101,0,0,0,0,31433
170979,0,0,0,101,0,0,0,0,31434
170984,0,0,0,101,0,0,0,0,31513
170986,0,0,0,101,0,0,0,0,31595
170987,0,0,0,101,0,0,0,0,31596
170989,0,0,0,101,0,0,0,0,31598
170991,0,0,0,101,0,0,0,0,31664
170992,0,0,0,101,0,0,0,0,31665
170993,0,0,0,100,0,0,0,0,31666
170994,0,0,0,101,0,0,0,0,31667
170995,0,0,0,101,0,0,0,0,31741
170996,0,0,0,101,0,0,0,0,31742
170997,0,0,0,101,0,0,0,0,31743
170998,0,0,0,101,0,0,0,0,31745
170999,0,0,0,101,0,0,0,0,31825
171000,0,0,0,101,0,0,0,0,31826
171001,0,0,0,101,0,0,0,0,31827
171002,0,0,0,4,0,0,1048576,0,31828
171003,0,0,0,3,0,0,16384,0,30550
171004,0,0,0,101,0,0,0,0,30551
171005,0,0,0,101,0,0,0,0,30552
171007,0,0,0,101,0,0,0,0,30633
171009,0,0,0,101,0,0,0,0,30635
171010,0,0,0,101,1,0,340,0,30636
171012,0,1,2000,100,0,0,340,0,30731
171015,0,0,0,101,0,0,0,0,30849
171016,0,0,0,101,0,0,0,0,30850
171017,0,0,0,101,0,0,0,0,30851
171018,0,0,0,101,0,0,0,0,30852
171019,0,0,0,101,0,0,0,0,30853
171020,0,0,0,101,0,0,0,0,30950
171021,0,0,0,101,0,0,0,0,30951
171022,0,0,0,101,0,0,0,0,30952
171023,0,0,0,101,0,0,0,0,30953
171026,0,0,0,101,0,0,0,0,31039
171027,0,0,0,101,0,0,0,0,31040
171028,0,1,0,101,0,0,0,0,31041
171029,0,1,0,101,0,0,0,0,31042
171030,0,0,0,101,0,0,0,0,31130
171031,0,0,0,101,0,0,0,0,31131
171039,0,0,0,101,0,0,0,0,31259
171040,0,0,0,101,0,0,0,0,31260
171041,0,0,0,101,0,0,0,0,31261
171042,0,0,0,101,0,0,0,0,31262
171043,0,0,0,101,0,0,0,0,31263
171044,0,0,0,101,0,0,0,0,31345
171045,0,0,0,101,0,0,0,0,31346
171046,0,0,0,101,0,0,0,0,31347
171048,0,0,0,101,0,0,0,0,31435
171049,0,0,0,101,0,0,0,0,31436
171050,0,0,0,101,0,0,0,0,31437
171051,0,0,0,101,0,0,0,0,31438
171052,0,0,0,101,0,0,0,0,31439
171053,0,0,0,101,0,0,0,0,31440
171055,0,0,0,101,0,0,0,0,31515
171056,0,0,0,101,0,0,0,0,31516
171057,0,0,0,101,0,0,0,0,31517
171062,0,10,0,101,0,0,0,0,31604
171063,0,0,0,101,0,0,0,0,31606
171064,0,0,0,101,0,0,0,0,31668
171065,0,0,0,101,0,0,0,0,31669
171066,0,0,0,101,0,0,0,0,31670
171067,0,30,0,101,0,0,0,0,31671
171068,0,0,0,101,0,0,0,0,31672
171070,0,0,0,101,0,0,0,0,31747
171071,0,0,0,101,0,0,0,0,31749
171074,0,0,0,101,0,0,0,0,31754
171075,0,0,0,101,0,0,0,0,30478
171078,0,0,0,101,0,0,0,0,30481
171079,0,5,0,100,0,0,65536,0,30554
171080,0,0,0,101,0,0,0,0,30555
171081,0,0,0,101,0,0,0,0,30556
171082,0,0,30000,3,0,0,69632,0,30557
171083,0,0,0,101,0,0,0,0,30637
171084,0,0,0,101,0,0,0,0,30638
171085,0,5,0,101,0,0,0,0,30639
171086,0,8,0,101,0,0,0,0,30641
171088,0,0,0,101,0,0,0,0,30735
171089,0,0,0,101,0,0,0,0,30736
171092,0,0,0,101,0,0,0,0,30739
171093,0,0,0,100,0,0,0,0,30854
171095,0,0,0,101,0,0,0,0,30856
171096,0,0,0,101,0,0,0,0,30857
171102,0,0,0,101,0,0,0,0,31043
171103,0,0,0,101,0,0,0,0,31045
171104,0,0,0,101,0,0,0,0,31046
171105,0,0,0,101,0,0,0,0,31047
171106,0,0,0,101,0,0,0,0,31048
171112,0,0,0,101,0,0,0,0,31206
171114,0,0,0,101,0,0,0,0,31264
171116,0,0,0,101,0,0,0,0,31266
171117,0,0,0,101,0,0,0,0,31267
171118,0,0,0,101,0,0,0,0,31268
171119,0,0,0,101,0,0,0,0,31350
171125,0,0,0,101,0,0,0,0,31441
171126,0,0,0,101,0,0,0,0,31442
171127,0,0,0,101,0,0,0,0,31443
171128,0,0,0,101,0,0,0,0,31444
171129,0,0,0,101,0,0,0,0,31445
171131,0,0,0,101,0,0,0,0,31519
171136,0,0,0,101,0,0,0,0,31607
171137,0,0,0,101,0,0,0,0,31608
171138,0,0,0,101,0,0,0,0,31609
171139,0,0,0,101,0,0,0,0,31610
171140,0,0,0,101,0,0,0,0,31611
171141,0,0,0,101,0,0,0,0,31673
171142,0,0,0,101,0,0,0,0,31674
171143,0,0,0,101,0,0,0,0,31675
171144,0,0,0,101,0,0,0,0,31755
171145,0,0,0,101,0,0,0,0,31756
171146,0,0,6000,20,0,0,20,0,31757
171147,0,0,0,101,0,0,0,0,31758
171148,0,0,0,101,0,0,0,0,31759
171149,0,0,0,100,0,0,139944,0,30482
171150,0,0,0,101,0,0,0,0,30485
171151,0,0,0,101,0,0,0,0,30486
171152,0,0,0,101,0,0,0,0,30558
171153,0,2,0,101,0,0,0,0,30559
171154,0,0,0,101,0,0,0,0,30560
171155,0,0,0,101,0,0,0,0,30561
171156,0,0,0,101,0,0,0,0,30643
171157,0,0,0,101,0,0,0,0,30645
171159,0,0,0,101,0,0,0,0,30647
171161,0,0,0,101,0,0,0,0,30741
171162,0,0,0,101,0,0,0,0,30742
171163,0,0,0,101,0,0,0,0,30743
171164,0,0,0,101,0,0,0,0,30858
171165,0,0,0,101,0,0,0,0,30859
171166,0,0,0,101,0,0,0,0,30860
171167,0,0,0,101,0,0,0,0,30873
171171,0,0,0,101,0,0,0,0,30964
171173,0,0,0,101,0,0,0,0,30967
171174,0,0,0,101,0,0,0,0,31049
171175,0,0,0,101,0,0,0,0,31050
171176,0,0,0,101,0,0,0,0,31051
171177,0,0,0,101,0,0,0,0,31052
171178,0,0,0,101,0,0,0,0,31053
171179,0,0,0,101,0,0,0,0,31054
171181,0,0,0,100,0,0,20,0,31138
171182,0,0,0,101,0,0,0,0,31139
171184,0,0,0,101,0,0,0,0,31208
171185,0,0,0,101,0,0,0,0,31209
171187,0,0,0,101,0,0,0,0,31269
171188,0,0,0,101,0,0,0,0,31270
171189,0,0,0,101,0,0,0,0,31271
171190,0,0,0,101,0,0,0,0,31272
171191,0,0,0,101,0,0,0,0,31273
171194,0,0,0,101,0,0,0,0,31358
171195,0,0,0,101,0,0,0,0,31359
171197,0,0,0,101,0,0,0,0,31361
171198,0,0,0,101,0,0,0,0,31447
171199,0,0,0,101,0,0,0,0,31448
171200,0,0,0,101,0,0,0,0,31449
171201,0,0,0,101,0,0,0,0,31450
171202,0,0,0,101,0,0,0,0,31451
171204,0,0,0,101,0,0,0,0,31526
171205,0,0,0,101,0,0,0,0,31527
171209,0,0,0,101,0,0,0,0,31612
171210,0,0,0,101,0,0,0,0,31613
171211,0,0,0,101,0,0,0,0,31614
171212,0,0,0,101,0,0,0,0,31676
171213,0,0,0,101,0,0,0,0,31677
171214,0,0,0,101,0,0,0,0,31678
171215,0,0,0,101,0,0,0,0,31679
171216,0,0,0,101,0,0,0,0,31760
171217,0,0,0,101,0,0,0,0,31761
171218,0,0,0,101,0,0,0,0,31762
171220,0,0,0,101,0,0,0,0,31764
171221,0,0,0,101,0,0,0,0,30487
171222,0,0,0,101,0,0,0,0,30489
171223,0,0,0,101,0,0,0,0,30490
171224,0,0,0,101,0,0,0,0,30491
171226,0,0,0,101,0,0,0,0,30493
171227,0,0,0,3,0,0,139944,0,30562
171228,0,0,0,101,0,0,0,0,30563
171229,0,1,2000,100,0,0,340,0,30564
171230,0,0,0,101,0,0,0,0,30565
171231,0,0,0,101,0,0,0,0,30648
171233,0,0,0,101,0,0,0,0,30651
171234,0,0,0,101,0,0,0,0,30652
171236,0,0,0,101,0,0,0,0,30744
171237,0,0,0,101,0,0,0,0,30745
171240,0,0,0,101,0,0,0,0,30749
171241,0,0,0,101,0,0,0,0,30874
171242,0,0,0,101,0,0,0,0,30875
171243,0,0,0,101,0,0,0,0,30876
171244,0,0,0,101,0,0,0,0,30877
171246,0,0,0,101,0,0,0,0,30968
171247,0,0,0,101,0,0,0,0,30969
171248,0,0,0,101,0,0,0,0,30970
171249,0,0,0,101,0,0,0,0,30971
171250,0,0,0,101,0,0,0,0,30972
171251,0,0,0,101,0,0,0,0,31055
171252,0,0,0,101,0,0,0,0,31056
171253,0,0,0,101,0,0,0,0,31057
171254,0,0,0,101,0,0,0,0,31058
171255,0,0,0,101,0,0,0,0,31059
171256,0,0,0,101,0,0,0,0,31060
171261,0,0,0,101,0,0,0,0,31211
171262,0,0,0,101,0,0,0,0,31212
171263,0,0,0,101,0,0,0,0,31213
171265,0,0,0,101,0,0,0,0,31274
171266,0,0,0,101,0,0,0,0,31275
171267,0,0,0,101,0,0,0,0,31277
171268,0,0,0,101,0,0,0,0,31279
171269,0,0,0,101,0,0,0,0,31280
171270,0,0,0,101,0,0,0,0,31367
171271,0,0,0,100,2,0,-2144337924,0,31368
171272,0,0,0,101,0,0,0,0,31369
171273,0,0,0,101,0,0,0,0,31370
171274,0,0,0,101,0,0,0,0,31452
171275,0,0,0,101,0,0,0,0,31453
171276,0,0,0,101,0,0,0,0,31454
171277,0,0,0,101,0,0,0,0,31455
171278,0,0,0,101,0,0,0,0,31456
171279,0,0,0,101,0,0,0,0,31457
171281,0,0,0,101,0,0,0,0,31532
171282,0,0,0,101,0,0,0,0,31533
171283,0,0,0,101,0,0,0,0,31534
171284,0,0,0,101,0,0,0,0,31615
171286,0,0,0,101,0,0,0,0,31617
171287,0,0,0,101,0,0,0,0,31618
171288,0,0,0,101,0,0,0,0,31680
171290,0,0,0,101,0,0,0,0,31682
171291,0,0,0,101,0,0,0,0,31683
171292,0,0,3500,50,3,0,139944,0,31765
171295,0,0,0,101,0,0,0,0,31771
171296,0,10,0,101,0,0,0,0,30494
171297,0,0,0,101,0,0,0,0,30495
171298,0,0,0,101,0,0,0,0,30496
171299,0,0,0,101,0,0,0,0,30497
171300,0,0,0,101,0,0,0,0,30498
171301,0,0,0,101,0,0,0,0,30566
171302,0,0,0,100,0,0,340,0,30567
171303,0,0,0,101,0,0,0,0,30568
171304,0,0,0,101,0,0,0,0,30569
171305,0,0,0,101,0,0,0,0,30570
171308,0,0,0,101,0,0,0,0,30656
171309,0,0,0,101,0,0,0,0,30657
171310,0,0,0,101,0,0,0,0,30658
171311,0,0,0,100,0,0,0,0,30751
171312,0,0,0,101,0,0,0,0,30752
171313,0,0,0,101,0,0,0,0,30753
171314,0,0,0,101,0,0,0,0,30755
171315,0,0,5000,10,0,0,-2146819416,0,30881
171316,0,0,5000,20,0,0,-2146819416,0,30883
171317,0,0,5000,30,0,0,-2146819416,0,30884
171318,0,0,0,101,0,0,0,0,30973
171319,0,0,0,101,0,0,0,0,30974
171322,0,0,0,101,0,0,0,0,31061
171323,0,0,0,101,0,0,0,0,31062
171324,0,0,0,101,0,0,0,0,31063
171325,0,0,0,101,0,0,0,0,31064
171326,0,0,0,101,0,0,0,0,31065
171327,0,0,0,101,0,0,0,0,31066
171332,0,0,0,101,0,0,0,0,31149
171334,0,0,0,101,0,0,0,0,31216
171335,0,0,0,101,0,0,0,0,31217
171336,0,0,0,101,0,0,0,0,31218
171337,0,0,0,101,0,0,0,0,31281
171338,0,0,0,101,0,0,0,0,31282
171339,0,0,0,101,0,0,0,0,31283
171340,0,0,0,101,0,0,0,0,31284
171341,0,0,0,100,0,0,20,0,31285
171342,0,0,0,101,0,0,0,0,31371
171343,0,0,0,101,0,0,0,0,31372
171344,0,0,0,101,0,0,0,0,31373
171345,0,0,0,101,0,0,0,0,31458
171346,0,0,0,101,0,0,0,0,31459
171347,0,0,0,101,0,0,0,0,31460
171348,0,0,0,101,0,0,0,0,31461
171349,0,0,0,101,0,0,0,0,31462
171352,0,0,0,100,1,0,139808,0,31537
171353,0,0,0,101,0,0,0,0,31538
171354,0,0,0,101,0,0,0,0,31539
171355,0,0,0,101,0,0,0,0,31540
171356,0,0,0,101,0,0,0,0,31619
171357,0,0,0,101,0,0,0,0,31620
171358,0,0,0,101,0,0,0,0,31621
171359,0,0,0,101,0,0,0,0,31622
171360,0,0,0,101,0,0,0,0,31684
171361,0,0,0,101,0,0,0,0,31685
171362,0,0,0,101,0,0,0,0,31686
171363,0,0,0,101,0,0,0,0,31772
171368,0,0,0,101,0,0,0,0,30499
171369,0,0,0,101,0,0,0,0,30500
171370,0,0,0,101,0,0,0,0,30501
171371,0,0,0,101,0,0,0,0,30502
171372,0,0,0,101,0,0,0,0,30571
171373,0,0,0,101,0,0,0,0,30572
171374,0,0,0,101,0,0,0,0,30573
171375,0,0,0,101,0,0,0,0,30574
171376,0,0,0,101,0,0,0,0,30575
171377,0,0,0,101,0,0,0,0,30576
171378,0,5,0,101,0,0,0,0,30659
171380,0,0,0,101,0,0,0,0,30662
171382,0,0,0,101,0,0,0,0,30664
171383,0,0,0,101,0,0,0,0,30756
171384,0,0,0,101,0,0,0,0,30757
171385,0,0,0,101,0,0,0,0,30761
171386,0,0,0,101,0,0,0,0,30762
171387,0,0,5000,40,0,0,-2146819416,0,30885
171388,0,0,5000,50,0,0,-2146819416,0,30886
171389,0,0,0,101,0,0,0,0,30887
171390,0,0,0,101,0,0,0,0,30977
171391,0,0,0,101,0,0,0,0,30978
171392,0,0,0,101,0,0,0,0,30979
171393,0,0,0,101,0,0,0,0,30980
171394,0,0,0,101,0,0,0,0,31067
171395,0,0,0,101,0,0,0,0,31068
171396,0,0,0,101,0,0,0,0,31069
171397,0,0,0,101,0,0,0,0,31070
171398,0,0,0,101,0,0,0,0,31071
171399,0,0,0,101,0,0,0,0,31072
171404,0,0,0,101,0,0,0,0,31219
171405,0,0,0,101,0,0,0,0,31220
171406,0,0,0,101,0,0,0,0,31221
171407,0,0,0,101,0,0,0,0,31286
171408,0,0,0,101,0,0,0,0,31287
171409,0,0,0,101,0,0,0,0,31288
171412,0,0,0,101,0,0,0,0,31376
171413,0,0,0,101,0,0,0,0,31377
171414,0,0,0,101,0,0,0,0,31379
171415,0,0,0,101,0,0,0,0,31463
171416,0,7,0,101,0,0,0,0,31464
171417,0,0,0,101,0,0,0,0,31465
171418,0,0,0,101,0,0,0,0,31467
171419,0,0,0,101,0,0,0,0,31541
171421,0,10,0,101,0,0,0,0,31543
171424,0,0,0,101,0,0,0,0,31623
171427,0,0,0,101,0,0,0,0,31626
171429,0,0,0,101,0,0,0,0,31688
171430,0,5,0,101,0,0,0,0,31689
171431,0,0,0,101,0,0,0,0,31690
171434,0,0,0,101,0,0,0,0,31779
171436,0,0,0,101,0,0,0,0,31781
171437,0,0,0,101,0,0,0,0,30503
171438,0,0,0,101,0,0,0,0,30504
171439,0,0,0,101,0,0,0,0,30505
171440,0,0,0,101,0,0,0,0,30506
171445,0,0,0,101,0,0,0,0,30665
171446,0,0,0,101,0,0,0,0,30666
171447,0,0,0,101,0,0,0,0,30667
171448,0,0,0,101,0,0,0,0,30668
171449,0,0,0,101,0,0,0,0,30763
171450,0,0,0,101,0,0,0,0,30764
171451,0,0,0,101,0,0,0,0,30765
171452,0,0,0,101,0,0,0,0,30766
171453,0,0,0,101,0,0,0,0,30767
171454,0,0,0,101,0,0,0,0,30888
171455,0,0,0,101,0,0,0,0,30889
171457,0,0,0,101,0,0,0,0,30891
171459,0,0,0,101,0,0,0,0,30981
171462,0,0,0,101,0,0,0,0,30984
171463,0,0,0,101,0,0,0,0,30985
171464,0,0,0,100,0,0,139904,0,31073
171465,0,0,0,101,0,0,0,0,31075
171466,0,0,0,101,0,0,0,0,31076
171467,0,0,0,101,0,0,0,0,31077
171468,0,0,0,101,0,0,0,0,31078
171469,0,0,0,101,0,0,0,0,31079
171475,0,0,0,101,0,0,0,0,31222
171476,0,0,0,101,0,0,0,0,31223
171477,0,0,0,101,0,0,0,0,31224
171478,0,0,0,40,0,0,20,0,31289
171479,0,0,0,101,0,0,0,0,31290
171481,0,0,0,101,0,0,0,0,31292
171482,0,0,0,101,0,0,0,0,31380
171483,0,0,0,101,0,0,0,0,31381
171484,0,0,0,101,0,0,0,0,31382
171485,0,0,0,101,0,0,0,0,31383
171486,0,0,0,101,0,0,0,0,31384
171487,0,0,0,101,0,0,0,0,31468
171488,0,0,0,101,0,0,0,0,31469
171489,0,0,0,101,0,0,0,0,31470
171490,0,0,0,101,0,0,0,0,31471
171491,0,0,0,101,0,0,0,0,31472
171492,0,0,0,101,0,0,0,0,31546
171493,0,0,0,101,0,0,0,0,31547
171494,0,0,0,101,0,0,0,0,31548
171495,0,0,0,101,0,0,0,0,31549
171496,0,0,0,101,0,0,0,0,31550
171497,0,0,0,101,0,0,0,0,31627
171498,0,0,0,101,0,0,0,0,31628
171499,0,0,0,101,0,0,0,0,31629
171500,0,0,0,101,0,0,0,0,31630
171501,0,0,0,101,0,0,0,0,31631
171503,0,0,0,101,0,0,0,0,31693
171507,0,0,0,101,0,0,0,0,32938
171508,0,0,0,101,0,0,0,0,32939
171509,0,0,0,101,0,0,0,0,32940
171511,0,0,0,101,0,0,0,0,33024
171512,0,0,0,101,0,0,0,0,33025
171513,0,0,0,101,0,0,0,0,33026
171514,0,0,0,101,0,0,0,0,33027
171515,0,0,0,101,0,0,0,0,31852
171516,0,0,0,101,0,0,0,0,31853
171517,0,0,0,101,0,0,0,0,31854
171522,0,0,0,101,0,0,0,0,31920
171523,0,0,0,101,0,0,0,0,31921
171524,0,0,0,100,5,0,20,0,31997
171525,0,0,0,101,0,0,0,0,31998
171526,0,0,0,101,0,0,0,0,31999
171527,0,0,0,101,0,0,0,0,32000
171532,0,0,0,101,0,0,0,0,32074
171535,0,0,0,101,0,0,0,0,32153
171536,0,0,0,101,0,0,0,0,32154
171537,0,0,0,101,0,0,0,0,32155
171538,0,0,0,101,0,0,0,0,32235
171539,0,0,0,101,0,0,0,0,32236
171540,0,0,0,101,0,0,0,0,32237
171541,0,0,0,101,0,0,0,0,32238
171542,0,0,0,101,0,0,0,0,32239
171543,0,0,0,101,0,0,0,0,32319
171544,0,0,0,101,0,0,0,0,32320
171545,0,0,0,101,0,0,0,0,32321
171546,0,0,0,101,0,0,0,0,32322
171547,0,0,0,101,0,0,0,0,32323
171548,0,0,0,100,0,0,65536,0,32394
171549,0,0,0,101,0,0,0,0,32395
171550,0,0,0,101,0,0,0,0,32396
171551,0,0,0,101,0,0,0,0,32397
171552,0,0,0,101,0,0,0,0,32468
171553,0,0,0,101,0,0,0,0,32469
171554,0,0,0,101,0,0,0,0,32470
171555,0,0,0,101,0,0,0,0,32471
171556,0,0,0,101,0,0,0,0,32472
171557,0,0,0,101,0,0,0,0,32473
171560,0,0,0,101,0,0,0,0,32556
171561,0,0,0,101,0,0,0,0,32557
171565,0,0,0,101,0,0,0,0,32636
171566,0,0,0,101,0,0,0,0,32637
171567,0,0,0,101,0,0,0,0,32638
171568,0,0,0,101,0,0,0,0,32639
171569,0,0,0,101,0,0,0,0,32709
171570,0,0,0,101,0,0,0,0,32710
171571,0,0,0,101,0,0,0,0,32711
171572,0,0,0,101,0,0,0,0,32712
171573,0,0,0,101,0,0,0,0,32714
171574,0,0,0,101,0,0,0,0,32787
171575,0,0,0,101,0,0,0,0,32788
171576,0,0,0,101,0,0,0,0,32789
171577,0,0,0,101,0,0,0,0,32790
171578,0,0,0,101,0,0,0,0,32791
171579,0,0,0,100,0,0,-2146819416,0,32863
171580,0,0,0,101,0,0,0,0,32864
171581,0,0,0,101,0,0,0,0,32865
171582,0,0,0,101,0,0,0,0,32942
171583,0,0,0,101,0,0,0,0,32943
171584,0,0,0,101,0,0,0,0,32944
171585,0,0,0,101,0,0,0,0,32945
171586,0,0,0,101,0,0,0,0,32946
171587,0,0,0,101,0,0,0,0,33028
171588,0,0,0,101,0,0,0,0,33029
171589,0,0,0,101,0,0,0,0,33030
171590,0,0,0,101,0,0,0,0,33031
171593,0,0,0,101,0,0,0,0,31858
171594,0,0,0,101,0,0,0,0,31859
171595,0,0,0,101,0,0,0,0,31922
171596,0,0,0,101,0,0,0,0,31923
171599,0,0,0,101,0,0,0,0,31926
171600,0,0,0,101,0,0,0,0,31927
171601,0,0,0,101,0,0,0,0,32001
171602,0,0,0,101,0,0,0,0,32002
171603,0,0,0,101,0,0,0,0,32003
171604,0,0,0,101,0,0,0,0,32004
171606,0,10,0,101,0,0,0,0,32076
171607,0,0,0,101,0,0,0,0,32077
171608,0,0,0,101,0,0,0,0,32078
171609,0,0,0,101,0,0,0,0,32079
171612,0,0,0,101,0,0,0,0,32158
171613,0,0,0,101,0,0,0,0,32159
171614,0,0,0,101,0,0,0,0,32160
171615,0,0,0,101,0,0,0,0,32240
171616,0,0,0,101,0,0,0,0,32241
171617,0,0,0,101,0,0,0,0,32242
171618,0,0,0,101,0,0,0,0,32243
171619,0,0,0,101,0,0,0,0,32324
171620,0,0,0,101,0,0,0,0,32325
171622,0,0,0,101,0,0,0,0,32327
171623,0,0,0,101,0,0,0,0,32328
171624,0,0,0,101,0,0,0,0,32398
171625,0,0,0,101,0,0,0,0,32399
171626,0,0,0,101,0,0,0,0,32400
171627,0,0,0,101,0,0,0,0,32474
171628,0,0,0,101,0,0,0,0,32475
171629,0,0,0,101,0,0,0,0,32476
171630,0,0,0,101,0,0,0,0,32477
171631,0,0,0,101,0,0,0,0,32478
171632,0,0,0,101,0,0,0,0,32479
171634,0,0,0,101,0,0,0,0,32560
171637,0,0,0,101,0,0,0,0,32563
171638,0,0,0,101,0,0,0,0,32564
171639,0,0,0,101,0,0,0,0,32640
171640,0,0,0,101,0,0,0,0,32641
171641,0,0,0,100,0,0,139944,0,32642
171642,0,5,0,101,0,0,0,0,32643
171644,0,3,0,101,0,0,0,0,32716
171645,0,0,0,101,0,0,0,0,32717
171648,0,0,0,101,0,0,0,0,32720
171649,0,0,0,101,0,0,0,0,32792
171650,0,0,0,101,0,0,0,0,32793
171651,0,0,0,101,0,0,0,0,32794
171652,0,0,0,101,0,0,0,0,32795
171653,0,0,0,101,0,0,0,0,32866
171654,0,0,0,101,0,0,0,0,32867
171655,0,0,0,101,0,0,0,0,32868
171656,0,0,0,101,0,0,0,0,32869
171657,0,0,0,101,0,0,0,0,32870
171658,0,0,0,101,0,0,0,0,32871
171659,0,0,0,101,0,0,0,0,32948
171661,0,0,0,101,0,0,0,0,32950
171662,0,0,0,101,0,0,0,0,32951
171663,0,0,0,101,0,0,0,0,32952
171664,0,0,0,101,0,0,0,0,32953
171665,0,0,0,101,0,0,0,0,33032
171666,0,0,0,101,0,0,0,0,33033
171667,0,0,0,101,0,0,0,0,33034
171668,0,0,0,101,0,0,0,0,33035
171669,0,0,0,101,0,0,0,0,31860
171670,0,0,0,101,0,0,0,0,31861
171671,0,0,0,101,0,0,0,0,31862
171672,0,0,0,101,0,0,0,0,31863
171673,0,0,0,101,0,0,0,0,31928
171676,0,0,0,101,0,0,0,0,31932
171677,0,0,0,101,0,0,0,0,31933
171678,0,0,0,101,0,0,0,0,32005
171679,0,0,0,101,0,0,0,0,32006
171680,0,0,0,101,0,0,0,0,32007
171681,0,0,0,15,0,0,4,0,32008
171682,0,0,0,101,0,0,0,0,32009
171683,0,0,0,101,0,0,0,0,32080
171685,0,0,0,101,0,0,0,0,32082
171689,0,0,0,101,0,0,0,0,32161
171690,0,0,0,101,0,0,0,0,32162
171691,0,0,0,101,0,0,0,0,32163
171692,0,0,0,101,0,0,0,0,32164
171694,0,0,0,101,0,0,0,0,32244
171695,0,0,0,101,0,0,0,0,32245
171696,0,0,0,101,0,0,0,0,32246
171697,0,0,0,101,0,0,0,0,32247
171698,0,0,0,101,0,0,0,0,32329
171699,0,1,0,101,0,0,0,0,32330
171701,0,0,0,101,0,0,0,0,32332
171703,0,0,0,101,0,0,0,0,32401
171704,0,0,0,101,0,0,0,0,32402
171705,0,0,0,101,0,0,0,0,32403
171706,0,0,0,101,0,0,0,0,32404
171707,0,0,0,101,0,0,0,0,32480
171708,0,0,0,101,0,0,0,0,32481
171709,0,0,0,101,0,0,0,0,32482
171710,0,0,0,101,0,0,0,0,32483
171711,0,0,0,101,0,0,0,0,32484
171713,0,0,0,101,0,0,0,0,32566
171714,0,0,0,101,0,0,0,0,32567
171715,0,0,0,101,0,0,0,0,32568
171716,0,0,0,101,0,0,0,0,32569
171717,0,0,0,101,0,0,0,0,32570
171718,0,0,0,101,0,0,0,0,32645
171719,0,0,0,101,0,0,0,0,32646
171720,0,0,0,101,0,0,0,0,32647
171721,0,0,0,101,0,0,0,0,32648
171722,0,0,0,101,0,0,0,0,32721
171723,0,10,0,101,0,0,0,0,32722
171724,0,0,0,101,0,0,0,0,32723
171728,0,0,0,101,0,0,0,0,32796
171733,0,0,0,101,0,0,0,0,32801
171734,0,0,0,101,0,0,0,0,32872
171735,0,0,0,101,0,0,0,0,32873
171736,0,0,0,101,0,0,0,0,32874
171739,0,0,0,101,0,0,0,0,32954
171740,0,0,0,101,0,0,0,0,32955
171741,0,0,0,101,0,0,0,0,32956
171742,0,0,0,101,0,0,0,0,32957
171743,0,0,0,101,0,0,0,0,32958
171744,0,0,0,101,0,0,0,0,33036
171745,0,0,0,101,0,0,0,0,33037
171746,0,0,0,101,0,0,0,0,33038
171747,0,0,0,101,0,0,0,0,33039
171748,0,0,0,101,0,0,0,0,31864
171749,0,0,0,101,0,0,0,0,31865
171750,0,0,0,101,0,0,0,0,31866
171751,0,0,0,101,0,0,0,0,31867
171752,0,0,0,101,0,0,0,0,31868
171754,0,0,0,101,0,0,0,0,31935
171755,0,0,0,101,0,0,0,0,31936
171757,0,0,0,101,0,0,0,0,31938
171758,0,0,0,101,0,0,0,0,32010
171759,0,0,0,101,0,0,0,0,32011
171760,0,0,0,101,0,0,0,0,32012
171761,0,0,0,101,0,0,0,0,32013
171762,0,0,0,101,0,0,0,0,32014
171764,0,0,0,101,0,0,0,0,32087
171765,0,0,0,101,0,0,0,0,32092
171766,0,1,0,101,0,0,0,0,32093
171767,0,0,0,101,0,0,0,0,32167
171768,0,0,0,101,0,0,0,0,32168
171769,0,0,0,101,0,0,0,0,32169
171770,0,0,0,101,0,0,0,0,32170
171772,0,0,0,101,0,0,0,0,32248
171773,0,0,0,101,0,0,0,0,32249
171774,0,0,0,101,0,0,0,0,32250
171775,0,0,0,101,0,0,0,0,32251
171777,0,0,0,101,0,0,0,0,32334
171780,0,0,0,101,0,0,0,0,32337
171781,0,0,0,101,0,0,0,0,32338
171782,0,0,0,101,0,0,0,0,32405
171783,0,0,0,101,0,0,0,0,32406
171784,0,0,0,101,0,0,0,0,32407
171785,0,0,0,101,0,0,0,0,32408
171786,0,0,0,100,1,0,2,0,32409
171787,0,0,0,101,0,0,0,0,32485
171788,0,0,0,101,0,0,0,0,32487
171789,0,0,0,101,0,0,0,0,32488
171790,0,0,0,101,0,0,0,0,32489
171791,0,0,0,101,0,0,0,0,32490
171793,0,0,0,101,0,0,0,0,32571
171794,0,0,0,101,0,0,0,0,32572
171795,0,0,0,101,0,0,0,0,32573
171796,0,0,0,101,0,0,0,0,32574
171797,0,0,0,101,0,0,0,0,32575
171798,0,0,0,101,0,0,0,0,32649
171800,0,0,0,101,0,0,0,0,32651
171801,0,0,0,101,0,0,0,0,32652
171803,0,0,0,101,0,0,0,0,32728
171804,0,0,0,101,0,0,0,0,32729
171805,0,0,0,101,0,0,0,0,32730
171806,0,0,0,101,0,0,0,0,32731
171815,0,0,0,101,0,0,0,0,32959
171816,0,0,0,101,0,0,0,0,32960
171817,0,0,0,101,0,0,0,0,32961
171818,0,0,0,101,0,0,0,0,32962
171819,0,0,0,101,0,0,0,0,32963
171820,0,0,0,101,0,0,0,0,33040
171821,0,0,0,100,1,0,139944,0,33041
171822,0,0,0,100,1,0,139944,0,33042
171823,0,0,0,101,0,0,0,0,31869
171824,0,0,0,101,0,0,0,0,31870
171826,0,0,0,101,0,0,0,0,31872
171827,0,0,0,101,0,0,0,0,31939
171829,0,0,0,101,0,0,0,0,31941
171830,0,0,0,101,0,0,0,0,31942
171831,0,0,0,101,0,0,0,0,31943
171832,0,0,0,101,0,0,0,0,32015
171833,0,0,0,101,0,0,0,0,32016
171834,0,0,0,101,0,0,0,0,32017
171835,0,0,0,101,0,0,0,0,32018
171836,0,0,0,101,0,0,0,0,32094
171837,0,0,0,101,0,0,0,0,32095
171839,0,0,0,101,0,0,0,0,32172
171840,0,0,0,101,0,0,0,0,32173
171841,0,0,0,101,0,0,0,0,32174
171842,0,0,0,100,2,0,139944,0,32175
171843,0,0,0,101,0,0,0,0,32176
171844,0,0,0,101,0,0,0,0,32253
171846,0,0,0,101,0,0,0,0,32255
171849,0,0,3000,20,0,0,20,0,32339
171853,0,0,0,101,0,0,0,0,32343
171854,0,0,0,101,0,0,0,0,32345
171855,0,0,0,101,0,0,0,0,32410
171856,0,0,0,101,0,0,0,0,32411
171857,0,0,0,101,0,0,0,0,32412
171860,0,0,0,101,0,0,0,0,32493
171861,0,0,0,101,0,0,0,0,32494
171862,0,0,0,101,0,0,0,0,32495
171863,0,0,0,101,0,0,0,0,32496
171864,0,0,0,101,0,0,0,0,32497
171865,0,0,0,101,0,0,0,0,32576
171866,0,0,0,101,0,0,0,0,32577
171867,0,0,0,101,0,0,0,0,32578
171869,0,0,0,101,0,0,0,0,32654
171870,0,0,0,101,0,0,0,0,32655
171871,0,0,0,101,0,0,0,0,32656
171872,0,0,0,101,0,0,0,0,32657
171874,0,0,0,101,0,0,0,0,32659
171875,0,0,4000,10,0,0,20,0,32732
171876,0,0,0,101,0,0,0,0,32733
171877,0,0,3500,100,10,0,139944,0,32734
171878,0,0,0,101,0,0,0,0,32735
171880,0,0,0,101,0,0,0,0,32807
171881,0,0,0,101,0,0,0,0,32808
171882,0,0,0,101,0,0,0,0,32809
171883,0,0,0,101,0,0,0,0,32810
171884,0,0,0,101,0,0,0,0,32811
171888,0,0,0,100,0,0,139808,0,32885
171889,0,0,0,101,0,0,0,0,32964
171890,0,0,0,101,0,0,0,0,32965
171891,0,0,0,101,0,0,0,0,32966
171892,0,0,0,101,0,0,0,0,32967
171893,0,0,0,100,1,0,139944,0,33043
171894,0,10,0,101,0,0,0,0,33044
171895,0,0,0,101,0,0,0,0,33045
171896,0,0,0,101,0,0,0,0,33047
171897,0,0,0,101,0,0,0,0,31873
171900,0,0,0,101,0,0,0,0,31876
171901,0,0,0,101,0,0,0,0,31944
171902,0,0,0,101,0,0,0,0,31945
171903,0,0,0,101,0,0,0,0,31946
171905,0,0,0,101,0,0,0,0,32019
171906,0,0,0,101,0,0,0,0,32020
171907,0,0,0,101,0,0,0,0,32021
171908,0,0,0,101,0,0,0,0,32022
171909,0,0,0,101,0,0,0,0,32023
171911,0,0,0,101,0,0,0,0,32101
171912,0,0,0,100,0,0,0,0,32102
171913,0,0,0,101,0,0,0,0,32103
171915,0,0,0,101,0,0,0,0,32178
171916,0,0,0,101,0,0,0,0,32179
171920,0,0,0,101,0,0,0,0,32259
171921,0,0,0,101,0,0,0,0,32260
171922,0,0,0,101,0,0,0,0,32261
171923,0,4,0,101,0,0,0,0,32264
171924,0,0,0,101,0,0,0,0,32265
171925,0,0,0,101,0,0,0,0,32266
171926,0,0,0,101,0,0,0,0,32346
171927,0,0,0,101,0,0,0,0,32347
171928,0,0,0,101,0,0,0,0,32348
171929,0,0,0,101,0,0,0,0,32349
171931,0,0,0,101,0,0,0,0,32414
171932,0,0,0,101,0,0,0,0,32415
171933,0,0,0,101,0,0,0,0,32416
171934,0,0,0,101,0,0,0,0,32417
171935,0,0,0,101,0,0,0,0,32498
171936,0,0,0,101,0,0,0,0,32499
171937,0,0,0,101,0,0,0,0,32500
171938,0,0,0,101,0,0,0,0,32501
171939,0,0,0,101,0,0,0,0,32502
171940,0,0,0,101,0,0,0,0,32503
171941,0,0,0,101,0,0,0,0,32580
171943,0,0,0,101,0,0,0,0,32582
171946,0,0,0,101,0,0,0,0,32662
171947,0,0,0,101,0,0,0,0,32663
171948,0,0,0,101,0,0,0,0,32664
171949,0,0,0,101,0,0,0,0,32736
171950,0,0,0,101,0,0,0,0,32737
171951,0,0,0,101,0,0,0,0,32738
171952,0,3,0,101,0,0,0,0,32739
171953,0,0,0,101,0,0,0,0,32812
171954,0,0,0,101,0,0,0,0,32813
171955,0,0,0,101,0,0,0,0,32814
171957,0,0,0,101,0,0,0,0,32816
171958,0,0,0,101,0,0,0,0,32886
171960,0,0,0,101,0,0,0,0,32888
171961,0,0,0,101,0,0,0,0,32889
171962,0,0,0,101,0,0,0,0,32890
171963,0,0,0,101,0,0,0,0,32968
171964,0,0,0,101,0,0,0,0,32969
171965,0,0,0,10,0,0,20,0,32970
171966,0,0,0,101,0,0,0,0,32971
171967,0,0,0,101,0,0,0,0,32973
171968,0,0,0,101,0,0,0,0,33048
171969,0,0,0,101,0,0,0,0,33049
171970,0,0,0,101,0,0,0,0,33050
171971,0,0,0,101,0,0,0,0,33051
171972,0,0,0,101,0,0,0,0,33053
171973,0,0,0,101,0,0,0,0,31877
171974,0,0,0,101,0,0,0,0,31878
171976,0,0,0,101,0,0,0,0,31948
171977,0,0,0,101,0,0,0,0,31949
171978,0,0,0,101,0,0,0,0,31950
171980,0,0,0,101,0,0,0,0,31955
171981,0,0,0,101,0,0,0,0,32024
171982,0,0,0,101,0,0,0,0,32025
171983,0,0,0,101,0,0,0,0,32026
171984,0,0,0,101,0,0,0,0,32027
171985,0,0,0,101,0,0,0,0,32104
171986,0,0,0,101,0,0,0,0,32105
171987,0,0,0,5,0,0,65536,0,32106
171988,0,0,0,101,0,0,0,0,32108
171989,0,0,0,101,0,0,0,0,32109
171996,0,0,0,101,0,0,0,0,32267
171997,0,0,0,101,0,0,0,0,32268
171999,0,0,0,101,0,0,0,0,32270
172000,0,0,0,101,0,0,0,0,32271
172002,0,0,0,101,0,0,0,0,32352
172003,0,0,0,101,0,0,0,0,32353
172005,0,0,0,101,0,0,0,0,32355
172006,0,0,0,101,0,0,0,0,32418
172007,0,0,0,101,0,0,0,0,32419
172008,0,0,0,101,0,0,0,0,32420
172009,0,0,0,101,0,0,0,0,32504
172014,0,0,0,101,0,0,0,0,32583
172015,0,0,0,101,0,0,0,0,32584
172016,0,0,0,101,0,0,0,0,32585
172018,0,0,0,101,0,0,0,0,32665
172019,0,0,0,101,0,0,0,0,32666
172020,0,0,0,101,0,0,0,0,32667
172021,0,0,0,101,0,0,0,0,32668
172023,0,0,0,101,0,0,0,0,32740
172024,0,0,0,101,0,0,0,0,32741
172025,0,0,0,101,0,0,0,0,32742
172026,0,0,0,101,0,0,0,0,32743
172027,0,0,0,101,0,0,0,0,32817
172028,0,0,0,101,0,0,0,0,32818
172029,0,0,0,101,0,0,0,0,32819
172030,0,0,0,101,0,0,0,0,32820
172036,0,0,0,101,0,0,0,0,32894
172037,0,0,0,101,0,0,0,0,32895
172038,0,0,0,101,0,0,0,0,32896
172039,0,0,0,101,0,0,0,0,32974
172040,0,0,0,101,0,0,0,0,32976
172041,0,0,0,101,0,0,0,0,32977
172042,0,0,0,101,0,0,0,0,32978
172043,0,0,0,101,0,0,0,0,32979
172044,0,0,0,101,0,0,0,0,33054
172045,0,0,0,101,0,0,0,0,33055
172046,0,0,0,101,0,0,0,0,33056
172048,0,0,0,101,0,0,0,0,33059
172049,0,0,0,101,0,0,0,0,33060
172053,0,0,0,101,0,0,0,0,31956
172055,0,0,0,101,0,0,0,0,31958
172057,0,0,0,101,0,0,0,0,32028
172058,0,0,0,101,0,0,0,0,32029
172059,0,0,0,101,0,0,0,0,32030
172063,0,0,0,101,0,0,0,0,32110
172064,0,0,0,101,0,0,0,0,32111
172065,0,0,0,101,0,0,0,0,32112
172067,0,0,0,101,0,0,0,0,32190
172068,0,0,0,101,0,0,0,0,32191
172069,0,0,0,100,0,0,-2146819416,0,32192
172070,0,0,0,101,0,0,0,0,32193
172071,0,0,0,101,0,0,0,0,32272
172073,0,0,0,101,0,0,0,0,32274
172077,0,0,0,101,0,0,0,0,32356
172078,0,0,0,101,0,0,0,0,32357
172080,0,0,0,101,0,0,0,0,32359
172082,0,0,0,101,0,0,0,0,32421
172083,0,0,0,101,0,0,0,0,32422
172084,0,0,0,101,0,0,0,0,32423
172085,0,0,0,101,0,0,0,0,32424
172093,0,0,0,100,1,0,680,0,32587
172094,0,0,0,101,0,0,0,0,32588
172095,0,0,0,101,0,0,0,0,32589
172096,0,0,0,101,0,0,0,0,32590
172097,0,0,0,101,0,0,0,0,32591
172101,0,0,0,101,0,0,0,0,32674
172102,0,0,0,101,0,0,0,0,32744
172103,0,0,0,101,0,0,0,0,32745
172104,0,0,0,101,0,0,0,0,32746
172105,0,0,0,101,0,0,0,0,32747
172106,0,0,0,101,0,0,0,0,32748
172110,0,0,0,101,0,0,0,0,32826
172112,0,0,0,101,0,0,0,0,32897
172113,0,0,3000,15,0,0,20,0,32898
172114,0,0,0,101,0,0,0,0,32899
172115,0,0,0,5,0,0,20,0,32900
172116,0,5,0,101,0,0,0,0,32901
172117,0,0,0,2,0,0,81920,0,32980
172118,0,0,25000,75,0,0,81920,0,32981
172119,0,0,0,101,0,0,0,0,32982
172120,0,0,0,101,0,0,0,0,32984
172121,0,0,0,101,0,0,0,0,33061
172122,0,0,0,101,0,0,0,0,33062
172123,0,0,0,101,0,0,0,0,33063
172124,0,0,0,101,0,0,0,0,33064
172126,0,0,0,101,0,0,0,0,31884
172127,0,0,0,101,0,0,0,0,31886
172129,0,0,0,101,0,0,0,0,31961
172130,0,0,0,101,0,0,0,0,31962
172131,0,0,0,101,0,0,0,0,31963
172132,0,0,0,101,0,0,0,0,31964
172134,0,0,0,101,0,0,0,0,32036
172135,0,0,0,101,0,0,0,0,32037
172136,0,0,0,101,0,0,0,0,32038
172140,0,0,0,101,0,0,0,0,32117
172142,0,0,0,101,0,0,0,0,32194
172143,0,0,0,101,0,0,0,0,32195
172144,0,0,0,101,0,0,0,0,32196
172145,0,0,0,101,0,0,0,0,32197
172146,0,0,0,101,0,0,0,0,32278
172147,0,0,0,101,0,0,0,0,32279
172148,0,0,0,101,0,0,0,0,32280
172149,0,0,0,101,0,0,0,0,32281
172150,0,0,0,101,0,0,0,0,32282
172152,0,0,0,101,0,0,0,0,32362
172153,0,0,0,101,0,0,0,0,32363
172154,0,0,0,101,0,0,0,0,32364
172155,0,0,0,101,0,0,0,0,32426
172156,0,0,0,101,0,0,0,0,32427
172157,0,0,0,101,0,0,0,0,32428
172158,0,0,0,50,0,0,20,0,32429
172165,0,0,0,101,0,0,0,0,32592
172166,0,0,3500,100,6,0,139944,0,32593
172167,0,0,0,101,0,0,0,0,32675
172168,0,0,0,101,0,0,0,0,32676
172169,0,0,0,101,0,0,0,0,32677
172170,0,0,0,101,0,0,0,0,32678
172171,0,0,0,101,0,0,0,0,32749
172172,0,0,0,101,0,0,0,0,32750
172173,0,0,0,101,0,0,0,0,32751
172174,0,0,0,101,0,0,0,0,32752
172176,0,0,0,101,0,0,0,0,32828
172177,0,0,0,101,0,0,0,0,32829
172178,0,0,0,101,0,0,0,0,32830
172179,0,0,0,101,0,0,0,0,32831
172180,0,0,0,101,0,0,0,0,32902
172181,0,0,0,101,0,0,0,0,32903
172182,0,0,0,101,0,0,0,0,32904
172183,0,0,0,101,0,0,0,0,32905
172186,0,0,0,101,0,0,0,0,32988
172187,0,0,0,101,0,0,0,0,32989
172188,0,0,0,101,0,0,0,0,32990
172189,0,0,0,101,0,0,0,0,32991
172190,0,0,0,101,0,0,0,0,33066
172191,0,0,0,101,0,0,0,0,33067
172192,0,0,0,101,0,0,0,0,33068
172193,0,0,0,101,0,0,0,0,33069
172194,0,0,0,101,0,0,0,0,33070
172196,0,0,0,101,0,0,0,0,31888
172197,0,0,0,101,0,0,0,0,31889
172203,0,0,0,101,0,0,0,0,31969
172204,0,0,0,101,0,0,0,0,32039
172205,0,0,0,101,0,0,0,0,32040
172206,0,0,0,101,0,0,0,0,32041
172207,0,0,0,101,0,0,0,0,32042
172209,0,0,0,101,0,0,0,0,32121
172210,0,0,0,101,0,0,0,0,32122
172212,0,0,0,101,0,0,0,0,32199
172213,0,0,0,101,0,0,0,0,32200
172214,0,0,0,101,0,0,0,0,32202
172216,0,0,0,101,0,0,0,0,32284
172217,0,0,0,101,0,0,0,0,32285
172218,0,0,0,101,0,0,0,0,32286
172221,0,0,0,100,0,0,-2146819416,0,32365
172222,0,0,0,101,0,0,0,0,32366
172223,0,0,0,101,0,0,0,0,32367
172224,0,0,0,101,0,0,0,0,32368
172225,0,0,0,100,0,0,32768,0,32430
172226,0,0,0,100,0,0,32768,0,32431
172235,0,0,3500,100,6,0,139944,0,32594
172236,0,0,0,101,0,0,0,0,32595
172238,0,0,0,101,0,0,0,0,32679
172240,0,5,0,10,0,0,20,0,32682
172241,0,5,0,101,0,0,40,0,32683
172242,0,0,0,101,0,0,0,0,32754
172244,0,0,0,100,2,0,17408,0,32756
172247,0,0,0,101,0,0,0,0,32759
172248,0,0,0,101,0,0,0,0,32832
172249,0,0,0,101,0,0,0,0,32834
172250,0,0,0,101,0,0,0,0,32835
172251,0,0,35000,15,0,0,81920,0,32837
172252,0,0,0,101,0,0,0,0,32838
172253,0,0,0,101,0,0,0,0,32906
172254,0,0,0,101,0,0,0,0,32907
172255,0,0,0,101,0,0,0,0,32908
172256,0,0,0,101,0,0,0,0,32909
172257,0,0,1000,100,3,0,4,0,32910
172258,0,0,0,101,0,0,0,0,32992
172259,0,0,0,101,0,0,0,0,32993
172260,0,0,0,101,0,0,0,0,32994
172261,0,0,0,101,0,0,0,0,32995
172262,0,0,0,101,0,0,0,0,32996
172264,0,0,0,7,0,0,1048576,0,31829
172265,0,0,0,10,0,0,1048576,0,31830
172269,0,0,0,100,0,0,4,0,31892
172272,0,0,0,101,0,0,0,0,31970
172273,0,0,0,101,0,0,0,0,31971
172274,0,0,0,101,0,0,0,0,31972
172275,0,0,0,101,0,0,0,0,31973
172278,0,25,0,100,1,0,65552,0,32045
172281,0,0,0,101,0,0,0,0,32123
172282,0,0,0,101,0,0,0,0,32124
172283,0,0,0,101,0,0,0,0,32125
172284,0,0,0,101,0,0,0,0,32126
172285,0,0,0,101,0,0,0,0,32127
172286,0,0,0,101,0,0,0,0,32203
172287,0,0,0,101,0,0,0,0,32204
172288,0,0,0,101,0,0,0,0,32205
172291,0,0,0,101,0,0,0,0,32289
172292,0,0,0,101,0,0,0,0,32290
172294,0,0,0,101,0,0,0,0,32292
172295,0,0,0,101,0,0,0,0,32369
172296,0,0,0,101,0,0,0,0,32370
172297,0,0,0,101,0,0,0,0,32371
172298,0,0,0,101,0,0,0,0,32372
172299,0,0,0,101,0,0,0,0,32373
172301,0,0,0,101,0,0,0,0,32437
172303,0,0,0,101,0,0,0,0,32439
172304,0,0,0,101,0,0,0,0,32440
172305,0,0,0,101,0,0,0,0,32441
172310,0,0,0,101,0,0,0,0,32599
172311,0,0,0,101,0,0,0,0,32600
172312,0,0,0,101,0,0,0,0,32601
172313,0,0,0,101,0,0,0,0,32602
172314,0,0,0,101,0,0,0,0,32684
172316,0,0,0,101,0,0,0,0,32686
172318,0,0,0,101,0,0,0,0,32760
172322,0,0,0,101,0,0,0,0,32764
172323,0,0,0,101,0,0,0,0,32765
172324,0,0,0,101,0,0,0,0,32839
172325,0,0,0,101,0,0,0,0,32840
172326,0,0,0,101,0,0,0,0,32841
172327,0,0,0,101,0,0,0,0,32842
172329,0,0,0,100,0,0,20,0,32844
172330,0,0,0,101,0,0,0,0,32911
172331,0,0,1000,15,0,0,20,0,32912
172332,0,0,0,101,0,0,0,0,32913
172333,0,0,0,101,0,0,0,0,32914
172334,0,0,0,101,0,0,0,0,32915
172337,0,0,0,101,0,0,0,0,33002
172339,0,0,0,101,0,0,0,0,33004
172340,0,0,0,33,0,0,16384,0,31833
172341,0,0,0,101,0,0,0,0,31834
172342,0,0,0,66,0,0,16384,0,31835
172343,0,0,0,100,0,0,20,0,31895
172346,0,0,0,101,0,0,0,0,31974
172347,0,0,0,101,0,0,0,0,31975
172348,0,0,0,100,0,0,139944,0,31976
172352,0,25,0,100,1,0,65536,0,32051
172353,0,25,0,100,1,0,65536,0,32052
172355,0,0,0,101,0,0,0,0,32129
172356,0,0,0,101,0,0,0,0,32130
172357,0,0,0,101,0,0,0,0,32131
172361,0,0,0,101,0,0,0,0,32211
172365,0,0,0,101,0,0,0,0,32295
172366,0,0,0,101,0,0,0,0,32296
172367,0,0,0,101,0,0,0,0,32297
172368,0,0,0,101,0,0,0,0,32375
172369,0,5,0,101,0,0,0,0,32376
172379,0,0,0,101,0,0,0,0,32603
172380,0,0,0,101,0,0,0,0,32604
172381,0,0,0,101,0,0,0,0,32605
172382,0,0,0,101,0,0,0,0,32606
172383,0,0,0,101,0,0,0,0,32607
172384,0,0,0,101,0,0,0,0,32689
172385,0,0,0,101,0,0,0,0,32690
172386,0,0,0,101,0,0,0,0,32691
172387,0,0,0,101,0,0,0,0,32692
172388,0,0,0,101,0,0,0,0,32766
172391,0,0,0,101,0,0,0,0,32769
172392,0,0,0,101,0,0,0,0,32845
172393,0,0,0,101,0,0,0,0,32846
172394,0,0,0,0,0,0,1048576,0,32848
172395,0,0,0,101,0,0,0,0,32849
172396,0,0,0,101,0,0,0,0,32916
172398,0,0,0,101,0,0,0,0,32918
172399,0,0,0,101,0,0,0,0,32919
172400,0,0,0,101,0,0,0,0,33005
172401,0,0,0,101,0,0,0,0,33006
172405,0,0,0,101,0,0,0,0,33010
172406,0,0,0,100,0,0,16384,0,31836
172407,0,0,0,101,0,0,0,0,31837
172408,0,0,0,101,0,0,0,0,31838
172409,0,0,0,101,0,0,0,0,31839
172412,0,0,0,101,0,0,0,0,31900
172413,0,0,0,101,0,0,0,0,31901
172414,0,0,0,101,0,0,0,0,31902
172415,0,0,0,101,0,0,0,0,31977
172416,0,0,0,101,0,0,0,0,31978
172417,0,0,0,101,0,0,0,0,31979
172419,0,0,0,101,0,0,0,0,31981
172421,0,0,0,101,0,0,0,0,32054
172422,0,0,0,101,0,0,0,0,32055
172423,0,0,0,101,0,0,0,0,32056
172424,0,0,0,101,0,0,0,0,32132
172425,0,0,0,101,0,0,0,0,32133
172426,0,0,0,101,0,0,0,0,32134
172427,0,0,0,100,0,0,2,0,32215
172428,0,0,0,101,0,0,0,0,32216
172431,0,0,0,101,0,0,0,0,32219
172432,0,0,0,101,0,0,0,0,32298
172434,0,0,0,101,0,0,0,0,32300
172435,0,0,0,101,0,0,0,0,32301
172436,0,0,0,101,0,0,0,0,32302
172437,0,0,0,101,0,0,0,0,32378
172438,0,0,0,101,0,0,0,0,32379
172440,0,0,0,101,0,0,0,0,32381
172441,0,0,0,101,0,0,0,0,32446
172442,0,0,0,100,0,0,139944,0,32447
172443,0,0,0,101,0,0,0,0,32448
172444,0,0,0,101,0,0,0,0,32449
172445,0,0,0,101,0,0,0,0,32450
172450,0,0,0,101,0,0,0,0,32609
172451,0,0,0,101,0,0,0,0,32610
172453,0,0,0,101,0,0,0,0,32612
172455,0,0,0,101,0,0,0,0,32614
172456,0,0,0,101,0,0,0,0,32693
172457,0,0,0,101,0,0,0,0,32694
172458,0,0,0,101,0,0,0,0,32695
172459,0,0,0,101,0,0,0,0,32696
172460,0,0,0,101,0,0,0,0,32770
172461,0,0,0,101,0,0,0,0,32771
172462,0,0,0,101,0,0,0,0,32772
172463,0,0,0,100,0,0,20,0,32850
172464,0,10,0,101,0,0,0,0,32851
172465,0,0,0,101,0,0,0,0,32852
172466,0,0,0,101,0,0,0,0,32853
172467,0,0,0,101,0,0,0,0,32920
172468,0,0,0,101,0,0,0,0,32921
172469,0,0,0,101,0,0,0,0,32922
172471,0,0,0,100,1,0,2,0,33012
172472,0,0,0,101,0,0,0,0,33013
172473,0,0,0,100,1,0,2,0,33014
172474,0,0,0,101,0,0,0,0,31840
172475,0,0,0,101,0,0,0,0,31841
172476,0,0,0,101,0,0,0,0,31842
172477,0,0,0,101,0,0,0,0,31843
172478,0,0,0,101,0,0,0,0,31903
172479,0,0,0,100,0,0,680,0,31904
172480,0,0,0,101,0,0,0,0,31905
172481,0,0,0,101,0,0,0,0,31907
172483,0,0,0,101,0,0,0,0,31983
172484,0,0,0,101,0,0,0,0,31984
172485,0,0,0,101,0,0,0,0,31985
172486,0,0,0,101,0,0,0,0,32057
172489,0,0,0,101,0,0,0,0,32060
172490,0,0,0,101,0,0,0,0,32135
172492,0,0,0,101,0,0,0,0,32137
172493,0,0,0,101,0,0,0,0,32138
172497,0,0,0,101,0,0,0,0,32223
172498,0,0,0,101,0,0,0,0,32224
172499,0,0,0,101,0,0,0,0,32303
172500,0,0,0,101,0,0,0,0,32304
172501,0,0,0,101,0,0,0,0,32305
172502,0,0,0,101,0,0,0,0,32306
172503,0,0,0,101,0,0,0,0,32307
172504,0,0,0,101,0,0,0,0,32382
172505,0,0,0,101,0,0,0,0,32383
172506,0,0,0,101,0,0,0,0,32384
172507,0,0,0,100,0,0,65536,0,32385
172508,0,0,0,101,0,0,0,0,32451
172509,0,0,0,101,0,0,0,0,32452
172510,0,0,0,101,0,0,0,0,32453
172511,0,0,0,101,0,0,0,0,32454
172512,0,0,0,101,0,0,0,0,32455
172517,0,0,0,101,0,0,0,0,32615
172518,0,0,0,101,0,0,0,0,32616
172520,0,0,0,101,0,0,0,0,32618
172522,0,0,0,101,0,0,0,0,32697
172523,0,0,0,101,0,0,0,0,32698
172524,0,0,0,101,0,0,0,0,32699
172525,0,0,0,101,0,0,0,0,32773
172526,0,0,0,101,0,0,0,0,32774
172527,0,0,0,100,5,0,680,0,32776
172528,0,0,0,101,0,0,0,0,32854
172529,0,0,0,101,0,0,0,0,32855
172530,0,0,0,101,0,0,0,0,32856
172531,0,0,0,101,0,0,0,0,32857
172532,0,0,0,101,0,0,0,0,32924
172533,0,0,0,101,0,0,0,0,32925
172534,0,0,0,101,0,0,0,0,32926
172535,0,0,0,101,0,0,0,0,32927
172536,0,0,0,101,0,0,0,0,33015
172537,0,0,0,101,0,0,0,0,33016
172538,0,0,0,101,0,0,0,0,33017
172539,0,0,0,101,0,0,0,0,33018
172540,0,0,0,101,0,0,0,0,33019
172541,0,0,0,101,0,0,0,0,31844
172542,0,0,0,101,0,0,0,0,31845
172543,0,0,0,101,0,0,0,0,31846
172544,0,0,0,101,0,0,0,0,31847
172545,0,0,0,101,0,0,0,0,31909
172546,0,0,0,101,0,0,0,0,31910
172547,0,0,0,101,0,0,0,0,31911
172549,0,0,0,101,0,0,0,0,31986
172550,0,0,0,101,0,0,0,0,31988
172552,0,0,0,101,0,0,0,0,31990
172553,0,0,0,101,0,0,0,0,31991
172554,0,0,0,101,0,0,0,0,32062
172555,0,0,0,101,0,0,0,0,32063
172556,0,0,0,101,0,0,0,0,32064
172557,0,7,0,101,0,0,0,0,32139
172558,0,0,0,101,0,0,0,0,32140
172559,0,0,0,101,0,0,0,0,32142
172560,0,0,0,101,0,0,0,0,32143
172561,0,0,0,101,0,0,0,0,32225
172562,0,0,0,101,0,0,0,0,32226
172563,0,0,0,101,0,0,0,0,32227
172564,0,0,0,101,0,0,0,0,32228
172566,0,0,0,101,0,0,0,0,32308
172567,0,3,0,101,0,0,0,0,32309
172568,0,0,0,101,0,0,0,0,32311
172569,0,0,0,101,0,0,0,0,32312
172571,0,0,0,100,0,0,65536,0,32386
172572,0,0,0,100,0,0,65536,0,32387
172573,0,0,0,100,0,0,65536,0,32388
172574,0,0,0,100,0,0,65536,0,32389
172575,0,0,0,101,0,0,0,0,32456
172576,0,0,0,101,0,0,0,0,32457
172577,0,0,0,101,0,0,0,0,32458
172578,0,0,0,101,0,0,0,0,32459
172580,0,0,0,101,0,0,0,0,32461
172588,0,0,0,101,0,0,0,0,32622
172589,0,0,0,101,0,0,0,0,32623
172593,0,0,0,101,0,0,0,0,32700
172594,0,0,0,101,0,0,0,0,32701
172596,0,0,0,101,0,0,0,0,32703
172598,0,0,0,100,4,0,680,0,32777
172600,0,0,0,101,0,0,0,0,32779
172602,0,0,0,101,0,0,0,0,32858
172603,0,0,0,100,0,0,-2146819416,0,32859
172604,0,3,0,101,0,0,0,0,32860
172605,0,0,0,101,0,0,0,0,32928
172606,0,0,0,101,0,0,0,0,32929
172607,0,0,0,101,0,0,0,0,32930
172608,0,0,0,101,0,0,0,0,32931
172609,0,0,0,101,0,0,0,0,32932
172610,0,0,0,101,0,0,0,0,33020
172611,0,0,0,101,0,0,0,0,33021
172612,0,0,0,101,0,0,0,0,33022
172613,0,30,0,101,0,0,0,0,33023
172614,0,0,0,101,0,0,0,0,31848
172615,0,0,0,101,0,0,0,0,31849
172616,0,0,0,101,0,0,0,0,31850
172617,0,0,0,101,0,0,0,0,31851
172619,0,0,0,101,0,0,0,0,31914
172620,0,0,0,101,0,0,0,0,31915
172621,0,0,0,101,0,0,0,0,31916
172622,0,0,0,101,0,0,0,0,31992
172623,0,0,0,101,0,0,0,0,31993
172624,0,0,0,101,0,0,0,0,31994
172626,0,0,0,101,0,0,0,0,31996
172627,0,5,0,101,0,0,2359296,0,32065
172628,0,0,60000,16,0,0,20,0,32066
172632,0,0,0,101,0,0,0,0,32145
172633,0,0,0,101,0,0,0,0,32146
172635,0,0,0,101,0,0,0,0,32148
172636,0,0,0,101,0,0,0,0,32149
172637,0,0,0,101,0,0,0,0,32150
172639,0,5,0,100,1,0,0,0,32231
172641,0,0,0,101,0,0,0,0,32233
172642,0,0,0,101,0,0,0,0,32234
172643,0,0,0,101,0,0,0,0,32314
172644,0,0,0,101,0,0,0,0,32315
172645,0,0,0,101,0,0,0,0,32316
172646,0,0,0,101,0,0,0,0,32317
172647,0,0,0,101,0,0,0,0,32318
172648,0,0,0,100,0,0,65536,0,32390
172649,0,0,0,100,0,0,65536,0,32391
172650,0,0,0,100,0,0,65536,0,32392
172651,0,0,0,100,0,0,65536,0,32393
172652,0,0,0,101,0,0,0,0,32462
172653,0,0,0,101,0,0,0,0,32463
172654,0,0,0,101,0,0,0,0,32464
172655,0,0,0,101,0,0,0,0,32465
172656,0,0,0,101,0,0,0,0,32466
172657,0,0,0,101,0,0,0,0,32467
172659,0,0,0,101,0,0,0,0,32548
172660,0,0,0,101,0,0,0,0,32549
172661,0,0,0,101,0,0,0,0,32550
172670,0,0,0,101,0,0,0,0,32633
172671,0,0,0,101,0,0,0,0,32705
172672,0,0,0,101,0,0,0,0,32706
172673,0,5,0,100,1,0,0,0,32707
172674,0,0,0,101,0,0,0,0,32708
172677,0,0,0,101,0,0,0,0,32783
172678,0,0,0,101,0,0,0,0,32784
172679,0,0,0,101,0,0,0,0,32785
172680,0,0,0,101,0,0,0,0,32786
172681,0,0,0,50,3,0,139944,0,32861
172682,0,0,0,101,0,0,0,0,32862
172683,0,0,0,101,0,0,0,0,32933
172684,0,0,0,101,0,0,0,0,32934
172685,0,0,0,101,0,0,0,0,32935
172686,0,0,0,101,0,0,0,0,32936
172687,0,0,0,101,0,0,0,0,32937
172688,0,0,0,101,0,0,0,0,34129
172689,0,0,0,101,0,0,0,0,34130
172690,0,0,0,101,0,0,0,0,34131
172691,0,0,0,100,0,0,4,0,34132
172693,0,0,0,101,0,0,0,0,34211
172694,0,0,0,101,0,0,0,0,34212
172695,0,0,0,101,0,0,0,0,34213
172696,0,0,0,101,0,0,0,0,34214
172697,0,0,0,101,0,0,0,0,34215
172698,0,0,0,101,0,0,0,0,33099
172699,0,0,0,101,0,0,0,0,33100
172700,0,0,0,101,0,0,0,0,33101
172701,0,0,0,101,0,0,0,0,33102
172702,0,0,0,101,0,0,0,0,33161
172703,0,0,0,101,0,0,0,0,33162
172704,0,0,0,101,0,0,0,0,33163
172705,0,0,0,101,0,0,0,0,33164
172706,0,0,0,101,0,0,0,0,33223
172707,0,0,0,101,0,0,0,0,33224
172708,0,0,0,101,0,0,0,0,33225
172709,0,0,0,101,0,0,0,0,33227
172715,0,0,0,101,0,0,0,0,33389
172716,0,0,0,101,0,0,0,0,33390
172717,0,0,0,101,0,0,0,0,33391
172718,0,0,0,101,0,0,0,0,33392
172719,0,0,0,101,0,0,0,0,33393
172720,0,0,0,101,0,0,0,0,33476
172721,0,0,0,101,0,0,0,0,33477
172722,0,0,0,101,0,0,0,0,33478
172723,0,0,0,101,0,0,0,0,33479
172724,0,0,0,101,0,0,0,0,33552
172725,0,0,0,101,0,0,0,0,33553
172727,0,0,0,101,0,0,0,0,33555
172728,0,0,0,101,0,0,0,0,33626
172729,0,0,0,101,0,0,0,0,33627
172730,0,0,0,101,0,0,0,0,33628
172732,0,0,0,101,0,0,0,0,33698
172733,0,0,0,101,0,0,0,0,33699
172734,0,0,0,101,0,0,0,0,33700
172735,0,0,0,101,0,0,0,0,33701
172736,0,0,0,100,0,0,-2146924544,0,33776
172738,0,0,0,101,0,0,0,0,33778
172740,0,0,0,101,0,0,0,0,33780
172741,0,0,0,101,0,0,0,0,33851
172742,0,0,0,101,0,0,0,0,33852
172743,0,0,0,101,0,0,0,0,33853
172744,0,0,0,101,0,0,0,0,33854
172745,0,3,0,101,0,0,0,0,33909
172746,0,0,0,101,0,0,0,0,33910
172747,0,5,0,101,0,0,0,0,33911
172748,0,0,0,101,0,0,0,0,33912
172749,0,0,0,101,0,0,0,0,33982
172750,0,0,0,101,0,0,0,0,33983
172751,0,0,0,101,0,0,0,0,33984
172756,0,0,0,100,0,0,4,0,34135
172757,0,0,0,101,0,0,0,0,34136
172758,0,0,0,101,0,0,0,0,34137
172759,0,0,0,100,0,0,16384,0,34138
172760,0,0,0,101,0,0,0,0,34216
172761,0,0,0,101,0,0,0,0,34217
172762,0,0,0,101,0,0,0,0,34218
172763,0,0,0,101,0,0,0,0,34219
172765,0,0,0,101,0,0,0,0,34221
172766,0,0,0,101,0,0,0,0,33103
172767,0,0,0,101,0,0,0,0,33104
172768,0,0,0,101,0,0,0,0,33105
172769,0,0,0,101,0,0,0,0,33106
172770,0,0,0,101,0,0,0,0,33165
172771,0,0,0,101,0,0,0,0,33166
172772,0,0,0,101,0,0,0,0,33167
172773,0,0,0,101,0,0,0,0,33168
172776,0,0,0,101,0,0,0,0,33230
172778,0,0,0,101,0,0,0,0,33232
172784,0,0,0,101,0,0,0,0,33394
172785,0,0,0,100,0,0,-2146819416,0,33395
172786,0,0,0,101,0,0,0,0,33397
172787,0,0,0,101,0,0,0,0,33398
172789,0,0,0,101,0,0,0,0,33480
172790,0,0,0,101,0,0,0,0,33482
172791,0,3,0,101,0,0,0,0,33483
172792,0,0,0,101,0,0,0,0,33556
172793,0,0,0,101,0,0,0,0,33557
172795,0,0,0,101,0,0,0,0,33559
172796,0,0,0,101,0,0,0,0,33630
172797,0,0,0,101,0,0,0,0,33631
172798,0,0,0,101,0,0,0,0,33632
172799,0,0,0,101,0,0,0,0,33633
172800,0,0,0,101,0,0,0,0,33702
172801,0,0,0,101,0,0,0,0,33703
172802,0,0,0,101,0,0,0,0,33704
172803,0,0,0,101,0,0,0,0,33705
172804,0,0,0,101,0,0,0,0,33706
172805,0,0,0,101,0,0,0,0,33781
172806,0,0,0,101,0,0,0,0,33782
172807,0,25,0,101,0,0,0,0,33783
172808,0,0,0,101,0,0,0,0,33784
172809,0,0,0,101,0,0,0,0,33855
172810,0,0,0,101,0,0,0,0,33856
172812,0,0,0,101,0,0,0,0,33913
172813,0,0,0,101,0,0,0,0,33914
172814,0,0,0,101,0,0,0,0,33915
172815,0,0,0,101,0,0,0,0,33916
172816,0,0,0,101,0,0,0,0,33985
172817,0,0,0,101,0,0,0,0,33986
172818,0,0,0,101,0,0,0,0,33987
172822,0,0,0,100,0,0,16384,0,34139
172823,0,0,0,101,0,0,0,0,34140
172824,0,0,0,101,0,0,0,0,34141
172825,0,0,0,101,0,0,0,0,34142
172826,0,0,0,101,0,0,0,0,34143
172827,0,0,0,101,0,0,0,0,34222
172828,0,0,0,101,0,0,0,0,34223
172829,0,0,0,101,0,0,0,0,34224
172830,0,0,0,101,0,0,0,0,34225
172831,0,0,0,101,0,0,0,0,34226
172832,0,0,0,101,0,0,0,0,34227
172833,0,0,0,101,0,0,0,0,33107
172834,0,0,0,101,0,0,0,0,33108
172835,0,0,0,101,0,0,0,0,33109
172837,0,0,0,101,0,0,0,0,33169
172838,0,0,0,101,0,0,0,0,33170
172839,0,0,0,101,0,0,0,0,33171
172840,0,0,0,101,0,0,0,0,33172
172841,0,0,0,101,0,0,0,0,33233
172842,0,0,0,101,0,0,0,0,33234
172843,0,0,0,101,0,0,0,0,33235
172844,0,0,0,101,0,0,0,0,33236
172850,0,0,0,101,0,0,0,0,33400
172851,0,0,0,101,0,0,0,0,33401
172852,0,0,0,101,0,0,0,0,33402
172853,0,0,0,101,0,0,0,0,33403
172854,0,0,0,101,0,0,0,0,33484
172855,0,0,0,101,0,0,0,0,33485
172856,0,0,0,101,0,0,0,0,33486
172857,0,0,0,101,0,0,0,0,33487
172858,0,0,0,101,0,0,0,0,33488
172859,0,0,0,101,0,0,0,0,33560
172860,0,0,0,101,0,0,0,0,33561
172861,0,0,0,101,0,0,0,0,33562
172862,0,0,0,101,0,0,0,0,33563
172863,0,0,0,101,0,0,0,0,33564
172864,0,0,0,101,0,0,0,0,33634
172867,0,0,0,101,0,0,0,0,33637
172868,0,0,0,101,0,0,0,0,33638
172869,0,0,0,101,0,0,0,0,33707
172870,0,0,0,101,0,0,0,0,33708
172871,0,0,0,101,0,0,0,0,33709
172872,0,0,0,101,0,0,0,0,33710
172873,0,0,0,101,0,0,0,0,33711
172874,0,0,0,101,0,0,0,0,33785
172875,0,0,0,101,0,0,0,0,33786
172876,0,0,0,101,0,0,0,0,33787
172877,0,0,0,101,0,0,0,0,33788
172879,0,0,0,101,0,0,0,0,33859
172880,0,0,0,101,0,0,0,0,33860
172881,0,0,0,101,0,0,0,0,33861
172882,0,0,0,101,0,0,0,0,33917
172883,0,0,0,101,0,0,0,0,33918
172884,0,0,0,101,0,0,0,0,33919
172887,0,0,0,101,0,0,0,0,33988
172888,0,0,0,101,0,0,0,0,33989
172889,0,0,0,101,0,0,0,0,33990
172890,0,0,0,101,0,0,0,0,33991
172893,0,0,0,101,0,0,0,0,34061
172894,0,0,0,101,0,0,0,0,34062
172895,0,0,0,101,0,0,0,0,34144
172900,0,0,0,101,0,0,0,0,34149
172901,0,0,0,101,0,0,0,0,34228
172902,0,0,0,101,0,0,0,0,34229
172903,0,0,0,101,0,0,0,0,34230
172904,0,0,0,101,0,0,0,0,34231
172905,0,0,0,101,0,0,0,0,34232
172906,0,0,0,101,0,0,0,0,34233
172907,0,0,0,101,0,0,0,0,33111
172908,0,0,0,101,0,0,0,0,33112
172909,0,0,0,101,0,0,0,0,33113
172910,0,0,0,101,0,0,0,0,33114
172911,0,0,0,101,0,0,0,0,33173
172912,0,0,0,101,0,0,0,0,33174
172913,0,0,0,101,0,0,0,0,33175
172914,0,0,0,101,0,0,0,0,33237
172915,0,0,0,101,0,0,0,0,33238
172916,0,0,0,101,0,0,0,0,33239
172917,0,0,0,101,0,0,0,0,33240
172919,0,0,0,101,0,0,0,0,33316
172924,0,0,0,101,0,0,0,0,33404
172925,0,0,0,101,0,0,0,0,33405
172928,0,0,0,101,0,0,0,0,33409
172929,0,0,0,101,0,0,0,0,33489
172930,0,0,0,101,0,0,0,0,33490
172931,0,0,0,101,0,0,0,0,33491
172932,0,0,0,101,0,0,0,0,33565
172933,0,0,0,101,0,0,0,0,33566
172936,0,0,0,101,0,0,0,0,33569
172938,0,0,0,101,0,0,0,0,33640
172939,0,0,0,101,0,0,0,0,33641
172940,0,0,0,101,0,0,0,0,33642
172941,0,0,0,101,0,0,0,0,33712
172942,0,1,0,101,0,0,0,0,33713
172943,0,1,0,101,0,0,0,0,33714
172944,0,0,0,101,0,0,0,0,33715
172945,0,0,0,101,0,0,0,0,33716
172946,0,0,0,100,0,0,-2146819416,0,33789
172947,0,0,0,101,0,0,0,0,33790
172948,0,0,0,101,0,0,0,0,33792
172949,0,0,0,101,0,0,0,0,33793
172951,0,0,0,101,0,0,0,0,33862
172954,0,0,0,101,0,0,0,0,33865
172955,0,0,0,101,0,0,0,0,33923
172956,0,0,0,101,0,0,0,0,33924
172957,0,0,0,101,0,0,0,0,33925
172958,0,0,0,101,0,0,0,0,33926
172960,0,0,0,101,0,0,0,0,33992
172961,0,0,0,101,0,0,0,0,33993
172962,0,0,0,101,0,0,0,0,33994
172963,0,0,0,101,0,0,0,0,33995
172964,0,0,0,101,0,0,0,0,34063
172967,0,0,0,101,0,0,0,0,34067
172968,0,0,0,101,0,0,0,0,34068
172969,0,0,0,101,0,0,0,0,34150
172970,0,0,0,101,0,0,0,0,34151
172971,0,0,0,101,0,0,0,0,34152
172972,0,0,0,101,0,0,0,0,34153
172973,0,0,0,101,0,0,0,0,34154
172974,0,0,0,101,0,0,0,0,34234
172975,0,0,0,101,0,0,0,0,34235
172976,0,0,0,101,0,0,0,0,34236
172977,0,0,0,101,0,0,0,0,34237
172978,0,0,0,101,0,0,0,0,34238
172979,0,0,0,101,0,0,0,0,33115
172980,0,0,0,101,0,0,0,0,33116
172981,0,0,0,101,0,0,0,0,33117
172982,0,0,0,101,0,0,0,0,33118
172983,0,0,0,101,0,0,0,0,33176
172984,0,0,0,101,0,0,0,0,33177
172985,0,0,0,101,0,0,0,0,33178
172986,0,0,0,101,0,0,0,0,33179
172987,0,0,0,101,0,0,0,0,33241
172989,0,0,0,101,0,0,0,0,33244
172990,0,0,0,101,0,0,0,0,33245
172993,0,0,0,101,0,0,0,0,33322
172994,0,0,0,101,0,0,0,0,33323
172995,0,0,0,101,0,0,0,0,33324
172996,0,0,0,101,0,0,0,0,33325
172997,0,0,0,101,0,0,0,0,33326
172998,0,0,0,101,0,0,0,0,33410
172999,0,0,0,101,0,0,0,0,33411
173000,0,0,0,101,0,0,0,0,33412
173001,0,0,0,101,0,0,0,0,33413
173002,0,0,0,101,0,0,0,0,33414
173003,0,0,0,101,0,0,0,0,33415
173004,0,0,0,100,5,0,40,0,33493
173005,0,0,0,101,0,0,0,0,33494
173007,0,0,0,101,0,0,0,0,33496
173009,0,0,0,101,0,0,0,0,33570
173010,0,0,0,101,0,0,0,0,33571
173011,0,10,0,101,0,0,0,0,33572
173013,0,0,0,101,0,0,0,0,33643
173014,0,0,0,101,0,0,0,0,33644
173015,0,0,0,101,0,0,0,0,33645
173017,0,0,0,101,0,0,0,0,33717
173019,0,0,0,100,0,0,139936,0,33719
173020,0,0,0,101,0,0,0,0,33720
173021,0,0,0,101,0,0,0,0,33795
173022,0,0,0,101,0,0,0,0,33796
173024,0,0,0,101,0,0,0,0,33798
173025,0,0,0,101,0,0,0,0,33799
173026,0,0,0,101,0,0,0,0,33800
173027,0,0,0,101,0,0,0,0,33866
173028,0,0,0,101,0,0,0,0,33867
173029,0,0,0,101,0,0,0,0,33868
173030,0,0,0,101,0,0,0,0,33928
173031,0,0,0,101,0,0,0,0,33929
173032,0,0,0,101,0,0,0,0,33930
173035,0,0,0,101,0,0,0,0,33996
173036,0,0,0,101,0,0,0,0,33997
173037,0,0,0,101,0,0,0,0,33999
173038,0,0,0,101,0,0,0,0,34069
173040,0,0,0,101,0,0,0,0,34071
173041,0,0,0,101,0,0,0,0,34072
173042,0,0,0,101,0,0,0,0,34073
173043,0,0,0,101,0,0,0,0,34155
173044,0,0,0,101,0,0,0,0,34156
173045,0,0,8000,16,0,0,20,0,34158
173046,0,3,0,101,0,0,0,0,34159
173048,0,0,0,101,0,0,0,0,34239
173049,0,0,0,101,0,0,0,0,34240
173050,0,0,0,101,0,0,0,0,34241
173052,0,0,0,101,0,0,0,0,33119
173053,0,0,0,101,0,0,0,0,33120
173056,0,0,0,101,0,0,0,0,33123
173057,0,0,0,101,0,0,0,0,33180
173058,0,0,0,101,0,0,0,0,33181
173059,0,0,0,101,0,0,0,0,33182
173060,0,0,0,101,0,0,0,0,33183
173064,0,0,0,101,0,0,0,0,33250
173065,0,0,0,101,0,0,0,0,33253
173066,0,0,0,101,0,0,0,0,33327
173067,0,0,0,101,0,0,0,0,33328
173068,0,0,0,101,0,0,0,0,33329
173070,0,0,0,101,0,0,0,0,33331
173071,0,0,0,101,0,0,0,0,33416
173072,0,0,0,101,0,0,0,0,33417
173073,0,0,0,101,0,0,0,0,33418
173074,0,0,0,101,0,0,0,0,33419
173075,0,0,0,101,0,0,0,0,33498
173077,0,0,0,101,0,0,0,0,33500
173078,0,0,0,101,0,0,0,0,33501
173082,0,0,50000,10,0,0,340,0,33648
173083,0,0,0,101,0,0,0,0,33649
173084,0,0,0,101,0,0,0,0,33650
173085,0,0,0,101,0,0,0,0,33651
173088,0,0,0,101,0,0,0,0,33723
173089,0,0,0,101,0,0,0,0,33725
173091,0,0,0,101,0,0,0,0,33802
173092,0,0,0,101,0,0,0,0,33803
173093,0,0,0,101,0,0,0,0,33804
173094,0,0,0,101,0,0,0,0,33805
173095,0,0,0,101,0,0,0,0,33869
173096,0,0,0,101,0,0,0,0,33871
173097,0,0,0,101,0,0,0,0,33872
173098,0,0,0,101,0,0,0,0,33933
173102,0,0,0,101,0,0,0,0,33937
173103,0,0,0,101,0,0,0,0,34000
173104,0,0,0,101,0,0,0,0,34001
173105,0,0,0,101,0,0,0,0,34002
173106,0,0,0,101,0,0,0,0,34003
173107,0,0,0,101,0,0,0,0,34074
173109,0,0,0,101,0,0,0,0,34076
173111,0,1,0,101,0,0,0,0,34161
173112,0,0,0,101,0,0,0,0,34162
173113,0,0,0,101,0,0,0,0,34163
173114,0,0,0,101,0,0,0,0,34164
173115,0,0,0,101,0,0,0,0,34243
173116,0,0,0,101,0,0,0,0,34244
173117,0,0,0,101,0,0,0,0,34246
173118,0,0,0,101,0,0,0,0,34247
173119,0,0,0,101,0,0,0,0,33124
173120,0,0,0,101,0,0,0,0,33125
173121,0,0,0,101,0,0,0,0,33126
173122,0,0,0,101,0,0,0,0,33184
173123,0,0,0,101,0,0,0,0,33185
173124,0,0,0,101,0,0,0,0,33186
173125,0,0,0,101,0,0,0,0,33187
173127,0,0,0,101,0,0,0,0,33255
173130,0,0,0,101,0,0,0,0,33332
173131,0,0,0,101,0,0,0,0,33333
173132,0,0,0,101,0,0,0,0,33334
173133,0,0,0,101,0,0,0,0,33335
173134,0,0,0,101,0,0,0,0,33336
173136,0,1,0,101,0,0,0,0,33421
173137,0,0,0,101,0,0,0,0,33422
173138,0,0,0,101,0,0,0,0,33423
173139,0,0,0,101,0,0,0,0,33424
173140,0,0,0,101,0,0,0,0,33425
173141,0,0,0,101,0,0,0,0,33426
173142,0,0,0,101,0,0,0,0,33502
173143,0,0,0,101,0,0,0,0,33504
173145,0,0,0,101,0,0,0,0,33506
173146,0,0,0,101,0,0,0,0,33507
173151,0,0,0,101,0,0,0,0,33581
173152,0,0,0,101,0,0,0,0,33652
173153,0,0,0,101,0,0,0,0,33653
173154,0,0,0,101,0,0,0,0,33654
173155,0,0,0,101,0,0,0,0,33655
173157,0,0,3000,20,0,0,20,0,33727
173158,0,0,0,101,0,0,0,0,33728
173159,0,0,0,101,0,0,0,0,33729
173161,0,0,0,101,0,0,0,0,33806
173162,0,0,0,100,0,0,87376,0,33807
173163,0,0,0,101,0,0,0,0,33808
173164,0,0,0,101,0,0,0,0,33809
173165,0,0,0,101,0,0,0,0,33873
173168,0,0,0,101,0,0,0,0,33938
173173,0,0,0,101,0,0,0,0,34004
173174,0,0,0,101,0,0,0,0,34005
173175,0,0,0,101,0,0,0,0,34006
173177,0,0,0,101,0,0,0,0,34079
173178,0,0,0,100,0,0,139944,0,34080
173179,0,0,0,101,0,0,0,0,34165
173180,0,0,0,101,0,0,0,0,34166
173181,0,0,0,101,0,0,0,0,34167
173182,0,0,0,101,0,0,0,0,34168
173183,0,0,0,101,0,0,0,0,34169
173185,0,0,0,101,0,0,0,0,34250
173186,0,0,0,101,0,0,0,0,34251
173187,0,0,0,101,0,0,0,0,34252
173188,0,0,1000,100,0,0,4,0,33127
173189,0,0,0,101,0,0,0,0,33128
173190,0,99,0,101,0,0,0,0,33129
173191,0,0,0,101,0,0,0,0,33188
173192,0,0,0,101,0,0,0,0,33189
173193,0,0,0,101,0,0,0,0,33190
173194,0,0,0,100,0,0,65536,0,33191
173195,0,0,0,101,0,0,0,0,33258
173197,0,0,0,101,0,0,0,0,33260
173198,0,0,0,101,0,0,0,0,33337
173199,0,0,0,101,0,0,0,0,33338
173200,0,0,0,101,0,0,0,0,33339
173201,0,0,0,101,0,0,0,0,33340
173202,0,0,0,101,0,0,0,0,33341
173203,0,0,0,101,0,0,0,0,33342
173204,0,0,0,101,0,0,0,0,33343
173205,0,0,0,101,0,0,0,0,33427
173206,0,0,0,101,0,0,0,0,33428
173207,0,0,0,101,0,0,0,0,33429
173208,0,0,0,101,0,0,0,0,33430
173209,0,0,0,101,0,0,0,0,33431
173210,0,0,0,101,0,0,0,0,33508
173211,0,0,0,0,0,0,1048576,0,33509
173212,0,0,0,100,0,0,20,0,33510
173213,0,0,17000,15,0,0,65536,0,33511
173214,0,0,0,101,0,0,0,0,33582
173215,0,0,0,101,0,0,0,0,33583
173216,0,0,0,101,0,0,0,0,33584
173217,0,0,0,101,0,0,0,0,33585
173218,0,0,0,101,0,0,0,0,33586
173219,0,0,0,101,0,0,0,0,33587
173220,0,5,0,101,0,0,0,0,33657
173222,0,0,0,101,0,0,0,0,33659
173223,0,0,0,101,0,0,0,0,33660
173224,0,10,0,101,0,0,0,0,33661
173225,0,0,0,100,1,0,139808,0,33731
173226,0,0,0,101,0,0,0,0,33732
173227,0,0,0,101,0,0,0,0,33733
173229,0,0,0,100,0,0,20,0,33735
173230,0,0,0,101,0,0,0,0,33810
173231,0,0,0,101,0,0,0,0,33811
173232,0,0,0,101,0,0,0,0,33812
173233,0,0,0,101,0,0,0,0,33813
173234,0,0,0,101,0,0,0,0,33876
173235,0,0,0,101,0,0,0,0,33877
173236,0,0,0,101,0,0,0,0,33878
173237,0,0,0,101,0,0,0,0,33943
173238,0,0,0,101,0,0,0,0,33944
173240,0,0,0,101,0,0,0,0,34007
173241,0,0,0,101,0,0,0,0,34008
173242,0,0,0,101,0,0,0,0,34009
173244,0,0,0,100,0,0,65876,0,34082
173245,0,0,0,101,0,0,0,0,34083
173249,0,0,0,101,0,0,0,0,34170
173250,0,0,0,101,0,0,0,0,34171
173251,0,0,0,101,0,0,0,0,34172
173252,0,0,0,101,0,0,0,0,34173
173254,0,0,0,101,0,0,0,0,34253
173255,0,0,0,101,0,0,0,0,34254
173257,0,0,0,101,0,0,0,0,34256
173259,0,0,0,101,0,0,0,0,33130
173260,0,0,0,101,0,0,0,0,33131
173261,0,0,0,101,0,0,0,0,33132
173262,0,0,0,101,0,0,0,0,33133
173264,0,0,0,100,0,0,65536,0,33192
173265,0,0,0,100,0,0,65536,0,33193
173266,0,0,0,100,0,0,65536,0,33194
173267,0,0,0,100,0,0,65536,0,33195
173269,0,0,0,101,0,0,0,0,33262
173271,0,0,0,101,0,0,0,0,33344
173272,0,0,0,101,0,0,0,0,33345
173273,0,0,0,101,0,0,0,0,33346
173274,0,0,0,101,0,0,0,0,33347
173275,0,0,0,101,0,0,0,0,33348
173276,0,0,0,101,0,0,0,0,33349
173277,0,0,0,101,0,0,0,0,33432
173278,0,0,0,101,0,0,0,0,33433
173279,0,0,0,101,0,0,0,0,33434
173280,0,0,0,101,0,0,0,0,33435
173281,0,0,0,101,0,0,0,0,33436
173282,0,0,0,101,0,0,0,0,33437
173283,0,0,0,101,0,0,0,0,33512
173284,0,0,0,101,0,0,0,0,33513
173289,0,0,0,101,0,0,0,0,33589
173290,0,0,0,101,0,0,0,0,33590
173292,0,0,0,101,0,0,0,0,33592
173294,0,0,0,101,0,0,0,0,33662
173295,0,0,0,101,0,0,0,0,33663
173296,0,0,0,101,0,0,0,0,33664
173297,0,0,3500,100,3,0,139944,0,33736
173298,0,0,0,101,0,0,0,0,33737
173301,0,0,0,101,0,0,0,0,33814
173303,0,0,0,101,0,0,0,0,33816
173304,0,0,0,101,0,0,0,0,33817
173305,0,0,0,101,0,0,0,0,33879
173306,0,0,0,101,0,0,0,0,33880
173307,0,0,0,100,0,0,139944,0,33881
173308,0,0,0,101,0,0,0,0,33946
173310,0,0,0,101,0,0,0,0,33948
173311,0,0,0,20,0,0,20,0,33949
173312,0,0,0,101,0,0,0,0,33950
173313,0,0,0,101,0,0,0,0,34010
173314,0,0,0,101,0,0,0,0,34011
173315,0,0,0,101,0,0,0,0,34012
173316,0,0,0,101,0,0,0,0,34013
173317,0,0,0,101,0,0,0,0,34014
173318,0,0,0,101,0,0,0,0,34087
173319,0,0,0,101,0,0,0,0,34088
173320,0,0,0,101,0,0,0,0,34089
173321,0,0,0,101,0,0,0,0,34090
173322,0,0,0,101,0,0,0,0,34091
173324,0,0,0,101,0,0,0,0,34176
173325,0,0,0,101,0,0,0,0,34177
173328,0,0,0,101,0,0,0,0,34181
173329,0,0,0,100,0,0,87312,0,34258
173330,0,0,0,101,0,0,0,0,34259
173331,0,0,0,101,0,0,0,0,34260
173332,0,0,0,101,0,0,0,0,34261
173333,0,0,0,101,0,0,0,0,33135
173334,0,0,0,101,0,0,0,0,33136
173336,0,0,0,101,0,0,0,0,33138
173337,0,0,0,101,0,0,0,0,33139
173338,0,0,0,101,0,0,0,0,33196
173339,0,0,0,101,0,0,0,0,33197
173340,0,0,0,101,0,0,0,0,33198
173341,0,0,0,101,0,0,0,0,33199
173342,0,0,0,101,0,0,0,0,33200
173343,0,0,0,101,0,0,0,0,33264
173345,0,0,0,101,0,0,0,0,33266
173346,0,0,0,101,0,0,0,0,33350
173347,0,0,0,101,0,0,0,0,33351
173348,0,0,0,101,0,0,0,0,33352
173349,0,0,0,101,0,0,0,0,33353
173350,0,0,0,101,0,0,0,0,33354
173351,0,0,0,101,0,0,0,0,33438
173352,0,0,0,101,0,0,0,0,33439
173353,0,0,0,101,0,0,0,0,33440
173354,0,0,0,101,0,0,0,0,33441
173355,0,0,0,101,0,0,0,0,33442
173360,0,0,25000,15,0,0,65536,0,33522
173361,0,0,0,101,0,0,0,0,33596
173362,0,0,0,101,0,0,0,0,33597
173364,0,0,0,101,0,0,0,0,33599
173365,0,0,0,101,0,0,0,0,33665
173366,0,0,0,101,0,0,0,0,33666
173367,0,0,0,101,0,0,0,0,33667
173368,0,0,0,101,0,0,0,0,33740
173369,0,0,0,101,0,0,0,0,33741
173370,0,0,0,101,0,0,0,0,33742
173371,0,0,0,100,0,0,2,0,33743
173372,0,0,0,101,0,0,0,0,33744
173373,0,0,0,101,0,0,0,0,33818
173374,0,0,0,101,0,0,0,0,33819
173375,0,0,0,101,0,0,0,0,33820
173376,0,0,0,101,0,0,0,0,33821
173377,0,0,0,100,0,0,139944,0,33882
173378,0,0,0,100,0,0,139944,0,33883
173380,0,0,0,101,0,0,0,0,33951
173382,0,0,45000,10,0,0,16384,0,33953
173383,0,0,0,101,0,0,0,0,33954
173384,0,0,0,101,0,0,0,0,33955
173386,0,0,0,101,0,0,0,0,34016
173387,0,0,0,101,0,0,0,0,34017
173388,0,0,0,101,0,0,0,0,34018
173389,0,0,0,101,0,0,0,0,34019
173390,0,0,0,101,0,0,0,0,34092
173391,0,0,0,101,0,0,0,0,34093
173392,0,0,0,101,0,0,0,0,34094
173393,0,0,0,101,0,0,0,0,34095
173394,0,0,0,101,0,0,0,0,34096
173395,0,0,0,101,0,0,0,0,34182
173396,0,0,0,101,0,0,0,0,34183
173397,0,0,0,101,0,0,0,0,34184
173398,0,0,0,101,0,0,0,0,34185
173399,0,0,0,101,0,0,0,0,34186
173400,0,0,0,101,0,0,0,0,33071
173401,0,0,0,101,0,0,0,0,33072
173402,0,0,0,101,0,0,0,0,33073
173403,0,0,0,101,0,0,0,0,33074
173405,0,0,0,101,0,0,0,0,33140
173406,0,0,0,101,0,0,0,0,33141
173407,0,0,0,20,0,0,139944,0,33142
173408,0,0,0,101,0,0,0,0,33143
173413,0,0,0,101,0,0,0,0,33267
173415,0,0,0,101,0,0,0,0,33269
173416,0,0,0,101,0,0,0,0,33270
173417,0,0,0,101,0,0,0,0,33355
173418,0,0,0,101,0,0,0,0,33356
173419,0,0,0,101,0,0,0,0,33357
173421,0,0,0,101,0,0,0,0,33359
173422,0,0,0,101,0,0,0,0,33360
173423,0,0,0,101,0,0,0,0,33443
173424,0,0,0,101,0,0,0,0,33444
173425,0,0,0,101,0,0,0,0,33445
173426,0,0,0,101,0,0,0,0,33446
173427,0,0,0,101,0,0,0,0,33447
173428,0,0,0,101,0,0,0,0,33448
173429,0,0,0,101,0,0,0,0,33523
173431,0,0,0,101,0,0,0,0,33525
173432,0,5,0,101,0,0,0,0,33526
173433,0,0,0,101,0,0,0,0,33600
173434,0,0,0,101,0,0,0,0,33601
173435,0,0,0,101,0,0,0,0,33602
173436,0,0,0,101,0,0,0,0,33603
173437,0,0,0,101,0,0,0,0,33668
173438,0,0,0,101,0,0,0,0,33669
173439,0,0,0,101,0,0,0,0,33670
173440,0,0,0,101,0,0,0,0,33671
173443,0,5,0,101,0,0,0,0,33745
173444,0,0,10000,100,0,0,2,0,33746
173447,0,0,0,101,0,0,0,0,33822
173449,0,0,0,101,0,0,0,0,33824
173450,0,0,0,101,0,0,0,0,33825
173451,0,0,0,101,0,0,0,0,33826
173452,0,0,0,101,0,0,0,0,33827
173454,0,0,0,101,0,0,0,0,33886
173455,0,0,0,101,0,0,0,0,33887
173456,0,0,0,101,0,0,0,0,33888
173457,0,0,0,101,0,0,0,0,33956
173458,0,0,0,101,0,0,0,0,33957
173459,0,0,0,101,0,0,0,0,33958
173460,0,0,0,101,0,0,0,0,33959
173461,0,0,0,101,0,0,0,0,33960
173462,0,0,0,101,0,0,0,0,34020
173465,0,0,0,101,0,0,0,0,34023
173466,0,0,0,101,0,0,0,0,34024
173467,0,0,0,101,0,0,0,0,34025
173468,0,0,0,101,0,0,0,0,34097
173469,0,0,0,101,0,0,0,0,34098
173470,0,0,0,101,0,0,0,0,34099
173471,0,0,0,101,0,0,0,0,34100
173472,0,0,0,101,0,0,0,0,34187
173474,0,0,0,101,0,0,0,0,34189
173475,0,0,0,101,0,0,0,0,34190
173478,0,0,0,101,0,0,0,0,33078
173480,0,0,0,101,0,0,0,0,33144
173481,0,0,0,40,0,0,139944,0,33145
173482,0,0,0,60,0,0,139944,0,33146
173483,0,0,0,101,0,0,0,0,33147
173485,0,0,0,101,0,0,0,0,33206
173486,0,0,8000,25,0,0,1,0,33207
173487,0,0,0,101,0,0,0,0,33208
173488,0,0,0,101,0,0,0,0,33271
173490,0,0,0,101,0,0,0,0,33273
173491,0,0,0,101,0,0,0,0,33274
173492,0,0,0,101,0,0,0,0,33275
173493,0,0,0,101,0,0,0,0,33361
173497,0,0,0,101,0,0,0,0,33365
173498,0,0,0,101,0,0,0,0,33449
173499,0,0,0,101,0,0,0,0,33450
173500,0,0,0,101,0,0,0,0,33451
173501,0,0,0,101,0,0,0,0,33452
173502,0,0,0,101,0,0,0,0,33453
173503,0,5,0,101,0,0,0,0,33527
173504,0,5,0,101,0,0,0,0,33528
173505,0,5,0,101,0,0,0,0,33529
173506,0,0,0,101,0,0,0,0,33531
173507,0,0,0,101,0,0,0,0,33604
173508,0,0,0,101,0,0,0,0,33605
173509,0,0,0,101,0,0,0,0,33606
173510,0,0,0,101,0,0,0,0,33675
173511,0,0,0,101,0,0,0,0,33676
173513,0,0,0,101,0,0,0,0,33678
173515,0,0,0,101,0,0,0,0,33750
173519,0,0,3000,20,0,0,20,0,33754
173520,0,0,0,101,0,0,0,0,33828
173521,0,0,0,101,0,0,0,0,33829
173522,0,0,0,101,0,0,0,0,33830
173523,0,0,0,101,0,0,0,0,33831
173524,0,0,0,101,0,0,0,0,33889
173525,0,0,0,101,0,0,0,0,33890
173527,0,10,0,101,0,0,0,0,33962
173528,0,0,0,101,0,0,0,0,33963
173529,0,0,0,101,0,0,0,0,33964
173530,0,0,0,101,0,0,0,0,34026
173531,0,0,0,101,0,0,0,0,34027
173535,0,0,0,101,0,0,0,0,34102
173537,0,0,0,101,0,0,0,0,34104
173538,0,0,0,101,0,0,0,0,34105
173539,0,6,0,101,0,0,0,0,34106
173540,0,0,5000,100,0,0,139944,0,34191
173545,0,0,0,101,0,0,0,0,33081
173547,0,0,0,101,0,0,0,0,33083
173549,0,0,0,101,0,0,0,0,33148
173550,0,0,0,101,0,0,0,0,33149
173551,0,0,0,25,0,0,81920,0,33150
173552,0,0,0,100,1,0,65536,0,33151
173553,0,0,0,101,0,0,0,0,33209
173556,0,0,0,101,0,0,0,0,33276
173557,0,0,0,101,0,0,0,0,33277
173558,0,0,0,101,0,0,0,0,33278
173559,0,0,0,101,0,0,0,0,33279
173561,0,0,0,101,0,0,0,0,33281
173566,0,0,0,100,0,0,87376,0,33370
173567,0,0,0,101,0,0,0,0,33454
173568,0,0,0,101,0,0,0,0,33455
173569,0,0,0,101,0,0,0,0,33456
173570,0,0,0,101,0,0,0,0,33457
173571,0,0,0,101,0,0,0,0,33458
173572,0,0,0,101,0,0,0,0,33532
173573,0,0,0,101,0,0,0,0,33533
173574,0,0,0,101,0,0,0,0,33534
173575,0,0,0,101,0,0,0,0,33535
173576,0,0,0,101,0,0,0,0,33536
173577,0,0,0,101,0,0,0,0,33537
173578,0,0,0,101,0,0,0,0,33607
173587,0,0,3000,20,0,0,20,0,33755
173588,0,0,3000,20,0,0,20,0,33756
173589,0,0,3000,20,0,0,20,0,33757
173590,0,0,0,100,0,0,2,0,33758
173591,0,0,10000,100,0,0,2,0,33759
173592,0,0,0,101,0,0,0,0,33832
173593,0,0,0,101,0,0,0,0,33833
173594,0,0,0,101,0,0,0,0,33834
173595,0,0,0,101,0,0,0,0,33835
173596,0,0,0,101,0,0,0,0,33836
173597,0,0,0,100,0,0,174624,0,33891
173600,0,0,0,101,0,0,0,0,33965
173601,0,0,0,101,0,0,0,0,33966
173603,0,0,0,101,0,0,0,0,33968
173608,0,2,0,101,0,0,0,0,34035
173609,0,0,0,101,0,0,0,0,34107
173610,0,0,0,101,0,0,0,0,34108
173611,0,0,0,101,0,0,0,0,34109
173612,0,0,0,101,0,0,0,0,34110
173613,0,0,0,101,0,0,0,0,34111
173618,0,0,0,101,0,0,0,0,34199
173619,0,0,0,101,0,0,0,0,34200
173620,0,0,0,101,0,0,0,0,33085
173621,0,0,0,101,0,0,0,0,33086
173622,0,0,0,101,0,0,0,0,33087
173623,0,0,0,101,0,0,0,0,33088
173624,0,0,0,100,0,0,680,0,33089
173625,0,0,0,101,0,0,0,0,33152
173626,0,0,0,101,0,0,0,0,33153
173627,0,0,0,50,0,0,81920,0,33154
173629,0,0,0,101,0,0,0,0,33213
173630,0,0,0,101,0,0,0,0,33214
173631,0,0,0,101,0,0,0,0,33215
173632,0,0,0,101,0,0,0,0,33282
173633,0,0,0,101,0,0,0,0,33283
173634,0,0,0,101,0,0,0,0,33284
173635,0,0,0,101,0,0,0,0,33285
173636,0,0,0,101,0,0,0,0,33286
173637,0,0,0,101,0,0,0,0,33287
173638,0,0,0,101,0,0,0,0,33371
173639,0,0,0,101,0,0,0,0,33372
173640,0,0,0,101,0,0,0,0,33373
173643,0,0,0,101,0,0,0,0,33376
173644,0,0,0,101,0,0,0,0,33459
173646,0,0,0,101,0,0,0,0,33462
173647,0,0,0,101,0,0,0,0,33463
173648,0,0,0,101,0,0,0,0,33464
173649,0,0,0,101,0,0,0,0,33538
173650,0,0,0,101,0,0,0,0,33539
173651,0,0,0,101,0,0,0,0,33540
173652,0,0,0,101,0,0,0,0,33541
173653,0,0,0,101,0,0,0,0,33542
173654,0,0,0,101,0,0,0,0,33543
173661,0,0,0,101,0,0,0,0,33684
173662,0,0,0,101,0,0,0,0,33685
173663,0,0,0,101,0,0,0,0,33686
173665,0,0,0,101,0,0,0,0,33688
173666,0,0,0,101,0,0,0,0,33760
173669,0,3,0,101,0,0,0,0,33763
173671,0,0,0,101,0,0,0,0,33837
173672,0,0,0,101,0,0,0,0,33838
173674,0,0,0,101,0,0,0,0,33840
173675,0,0,0,101,0,0,0,0,33894
173676,0,0,0,101,0,0,0,0,33895
173677,0,0,0,100,0,0,139304,0,33896
173679,0,0,0,101,0,0,0,0,33969
173680,0,0,0,101,0,0,0,0,33970
173681,0,0,0,101,0,0,0,0,33971
173682,0,0,0,101,0,0,0,0,33972
173683,0,0,0,101,0,0,0,0,34036
173685,0,0,0,101,0,0,0,0,34039
173686,0,0,0,101,0,0,0,0,34040
173688,0,0,0,100,0,0,139944,0,34112
173689,0,0,0,101,0,0,0,0,34113
173690,0,0,0,101,0,0,0,0,34114
173691,0,0,0,101,0,0,0,0,34115
173693,0,0,15000,100,0,0,-2146785280,0,34201
173694,0,0,0,101,0,0,0,0,34202
173695,0,0,0,101,0,0,0,0,34203
173696,0,0,0,101,0,0,0,0,34204
173697,0,0,0,101,0,0,-2146820096,0,34205
173698,0,0,0,101,0,0,680,0,33090
173699,0,0,0,101,0,0,0,0,33091
173701,0,0,0,101,0,0,0,0,33093
173702,0,0,0,101,0,0,0,0,33094
173709,0,0,0,101,0,0,0,0,33288
173710,0,0,0,101,0,0,0,0,33289
173711,0,0,0,101,0,0,0,0,33290
173712,0,0,0,101,0,0,0,0,33291
173713,0,0,0,101,0,0,0,0,33292
173714,0,0,0,101,0,0,0,0,33293
173715,0,0,0,101,0,0,0,0,33294
173717,0,0,0,100,0,0,20,0,33379
173718,0,0,0,101,0,0,0,0,33380
173719,0,0,0,101,0,0,0,0,33381
173720,0,0,0,101,0,0,0,0,33382
173721,0,0,0,101,0,0,0,0,33465
173722,0,0,0,101,0,0,0,0,33466
173723,0,0,0,101,0,0,0,0,33467
173724,0,0,0,101,0,0,0,0,33468
173725,0,0,0,101,0,0,0,0,33469
173727,0,0,0,101,0,0,0,0,33545
173728,0,0,0,101,0,0,0,0,33546
173729,0,0,0,101,0,0,0,0,33547
173730,0,0,0,101,0,0,0,0,33617
173731,0,0,0,101,0,0,0,0,33618
173733,0,0,0,101,0,0,0,0,33620
173735,0,0,0,101,0,0,0,0,33689
173736,0,0,0,101,0,0,0,0,33690
173737,0,0,0,101,0,0,0,0,33691
173739,0,0,0,101,0,0,0,0,33693
173743,0,0,0,101,0,0,0,0,33768
173745,0,0,0,101,0,0,0,0,33770
173746,0,0,0,101,0,0,0,0,33841
173749,0,0,0,101,0,0,0,0,33844
173751,0,5,0,101,0,0,0,0,33898
173752,0,0,0,101,0,0,0,0,33899
173753,0,0,0,101,0,0,0,0,33900
173756,0,0,0,101,0,0,0,0,33973
173757,0,0,0,101,0,0,0,0,33974
173758,0,0,0,101,0,0,0,0,33975
173759,0,0,0,101,0,0,0,0,33976
173767,0,0,0,101,0,0,0,0,34119
173768,0,0,0,101,0,0,0,0,34120
173769,0,99,0,101,0,0,0,0,34121
173771,0,0,0,101,0,0,0,0,34206
173774,0,0,0,101,0,0,0,0,34209
173775,0,0,0,101,0,0,0,0,34210
173776,0,0,0,101,0,0,0,0,33095
173777,0,0,0,101,0,0,0,0,33096
173778,0,0,0,101,0,0,0,0,33097
173779,0,0,0,101,0,0,0,0,33098
173780,0,0,0,101,0,0,0,0,33158
173781,0,0,0,101,0,0,0,0,33159
173782,0,0,0,101,0,0,0,0,33160
173785,0,0,0,101,0,0,0,0,33221
173786,0,0,0,101,0,0,0,0,33222
173787,0,0,0,101,0,0,0,0,33295
173788,0,0,0,101,0,0,0,0,33296
173789,0,0,45000,10,0,0,65536,0,33297
173791,0,0,0,100,1,0,87376,0,33299
173792,0,0,0,101,0,0,0,0,33383
173793,0,0,0,101,0,0,0,0,33384
173794,0,0,0,101,0,0,0,0,33385
173795,0,0,0,101,0,0,0,0,33386
173796,0,0,0,101,0,0,0,0,33387
173797,0,0,0,101,0,0,0,0,33388
173798,0,0,0,101,0,0,0,0,33470
173799,0,0,0,101,0,0,0,0,33471
173800,0,0,0,101,0,0,0,0,33472
173801,0,0,0,101,0,0,0,0,33473
173802,0,0,0,101,0,0,0,0,33474
173803,0,0,0,101,0,0,0,0,33475
173804,0,0,0,101,0,0,0,0,33548
173805,0,0,0,101,0,0,0,0,33549
173806,0,0,0,101,0,0,0,0,33550
173807,0,0,0,101,0,0,0,0,33551
173808,0,0,0,101,0,0,0,0,33622
173809,0,0,0,101,0,0,0,0,33623
173810,0,0,0,101,0,0,0,0,33624
173811,0,0,0,101,0,0,0,0,33625
173813,0,0,0,101,0,0,0,0,33695
173814,0,0,0,101,0,0,0,0,33696
173815,0,0,0,101,0,0,0,0,33697
173816,0,0,0,101,0,0,0,0,33772
173817,0,0,0,101,0,0,0,0,33773
173818,0,0,0,101,0,0,0,0,33774
173819,0,0,0,101,0,0,0,0,33775
173820,0,0,0,101,0,0,0,0,33846
173821,0,0,0,101,0,0,0,0,33847
173822,0,0,0,101,0,0,0,0,33848
173823,0,0,0,101,0,0,0,0,33849
173824,0,0,0,101,0,0,0,0,33850
173825,0,3,0,101,0,0,0,0,33904
173826,0,3,0,101,0,0,0,0,33905
173827,0,3,0,101,0,0,0,0,33906
173828,0,0,0,101,0,0,0,0,33907
173829,0,0,0,101,0,0,0,0,33908
173830,0,0,0,101,0,0,0,0,33977
173831,0,0,0,101,0,0,0,0,33978
173832,0,0,0,101,0,0,0,0,33980
173833,0,0,0,101,0,0,0,0,33981
173838,0,0,0,101,0,0,0,0,34123
173841,0,0,0,101,0,0,0,0,34126
173843,0,0,0,101,0,0,0,0,34128
173844,0,0,0,101,0,0,0,0,35370
173845,0,0,0,101,0,0,0,0,35371
173846,0,0,0,101,0,0,0,0,35372
173847,0,0,0,101,0,0,0,0,35373
173849,0,0,0,101,0,0,0,0,35441
173850,0,0,0,101,0,0,0,0,35442
173851,0,0,0,101,0,0,0,0,35443
173852,0,0,0,101,0,0,0,0,35444
173853,0,0,0,101,0,0,0,0,34296
173854,0,0,0,101,0,0,0,0,34297
173855,0,0,0,101,0,0,0,0,34298
173856,0,0,0,101,0,0,0,0,34299
173858,0,0,0,101,0,0,0,0,34370
173859,0,0,0,101,0,0,0,0,34371
173860,0,0,0,101,0,0,0,0,34372
173861,0,0,0,101,0,0,0,0,34373
173862,0,0,0,101,0,0,0,0,34374
173863,0,0,0,101,0,0,0,0,34444
173865,0,0,0,101,0,0,0,0,34446
173866,0,0,0,101,0,0,0,0,34447
173868,0,0,0,6,0,0,320,0,34508
173869,0,0,0,101,0,0,0,0,34509
173870,0,0,0,101,0,0,0,0,34510
173871,0,0,0,101,0,0,0,0,34511
173873,0,0,50000,20,0,0,65536,0,34598
173874,0,0,0,101,0,0,0,0,34600
173876,0,0,0,101,0,0,0,0,34602
173877,0,0,0,101,0,0,0,0,34679
173880,0,0,0,101,0,0,0,0,34682
173883,0,0,0,101,0,0,0,0,34764
173884,0,0,0,101,0,0,0,0,34765
173885,0,0,0,101,0,0,0,0,34766
173886,0,0,0,101,0,0,0,0,34767
173887,0,0,0,101,0,0,0,0,34768
173888,0,0,0,6,0,0,320,0,34839
173889,0,0,0,101,0,0,0,0,34840
173890,0,0,0,101,0,0,0,0,34841
173891,0,0,0,101,0,0,0,0,34842
173894,0,0,0,100,0,0,-2146828288,0,34916
173895,0,0,0,100,0,0,-2146828288,0,34917
173896,0,0,0,101,0,0,0,0,34983
173901,0,0,0,101,0,0,0,0,35062
173902,0,0,0,101,0,0,0,0,35063
173903,0,0,0,101,0,0,0,0,35064
173904,0,0,0,101,0,0,0,0,35065
173905,0,0,0,101,0,0,0,0,35133
173907,0,0,0,101,0,0,0,0,35135
173909,0,0,0,101,0,0,0,0,35137
173917,0,0,0,101,0,0,0,0,35293
173918,0,0,0,101,0,0,0,0,35294
173919,0,0,0,101,0,0,0,0,35295
173920,0,0,0,101,0,0,0,0,35296
173922,0,0,0,101,0,0,0,0,35376
173923,0,0,0,101,0,0,0,0,35377
173926,0,0,0,101,0,0,0,0,35380
173927,0,0,0,101,0,0,0,0,35445
173928,0,0,0,101,0,0,0,0,35446
173929,0,0,0,101,0,0,0,0,35447
173930,0,0,0,101,0,0,0,0,34300
173932,0,0,0,101,0,0,0,0,34302
173933,0,0,3500,100,3,0,174760,0,34303
173934,0,0,0,101,0,0,0,0,34375
173935,0,0,0,101,0,0,0,0,34376
173937,0,0,0,101,0,0,0,0,34378
173940,0,3,0,101,0,0,0,0,34451
173942,0,0,0,101,0,0,0,0,34513
173943,0,0,0,101,0,0,0,0,34514
173944,0,0,0,101,0,0,0,0,34515
173945,0,0,0,101,0,0,0,0,34516
173946,0,0,0,101,0,0,0,0,34517
173947,0,0,0,101,0,0,0,0,34603
173948,0,0,0,101,0,0,0,0,34605
173949,0,0,0,101,0,0,0,0,34606
173950,0,0,0,101,0,0,0,0,34607
173951,0,0,0,101,0,0,0,0,34608
173952,0,0,0,101,0,0,0,0,34685
173954,0,0,0,101,0,0,0,0,34687
173957,0,0,0,101,0,0,0,0,34690
173958,0,0,0,101,0,0,0,0,34769
173959,0,0,0,101,0,0,0,0,34770
173960,0,0,0,101,0,0,0,0,34771
173961,0,0,0,101,0,0,0,0,34772
173962,0,0,0,101,0,0,0,0,34773
173963,0,0,0,101,0,0,0,0,34844
173964,0,0,0,101,0,0,0,0,34845
173965,0,0,0,101,0,0,0,0,34846
173966,0,0,0,101,0,0,0,0,34847
173967,0,0,0,101,0,0,0,0,34848
173968,0,0,0,101,0,0,0,0,34849
173971,0,0,0,101,0,0,0,0,34920
173975,0,0,0,101,0,0,0,0,34990
173976,0,0,0,101,0,0,0,0,34991
173977,0,0,0,101,0,0,0,0,34992
173978,0,0,0,101,0,0,0,0,35066
173979,0,0,0,101,0,0,0,0,35067
173980,0,0,0,101,0,0,0,0,35068
173981,0,0,0,101,0,0,0,0,35069
173982,0,0,0,101,0,0,0,0,35070
173983,0,0,0,101,0,0,0,0,35139
173984,0,0,0,101,0,0,0,0,35140
173985,0,0,0,101,0,0,0,0,35141
173993,0,0,0,101,0,0,0,0,35297
173994,0,0,0,101,0,0,0,0,35298
173995,0,0,0,101,0,0,0,0,35299
173996,0,0,0,101,0,0,0,0,35300
173997,0,0,0,101,0,0,0,0,35301
173998,0,0,0,101,0,0,0,0,35302
173999,0,0,0,101,0,0,0,0,35381
174000,0,0,0,101,0,0,0,0,35382
174001,0,99,0,101,0,0,0,0,35383
174003,0,0,0,101,0,0,0,0,35385
174004,0,0,0,101,0,0,0,0,35448
174005,0,0,0,101,0,0,0,0,35449
174006,0,0,0,101,0,0,0,0,35450
174007,0,0,0,101,0,0,0,0,35451
174008,0,0,0,101,0,0,0,0,34304
174009,0,0,0,101,0,0,0,0,34305
174010,0,0,0,101,0,0,0,0,34306
174011,0,0,0,101,0,0,0,0,34307
174012,0,0,0,101,0,0,0,0,34308
174013,0,0,0,101,0,0,0,0,34309
174014,0,0,0,101,0,0,0,0,34379
174015,0,0,0,101,0,0,0,0,34380
174016,0,0,0,101,0,0,0,0,34381
174017,0,0,0,101,0,0,0,0,34383
174018,0,0,0,101,0,0,0,0,34384
174019,0,0,0,101,0,0,0,0,34453
174020,0,0,0,101,0,0,0,0,34454
174021,0,0,0,101,0,0,0,0,34455
174022,0,0,0,101,0,0,0,0,34456
174023,0,0,0,101,0,0,0,0,34518
174024,0,0,0,101,0,0,0,0,34519
174025,0,0,0,101,0,0,0,0,34520
174027,0,0,0,101,0,0,0,0,34522
174030,0,0,0,101,0,0,0,0,34611
174031,0,0,0,101,0,0,0,0,34612
174032,0,0,0,101,0,0,0,0,34613
174033,0,0,0,101,0,0,0,0,34691
174034,0,0,0,101,0,0,0,0,34692
174035,0,0,0,101,0,0,0,0,34693
174036,0,0,20000,100,0,0,340,0,34774
174037,0,0,0,100,0,0,87376,0,34775
174038,0,0,0,101,0,0,0,0,34776
174040,0,0,0,101,0,0,0,0,34778
174041,0,0,0,101,0,0,0,0,34850
174042,0,0,0,101,0,0,0,0,34851
174043,0,0,0,101,0,0,0,0,34852
174045,0,0,0,101,0,0,0,0,34854
174046,0,0,0,101,0,0,0,0,34922
174049,0,0,0,101,0,0,0,0,34925
174053,0,0,0,101,0,0,0,0,34996
174055,0,0,0,101,0,0,0,0,35071
174056,0,0,0,101,0,0,0,0,35072
174058,0,0,0,101,0,0,0,0,35074
174059,0,0,0,101,0,0,0,0,35075
174060,0,3,0,101,0,0,0,0,35144
174063,0,5,0,101,0,0,0,0,35147
174067,0,0,0,101,0,0,0,0,35229
174068,0,0,5000,25,0,0,139944,0,35230
174069,0,10,0,101,0,0,0,0,35231
174070,0,0,0,101,0,0,0,0,35303
174071,0,0,0,101,0,0,0,0,35304
174072,0,0,0,101,0,0,0,0,35305
174073,0,0,0,101,0,0,0,0,35306
174074,0,0,0,101,0,0,0,0,35307
174075,0,0,0,101,0,0,0,0,35308
174076,0,0,0,101,0,0,0,0,35309
174077,0,0,0,101,0,0,0,0,35386
174078,0,0,0,101,0,0,0,0,35387
174079,0,0,0,101,0,0,0,0,35388
174080,0,0,0,101,0,0,0,0,35389
174081,0,0,0,101,0,0,0,0,35390
174082,0,0,0,101,0,0,0,0,35391
174083,0,0,0,101,0,0,0,0,35452
174084,0,0,0,101,0,0,0,0,35453
174085,0,0,0,101,0,0,0,0,35454
174086,0,0,0,101,0,0,0,0,34310
174087,0,0,0,101,0,0,0,0,34311
174088,0,0,0,101,0,0,0,0,34312
174089,0,0,0,101,0,0,0,0,34313
174090,0,0,0,101,0,0,0,0,34314
174091,0,0,0,101,0,0,0,0,34315
174092,0,0,0,101,0,0,0,0,34316
174093,0,0,0,101,0,0,0,0,34386
174095,0,0,0,101,0,0,0,0,34388
174096,0,0,0,101,0,0,0,0,34389
174097,0,0,0,101,0,0,0,0,34390
174098,0,0,0,101,0,0,0,0,34391
174099,0,0,0,0,0,0,69972,0,34457
174101,0,0,0,101,0,0,0,0,34459
174102,0,0,0,101,0,0,0,0,34460
174104,0,0,5000,100,0,0,139944,0,34524
174105,0,0,0,101,0,0,0,0,34525
174106,0,0,0,101,0,0,0,0,34614
174107,0,0,0,101,0,0,0,0,34615
174108,0,0,0,101,0,0,0,0,34616
174109,0,0,0,101,0,0,0,0,34617
174110,0,0,0,101,0,0,0,0,34694
174111,0,0,0,100,0,0,4,0,34695
174112,0,0,0,101,0,0,0,0,34696
174113,0,0,0,101,0,0,-2146959360,0,34697
174114,0,0,0,100,0,0,-2146819416,0,34779
174115,0,1,0,101,0,0,0,0,34780
174117,0,0,0,101,0,0,0,0,34782
174118,0,5,0,101,0,0,0,0,34856
174119,0,0,0,101,0,0,0,0,34857
174120,0,0,0,101,0,0,0,0,34858
174124,0,0,0,100,0,0,20,0,34929
174126,0,0,0,101,0,0,0,0,34998
174127,0,0,0,101,0,0,0,0,34999
174133,0,0,60000,3,0,0,40,0,35077
174134,0,0,0,101,0,0,0,0,35078
174135,0,0,0,101,0,0,0,0,35079
174136,0,0,0,101,0,0,0,0,35150
174137,0,0,0,101,0,0,0,0,35151
174138,0,0,0,101,0,0,0,0,35152
174141,0,0,0,101,0,0,0,0,35234
174142,0,0,0,101,0,0,0,0,35235
174143,0,0,0,101,0,0,0,0,35236
174145,0,0,0,101,0,0,0,0,35310
174146,0,0,0,101,0,0,0,0,35311
174147,0,0,0,101,0,0,0,0,35312
174148,0,0,0,101,0,0,0,0,35313
174149,0,0,0,101,0,0,0,0,35392
174151,0,0,0,101,0,0,0,0,35394
174152,0,0,0,101,0,0,0,0,35395
174153,0,0,0,101,0,0,0,0,35455
174154,0,0,0,101,0,0,0,0,35456
174155,0,0,0,101,0,0,0,0,35457
174156,0,0,0,101,0,0,0,0,34317
174157,0,0,0,101,0,0,0,0,34318
174158,0,0,0,101,0,0,0,0,34319
174159,0,0,45000,20,0,0,81920,0,34320
174160,0,0,0,100,0,0,4,0,34392
174161,0,0,0,101,0,0,0,0,34393
174162,0,0,0,101,0,0,0,0,34394
174163,0,0,0,101,0,0,0,0,34395
174164,0,0,0,101,0,0,0,0,34396
174165,0,0,0,101,0,0,0,0,34461
174166,0,0,0,101,0,0,0,0,34462
174167,0,0,0,101,0,0,0,0,34463
174168,0,0,0,101,0,0,0,0,34464
174169,0,0,0,101,0,0,0,0,34465
174170,0,0,0,101,0,0,0,0,34526
174172,0,0,0,101,0,0,0,0,34528
174173,0,0,0,101,0,0,0,0,34529
174174,0,0,0,101,0,0,0,0,34530
174175,0,0,0,101,0,0,0,0,34618
174176,0,0,0,101,0,0,0,0,34619
174177,0,0,0,101,0,0,0,0,34620
174178,0,0,0,101,0,0,0,0,34621
174179,0,0,0,101,0,0,0,0,34622
174180,0,0,0,101,0,0,0,0,34698
174181,0,0,0,101,0,0,0,0,34699
174182,0,0,0,101,0,0,0,0,34700
174184,0,0,0,101,0,0,0,0,34702
174186,0,0,0,100,1,0,131584,0,34783
174187,0,0,0,100,1,0,680,0,34784
174188,0,0,0,101,0,0,0,0,34785
174189,0,0,0,101,0,0,0,0,34786
174190,0,0,0,101,0,0,0,0,34787
174191,0,0,0,4,0,0,16384,0,34859
174192,0,0,0,6,0,0,16384,0,34860
174195,0,0,0,101,0,0,0,0,34932
174196,0,0,0,101,0,0,0,0,34933
174197,0,0,0,101,0,0,0,0,34934
174198,0,0,0,101,0,0,0,0,35004
174199,0,0,0,101,0,0,0,0,35005
174201,0,0,0,101,0,0,0,0,35007
174202,0,0,60000,100,0,0,340,0,35080
174203,0,0,0,101,0,0,0,0,35081
174205,0,0,60000,10,0,0,65536,0,35083
174206,0,0,0,101,0,0,0,0,35155
174207,0,0,0,101,0,0,0,0,35156
174208,0,0,0,101,0,0,0,0,35157
174209,0,0,0,101,0,0,0,0,35158
174210,0,0,0,101,0,0,0,0,35238
174211,0,0,0,101,0,0,0,0,35239
174212,0,0,0,101,0,0,0,0,35240
174214,0,0,0,101,0,0,0,0,35242
174215,0,0,0,101,0,0,0,0,35314
174217,0,0,0,101,0,0,0,0,35316
174218,0,5,0,101,0,0,0,0,35317
174219,0,0,0,101,0,0,0,0,35318
174223,0,0,0,101,4,0,0,0,35399
174224,0,0,0,101,0,0,0,0,35401
174225,0,0,0,101,0,0,0,0,35458
174226,0,0,0,101,0,0,0,0,35459
174227,0,0,0,101,0,0,0,0,35460
174229,0,0,0,101,0,0,0,0,34321
174230,0,0,0,101,0,0,0,0,34322
174231,0,0,0,101,0,0,0,0,34323
174232,0,0,0,101,0,0,0,0,34324
174233,0,0,0,101,0,0,0,0,34325
174234,0,0,0,101,0,0,0,0,34397
174235,0,0,0,101,0,0,0,0,34398
174236,0,0,0,101,0,0,0,0,34399
174237,0,0,0,101,0,0,0,0,34400
174238,0,0,0,101,0,0,0,0,34401
174239,0,0,0,101,0,0,0,0,34402
174240,0,0,0,101,0,0,0,0,34466
174241,0,0,0,101,0,0,0,0,34467
174242,0,0,0,101,0,0,0,0,34468
174243,0,0,0,101,0,0,0,0,34469
174245,0,0,0,101,0,0,0,0,34533
174246,0,0,0,101,0,0,0,0,34534
174247,0,0,0,101,0,0,0,0,34535
174248,0,0,0,101,0,0,0,0,34536
174249,0,0,0,101,0,0,0,0,34537
174250,0,0,0,101,0,0,0,0,34538
174251,0,0,0,101,0,0,0,0,34623
174252,0,0,0,101,0,0,0,0,34624
174253,0,0,0,101,0,0,0,0,34625
174254,0,0,0,101,0,0,0,0,34626
174255,0,0,0,101,0,0,0,0,34627
174261,0,0,0,101,0,0,0,0,34709
174262,0,0,0,101,0,0,0,0,34788
174263,0,0,0,101,0,0,0,0,34789
174264,0,0,0,101,0,0,0,0,34790
174265,0,0,0,101,0,0,0,0,34791
174270,0,0,8000,8,0,0,680,0,34935
174271,0,0,0,101,0,0,0,0,34936
174272,0,0,0,101,0,0,0,0,34937
174273,0,0,0,101,0,0,0,0,35008
174275,0,0,0,101,0,0,0,0,35010
174276,0,0,0,101,0,0,0,0,35011
174277,0,0,0,101,0,0,0,0,35012
174278,0,0,0,101,0,0,0,0,35084
174280,0,0,60000,10,0,0,81920,0,35086
174281,0,0,0,101,0,0,0,0,35159
174282,0,0,0,101,0,0,0,0,35160
174283,0,0,0,101,0,0,0,0,35161
174284,0,0,0,101,0,0,0,0,35162
174285,0,0,0,101,0,0,0,0,35163
174286,0,0,0,101,0,0,0,0,35243
174287,0,5,0,101,0,0,2359296,0,35244
174288,0,0,0,101,0,0,0,0,35245
174289,0,0,0,101,0,0,0,0,35246
174290,0,0,0,100,0,0,139944,0,35319
174291,0,0,0,101,0,0,0,0,35320
174292,0,0,0,100,1,0,-2146924544,0,35321
174293,0,0,0,101,0,0,0,0,35322
174294,0,0,0,101,0,0,0,0,35402
174295,0,0,0,101,0,0,0,0,35403
174296,0,0,0,101,0,0,0,0,35404
174297,0,0,0,101,0,0,0,0,35464
174298,0,0,0,101,0,0,0,0,35465
174299,0,0,0,101,0,0,0,0,35466
174301,0,0,0,101,0,0,0,0,35468
174302,0,0,0,100,0,0,-2146819416,0,34326
174305,0,0,30000,100,0,0,1188520,0,34329
174306,0,0,0,101,0,0,0,0,34403
174307,0,0,0,101,0,0,0,0,34404
174309,0,0,0,101,0,0,0,0,34406
174310,0,0,0,101,0,0,0,0,34407
174312,0,0,0,101,0,0,0,0,34470
174314,0,0,0,101,0,0,0,0,34472
174315,0,0,0,101,0,0,0,0,34473
174316,0,0,0,101,0,0,0,0,34539
174317,0,0,0,101,0,0,0,0,34540
174318,0,0,0,101,0,0,0,0,34541
174319,0,0,0,101,0,0,0,0,34542
174320,0,0,0,101,0,0,0,0,34543
174321,0,0,0,101,0,0,0,0,34544
174323,0,0,0,101,0,0,0,0,34629
174324,0,0,0,101,0,0,0,0,34630
174326,0,0,0,101,0,0,0,0,34632
174329,0,0,0,101,0,0,0,0,34712
174331,0,0,0,101,0,0,0,0,34714
174332,0,0,0,101,0,0,0,0,34715
174334,0,0,0,101,0,0,0,0,34793
174335,0,3,0,101,0,0,0,0,34794
174336,0,0,0,101,0,0,0,0,34795
174342,0,0,8000,16,0,0,680,0,34938
174343,0,0,8000,25,0,0,680,0,34939
174345,0,0,0,101,0,0,0,0,35014
174346,0,0,0,101,0,0,0,0,35015
174347,0,0,0,101,0,0,0,0,35016
174348,0,0,0,101,0,0,0,0,35017
174349,0,0,0,101,0,0,0,0,35087
174350,0,0,0,101,0,0,0,0,35088
174351,0,0,0,101,0,0,0,0,35089
174352,0,0,0,101,0,0,0,0,35091
174354,0,0,0,100,0,0,16384,0,35165
174355,0,0,0,101,0,0,0,0,35166
174357,0,0,0,101,0,0,0,0,35168
174358,0,0,0,101,0,0,0,0,35247
174360,0,0,8000,16,0,0,20,0,35249
174361,0,0,0,100,1,0,139944,0,35250
174362,0,0,0,101,0,0,40,0,35323
174363,0,0,0,101,0,0,0,0,35324
174364,0,0,0,101,0,0,0,0,35325
174365,0,0,0,101,0,0,0,0,35326
174366,0,0,0,101,0,0,0,0,35405
174367,0,0,0,101,0,0,0,0,35406
174368,0,0,0,101,0,0,0,0,35407
174369,0,0,8000,10,0,0,20,0,35408
174371,0,0,0,101,0,0,0,0,35470
174372,0,0,0,101,0,0,0,0,35471
174373,0,0,0,101,0,0,0,0,35472
174374,0,0,0,101,0,0,0,0,34330
174375,0,0,0,101,0,0,0,0,34331
174376,0,0,0,101,0,0,0,0,34332
174377,0,0,0,101,0,0,0,0,34333
174378,0,0,0,101,0,0,0,0,34334
174379,0,0,0,101,0,0,0,0,34409
174381,0,0,0,101,0,0,0,0,34411
174382,0,0,0,101,0,0,0,0,34474
174383,0,0,0,101,0,0,0,0,34475
174384,0,0,0,101,0,0,0,0,34476
174385,0,0,0,100,3,0,2167124,0,34477
174386,0,0,0,101,0,0,0,0,34545
174387,0,0,0,101,0,0,0,0,34546
174388,0,0,0,101,0,0,0,0,34547
174389,0,0,0,101,0,0,0,0,34548
174391,0,0,0,101,0,0,0,0,34550
174393,0,0,0,101,0,0,0,0,34634
174394,0,0,0,101,0,0,0,0,34635
174395,0,0,0,101,0,0,0,0,34637
174397,0,0,0,101,0,0,0,0,34717
174398,0,0,0,101,0,0,0,0,34718
174400,0,0,0,101,0,0,0,0,34796
174401,0,0,0,101,0,0,0,0,34797
174402,0,0,0,101,0,0,0,0,34798
174403,0,0,0,101,0,0,0,0,34799
174404,0,0,0,101,0,0,0,0,34871
174405,0,0,0,101,0,0,0,0,34872
174406,0,0,0,101,0,0,0,0,34873
174407,0,0,0,101,0,0,0,0,34874
174408,0,0,0,101,0,0,0,0,34875
174410,0,0,0,101,0,0,0,0,34940
174411,0,0,0,100,0,0,0,0,34941
174412,0,0,0,100,0,0,0,0,34942
174413,0,3,0,101,0,0,0,0,34943
174414,0,0,0,101,0,0,0,0,35018
174416,0,0,0,101,0,0,0,0,35020
174417,0,0,0,101,0,0,0,0,35022
174420,0,20,0,101,0,0,0,0,35095
174421,0,0,0,101,0,0,0,0,35096
174422,0,0,0,101,0,0,0,0,35097
174423,0,0,0,101,0,0,0,0,35169
174424,0,0,0,101,0,0,0,0,35170
174426,0,0,0,101,0,0,0,0,35172
174429,0,0,0,101,0,0,0,0,35251
174430,0,5,0,101,0,0,0,0,35252
174431,0,0,0,101,0,0,0,0,35253
174432,0,0,0,101,0,0,0,0,35254
174434,0,0,0,101,0,0,0,0,35327
174435,0,0,0,101,0,0,0,0,35328
174436,0,0,0,101,0,0,0,0,35329
174437,0,0,0,101,0,0,0,0,35409
174438,0,10,0,101,0,0,0,0,35410
174439,0,0,0,101,0,0,0,0,35411
174441,0,0,0,101,0,0,0,0,35473
174442,0,0,0,100,0,0,-2146819416,0,35474
174444,0,0,0,101,0,0,0,0,34335
174445,0,0,0,101,0,0,0,0,34336
174446,0,0,0,101,0,0,0,0,34337
174447,0,0,0,101,0,0,0,0,34338
174448,0,0,0,101,0,0,0,0,34339
174449,0,0,0,101,0,0,0,0,34412
174450,0,0,0,101,0,0,0,0,34413
174451,0,0,0,101,0,0,0,0,34414
174452,0,0,0,101,0,0,0,0,34478
174453,0,0,0,101,0,0,0,0,34479
174455,0,0,0,101,0,0,0,0,34481
174456,0,0,0,101,0,0,0,0,34551
174462,0,0,0,101,0,0,0,0,34639
174463,0,0,0,101,0,0,0,0,34640
174464,0,0,0,101,0,0,0,0,34641
174467,0,0,0,101,0,0,0,0,34722
174470,0,0,0,101,0,0,0,0,34800
174471,0,0,0,101,0,0,0,0,34801
174472,0,0,0,101,0,0,0,0,34802
174473,0,0,0,101,0,0,0,0,34803
174474,0,0,0,101,0,0,0,0,34877
174476,0,0,0,101,0,0,0,0,34879
174477,0,0,0,100,0,0,40,0,34880
174478,0,0,0,101,0,0,0,0,34944
174479,0,0,0,101,0,0,0,0,34945
174480,0,0,0,101,0,0,0,0,34946
174481,0,0,0,101,0,0,0,0,34947
174484,0,0,0,101,0,0,0,0,35025
174486,0,0,0,101,0,0,0,0,35027
174487,0,0,0,100,1,0,320,0,35098
174488,0,0,0,100,1,0,320,0,35099
174489,0,0,0,2,0,0,320,0,35100
174490,0,0,0,101,0,0,0,0,35101
174491,0,0,0,101,0,0,0,0,35175
174492,0,0,0,101,0,0,0,0,35176
174493,0,0,0,101,0,0,0,0,35177
174494,0,0,0,101,0,0,0,0,35178
174496,0,0,0,101,0,0,0,0,35257
174497,0,0,0,101,0,0,0,0,35258
174498,0,0,0,101,0,0,0,0,35259
174499,0,0,0,101,0,0,0,0,35260
174500,0,0,0,101,0,0,0,0,35330
174501,0,0,0,101,0,0,0,0,35331
174502,0,0,0,101,0,0,0,0,35332
174503,0,0,0,101,0,0,0,0,35333
174504,0,0,0,101,0,0,0,0,35413
174506,0,0,0,101,0,0,0,0,35415
174507,0,0,0,101,0,0,0,0,35416
174512,0,0,0,101,0,0,0,0,34340
174513,0,0,0,101,0,0,0,0,34341
174514,0,0,0,101,0,0,0,0,34342
174515,0,0,0,100,0,0,40,0,34343
174516,0,0,0,101,0,0,0,0,34344
174517,0,0,0,101,0,0,0,0,34415
174518,0,0,0,101,0,0,0,0,34416
174519,0,0,0,101,0,0,0,0,34417
174520,0,0,0,101,0,0,0,0,34482
174521,0,0,0,101,0,0,0,0,34483
174522,0,0,0,101,0,0,0,0,34484
174523,0,0,0,101,0,0,0,0,34485
174524,0,0,0,101,0,0,0,0,34486
174525,0,0,0,101,0,0,0,0,34557
174531,0,0,0,101,0,0,0,0,34643
174532,0,0,0,101,0,0,0,0,34644
174534,0,0,0,100,0,0,-2146819416,0,34725
174536,0,0,0,101,0,0,0,0,34727
174537,0,0,0,101,0,0,0,0,34728
174538,0,0,0,101,0,0,0,0,34729
174539,0,0,0,101,0,0,0,0,34730
174540,0,0,0,101,0,0,0,0,34804
174542,0,0,0,101,0,0,0,0,34806
174543,0,0,0,101,0,0,0,0,34807
174544,0,0,0,101,0,0,0,0,34808
174546,0,0,0,101,0,0,0,0,34881
174547,0,0,0,101,0,0,0,0,34883
174549,0,0,0,101,0,0,0,0,34885
174550,0,0,0,100,0,0,2,0,34948
174551,0,0,0,100,0,0,2,0,34949
174552,0,0,0,100,0,0,320,0,34950
174553,0,0,0,101,0,0,0,0,35028
174554,0,0,0,101,0,0,0,0,35029
174555,0,0,0,101,0,0,0,0,35030
174556,0,0,0,101,0,0,0,0,35031
174557,0,0,0,4,0,0,320,0,35102
174558,0,0,0,6,0,0,320,0,35103
174559,0,0,0,101,0,0,0,0,35104
174560,0,0,0,101,0,0,0,0,35105
174561,0,20,0,101,0,0,0,0,35179
174562,0,20,0,101,0,0,0,0,35180
174564,0,20,0,101,0,0,0,0,35182
174565,0,0,0,101,0,0,0,0,35261
174566,0,0,0,101,0,0,0,0,35262
174567,0,0,0,101,0,0,0,0,35263
174569,0,0,0,101,0,0,0,0,35334
174570,0,0,0,101,0,0,0,0,35335
174571,0,0,0,101,0,0,1,0,35336
174572,0,0,0,101,0,0,0,0,35337
174573,0,0,0,101,0,0,0,0,35417
174574,0,0,0,101,0,0,0,0,35418
174575,0,0,0,101,0,0,0,0,35419
174576,0,0,0,100,0,0,65552,0,34262
174577,0,0,0,101,0,0,0,0,34263
174580,0,0,0,101,0,0,0,0,34267
174581,0,0,0,101,0,0,0,0,34345
174582,0,0,0,101,0,0,0,0,34346
174583,0,0,0,101,0,0,0,0,34347
174584,0,0,0,101,0,0,0,0,34348
174585,0,0,0,101,0,0,0,0,34349
174586,0,0,0,101,0,0,0,0,34418
174587,0,0,0,101,0,0,0,0,34419
174590,0,0,0,101,0,0,0,0,34487
174591,0,0,0,101,0,0,0,0,34488
174592,0,0,0,101,0,0,0,0,34489
174593,0,0,0,101,0,0,0,0,34490
174601,0,0,0,101,0,0,0,0,34646
174603,0,0,0,101,0,0,0,0,34648
174605,0,0,0,101,0,0,0,0,34650
174607,0,0,0,101,0,0,0,0,34731
174608,0,0,0,101,0,0,0,0,34732
174609,0,0,0,101,0,0,0,0,34733
174610,0,0,0,101,0,0,0,0,34734
174611,0,0,0,101,0,0,0,0,34735
174612,0,0,0,101,0,0,0,0,34736
174613,0,0,0,101,0,0,0,0,34737
174615,0,0,0,101,0,0,0,0,34811
174616,0,0,0,101,0,0,0,0,34812
174618,0,0,0,101,0,0,0,0,34814
174619,0,0,0,101,0,0,0,0,34815
174620,0,5,0,101,0,0,0,0,34886
174621,0,0,0,101,0,0,0,0,34887
174622,0,0,0,101,0,0,0,0,34888
174623,0,0,0,101,0,0,40,0,34889
174624,0,0,0,101,0,0,0,0,34951
174625,0,0,0,101,0,0,0,0,34952
174626,0,0,0,101,0,0,0,0,34953
174627,0,0,0,100,0,0,320,0,34954
174628,0,0,0,101,0,0,0,0,34955
174629,0,0,0,101,0,0,0,0,34956
174631,0,0,0,101,0,0,0,0,35033
174632,0,0,0,101,0,0,0,0,35034
174633,0,0,0,101,0,0,0,0,35106
174635,0,0,0,101,0,0,0,0,35108
174636,0,0,0,101,0,0,0,0,35109
174637,0,0,0,101,0,0,0,0,35183
174638,0,0,0,10,0,0,20,0,35184
174639,0,10,0,101,0,0,0,0,35185
174640,0,0,0,10,0,0,20,0,35186
174642,0,0,0,101,0,0,0,0,35266
174643,0,0,0,101,0,0,0,0,35267
174644,0,0,0,101,0,0,0,0,35338
174645,0,0,0,101,0,0,0,0,35339
174647,0,0,0,101,0,0,0,0,35341
174648,0,0,0,101,0,0,0,0,35420
174649,0,0,0,101,0,0,0,0,35421
174650,0,0,0,101,0,0,0,0,35422
174651,0,0,0,101,0,0,0,0,35423
174652,0,2,0,101,0,0,0,0,35424
174653,0,10,0,101,0,0,0,0,34268
174654,0,0,0,101,0,0,0,0,34269
174655,0,0,0,101,0,0,0,0,34270
174656,0,0,0,101,0,0,0,0,34271
174657,0,0,0,101,0,0,0,0,34272
174658,0,0,0,101,0,0,0,0,34273
174661,0,0,0,101,0,0,0,0,34352
174663,0,0,0,101,0,0,0,0,34423
174664,0,0,0,101,0,0,0,0,34424
174665,0,0,0,101,0,0,0,0,34425
174666,0,0,0,101,0,0,0,0,34426
174667,0,0,0,50,3,0,139944,0,34427
174668,0,0,0,101,0,0,0,0,34491
174669,0,0,0,101,0,0,0,0,34492
174670,0,0,0,101,0,0,0,0,34493
174671,0,0,0,101,0,0,0,0,34494
174672,0,0,0,101,0,0,0,0,34569
174673,0,0,0,101,0,0,0,0,34570
174674,0,0,0,101,0,0,0,0,34571
174679,0,0,0,101,0,0,0,0,34654
174680,0,5,0,101,0,0,0,0,34655
174681,0,0,0,101,0,0,0,0,34656
174682,0,0,0,101,0,0,0,0,34739
174683,0,0,0,100,0,0,-2146819416,0,34740
174684,0,0,0,101,0,0,0,0,34741
174685,0,0,0,101,0,0,0,0,34742
174686,0,0,0,101,0,0,0,0,34743
174691,0,0,0,101,0,0,0,0,34820
174692,0,0,0,101,0,0,0,0,34821
174693,0,0,0,101,0,0,0,0,34890
174694,0,0,0,101,0,0,0,0,34891
174695,0,0,0,101,0,0,0,0,34892
174696,0,0,0,101,0,0,0,0,34893
174697,0,0,0,101,0,0,0,0,34894
174698,0,0,0,101,0,0,0,0,34895
174699,0,0,0,101,0,0,0,0,34957
174700,0,0,0,101,0,0,0,0,34958
174701,0,0,0,101,0,0,0,0,34959
174702,0,0,0,101,0,0,0,0,34960
174703,0,0,0,101,0,0,0,0,34961
174705,0,0,0,100,1,0,4,0,35035
174706,0,0,0,101,0,0,0,0,35036
174707,0,3,0,101,0,0,0,0,35037
174708,0,0,0,101,0,0,0,0,35039
174709,0,0,0,101,0,0,0,0,35110
174710,0,0,0,101,0,0,0,0,35111
174711,0,0,0,101,0,0,0,0,35112
174712,0,0,0,101,0,0,0,0,35113
174713,0,0,0,10,0,0,20,0,35187
174714,0,0,0,10,0,0,40,0,35188
174715,0,0,0,101,0,0,0,0,35189
174716,0,0,0,101,0,0,0,0,35190
174717,0,0,0,20,0,0,20,0,35191
174718,0,0,0,20,0,0,20,0,35192
174719,0,0,0,101,0,0,0,0,35268
174720,0,0,0,101,0,0,0,0,35270
174721,0,0,0,101,0,0,0,0,35271
174722,0,0,0,101,0,0,0,0,35342
174725,0,0,0,100,1,0,40,0,35346
174726,0,0,0,101,0,0,0,0,35347
174727,0,0,0,101,0,0,0,0,35425
174728,0,0,0,101,0,0,0,0,35426
174729,0,0,0,101,0,0,0,0,35427
174730,0,0,0,101,0,0,0,0,35428
174731,0,0,0,100,5,0,4,0,35429
174732,0,0,0,101,0,0,0,0,34274
174733,0,0,0,101,0,0,0,0,34275
174734,0,0,0,101,0,0,0,0,34276
174735,0,0,0,101,0,0,0,0,34277
174736,0,0,0,101,0,0,0,0,34278
174737,0,0,0,101,0,0,0,0,34279
174738,0,0,0,101,0,0,0,0,34353
174739,0,0,0,101,0,0,0,0,34354
174740,0,0,3500,100,3,0,139944,0,34355
174741,0,0,0,101,0,0,0,0,34428
174742,0,0,0,101,0,0,0,0,34429
174743,0,0,0,101,0,0,0,0,34430
174744,0,0,0,101,0,0,0,0,34431
174745,0,0,0,101,0,0,0,0,34432
174746,0,0,0,101,0,0,0,0,34495
174747,0,0,0,101,0,0,0,0,34496
174748,0,0,0,33,0,0,256,0,34497
174749,0,0,0,66,0,0,256,0,34498
174750,0,0,0,101,0,0,0,0,34574
174752,0,0,0,101,0,0,0,0,34576
174753,0,0,0,101,0,0,0,0,34577
174754,0,0,0,101,0,0,0,0,34578
174755,0,0,0,101,0,0,20,0,34580
174756,0,0,0,50,0,0,20,0,34657
174757,0,0,0,101,0,0,0,0,34658
174759,0,0,0,101,0,0,0,0,34660
174760,0,0,0,101,0,0,0,0,34661
174761,0,0,0,101,0,0,0,0,34745
174762,0,0,0,100,0,0,-2146819416,0,34746
174763,0,0,0,101,0,0,0,0,34747
174764,0,0,0,101,0,0,0,0,34748
174765,0,0,0,100,0,0,65536,0,34749
174767,0,0,0,101,0,0,0,0,34823
174768,0,0,0,101,0,0,0,0,34824
174770,0,0,0,101,0,0,0,0,34826
174771,0,0,0,101,0,0,0,0,34896
174772,0,0,0,101,0,0,0,0,34897
174773,0,0,0,101,0,0,0,0,34898
174774,0,0,0,101,0,0,0,0,34899
174780,0,0,0,101,0,0,0,0,34968
174781,0,0,0,101,0,0,0,0,35040
174782,0,0,0,101,0,0,0,0,35041
174784,0,0,0,101,0,0,0,0,35046
174785,0,5,0,101,0,0,0,0,35047
174786,0,0,0,101,0,0,0,0,35114
174787,0,0,0,101,0,0,0,0,35115
174788,0,0,0,101,0,0,0,0,35116
174789,0,0,0,101,0,0,0,0,35117
174790,0,0,0,20,0,0,20,0,35193
174791,0,0,0,101,0,0,0,0,35194
174792,0,0,0,101,0,0,0,0,35195
174793,0,0,0,101,0,0,0,0,35196
174795,0,0,0,101,0,0,0,0,35273
174797,0,0,0,101,0,0,0,0,35275
174798,0,0,0,101,0,0,0,0,35276
174800,0,0,0,101,0,0,0,0,35348
174801,0,0,0,101,0,0,0,0,35349
174802,0,0,0,101,0,0,0,0,35350
174803,0,0,0,101,0,0,0,0,35351
174804,0,0,0,101,0,0,0,0,35352
174806,0,0,0,101,0,0,0,0,35431
174807,0,0,0,101,0,0,0,0,35432
174808,0,0,0,101,0,0,0,0,35433
174809,0,0,0,101,0,0,0,0,34280
174810,0,0,0,101,0,0,0,0,34281
174811,0,0,0,101,0,0,0,0,34282
174812,0,0,0,101,0,0,0,0,34283
174813,0,0,0,101,0,0,0,0,34284
174814,0,0,0,101,0,0,0,0,34285
174815,0,0,0,101,0,0,0,0,34286
174816,0,0,0,101,0,0,0,0,34356
174817,0,0,0,101,0,0,0,0,34357
174819,0,0,0,101,0,0,0,0,34359
174824,0,0,0,100,0,0,256,0,34499
174825,0,0,0,33,0,0,320,0,34500
174826,0,0,0,101,0,0,0,0,34501
174827,0,0,0,101,0,0,0,0,34581
174828,0,0,30000,100,0,0,1188520,0,34582
174829,0,0,0,101,0,0,0,0,34583
174830,0,0,50000,10,0,0,81920,0,34584
174831,0,0,0,101,0,0,0,0,34662
174832,0,0,0,101,0,0,0,0,34663
174833,0,0,0,101,0,0,0,0,34664
174834,0,0,0,101,0,0,0,0,34665
174835,0,0,0,0,0,0,69972,0,34666
174836,0,0,0,101,0,0,0,0,34750
174837,0,0,0,101,0,0,0,0,34751
174838,0,0,0,101,0,0,0,0,34752
174839,0,0,0,2,0,0,16384,0,34753
174840,0,0,4000,100,3,0,139944,0,34827
174841,0,0,0,101,0,0,0,0,34828
174842,0,0,0,101,0,0,0,0,34829
174843,0,0,0,101,0,0,0,0,34900
174845,0,0,0,101,0,0,0,0,34902
174846,0,0,0,101,0,0,0,0,34903
174847,0,0,0,101,0,0,0,0,34904
174848,0,0,0,101,0,0,0,0,34905
174849,0,10,0,101,0,0,0,0,34969
174850,0,0,0,101,0,0,0,0,34970
174851,0,0,0,101,0,0,0,0,34971
174852,0,0,0,101,0,0,0,0,35049
174853,0,0,0,101,0,0,0,0,35050
174855,0,0,0,101,0,0,0,0,35052
174856,0,0,0,101,0,0,0,0,35053
174857,0,0,0,101,0,0,0,0,35118
174859,0,0,0,101,0,0,0,0,35120
174860,0,0,0,100,0,0,65536,0,35121
174861,0,5,0,100,0,0,87376,0,35122
174862,0,0,0,101,0,0,0,0,35197
174863,0,0,0,101,0,0,0,0,35198
174864,0,0,0,101,0,0,0,0,35199
174865,0,0,0,101,0,0,0,0,35200
174866,0,0,0,101,0,0,0,0,35278
174867,0,0,0,101,0,0,0,0,35280
174869,0,0,0,101,0,0,0,0,35282
174870,0,0,0,101,0,0,0,0,35283
174871,0,0,0,101,0,0,0,0,35353
174872,0,0,0,101,0,0,0,0,35354
174873,0,0,0,101,0,0,0,0,35355
174874,0,0,0,101,0,0,0,0,35356
174875,0,0,0,101,0,0,0,0,35357
174876,0,0,0,101,0,0,0,0,35434
174877,0,0,0,101,0,0,0,0,35435
174878,0,0,0,101,0,0,0,0,35436
174879,0,0,0,101,0,0,0,0,34287
174880,0,0,0,101,0,0,0,0,34288
174881,0,0,0,101,0,0,0,0,34289
174882,0,0,0,101,0,0,0,0,34290
174884,0,0,0,101,0,0,0,0,34360
174885,0,0,0,101,0,0,0,0,34361
174887,0,0,0,101,0,0,0,0,34363
174888,0,0,0,101,0,0,0,0,34437
174889,0,0,0,101,0,0,0,0,34438
174890,0,0,0,66,0,0,320,0,34502
174891,0,0,0,100,0,0,320,0,34503
174893,0,0,0,101,0,0,0,0,34585
174894,0,0,0,100,0,0,340,0,34586
174895,0,0,0,101,0,0,0,0,34587
174896,0,0,0,101,0,0,0,0,34588
174897,0,0,0,101,0,0,0,0,34589
174898,0,0,0,0,0,0,69972,0,34667
174900,0,0,0,101,0,0,0,0,34670
174902,0,3,0,101,0,0,0,0,34672
174903,0,0,0,101,0,0,0,0,34673
174904,0,0,0,100,1,0,16384,0,34754
174906,0,0,0,101,0,0,0,0,34756
174907,0,0,0,101,0,0,0,0,34757
174908,0,0,0,101,0,0,0,0,34758
174909,0,0,0,101,0,0,0,0,34830
174910,0,0,0,101,0,0,0,0,34832
174911,0,0,0,101,0,0,0,0,34833
174912,0,0,0,101,0,0,0,0,34834
174913,0,0,0,101,0,0,1,0,34906
174915,0,0,0,101,0,0,0,0,34908
174916,0,0,0,101,0,0,0,0,34909
174917,0,0,0,101,0,0,0,0,34910
174918,0,0,0,101,0,0,0,0,34973
174919,0,0,0,101,0,0,0,0,34974
174920,0,0,0,101,0,0,0,0,34975
174921,0,0,0,100,0,0,34816,0,34976
174922,0,0,0,101,0,0,0,0,35054
174923,0,0,0,101,0,0,0,0,35055
174924,0,0,0,101,0,0,0,0,35056
174925,0,0,0,100,5,0,20,0,35123
174926,0,0,0,101,0,0,0,0,35124
174927,0,0,0,101,0,0,0,0,35125
174928,0,0,0,101,0,0,0,0,35126
174929,0,1,0,101,0,0,0,0,35201
174930,0,0,0,101,0,0,0,0,35202
174931,0,0,0,101,0,0,0,0,35203
174932,0,0,0,101,0,0,0,0,35204
174933,0,0,0,100,1,0,4116,0,35205
174935,0,0,0,101,0,0,0,0,35285
174936,0,0,0,101,0,0,0,0,35286
174937,0,0,0,101,0,0,0,0,35287
174938,0,0,0,101,0,0,0,0,35288
174939,0,0,0,101,0,0,0,0,35358
174940,0,0,0,101,0,0,0,0,35359
174941,0,0,0,101,0,0,0,0,35360
174942,0,0,0,101,0,0,0,0,35361
174943,0,5,0,101,0,0,0,0,35362
174944,0,0,0,101,0,0,0,0,35437
174945,0,0,0,101,0,0,0,0,35438
174946,0,0,0,101,0,0,0,0,35439
174947,0,0,0,101,0,0,0,0,35440
174948,0,0,0,101,0,0,0,0,34292
174949,0,0,0,101,0,0,0,0,34293
174950,0,0,0,101,0,0,0,0,34294
174951,0,0,0,101,0,0,0,0,34295
174953,0,0,10000,15,0,0,20,0,34365
174954,0,0,0,101,0,0,0,0,34366
174955,0,0,0,101,0,0,0,0,34367
174956,0,0,0,101,0,0,0,0,34368
174957,0,0,0,101,0,0,0,0,34439
174958,0,0,0,100,0,0,0,0,34441
174959,0,0,0,101,0,0,0,0,34442
174962,0,0,0,6,0,0,320,0,34506
174963,0,0,0,6,0,0,320,0,34507
174964,0,0,0,101,0,0,0,0,34590
174966,0,0,0,101,0,0,0,0,34592
174967,0,0,0,101,0,0,0,0,34593
174968,0,0,0,101,0,0,0,0,34597
174970,0,0,0,0,0,0,69972,0,34675
174974,0,0,0,101,0,0,0,0,34759
174975,0,0,0,101,0,0,0,0,34760
174976,0,0,0,101,0,0,0,0,34761
174977,0,0,0,101,0,0,0,0,34762
174978,0,0,0,101,0,0,0,0,34763
174979,0,0,0,101,0,0,0,0,34835
174980,0,0,0,101,0,0,0,0,34836
174981,0,0,0,101,0,0,0,0,34837
174982,0,0,0,6,0,0,320,0,34838
174983,0,0,0,101,0,0,0,0,34911
174984,0,0,0,101,0,0,0,0,34912
174985,0,0,0,101,0,0,0,0,34913
174986,0,0,0,100,0,0,-2146828288,0,34914
174987,0,0,0,101,0,0,0,0,34977
174988,0,0,0,101,0,0,0,0,34978
174989,0,0,0,101,0,0,0,0,34979
174990,0,0,0,101,0,0,0,0,34980
174991,0,0,0,101,0,0,0,0,34981
174992,0,0,0,101,0,0,0,0,34982
174993,0,0,0,101,0,0,0,0,35057
174994,0,0,0,101,0,0,0,0,35058
174995,0,0,0,101,0,0,0,0,35059
174996,0,0,0,101,0,0,0,0,35060
174997,0,0,0,101,0,0,0,0,35061
175000,0,0,0,101,0,0,0,0,35129
175002,0,0,45000,101,0,0,20,0,35131
175003,0,0,0,101,0,0,0,0,35132
175004,0,0,0,101,0,0,0,0,35206
175005,0,0,0,101,0,0,0,0,35207
175007,0,0,0,101,0,0,0,0,35209
175009,0,0,0,101,0,0,0,0,35289
175010,0,0,0,101,0,0,0,0,35290
175011,0,0,0,101,0,0,0,0,35291
175012,0,0,0,101,0,0,0,0,35292
175013,0,0,0,101,0,0,0,0,35363
175014,0,0,0,101,0,0,0,0,35364
175016,0,0,0,101,0,0,0,0,35367
175018,0,0,0,101,0,0,0,0,35369
175019,0,0,0,101,0,0,0,0,36643
175020,0,0,0,101,0,0,0,0,36644
175021,0,0,0,101,0,0,0,0,36645
175022,0,0,0,101,0,0,0,0,36646
175023,0,0,0,101,0,0,0,0,36719
175024,0,0,0,101,0,0,0,0,36720
175025,0,0,0,101,0,0,0,0,36721
175026,0,0,0,101,0,0,0,0,36722
175027,0,0,0,101,0,0,0,0,36723
175030,0,0,0,101,0,0,0,0,35513
175031,0,0,0,101,0,0,0,0,35514
175032,0,0,0,101,0,0,0,0,35515
175033,0,0,0,101,0,0,0,0,35516
175034,0,0,0,101,0,0,0,0,35517
175039,0,0,0,101,0,0,0,0,35683
175040,0,0,0,101,0,0,0,0,35684
175041,0,0,0,25,0,0,2429268,0,35685
175042,0,0,0,101,0,0,0,0,35686
175044,0,0,0,101,0,0,0,0,35763
175045,0,0,0,101,0,0,0,0,35764
175047,0,0,0,101,0,0,0,0,35766
175048,0,0,0,101,0,0,0,0,35767
175049,0,0,0,101,0,0,0,0,35769
175050,0,0,0,101,0,0,0,0,35827
175051,0,0,0,101,0,0,0,0,35828
175052,0,0,0,101,0,0,0,0,35829
175053,0,0,0,101,0,0,0,0,35830
175055,0,0,0,101,0,0,0,0,35907
175056,0,0,0,101,0,0,0,0,35908
175057,0,0,0,101,0,0,0,0,35909
175058,0,0,0,101,0,0,0,0,35910
175059,0,0,0,101,0,0,0,0,35911
175060,0,0,0,101,0,0,0,0,35984
175061,0,0,0,101,0,0,0,0,35985
175062,0,0,0,101,0,0,0,0,35986
175063,0,0,0,101,0,0,0,0,35987
175064,0,0,0,101,0,0,0,0,35988
175065,0,0,0,101,0,0,0,0,35989
175066,0,0,0,101,0,0,0,0,36068
175067,0,0,0,101,0,0,0,0,36069
175068,0,0,0,101,0,0,20,0,36070
175069,0,0,0,101,0,0,0,0,36071
175070,0,0,0,101,0,0,0,0,36072
175071,0,0,0,101,0,0,0,0,36152
175072,0,0,0,101,0,0,0,0,36153
175076,0,0,0,101,0,0,0,0,36242
175077,0,0,0,101,0,0,0,0,36243
175078,0,0,0,101,0,0,0,0,36246
175079,0,0,0,101,0,0,0,0,36247
175080,0,0,0,101,0,0,0,0,36248
175082,0,0,0,101,0,0,0,0,36325
175083,0,0,0,101,0,0,0,0,36326
175084,0,0,0,101,0,0,0,0,36327
175085,0,0,0,101,0,0,0,0,36328
175086,0,0,0,101,0,0,0,0,36329
175087,0,0,0,101,0,0,0,0,36408
175088,0,0,0,101,0,0,0,0,36409
175089,0,0,0,101,0,0,0,0,36410
175090,0,0,0,101,0,0,0,0,36411
175091,0,0,0,101,0,0,0,0,36412
175093,0,0,0,101,0,0,0,0,36486
175094,0,0,0,101,0,0,0,0,36487
175095,0,0,0,100,0,0,17408,0,36488
175096,0,0,0,101,0,0,0,0,36565
175099,0,0,0,101,0,0,0,0,36568
175100,0,1,0,101,0,0,0,0,36647
175101,0,0,0,101,0,0,0,0,36649
175102,0,0,0,101,0,0,0,0,36650
175103,0,0,0,101,0,0,0,0,36651
175104,0,0,0,101,0,0,0,0,36725
175106,0,0,0,101,0,0,0,0,36727
175107,0,0,0,101,0,0,0,0,36728
175108,0,10,0,101,0,0,0,0,36729
175109,0,0,0,101,0,0,0,0,36730
175110,0,0,0,101,0,0,0,0,35518
175111,0,0,0,101,0,0,0,0,35519
175112,0,0,0,101,0,0,0,0,35520
175113,0,0,0,101,0,0,0,0,35521
175114,0,0,0,101,0,0,0,0,35522
175115,0,0,0,101,0,0,0,0,35523
175124,0,0,0,101,0,0,0,0,35691
175125,0,0,0,101,0,0,0,0,35770
175126,0,0,0,101,0,0,0,0,35771
175127,0,0,0,101,0,0,0,0,35772
175131,0,0,0,101,0,0,0,0,35831
175132,0,0,0,101,0,0,0,0,35832
175133,0,0,0,101,0,0,0,0,35833
175134,0,0,0,101,0,0,0,0,35834
175135,0,0,0,101,0,0,0,0,35835
175136,0,0,0,101,0,0,0,0,35912
175137,0,0,0,101,0,0,0,0,35913
175138,0,0,0,101,0,0,0,0,35914
175139,0,0,0,101,0,0,0,0,35990
175140,0,0,0,101,0,0,0,0,35994
175141,0,0,0,101,0,0,0,0,35995
175142,0,0,0,101,0,0,0,0,35996
175143,0,0,0,101,0,0,0,0,35997
175144,0,0,0,101,0,0,0,0,35998
175145,0,0,0,101,0,0,0,0,36073
175146,0,0,0,101,0,0,0,0,36074
175147,0,0,0,101,0,0,0,0,36075
175148,0,0,0,101,0,0,0,0,36076
175149,0,0,0,101,0,0,0,0,36077
175150,0,0,0,101,0,0,0,0,36078
175157,0,0,0,101,0,0,0,0,36249
175158,0,1,0,101,0,0,0,0,36250
175159,0,0,0,101,0,0,0,0,36251
175160,0,0,0,101,0,0,0,0,36252
175161,0,0,0,101,0,0,0,0,36330
175162,0,0,0,101,0,0,0,0,36331
175163,0,0,0,101,0,0,0,0,36332
175164,0,0,0,101,0,0,0,0,36333
175166,0,0,0,101,0,0,0,0,36413
175167,0,0,0,101,0,0,0,0,36414
175168,0,0,0,101,0,0,0,0,36415
175169,0,0,0,101,0,0,0,0,36416
175170,0,0,0,101,0,0,0,0,36417
175171,0,0,0,101,0,0,0,0,36489
175172,0,0,0,101,0,0,0,0,36490
175177,0,0,0,101,0,0,0,0,36570
175178,0,0,0,101,0,0,0,0,36571
175179,0,0,0,101,0,0,0,0,36572
175180,0,0,0,101,0,0,0,0,36573
175181,0,0,0,101,0,0,0,0,36574
175182,0,0,0,101,0,0,0,0,36652
175183,0,0,0,101,0,0,0,0,36654
175184,0,0,0,101,0,0,0,0,36655
175185,0,0,0,101,0,0,0,0,36656
175186,0,0,0,101,0,0,0,0,36657
175187,0,0,0,101,0,0,0,0,36731
175188,0,0,0,101,0,0,0,0,36732
175189,0,0,0,101,0,0,0,0,35524
175190,0,0,0,101,0,0,0,0,35525
175191,0,0,0,101,0,0,0,0,35526
175192,0,0,0,101,0,0,0,0,35527
175193,0,0,0,101,0,0,0,0,35528
175194,0,0,0,101,0,0,0,0,35529
175197,0,0,0,101,0,0,0,0,35614
175200,0,0,0,101,0,0,0,0,35692
175201,0,0,0,101,0,0,0,0,35693
175202,0,0,0,101,0,0,0,0,35694
175203,0,0,0,0,0,0,69972,0,35695
175204,0,0,0,101,0,0,0,0,35776
175205,0,0,0,101,0,0,0,0,35777
175206,0,0,0,101,0,0,0,0,35778
175207,0,0,0,101,0,0,0,0,35779
175208,0,0,0,101,0,0,0,0,35780
175209,0,0,0,101,0,0,0,0,35836
175210,0,0,0,101,0,0,0,0,35837
175211,0,0,0,101,0,0,0,0,35838
175212,0,0,0,101,0,0,0,0,35839
175213,0,0,0,100,0,0,8232,0,35915
175214,0,0,0,101,0,0,0,0,35916
175215,0,0,0,100,0,0,8232,0,35917
175216,0,0,0,101,0,0,0,0,35999
175217,0,0,0,101,0,0,0,0,36000
175218,0,0,0,101,0,0,0,0,36001
175219,0,0,0,101,0,0,0,0,36002
175220,0,0,0,101,0,0,0,0,36003
175221,0,0,0,101,0,0,0,0,36079
175231,0,0,0,101,0,0,0,0,36167
175232,0,0,0,101,0,0,0,0,36253
175233,0,0,0,101,0,0,0,0,36254
175234,0,0,0,101,0,0,0,0,36255
175235,0,0,0,101,0,0,0,0,36256
175236,0,0,0,101,0,0,0,0,36257
175237,0,0,0,101,0,0,0,0,36258
175241,0,0,0,101,0,0,0,0,36339
175242,0,0,0,101,0,0,0,0,36340
175243,0,0,0,101,0,0,0,0,36418
175247,0,0,0,101,0,0,0,0,36494
175248,0,0,0,101,0,0,0,0,36495
175249,0,0,0,101,0,0,0,0,36496
175250,0,0,0,101,0,0,0,0,36497
175251,0,0,0,101,0,0,0,0,36575
175252,0,0,0,100,1,0,139944,0,36576
175253,0,0,0,101,0,0,0,0,36577
175254,0,0,0,101,0,0,0,0,36578
175256,0,0,0,101,0,0,0,0,36580
175257,0,0,0,101,0,0,0,0,36658
175258,0,9,0,101,0,0,2359296,0,36659
175259,0,0,0,101,0,0,0,0,36660
175260,0,0,0,101,0,0,0,0,36661
175261,0,0,0,101,0,0,0,0,36662
175262,0,0,15000,100,0,0,139944,0,36733
175263,0,0,0,100,2,0,1048576,0,36734
175264,0,0,0,101,0,0,0,0,36735
175265,0,0,0,101,0,0,0,0,36736
175266,0,0,0,101,0,0,0,0,35530
175267,0,0,0,101,0,0,0,0,35531
175268,0,0,0,101,0,0,0,0,35532
175269,0,0,0,101,0,0,0,0,35533
175270,0,0,0,101,0,0,0,0,35534
175271,0,0,0,101,0,0,0,0,35535
175273,0,0,0,101,0,0,0,0,35618
175276,0,0,0,0,0,0,69972,0,35697
175277,0,0,0,101,0,0,0,0,35698
175278,0,0,0,101,0,0,0,0,35699
175279,0,0,0,100,0,0,4,0,35781
175280,0,0,0,101,0,0,0,0,35782
175281,0,0,0,101,0,0,0,0,35783
175282,0,0,0,101,0,0,0,0,35784
175283,0,0,0,101,0,0,0,0,35785
175284,0,0,0,101,0,0,0,0,35786
175285,0,0,0,101,0,0,0,0,35840
175286,0,0,0,101,0,0,0,0,35841
175287,0,0,0,101,0,0,0,0,35842
175288,0,0,0,101,0,0,0,0,35843
175289,0,1,0,101,0,0,0,0,35918
175290,0,0,0,101,0,0,0,0,35919
175291,0,0,0,101,0,0,0,0,35920
175292,0,0,0,101,0,0,0,0,35921
175293,0,0,0,101,0,0,0,0,36004
175294,0,0,0,101,0,0,0,0,36005
175295,0,0,0,101,0,0,0,0,36006
175301,0,0,0,101,0,0,0,0,36088
175302,0,0,0,101,0,0,0,0,36089
175304,0,0,0,101,0,0,0,0,36169
175305,0,0,0,101,0,0,0,0,36170
175306,0,0,0,101,0,0,0,0,36171
175308,0,0,0,101,0,0,0,0,36259
175309,0,0,0,101,0,0,0,0,36260
175310,0,0,0,101,0,0,0,0,36261
175311,0,0,0,101,0,0,0,0,36262
175312,0,0,0,101,0,0,0,0,36263
175314,0,0,0,101,0,0,0,0,36341
175315,0,0,0,101,0,0,0,0,36342
175316,0,0,0,101,0,0,0,0,36343
175317,0,0,0,101,0,0,0,0,36344
175318,0,0,0,101,0,0,0,0,36345
175319,0,0,0,101,0,0,0,0,36422
175320,0,0,0,101,0,0,0,0,36423
175321,0,0,0,101,0,0,0,0,36424
175322,0,0,0,101,0,0,0,0,36425
175323,0,0,0,101,0,0,0,0,36426
175324,0,0,0,101,0,0,0,0,36498
175325,0,0,0,101,0,0,0,0,36499
175327,0,0,0,101,0,0,0,0,36502
175329,0,0,0,100,0,0,20,0,36582
175330,0,0,0,100,0,0,20,0,36583
175333,0,0,0,101,0,0,0,0,36664
175334,0,0,0,101,0,0,0,0,36665
175336,0,0,0,101,0,0,0,0,36667
175337,0,0,0,101,0,0,0,0,36668
175338,0,0,0,101,0,0,0,0,36669
175339,0,0,0,101,0,0,0,0,36738
175340,0,0,0,101,0,0,0,0,36739
175341,0,1,0,101,0,0,0,0,36740
175342,0,0,0,101,0,0,0,0,36741
175343,0,0,0,101,0,0,0,0,35536
175344,0,0,0,101,0,0,0,0,35537
175345,0,0,0,101,0,0,0,0,35538
175346,0,0,0,101,0,0,0,0,35539
175347,0,0,0,101,0,0,0,0,35540
175348,0,0,0,20,0,0,8388608,0,35541
175350,0,0,0,101,0,0,0,0,35621
175354,0,0,0,101,0,0,0,0,35700
175356,0,0,0,101,0,0,0,0,35702
175357,0,0,0,101,0,0,0,0,35703
175358,0,0,0,101,0,0,0,0,35787
175359,0,0,0,101,0,0,0,0,35788
175360,0,0,0,101,0,0,0,0,35789
175361,0,0,0,101,0,0,0,0,35790
175362,0,0,0,101,0,0,0,0,35844
175363,0,0,0,101,0,0,0,0,35845
175364,0,0,0,101,0,0,0,0,35846
175365,0,0,0,101,0,0,0,0,35847
175366,0,0,4000,20,0,0,84,0,35848
175367,0,0,0,101,0,0,0,0,35850
175368,0,0,1000,100,0,0,40,0,35922
175369,0,0,0,101,0,0,0,0,35923
175370,0,0,0,101,0,0,0,0,35924
175371,0,0,0,101,0,0,0,0,35925
175372,0,0,0,101,0,0,0,0,35926
175373,0,0,0,101,0,0,0,0,36009
175375,0,0,0,101,0,0,0,0,36011
175376,0,0,0,101,0,0,0,0,36012
175377,0,0,0,101,0,0,0,0,36013
175378,0,0,0,101,0,0,0,0,36090
175379,0,0,0,101,0,0,0,0,36091
175380,0,0,0,101,0,0,0,0,36092
175381,0,0,0,101,0,0,0,0,36093
175382,0,0,0,101,0,0,0,0,36094
175383,0,0,0,100,0,0,-2146924544,0,36173
175384,0,0,0,101,0,0,0,0,36174
175385,0,0,0,101,0,0,0,0,36175
175386,0,0,0,101,0,0,0,0,36176
175387,0,0,0,101,0,0,0,0,36177
175394,0,0,0,101,0,0,0,0,36346
175395,0,0,0,101,0,0,0,0,36347
175396,0,0,0,101,0,0,0,0,36348
175397,0,0,0,101,0,0,0,0,36349
175398,0,0,0,101,0,0,0,0,36428
175399,0,0,0,101,0,0,0,0,36429
175400,0,0,0,101,0,0,0,0,36430
175401,0,0,0,101,0,0,0,0,36431
175402,0,0,0,101,0,0,0,0,36503
175405,0,0,0,101,0,0,0,0,36506
175406,0,0,0,101,0,0,0,0,36507
175407,0,0,0,101,0,0,0,0,36586
175408,0,0,0,101,0,0,0,0,36587
175409,0,0,0,101,0,0,0,0,36588
175410,0,0,0,101,0,0,0,0,36589
175411,0,0,0,101,0,0,0,0,36590
175412,0,0,0,101,0,0,0,0,36670
175413,0,0,0,101,0,0,0,0,36671
175414,0,0,0,101,0,0,0,0,36672
175417,0,0,0,101,0,0,0,0,36742
175418,0,0,0,101,0,0,0,0,36743
175419,0,0,0,101,0,0,0,0,36744
175420,0,0,0,101,0,0,0,0,36746
175422,0,0,0,101,0,0,0,0,35542
175423,0,0,0,101,0,0,0,0,35543
175424,0,0,0,101,0,0,0,0,35544
175425,0,0,0,101,0,0,0,0,35545
175426,0,0,0,101,0,0,0,0,35546
175427,0,0,0,101,0,0,0,0,35547
175432,0,0,0,101,0,0,0,0,35704
175433,0,0,0,101,0,0,0,0,35705
175434,0,0,0,101,0,0,0,0,35706
175435,0,0,0,101,0,0,0,0,35707
175436,0,0,0,101,0,0,0,0,35791
175437,0,0,0,101,0,0,0,0,35792
175438,0,0,0,101,0,0,0,0,35793
175439,0,5,0,101,0,0,0,0,35851
175441,0,0,0,101,0,0,0,0,35853
175442,0,0,0,101,0,0,0,0,35854
175443,0,5,0,101,0,0,0,0,35927
175444,0,0,0,101,0,0,0,0,35928
175445,0,0,0,101,0,0,0,0,35929
175446,0,0,0,101,0,0,0,0,35930
175448,0,0,0,101,0,0,0,0,36015
175449,0,0,0,101,0,0,0,0,36018
175451,0,0,0,101,0,0,0,0,36095
175452,0,0,0,100,1,0,139808,0,36096
175453,0,0,0,101,0,0,0,0,36097
175454,0,0,0,101,0,0,0,0,36098
175455,0,0,0,101,0,0,0,0,36178
175456,0,0,0,101,0,0,0,0,36179
175458,0,0,0,101,0,0,0,0,36181
175459,0,0,0,101,0,0,0,0,36182
175464,0,0,0,101,0,0,0,0,36274
175465,0,0,0,101,0,0,0,0,36275
175466,0,0,0,101,0,0,0,0,36350
175467,0,0,0,101,0,0,0,0,36351
175468,0,0,0,101,0,0,0,0,36352
175469,0,0,0,101,0,0,0,0,36353
175470,0,0,0,101,0,0,0,0,36354
175471,0,0,0,101,0,0,0,0,36355
175472,0,0,0,101,0,0,0,0,36432
175473,0,0,0,101,0,0,0,0,36433
175474,0,0,0,101,0,0,0,0,36434
175475,0,0,0,101,0,0,0,0,36435
175476,0,0,0,101,0,0,0,0,36436
175477,0,0,0,101,0,0,0,0,36438
175478,0,0,0,101,0,0,0,0,36439
175479,0,0,0,101,0,0,0,0,36508
175480,0,0,0,101,0,0,0,0,36509
175481,0,0,0,101,0,0,0,0,36510
175482,0,0,0,101,0,0,0,0,36512
175484,0,0,0,101,0,0,0,0,36592
175485,0,0,0,101,0,0,0,0,36593
175486,0,0,0,101,0,0,0,0,36594
175490,0,0,0,101,0,0,0,0,36676
175491,0,0,0,101,0,0,0,0,36677
175492,0,0,0,101,0,0,0,0,36678
175493,0,0,0,101,0,0,0,0,36748
175494,0,0,0,101,0,0,0,0,36749
175495,0,0,0,101,0,0,0,0,36750
175496,0,0,0,101,0,0,0,0,36751
175497,0,0,0,101,0,0,0,0,35548
175498,0,0,0,101,0,0,0,0,35549
175499,0,0,0,20,0,0,8388608,0,35550
175500,0,0,0,20,0,0,8388608,0,35551
175501,0,0,0,20,0,0,8388608,0,35552
175506,0,0,0,101,0,0,0,0,35708
175507,0,0,0,101,0,0,0,0,35709
175508,0,0,0,101,0,0,0,0,35710
175509,0,0,0,101,0,0,0,0,35711
175510,0,0,0,101,0,0,0,0,35712
175511,0,0,0,101,0,0,0,0,35794
175512,0,0,0,101,0,0,0,0,35795
175513,0,0,0,101,0,0,0,0,35796
175514,0,0,0,101,0,0,0,0,35855
175515,0,0,0,101,0,0,0,0,35856
175516,0,0,0,101,0,0,0,0,35857
175517,0,0,0,101,0,0,0,0,35858
175518,0,9,0,101,0,0,0,0,35859
175520,0,0,0,101,0,0,0,0,35932
175521,0,0,0,101,0,0,0,0,35933
175523,0,0,0,101,0,0,0,0,35935
175524,0,0,0,101,0,0,0,0,35936
175526,0,0,0,101,0,0,0,0,36020
175527,0,3,0,101,0,0,0,0,36021
175528,0,0,0,101,0,0,0,0,36022
175529,0,0,0,101,0,0,0,0,36099
175530,0,0,0,101,0,0,0,0,36100
175531,0,0,0,10,0,0,20,0,36101
175532,0,0,0,101,0,0,0,0,36102
175533,0,0,0,101,0,0,0,0,36103
175534,0,0,0,101,0,0,0,0,36104
175536,0,0,0,101,0,0,0,0,36185
175538,0,0,0,101,0,0,0,0,36187
175542,0,0,0,101,0,0,0,0,36276
175543,0,0,0,101,0,0,0,0,36277
175544,0,0,0,101,0,0,0,0,36278
175545,0,0,0,101,0,0,0,0,36279
175547,0,0,0,101,0,0,0,0,36357
175548,0,0,0,101,0,0,0,0,36358
175549,0,0,0,101,0,0,0,0,36359
175552,0,0,0,101,0,0,0,0,36440
175553,0,0,0,101,0,0,0,0,36441
175554,0,0,0,101,0,0,0,0,36442
175556,0,0,0,101,0,0,0,0,36444
175557,0,0,0,101,0,0,0,0,36513
175558,0,0,0,101,0,0,0,0,36514
175559,0,0,0,50,0,0,40,0,36515
175560,0,5,0,101,0,0,0,0,36516
175563,0,0,0,101,0,0,0,0,36599
175565,0,0,0,101,0,0,0,0,36601
175566,0,0,0,101,0,0,0,0,36602
175567,0,0,0,101,0,0,0,0,36679
175571,0,0,0,101,0,0,0,0,36752
175572,0,0,0,101,0,0,0,0,36753
175573,0,0,0,101,0,0,0,0,36754
175574,0,0,0,101,0,0,0,0,36755
175575,0,0,0,20,0,0,8388608,0,35553
175576,0,0,0,101,0,0,0,0,35554
175577,0,0,0,101,0,0,0,0,35555
175578,0,10,0,101,0,0,0,0,35556
175579,0,0,0,101,0,0,0,0,35557
175584,0,0,0,101,0,0,0,0,35713
175585,0,0,0,101,0,0,0,0,35714
175586,0,0,0,101,0,0,0,0,35715
175588,0,0,0,101,0,0,0,0,35717
175589,0,0,0,101,0,0,0,0,35797
175590,0,0,0,101,0,0,0,0,35798
175591,0,0,0,101,0,0,0,0,35799
175592,0,0,0,101,0,0,0,0,35800
175596,0,0,0,101,0,0,0,0,35865
175597,0,0,0,101,0,0,0,0,35866
175598,0,0,0,101,0,0,0,0,35867
175602,0,0,0,101,0,0,0,0,35941
175603,0,0,0,101,1,0,340,0,35942
175604,0,0,0,101,0,0,0,0,36023
175606,0,0,0,101,0,0,0,0,36025
175608,0,0,0,101,0,0,0,0,36027
175611,0,0,0,101,0,0,0,0,36107
175612,0,0,0,101,0,0,0,0,36108
175613,0,0,0,101,0,0,0,0,36109
175615,0,0,0,101,0,0,0,0,36193
175616,0,0,0,101,0,0,0,0,36194
175618,0,0,0,101,0,0,0,0,36196
175619,0,0,0,101,0,0,0,0,36197
175620,0,0,0,101,0,0,0,0,36198
175621,0,0,0,101,0,0,0,0,36281
175622,0,0,0,101,0,0,0,0,36282
175623,0,0,0,101,0,0,0,0,36283
175626,0,0,0,101,0,0,0,0,36364
175629,0,0,0,101,0,0,0,0,36446
175630,0,0,0,101,0,0,0,0,36447
175631,0,0,0,101,0,0,0,0,36448
175634,0,0,0,101,0,0,0,0,36517
175635,0,0,0,101,0,0,0,0,36518
175636,0,10,0,101,0,0,0,0,36519
175637,0,0,0,101,0,0,0,0,36520
175639,0,0,0,101,0,0,0,0,36603
175640,0,0,0,101,0,0,0,0,36604
175642,0,0,0,101,0,0,0,0,36606
175643,0,0,0,101,0,0,0,0,36607
175646,0,0,0,101,0,0,0,0,36686
175649,0,0,0,101,0,0,0,0,36756
175650,0,0,0,101,0,0,0,0,36757
175651,0,0,0,101,0,0,0,0,36758
175652,0,0,0,101,0,0,0,0,36759
175653,0,0,0,101,0,0,0,0,35558
175654,0,0,0,101,0,0,0,0,35559
175655,0,0,0,101,0,0,0,0,35560
175656,0,0,0,101,0,0,0,0,35561
175657,0,0,0,101,0,0,0,0,35562
175658,0,0,0,101,0,0,0,0,35563
175663,0,0,0,101,0,0,0,0,35718
175665,0,0,0,101,0,0,0,0,35720
175669,0,0,0,101,0,0,0,0,35724
175670,0,0,0,101,0,0,0,0,35801
175671,0,0,0,101,0,0,0,0,35802
175672,0,0,0,101,0,0,0,0,35803
175673,0,0,0,101,0,0,0,0,35868
175674,0,0,0,101,0,0,0,0,35869
175675,0,0,0,101,0,0,0,0,35870
175676,0,0,0,101,0,0,0,0,35871
175677,0,0,0,101,0,0,0,0,35943
175678,0,0,0,101,0,0,0,0,35944
175679,0,0,0,101,0,0,0,0,35945
175680,0,0,0,101,0,0,0,0,35946
175681,0,0,0,101,0,0,0,0,36028
175682,0,0,0,101,0,0,0,0,36029
175683,0,0,0,101,0,0,0,0,36030
175684,0,0,0,101,0,0,0,0,36031
175685,0,0,0,101,0,0,0,0,36110
175686,0,0,0,100,2,0,20,0,36111
175688,0,0,0,101,0,0,0,0,36113
175689,0,0,0,101,0,0,0,0,36114
175690,0,0,0,101,0,0,0,0,36199
175691,0,0,0,101,0,0,0,0,36200
175692,0,0,0,101,0,0,0,0,36201
175694,0,0,0,101,0,0,0,0,36203
175695,0,0,0,101,0,0,0,0,36204
175696,0,0,0,101,0,0,0,0,36284
175697,0,0,0,101,0,0,0,0,36285
175698,0,0,0,101,0,0,0,0,36286
175703,0,0,0,101,0,0,0,0,36370
175705,0,0,0,101,0,0,0,0,36452
175706,0,10,0,101,0,0,0,0,36453
175708,0,0,0,101,0,0,0,0,36455
175709,0,0,0,101,0,0,0,0,36522
175710,0,0,0,101,0,0,0,0,36523
175711,0,0,0,101,0,0,0,0,36524
175712,0,0,0,101,0,0,0,0,36525
175713,0,0,0,101,0,0,0,0,36526
175714,0,0,0,101,0,0,0,0,36608
175715,0,0,0,101,0,0,0,0,36609
175717,0,5,0,101,0,0,0,0,36612
175719,0,0,0,101,0,0,0,0,36690
175721,0,0,0,101,0,0,0,0,36692
175722,0,0,0,101,0,0,0,0,36693
175723,0,0,0,101,0,0,0,0,36760
175724,0,0,0,101,0,0,0,0,36761
175725,0,0,0,101,0,0,0,0,36762
175726,0,0,0,101,0,0,0,0,36763
175727,0,0,0,101,0,0,0,0,35564
175728,0,0,0,101,0,0,0,0,35565
175730,0,0,0,101,0,0,0,0,35567
175731,0,0,0,101,0,0,0,0,35568
175732,0,0,0,101,0,0,0,0,35569
175738,0,0,0,101,0,0,0,0,35725
175740,0,0,0,101,0,0,0,0,35727
175741,0,0,0,101,0,0,0,0,35728
175743,0,0,0,101,0,0,0,0,35730
175744,0,0,0,101,0,0,0,0,35804
175745,0,0,0,101,0,0,0,0,35805
175746,0,0,0,101,0,0,0,0,35806
175747,0,0,0,101,0,0,0,0,35872
175748,0,0,0,101,0,0,0,0,35873
175749,0,0,0,101,0,0,0,0,35874
175750,0,0,0,101,0,0,0,0,35875
175751,0,0,0,101,0,0,0,0,35947
175752,0,0,0,100,5,0,20,0,35948
175753,0,0,0,101,0,0,0,0,35949
175754,0,0,0,101,0,0,0,0,35950
175755,0,0,0,101,0,0,0,0,35951
175756,0,3,0,101,0,0,0,0,36032
175757,0,0,0,101,0,0,0,0,36033
175758,0,0,0,101,0,0,0,0,36034
175759,0,0,0,101,0,0,1,0,36035
175761,0,0,0,101,0,0,0,0,36115
175763,0,0,0,101,0,0,0,0,36117
175764,0,0,0,101,0,0,0,0,36118
175765,0,0,0,101,0,0,0,0,36119
175766,0,0,0,101,0,0,0,0,36120
175767,0,0,0,101,0,0,0,0,36205
175768,0,0,0,101,0,0,0,0,36206
175769,0,0,0,40,0,0,20,0,36207
175770,0,0,0,101,0,0,0,0,36208
175771,0,0,0,101,0,0,0,0,36209
175772,0,0,0,101,0,0,0,0,36210
175774,0,0,0,101,0,0,0,0,36288
175776,0,0,0,101,0,0,0,0,36290
175777,0,0,0,101,0,0,0,0,36291
175779,0,0,0,101,0,0,0,0,36371
175780,0,0,0,101,0,0,0,0,36372
175781,0,0,0,101,0,0,0,0,36373
175782,0,0,0,101,0,0,0,0,36374
175783,0,0,0,101,0,0,0,0,36375
175784,0,0,0,101,0,0,0,0,36376
175785,0,0,0,101,0,0,0,0,36456
175786,0,0,0,101,0,0,0,0,36457
175787,0,0,0,101,0,0,0,0,36458
175788,0,0,0,101,0,0,0,0,36459
175789,0,0,0,101,0,0,0,0,36527
175794,0,0,0,100,0,0,139944,0,36613
175798,0,0,0,101,0,0,0,0,36694
175799,0,0,0,101,0,0,0,0,36695
175800,0,0,0,101,0,0,0,0,36696
175802,0,0,0,101,0,0,0,0,35481
175803,0,0,0,101,0,0,0,0,35482
175804,0,0,0,101,0,0,0,0,35483
175806,0,0,0,101,0,0,0,0,35570
175807,0,0,0,101,0,0,0,0,35571
175808,0,0,0,101,0,0,0,0,35572
175809,0,0,0,101,0,0,0,0,35573
175810,0,0,0,101,0,0,0,0,35574
175819,0,0,0,101,0,0,0,0,35733
175820,0,0,0,101,0,0,0,0,35734
175821,0,0,0,101,0,0,0,0,35735
175822,0,0,0,101,0,0,0,0,35736
175823,0,0,0,101,0,0,0,0,35807
175824,0,0,0,101,0,0,0,0,35808
175825,0,0,0,101,0,0,0,0,35809
175826,0,0,0,101,0,0,0,0,35876
175827,0,0,0,100,0,0,8,0,35877
175828,0,0,0,101,0,0,0,0,35878
175829,0,0,0,101,0,0,0,0,35879
175832,0,0,0,101,0,0,0,0,35952
175833,0,0,0,101,0,0,0,0,35953
175834,0,0,0,101,0,0,0,0,35954
175835,0,0,0,101,0,0,0,0,35955
175836,0,0,0,101,0,0,0,0,36037
175837,0,0,0,101,0,0,0,0,36038
175838,0,0,0,101,0,0,0,0,36039
175839,0,0,0,101,0,0,0,0,36040
175840,0,0,0,101,0,0,0,0,36121
175841,0,0,0,101,0,0,0,0,36122
175842,0,0,0,100,0,0,-2146819416,0,36123
175843,0,0,0,101,0,0,0,0,36124
175845,0,0,0,101,0,0,0,0,36212
175846,0,0,0,101,0,0,0,0,36213
175847,0,0,0,101,0,0,0,0,36214
175849,0,0,0,101,0,0,0,0,36293
175851,0,0,0,101,0,0,0,0,36295
175852,0,0,0,101,0,0,0,0,36296
175853,0,0,0,101,0,0,0,0,36297
175854,0,0,0,101,0,0,0,0,36298
175856,0,0,0,101,0,0,0,0,36378
175858,0,0,0,101,0,0,0,0,36380
175859,0,0,0,101,0,0,0,0,36382
175860,0,5,0,101,0,0,0,0,36383
175861,0,0,0,101,0,0,0,0,36460
175862,0,0,0,101,0,0,0,0,36461
175863,0,0,0,101,0,0,0,0,36462
175864,0,0,0,101,0,0,0,0,36463
175865,0,0,0,101,0,0,0,0,36532
175866,0,0,0,101,0,0,0,0,36533
175867,0,0,0,101,0,0,0,0,36534
175868,0,0,0,101,0,0,0,0,36535
175872,0,0,0,101,0,0,0,0,36619
175873,0,0,0,101,0,0,0,0,36620
175874,0,0,0,101,0,0,0,0,36697
175875,0,0,0,101,0,0,0,0,36698
175876,0,0,0,101,0,0,0,0,36699
175877,0,0,0,101,0,0,0,0,36700
175879,0,0,0,101,0,0,0,0,35486
175880,0,0,0,101,0,0,0,0,35487
175881,0,0,0,101,0,0,0,0,35488
175882,0,0,0,101,0,0,0,0,35489
175883,0,0,0,101,0,0,0,0,35575
175884,0,0,0,101,0,0,0,0,35576
175885,0,0,0,101,0,0,0,0,35577
175886,0,0,0,101,0,0,0,0,35578
175887,0,0,0,101,0,0,0,0,35579
175888,0,0,0,101,0,0,0,0,35580
175896,0,0,0,101,0,0,0,0,35738
175897,0,0,0,101,0,0,0,0,35739
175898,0,0,0,101,0,0,0,0,35740
175899,0,0,0,101,0,0,0,0,35741
175900,0,0,0,101,0,0,0,0,35742
175901,0,0,0,101,0,0,0,0,35810
175902,0,0,0,101,0,0,0,0,35811
175903,0,0,0,101,0,0,0,0,35812
175904,0,0,0,101,0,0,0,0,35813
175905,0,0,0,101,0,0,0,0,35882
175909,0,0,0,101,0,0,0,0,35886
175910,0,0,0,101,0,0,0,0,35956
175911,0,0,0,101,0,0,0,0,35957
175912,0,0,0,101,0,0,0,0,35958
175913,0,0,0,101,0,0,0,0,35959
175914,0,0,0,101,0,0,0,0,35960
175915,0,0,0,101,0,0,20,0,36041
175921,0,0,0,101,0,0,0,0,36125
175922,0,0,0,101,0,0,0,0,36126
175924,0,0,0,101,0,0,0,0,36128
175925,0,0,0,101,0,0,0,0,36129
175926,0,0,0,101,0,0,0,0,36130
175931,0,0,0,101,0,0,0,0,36220
175933,0,0,0,101,0,0,0,0,36299
175934,0,30,0,101,0,0,0,0,36300
175935,0,0,0,101,0,0,0,0,36301
175936,0,0,0,101,0,0,0,0,36302
175938,0,0,0,101,0,0,0,0,36304
175939,0,0,0,101,0,0,0,0,36384
175940,0,0,0,101,0,0,0,0,36385
175941,0,0,0,101,0,0,0,0,36386
175942,0,0,0,101,0,0,0,0,36387
175944,0,0,0,101,0,0,0,0,36464
175945,0,0,0,101,0,0,0,0,36465
175947,0,0,0,101,0,0,0,0,36467
175948,0,0,0,101,0,0,0,0,36468
175949,0,0,0,101,0,0,0,0,36469
175950,0,0,0,101,0,0,0,0,36538
175951,0,0,0,101,0,0,0,0,36539
175952,0,0,0,101,0,0,0,0,36540
175953,0,0,0,100,0,0,-2146819544,0,36541
175954,0,0,0,101,0,0,0,0,36542
175955,0,0,0,101,0,0,0,0,36543
175956,0,0,0,101,0,0,0,0,36621
175957,0,0,0,101,0,0,0,0,36622
175958,0,0,0,101,0,0,0,0,36623
175959,0,0,0,101,0,0,0,0,36624
175960,0,0,0,101,0,0,0,0,36625
175961,0,0,0,101,0,0,0,0,36701
175962,0,0,0,101,0,0,0,0,36702
175963,0,0,0,101,0,0,0,0,36704
175964,0,0,0,101,0,0,0,0,36705
175965,0,0,0,101,0,0,0,0,35490
175966,0,0,0,101,0,0,0,0,35491
175967,0,0,0,100,0,0,0,0,35492
175968,0,0,0,101,0,0,0,0,35493
175969,0,0,0,101,0,0,0,0,35494
175970,0,0,0,101,0,0,0,0,35581
175971,0,0,0,101,0,0,0,0,35582
175973,0,0,0,101,0,0,0,0,35584
175974,0,0,0,101,0,0,0,0,35585
175982,0,0,0,101,0,0,0,0,35743
175983,0,0,0,101,0,0,0,0,35744
175984,0,0,0,101,0,0,0,0,35745
175985,0,0,0,101,0,0,0,0,35746
175986,0,0,0,101,0,0,0,0,35814
175987,0,0,0,101,0,0,0,0,35815
175988,0,0,0,101,0,0,0,0,35816
175989,0,0,0,101,0,0,0,0,35887
175990,0,0,0,101,0,0,0,0,35888
175991,0,0,0,101,0,0,0,0,35889
175992,0,0,0,101,0,0,0,0,35890
175993,0,0,0,101,0,0,0,0,35891
175994,0,0,0,101,0,0,0,0,35961
175995,0,0,0,101,0,0,0,0,35962
175996,0,0,0,101,0,0,0,0,35963
175997,0,0,0,101,0,0,0,0,35964
175998,0,0,0,101,0,0,0,0,35965
176003,0,0,0,101,0,0,0,0,36051
176004,0,0,0,101,0,0,0,0,36131
176005,0,0,0,101,0,0,0,0,36132
176006,0,0,0,101,0,0,0,0,36133
176007,0,0,0,101,0,0,0,0,36134
176008,0,0,0,101,0,0,0,0,36135
176011,0,0,0,101,0,0,0,0,36224
176012,0,0,0,101,0,0,0,0,36225
176013,0,0,0,101,0,0,0,0,36226
176016,0,0,0,101,0,0,0,0,36307
176017,0,0,0,101,0,0,0,0,36308
176019,0,0,0,101,0,0,0,0,36389
176020,0,0,0,101,0,0,0,0,36390
176021,0,0,0,101,0,0,0,0,36391
176022,0,0,0,101,0,0,0,0,36392
176023,0,0,0,101,0,0,0,0,36393
176025,0,0,0,101,0,0,0,0,36470
176026,0,0,0,101,0,0,0,0,36471
176027,0,0,0,101,0,0,0,0,36472
176028,0,0,0,101,0,0,0,0,36473
176029,0,0,0,101,0,0,0,0,36544
176030,0,0,0,101,0,0,0,0,36545
176031,0,0,0,101,0,0,0,0,36546
176033,0,0,0,101,0,0,0,0,36548
176035,0,3,0,101,0,0,0,0,36627
176036,0,0,0,101,0,0,0,0,36628
176037,0,0,0,101,0,0,0,0,36629
176038,0,0,0,101,0,0,0,0,36706
176040,0,0,0,101,0,0,0,0,36708
176041,0,0,0,101,0,0,0,0,36709
176042,0,0,0,101,0,0,0,0,35495
176044,0,0,0,101,0,0,0,0,35498
176045,0,0,0,101,0,0,0,0,35499
176046,0,0,0,101,0,0,0,0,35500
176048,0,0,0,101,0,0,0,0,35587
176049,0,0,0,101,0,0,0,0,35588
176050,0,0,0,101,0,0,0,0,35589
176051,0,0,0,101,0,0,0,0,35590
176052,0,0,0,101,0,0,0,0,35591
176060,0,0,0,60,0,0,20,0,35747
176061,0,0,0,101,0,0,0,0,35748
176062,0,0,0,101,0,0,0,0,35749
176063,0,0,0,101,0,0,0,0,35750
176064,0,0,0,101,0,0,0,0,35817
176065,0,0,0,101,0,0,0,0,35818
176066,0,0,0,101,0,0,0,0,35819
176067,0,0,0,101,0,0,0,0,35892
176068,0,0,0,101,0,0,0,0,35893
176069,0,0,0,101,0,0,0,0,35894
176070,0,0,0,101,0,0,0,0,35895
176071,0,0,0,101,0,0,0,0,35966
176072,0,0,0,101,0,0,0,0,35967
176073,0,0,0,101,0,0,0,0,35968
176074,0,0,0,101,0,0,0,0,35969
176075,0,0,0,101,0,0,0,0,35970
176076,0,0,0,101,0,0,0,0,35971
176077,0,0,0,101,0,0,0,0,36052
176079,0,0,0,101,0,0,0,0,36054
176080,0,0,0,101,0,0,0,0,36055
176081,0,0,0,101,0,0,0,0,36136
176082,0,0,0,101,0,0,0,0,36137
176083,0,0,0,101,0,0,0,0,36138
176084,0,0,0,101,0,0,0,0,36139
176085,0,0,0,101,0,0,0,0,36140
176086,0,0,0,101,0,0,0,0,36227
176087,0,0,0,101,0,0,0,0,36228
176092,0,0,0,101,0,0,0,0,36310
176093,0,0,0,101,0,0,0,0,36311
176094,0,0,0,101,0,0,0,0,36312
176095,0,0,0,101,0,0,0,0,36313
176099,0,0,0,101,0,0,0,0,36398
176100,0,0,0,101,0,0,0,0,36474
176101,0,0,0,101,0,0,0,0,36475
176102,0,0,0,101,0,0,0,0,36476
176103,0,0,0,101,0,0,0,0,36477
176104,0,0,0,101,0,0,0,0,36549
176105,0,0,0,101,0,0,0,0,36550
176107,0,0,0,101,0,0,0,0,36552
176108,0,0,0,101,0,0,0,0,36553
176109,0,0,0,101,0,0,0,0,36630
176110,0,0,0,101,0,0,0,0,36631
176111,0,0,0,101,0,0,0,0,36632
176112,0,0,0,101,0,0,0,0,36633
176113,0,0,0,101,0,0,0,0,36634
176114,0,0,0,100,0,0,20,0,36635
176115,0,0,0,101,0,0,0,0,36710
176116,0,0,0,101,0,0,0,0,36711
176117,0,0,0,101,0,0,0,0,36712
176118,0,3,0,101,0,0,0,0,36713
176119,0,0,0,101,0,0,0,0,36714
176120,0,0,0,101,0,0,0,0,35501
176121,0,0,0,101,0,0,0,0,35502
176123,0,0,0,101,0,0,0,0,35504
176125,0,0,0,101,0,0,0,0,35506
176126,0,0,0,101,0,0,0,0,35593
176127,0,0,0,101,0,0,0,0,35594
176128,0,0,0,101,0,0,0,0,35595
176129,0,0,0,101,0,0,0,0,35596
176130,0,0,0,101,0,0,0,0,35597
176133,0,0,0,101,0,0,0,0,35673
176137,0,0,0,101,0,0,0,0,35751
176140,0,0,0,101,0,0,0,0,35754
176141,0,0,0,101,0,0,0,0,35755
176142,0,0,0,101,0,0,0,0,35820
176143,0,0,0,101,0,0,0,0,35821
176144,0,0,0,101,0,0,0,0,35822
176145,0,0,0,101,0,0,0,0,35896
176146,0,0,0,101,0,0,0,0,35897
176147,0,0,0,101,0,0,0,0,35898
176148,0,0,0,101,0,0,0,0,35899
176149,0,0,0,101,0,0,0,0,35900
176150,0,0,0,101,0,0,0,0,35972
176151,0,0,0,101,0,0,0,0,35973
176152,0,0,0,101,0,0,0,0,35974
176153,0,0,0,101,0,0,0,0,35975
176154,0,0,0,101,0,0,0,0,35976
176155,0,0,0,101,0,0,0,0,35977
176156,0,0,0,100,0,0,20,0,36056
176157,0,0,0,101,0,0,0,0,36057
176158,0,0,0,101,0,0,0,0,36058
176159,0,0,0,101,0,0,0,0,36061
176160,0,0,0,101,0,0,0,0,36062
176161,0,0,0,101,0,0,0,0,36141
176162,0,0,0,101,0,0,0,0,36142
176163,0,0,0,101,0,0,0,0,36144
176164,0,0,0,101,0,0,0,0,36145
176165,0,0,0,101,0,0,0,0,36146
176170,0,0,0,101,0,0,0,0,36237
176171,0,1,0,101,0,0,0,0,36314
176172,0,0,0,101,0,0,0,0,36315
176173,0,0,0,101,0,0,0,0,36316
176174,0,0,0,101,0,0,0,0,36317
176175,0,0,0,101,0,0,0,0,36318
176176,0,0,0,101,0,0,0,0,36399
176177,0,0,0,101,0,0,0,0,36400
176178,0,0,0,101,0,0,0,0,36401
176179,0,0,0,101,0,0,0,0,36402
176180,0,5,0,101,0,0,0,0,36478
176181,0,0,0,101,0,0,0,0,36479
176182,0,0,0,101,0,0,0,0,36480
176183,0,0,0,101,0,0,0,0,36554
176184,0,0,0,101,0,0,0,0,36555
176185,0,0,0,101,0,0,0,0,36556
176187,0,0,0,101,0,0,0,0,36558
176188,0,0,0,101,0,0,0,0,36636
176189,0,0,3000,15,0,0,20,0,36637
176190,0,0,0,101,0,0,0,0,36638
176191,0,0,0,101,0,0,0,0,36639
176193,0,0,0,101,0,0,0,0,36716
176194,0,0,0,101,0,0,0,0,36717
176195,0,0,0,101,0,0,0,0,36718
176196,0,0,0,101,0,0,0,0,35507
176197,0,10,0,101,0,0,0,0,35508
176198,0,0,0,101,0,0,0,0,35509
176199,0,0,0,101,0,0,0,0,35510
176200,0,0,0,101,0,0,0,0,35511
176201,0,0,0,101,0,0,0,0,35598
176202,0,0,0,101,0,0,0,0,35599
176203,0,0,0,101,0,0,0,0,35600
176208,0,0,0,101,0,0,0,0,35679
176210,0,0,0,101,0,0,0,0,35681
176211,0,0,0,101,0,0,0,0,35682
176212,0,0,0,101,0,0,0,0,35756
176213,0,0,0,101,0,0,0,0,35757
176214,0,0,0,101,0,0,0,0,35759
176215,0,0,0,101,0,0,0,0,35760
176216,0,0,0,101,0,0,0,0,35761
176217,0,0,0,101,0,0,0,0,35823
176218,0,0,0,101,0,0,0,0,35824
176219,0,0,0,101,0,0,0,0,35825
176220,0,0,0,101,0,0,0,0,35826
176221,0,0,0,101,0,0,0,0,35901
176222,0,0,0,101,0,0,0,0,35902
176223,0,0,0,101,0,0,0,0,35903
176226,0,0,0,101,0,0,0,0,35978
176227,0,0,0,101,0,0,0,0,35979
176228,0,0,0,101,0,0,0,0,35980
176229,0,0,0,101,0,0,0,0,35981
176230,0,0,0,101,0,0,0,0,35982
176231,0,0,0,101,0,0,0,0,35983
176233,0,0,0,101,0,0,0,0,36064
176234,0,0,0,101,0,0,0,0,36065
176235,0,0,0,101,0,0,0,0,36066
176236,0,0,0,101,0,0,0,0,36067
176237,0,0,0,101,0,0,0,0,36147
176238,0,0,0,100,0,0,-2146819416,0,36148
176239,0,0,0,101,0,0,0,0,36149
176240,0,0,0,101,0,0,0,0,36151
176241,0,0,0,101,0,0,0,0,36238
176242,0,0,0,101,0,0,0,0,36239
176243,0,0,0,101,0,0,0,0,36240
176244,0,0,0,101,0,0,0,0,36241
176245,0,0,0,101,0,0,0,0,36319
176249,0,0,0,101,0,0,0,0,36323
176251,0,0,0,101,0,0,0,0,36404
176252,0,0,0,101,0,0,0,0,36405
176253,0,0,0,101,0,0,0,0,36406
176255,0,0,0,101,0,0,0,0,36481
176256,0,5,0,101,0,0,0,0,36482
176258,0,0,0,101,0,0,0,0,36484
176259,0,0,0,101,0,0,0,0,36559
176261,0,0,0,101,0,0,0,0,36561
176262,0,0,0,101,0,0,0,0,36562
176263,0,0,0,100,1,0,16,0,36563
176265,0,0,0,50,3,0,139944,0,36640
176266,0,0,0,101,0,0,0,0,36641
176267,0,0,0,101,0,0,0,0,36642
176268,0,0,0,101,0,0,0,0,37843
176269,0,0,0,101,0,0,0,0,37844
176271,0,0,0,101,0,0,0,0,37846
176272,0,0,0,101,0,0,0,0,37847
176273,0,0,0,101,0,0,0,0,37920
176274,0,0,0,101,0,0,0,0,37921
176275,0,0,0,101,0,0,0,0,37922
176277,0,0,0,101,0,0,0,0,36790
176278,0,10,0,101,0,0,0,0,36791
176279,0,0,0,101,0,0,0,0,36792
176282,0,0,0,101,0,0,0,0,36795
176285,0,0,0,101,0,0,0,0,36871
176286,0,0,0,101,0,0,0,0,36872
176288,0,0,0,101,0,0,0,0,36941
176290,0,0,0,101,0,0,0,0,36943
176291,0,0,0,101,0,0,0,0,36944
176292,0,0,0,101,0,0,0,0,37018
176293,0,0,0,101,0,0,0,0,37019
176294,0,0,0,101,0,0,0,0,37020
176295,0,0,0,101,0,0,0,0,37023
176297,0,0,0,101,0,0,0,0,37103
176298,0,0,0,101,0,0,0,0,37104
176300,0,0,0,101,0,0,0,0,37106
176301,0,0,0,101,0,0,0,0,37107
176302,0,0,0,101,0,0,0,0,37176
176305,0,0,0,101,0,0,0,0,37179
176306,0,0,40000,15,0,0,81920,0,37247
176307,0,0,0,101,0,0,0,0,37248
176308,0,0,0,101,0,0,0,0,37249
176309,0,0,0,101,0,0,0,0,37250
176310,0,0,0,101,0,0,0,0,37320
176311,0,0,0,101,0,0,0,0,37321
176312,0,0,0,101,0,0,0,0,37322
176313,0,0,0,101,0,0,0,0,37323
176314,0,0,0,101,0,0,0,0,37388
176315,0,0,0,101,0,0,0,0,37389
176316,0,0,0,101,0,0,0,0,37390
176317,0,0,0,101,0,0,0,0,37391
176318,0,0,0,101,0,0,0,0,37465
176319,0,0,0,101,0,0,0,0,37466
176320,0,0,0,101,0,0,0,0,37467
176321,0,0,0,101,0,0,0,0,37468
176322,0,0,0,101,0,0,0,0,37536
176323,0,0,0,101,0,0,0,0,37537
176324,0,0,0,101,0,0,0,0,37538
176325,0,0,0,101,0,0,0,0,37539
176327,0,0,0,101,0,0,0,0,37607
176328,0,0,0,101,0,0,0,0,37608
176329,0,0,0,101,0,0,0,0,37609
176330,0,0,0,101,0,0,0,0,37610
176332,0,0,0,101,0,0,0,0,37678
176333,0,0,0,101,0,0,0,0,37679
176335,0,0,0,101,0,0,0,0,37681
176336,0,0,0,101,0,0,0,0,37760
176337,0,0,0,101,0,0,0,0,37761
176338,0,0,0,101,0,0,0,0,37762
176339,0,0,0,101,0,0,0,0,37763
176340,0,0,0,101,0,0,0,0,37764
176341,0,0,0,101,0,0,0,0,37848
176342,0,0,0,101,0,0,0,0,37849
176343,0,0,0,101,0,0,0,0,37850
176344,0,0,0,101,0,0,0,0,37851
176351,0,5,0,101,0,0,0,0,36796
176353,0,0,0,101,0,0,0,0,36798
176355,0,0,0,101,0,0,0,0,36800
176357,0,0,0,101,0,0,0,0,36876
176358,0,0,0,101,0,0,0,0,36877
176359,0,0,0,101,0,0,0,0,36878
176360,0,0,0,101,0,0,0,0,36879
176361,0,0,0,101,0,0,0,0,36945
176362,0,0,0,101,0,0,0,0,36946
176363,0,0,0,101,0,0,0,0,36947
176364,0,0,0,101,0,0,0,0,36948
176366,0,0,0,101,0,0,0,0,37027
176367,0,0,0,101,0,0,0,0,37028
176368,0,0,0,101,0,0,0,0,37029
176369,0,0,0,100,0,0,34816,0,37030
176370,0,0,0,101,0,0,0,0,37031
176371,0,0,0,101,0,0,0,0,37108
176372,0,0,0,101,0,0,0,0,37109
176373,0,0,0,101,0,0,0,0,37110
176375,0,0,0,101,0,0,0,0,37112
176376,0,0,0,101,0,0,0,0,37180
176377,0,0,0,101,0,0,0,0,37181
176378,0,0,0,101,0,0,0,0,37182
176379,0,0,0,101,0,0,0,0,37183
176380,0,0,0,101,0,0,0,0,37251
176381,0,0,0,101,0,0,0,0,37252
176382,0,0,0,101,0,0,0,0,37254
176383,0,0,0,101,0,0,0,0,37255
176384,0,0,0,101,0,0,0,0,37256
176385,0,0,0,101,0,0,0,0,37324
176386,0,0,0,100,1,0,16384,0,37325
176390,0,0,0,101,0,0,0,0,37395
176391,0,0,0,101,0,0,0,0,37396
176392,0,0,0,101,0,0,0,0,37397
176393,0,0,0,101,0,0,0,0,37469
176394,0,0,0,101,0,0,0,0,37470
176395,0,0,0,101,0,0,0,0,37471
176396,0,0,0,101,0,0,0,0,37472
176397,0,0,0,101,0,0,0,0,37540
176398,0,0,0,101,0,0,0,0,37541
176399,0,0,0,101,0,0,0,0,37542
176401,0,0,0,101,0,0,0,0,37546
176402,0,0,0,2,0,0,20,0,37611
176403,0,0,0,101,0,0,0,0,37612
176404,0,0,0,101,0,0,0,0,37613
176407,0,0,0,101,0,0,0,0,37683
176409,0,0,0,101,0,0,0,0,37685
176414,0,0,0,101,0,0,0,0,37768
176416,0,0,0,101,0,0,0,0,37770
176417,0,0,0,101,0,0,0,0,37852
176418,0,0,0,101,0,0,0,0,37853
176419,0,0,0,101,0,0,0,0,37854
176420,0,0,0,101,0,0,0,0,37855
176421,0,0,0,101,0,0,0,0,37930
176424,0,0,0,101,0,0,0,0,37933
176425,0,0,0,101,0,0,0,0,37934
176426,0,0,0,101,0,0,0,0,36801
176427,0,0,0,101,0,0,0,0,36802
176428,0,0,0,101,0,0,0,0,36803
176429,0,0,0,101,0,0,0,0,36804
176431,0,0,0,101,0,0,0,0,36806
176432,0,0,0,101,0,0,0,0,36880
176433,0,0,0,100,0,0,40,0,36881
176434,0,0,0,101,0,0,0,0,36882
176436,0,0,0,101,0,0,0,0,36950
176437,0,0,0,101,0,0,0,0,36951
176438,0,0,0,101,0,0,0,0,36952
176439,0,0,0,101,0,0,0,0,37032
176440,0,0,0,101,0,0,0,0,37033
176441,0,0,0,101,0,0,0,0,37034
176442,0,0,0,101,0,0,0,0,37035
176443,0,0,0,101,0,0,0,0,37036
176445,0,0,0,101,0,0,0,0,37113
176446,0,0,0,101,0,0,0,0,37114
176447,0,0,0,101,0,0,0,0,37115
176448,0,0,0,101,0,0,0,0,37116
176452,0,0,0,101,0,0,0,0,37187
176453,0,0,0,101,0,0,0,0,37257
176454,0,0,0,101,0,0,0,0,37258
176455,0,0,0,101,0,0,0,0,37259
176456,0,0,0,101,0,0,0,0,37260
176457,0,0,0,101,0,0,0,0,37261
176458,0,0,0,101,0,0,0,0,37327
176459,0,0,0,101,0,0,0,0,37328
176460,0,0,0,101,0,0,0,0,37329
176461,0,0,0,101,0,0,0,0,37330
176462,0,0,0,101,0,0,0,0,37398
176463,0,0,0,101,0,0,0,0,37399
176464,0,0,0,101,0,0,0,0,37400
176466,0,0,0,101,0,0,0,0,37404
176467,0,0,0,101,0,0,0,0,37473
176468,0,0,0,101,0,0,0,0,37474
176469,0,0,0,101,0,0,0,0,37475
176470,0,0,0,101,0,0,0,0,37476
176471,0,0,0,101,0,0,0,0,37547
176472,0,0,0,101,0,0,0,0,37548
176473,0,0,0,101,0,0,0,0,37549
176474,0,0,0,101,0,0,0,0,37550
176475,0,0,0,101,0,0,0,0,37615
176477,0,0,0,1,0,0,340,0,37617
176479,0,0,0,101,0,0,0,0,37688
176480,0,0,0,101,0,0,0,0,37689
176481,0,0,0,101,0,0,0,0,37690
176482,0,0,0,101,0,0,0,0,37691
176483,0,0,0,101,0,0,0,0,37692
176488,0,0,0,101,0,0,0,0,37775
176489,0,0,0,101,0,0,0,0,37856
176491,0,0,0,101,0,0,0,0,37858
176492,0,0,0,101,0,0,0,0,37859
176493,0,0,0,101,0,0,0,0,37935
176494,0,0,0,101,0,0,0,0,37936
176495,0,0,0,101,0,0,0,0,37937
176498,0,0,0,101,0,0,0,0,36808
176499,0,0,0,101,0,0,0,0,36809
176500,0,0,0,101,0,0,0,0,36810
176501,0,0,0,101,0,0,0,0,36811
176502,0,0,0,101,0,0,0,0,36883
176503,0,0,0,101,0,0,0,0,36884
176505,0,0,0,101,0,0,0,0,36886
176506,0,0,0,101,0,0,0,0,36953
176507,0,0,0,101,0,0,0,0,36954
176508,0,0,0,101,0,0,0,0,36955
176509,0,0,0,101,0,0,0,0,36956
176510,0,0,0,101,0,0,0,0,36957
176511,0,0,0,101,0,0,0,0,37038
176517,0,0,0,101,0,0,0,0,37117
176519,0,0,0,101,0,0,0,0,37119
176521,0,0,0,101,0,0,0,0,37188
176522,0,0,60000,100,0,0,16384,0,37189
176523,0,0,0,101,0,0,0,0,37190
176524,0,0,0,101,0,0,0,0,37262
176525,0,0,0,101,0,0,0,0,37263
176527,0,0,0,101,0,0,0,0,37331
176528,0,0,0,101,0,0,0,0,37332
176529,0,0,0,101,0,0,0,0,37333
176530,0,0,0,101,0,0,0,0,37405
176531,0,0,0,101,0,0,0,0,37406
176532,0,0,0,101,0,0,0,0,37407
176533,0,0,0,101,0,0,0,0,37408
176534,0,0,0,101,0,0,0,0,37477
176535,0,0,0,101,0,0,0,0,37478
176536,0,0,0,101,0,0,0,0,37479
176537,0,0,0,101,0,0,0,0,37480
176538,0,0,0,101,0,0,0,0,37481
176539,0,0,0,101,0,0,0,0,37551
176540,0,0,0,101,0,0,0,0,37552
176541,0,0,0,101,0,0,0,0,37553
176542,0,0,0,101,0,0,0,0,37554
176543,0,0,0,2,0,0,20,0,37618
176544,0,0,0,2,0,0,65536,0,37619
176545,0,0,0,101,0,0,0,0,37620
176546,0,0,0,101,0,0,0,0,37621
176547,0,0,0,101,0,0,0,0,37693
176548,0,0,0,101,0,0,0,0,37694
176549,0,0,0,101,0,0,0,0,37695
176550,0,0,0,101,0,0,0,0,37696
176551,0,0,0,101,0,0,0,0,37697
176552,0,0,0,101,0,0,0,0,37776
176553,0,0,0,101,0,0,0,0,37777
176554,0,0,0,101,0,0,0,0,37778
176555,0,0,0,101,0,0,0,0,37779
176556,0,0,0,101,0,0,0,0,37860
176557,0,0,0,101,0,0,0,0,37861
176558,0,3,0,101,0,0,0,0,37862
176559,0,0,0,101,0,0,0,0,37863
176560,0,0,0,101,0,0,0,0,37939
176561,0,0,0,101,0,0,0,0,37940
176562,0,0,0,101,0,0,0,0,37941
176563,0,0,0,101,0,0,0,0,37942
176565,0,0,0,101,0,0,0,0,36812
176566,0,0,0,101,0,0,0,0,36813
176567,0,8,0,101,0,0,0,0,36814
176569,0,0,0,101,0,0,0,0,36816
176571,0,0,0,101,0,0,0,0,36888
176572,0,0,0,101,0,0,0,0,36889
176573,0,0,0,101,0,0,0,0,36890
176574,0,0,0,101,0,0,0,0,36958
176575,0,0,0,101,0,0,0,0,36959
176576,0,0,0,101,0,0,0,0,36960
176577,0,0,0,101,0,0,0,0,36961
176578,0,0,0,101,0,0,0,0,36962
176579,0,0,0,101,0,0,0,0,36963
176580,0,0,0,101,0,0,0,0,36964
176587,0,0,0,101,0,0,0,0,37121
176588,0,0,0,101,0,0,0,0,37122
176589,0,0,0,101,0,0,0,0,37123
176591,0,0,0,101,0,0,0,0,37125
176592,0,0,0,101,0,0,0,0,37191
176593,0,0,0,100,1,0,40,0,37193
176594,0,0,0,101,0,0,0,0,37194
176595,0,0,0,6,0,0,69648,0,37195
176596,0,0,0,101,0,0,0,0,37265
176597,0,0,0,101,0,0,0,0,37266
176598,0,0,0,101,0,0,0,0,37267
176599,0,0,0,101,0,0,0,0,37268
176600,0,0,0,101,0,0,0,0,37334
176601,0,0,0,101,0,0,0,0,37335
176602,0,0,0,3,0,0,87060,0,37336
176603,0,0,0,101,0,0,0,0,37337
176604,0,0,0,101,0,0,0,0,37409
176605,0,0,0,101,0,0,0,0,37410
176606,0,0,0,101,0,0,0,0,37411
176607,0,0,0,101,0,0,0,0,37412
176608,0,0,0,101,0,0,0,0,37413
176609,0,0,0,100,1,0,16,0,37482
176610,0,0,0,101,0,0,0,0,37483
176611,0,0,0,101,0,0,0,0,37484
176612,0,0,0,101,0,0,0,0,37485
176613,0,0,0,100,0,0,87380,0,37555
176614,0,0,0,101,0,0,0,0,37556
176619,0,0,0,101,0,0,0,0,37624
176622,0,0,0,101,0,0,0,0,37700
176630,0,0,0,101,0,0,0,0,37784
176632,0,0,0,101,0,0,0,0,37864
176633,0,0,0,101,0,0,0,0,37865
176635,0,0,0,101,0,0,0,0,37867
176636,0,0,0,101,0,0,0,0,37868
176637,0,0,0,101,0,0,0,0,37944
176638,0,0,0,101,0,0,0,0,37945
176639,0,0,0,101,0,0,0,0,37946
176643,0,3,0,101,0,0,0,0,36817
176646,0,0,0,101,0,0,0,0,36820
176647,0,0,0,101,0,0,0,0,36821
176649,0,0,0,101,0,0,0,0,36892
176650,0,0,0,101,0,0,0,0,36893
176651,0,0,0,101,0,0,0,0,36894
176652,0,0,0,101,0,0,0,0,36895
176653,0,10,0,101,0,0,0,0,36965
176655,0,0,0,101,0,0,0,0,36967
176656,0,0,0,101,0,0,0,0,36968
176657,0,0,0,101,0,0,0,0,36969
176659,0,0,0,101,0,0,0,0,37051
176660,0,0,0,101,0,0,0,0,37052
176661,0,0,0,101,0,0,0,0,37053
176662,0,0,0,101,0,0,0,0,37126
176664,0,0,0,101,0,0,0,0,37128
176666,0,0,0,101,0,0,0,0,37196
176667,0,0,45000,15,0,0,87312,0,37197
176668,0,0,0,101,0,0,0,0,37198
176669,0,0,0,101,0,0,0,0,37199
176671,0,0,0,101,0,0,0,0,37270
176672,0,0,0,101,0,0,0,0,37271
176673,0,3,0,101,0,0,0,0,37272
176674,0,0,0,101,0,0,0,0,37273
176675,0,0,0,101,0,0,0,0,37338
176676,0,0,0,101,0,0,0,0,37339
176677,0,0,0,101,0,0,0,0,37340
176678,0,0,0,101,0,0,0,0,37341
176679,0,0,0,101,0,0,0,0,37342
176680,0,0,0,101,0,0,0,0,37414
176682,0,0,0,101,0,0,0,0,37416
176683,0,0,0,101,0,0,0,0,37417
176684,0,0,0,101,0,0,0,0,37418
176685,0,0,0,101,0,0,0,0,37486
176686,0,0,0,101,0,0,0,0,37487
176687,0,0,0,101,0,0,0,0,37488
176688,0,0,0,101,0,0,0,0,37489
176689,0,0,0,101,0,0,0,0,37559
176690,0,0,0,101,0,0,0,0,37560
176691,0,0,0,101,0,0,0,0,37561
176693,0,0,0,101,0,0,0,0,37563
176695,0,0,0,101,0,0,0,0,37626
176697,0,0,0,101,0,0,0,0,37628
176698,0,0,0,101,0,0,0,0,37704
176699,0,0,0,2,0,0,16384,0,37705
176700,0,0,0,100,1,0,16384,0,37706
176702,0,0,0,101,0,0,0,0,37786
176703,0,0,0,101,0,0,0,0,37787
176704,0,0,0,101,0,0,0,0,37788
176705,0,0,0,101,0,0,0,0,37789
176707,0,0,0,101,0,0,0,0,37871
176709,0,0,0,101,0,0,0,0,37873
176711,0,0,0,101,0,0,0,0,37950
176712,0,0,0,101,0,0,0,0,37951
176713,0,0,0,101,0,0,0,0,37952
176715,0,0,0,101,0,0,0,0,36822
176716,0,0,0,101,0,0,0,0,36823
176717,0,0,0,101,0,0,0,0,36824
176718,0,0,0,101,0,0,0,0,36825
176719,0,0,0,101,0,0,0,0,36826
176720,0,0,0,101,0,0,0,0,36896
176721,0,0,0,101,0,0,0,0,36897
176723,0,0,0,101,0,0,0,0,36970
176724,0,0,0,101,0,0,0,0,36971
176725,0,0,0,101,0,0,0,0,36972
176726,0,0,0,101,0,0,0,0,36973
176727,0,5,0,101,0,0,0,0,36974
176728,0,0,0,101,0,0,0,0,37054
176729,0,0,0,101,0,0,0,0,37055
176730,0,0,0,101,0,0,0,0,37056
176733,0,0,0,101,0,0,0,0,37131
176735,0,10,0,101,0,0,0,0,37133
176736,0,0,0,101,0,0,0,0,37200
176737,0,0,0,101,0,0,0,0,37201
176738,0,0,0,101,0,0,0,0,37202
176739,0,0,0,101,0,0,0,0,37203
176740,0,3,0,101,0,0,0,0,37204
176741,0,3,0,101,0,0,0,0,37205
176742,0,0,0,101,0,0,0,0,37274
176743,0,0,0,101,0,0,0,0,37275
176744,0,0,0,101,0,0,0,0,37276
176745,0,0,0,101,0,0,0,0,37277
176746,0,0,0,101,0,0,0,0,37343
176747,0,0,0,101,0,0,0,0,37344
176748,0,0,0,101,0,0,0,0,37345
176749,0,0,0,101,0,0,0,0,37346
176752,0,0,0,101,0,0,0,0,37420
176754,0,0,0,101,0,0,0,0,37422
176759,0,0,0,101,0,0,0,0,37493
176760,0,0,0,101,0,0,0,0,37495
176761,0,0,0,101,0,0,0,0,37564
176762,0,5,0,101,0,0,0,0,37565
176764,0,0,0,101,0,0,0,0,37629
176765,0,0,0,101,0,0,0,0,37630
176766,0,0,0,101,0,0,0,0,37631
176767,0,0,0,101,0,0,0,0,37632
176768,0,0,0,101,0,0,0,0,37633
176770,0,0,0,100,0,0,0,0,37709
176771,0,0,0,101,0,0,0,0,37711
176772,0,0,0,101,0,0,0,0,37712
176778,0,0,0,101,0,0,0,0,37796
176779,0,0,0,101,0,0,0,0,37875
176780,0,0,0,101,0,0,0,0,37876
176781,0,0,0,101,0,0,0,0,37877
176782,0,0,0,101,0,0,0,0,37878
176783,0,0,0,101,0,0,0,0,37879
176784,0,0,0,101,0,0,0,0,37954
176786,0,0,0,101,0,0,0,0,37956
176788,0,0,0,101,0,0,0,0,37958
176790,0,0,0,101,0,0,0,0,36828
176791,0,0,0,101,0,0,0,0,36829
176792,0,0,0,101,0,0,0,0,36830
176793,0,0,0,101,0,0,0,0,36899
176794,0,0,0,101,0,0,0,0,36900
176795,0,0,0,101,0,0,0,0,36901
176796,0,0,0,101,0,0,0,0,36902
176797,0,0,0,101,0,0,0,0,36903
176799,0,0,0,101,0,0,0,0,36976
176801,0,0,0,101,0,0,0,0,36978
176802,0,0,0,101,0,0,0,0,37058
176804,0,0,0,101,0,0,0,0,37060
176806,0,0,0,101,0,0,0,0,37062
176807,0,0,0,101,0,0,0,0,37134
176808,0,0,0,101,0,0,0,0,37135
176809,0,0,0,101,0,0,0,0,37136
176811,0,3,0,101,0,0,0,0,37206
176812,0,0,0,101,0,0,0,0,37207
176813,0,0,0,101,0,0,0,0,37208
176814,0,0,0,101,0,0,0,0,37209
176818,0,0,0,101,0,0,0,0,37281
176819,0,0,0,101,0,0,0,0,37348
176824,0,0,0,101,0,0,0,0,37424
176825,0,0,0,101,0,0,0,0,37425
176826,0,0,0,101,0,0,0,0,37426
176827,0,0,0,101,0,0,0,0,37427
176829,0,0,0,101,0,0,0,0,37497
176830,0,0,0,101,0,0,0,0,37498
176831,0,0,0,15,0,0,69972,0,37499
176832,0,0,0,101,0,0,0,0,37500
176833,0,0,0,101,0,0,0,0,37567
176834,0,0,0,100,0,0,16384,0,37568
176835,0,0,0,101,0,0,0,0,37569
176837,0,0,0,101,0,0,0,0,37634
176838,0,0,0,101,0,0,0,0,37635
176839,0,0,0,101,0,0,0,0,37636
176840,0,0,0,101,0,0,0,0,37637
176841,0,0,0,101,0,0,0,0,37638
176842,0,0,0,101,0,0,0,0,37713
176844,0,0,0,101,0,0,0,0,37716
176845,0,0,0,101,0,0,0,0,37717
176846,0,0,0,101,0,0,0,0,37797
176847,0,0,0,101,0,0,0,0,37798
176848,0,0,0,101,0,0,0,0,37799
176849,0,0,0,101,0,0,0,0,37800
176850,0,0,0,101,0,0,0,0,37801
176851,0,0,0,101,0,0,0,0,37880
176852,0,0,0,101,0,0,0,0,37881
176853,0,0,0,101,0,0,0,0,37882
176854,0,0,0,101,0,0,0,0,37883
176855,0,0,0,101,0,0,0,0,37884
176856,0,0,0,101,0,0,0,0,37885
176858,0,0,0,101,0,0,0,0,37960
176859,0,0,0,101,0,0,0,0,37961
176860,0,0,0,101,0,0,0,0,37962
176862,0,0,0,101,0,0,0,0,37964
176863,0,0,0,101,0,0,0,0,36831
176864,0,0,0,100,1,0,0,0,36832
176867,0,0,0,101,0,0,0,0,36904
176868,0,0,0,101,0,0,0,0,36905
176869,0,0,0,101,0,0,0,0,36906
176870,0,0,0,101,0,0,0,0,36907
176871,0,0,0,101,0,0,0,0,36979
176872,0,0,0,101,0,0,0,0,36980
176873,0,0,0,101,0,0,0,0,36981
176874,0,0,0,101,0,0,0,0,36982
176875,0,0,0,101,0,0,0,0,37063
176877,0,0,0,101,0,0,0,0,37065
176878,0,0,0,101,0,0,0,0,37066
176880,0,0,0,101,0,0,0,0,37139
176881,0,0,0,101,0,0,0,0,37140
176882,0,0,0,101,0,0,0,0,37141
176883,0,0,0,101,0,0,0,0,37142
176884,0,0,0,101,0,0,0,0,37210
176885,0,0,0,101,0,0,0,0,37211
176886,0,0,0,101,0,0,0,0,37212
176887,0,0,0,11,0,0,65536,0,37213
176888,0,0,0,101,0,0,0,0,37282
176889,0,0,0,101,0,0,0,0,37283
176891,0,0,0,101,0,0,0,0,37285
176898,0,0,0,101,0,0,0,0,37428
176899,0,0,0,101,0,0,0,0,37429
176900,0,0,0,101,0,0,0,0,37430
176901,0,0,0,101,0,0,0,0,37431
176902,0,0,0,101,0,0,0,0,37501
176903,0,0,0,101,0,0,0,0,37502
176905,0,0,0,101,0,0,0,0,37504
176906,0,0,0,101,0,0,0,0,37571
176907,0,0,0,101,0,0,0,0,37572
176908,0,0,0,101,0,0,0,0,37573
176911,0,0,0,101,0,0,0,0,37640
176912,0,0,0,101,0,0,0,0,37641
176913,0,0,0,101,0,0,0,0,37642
176915,0,0,0,101,0,0,0,0,37718
176916,0,0,0,101,0,0,0,0,37719
176917,0,0,0,101,0,0,0,0,37720
176918,0,0,0,100,1,0,16384,0,37721
176919,0,0,0,100,1,0,16384,0,37722
176920,0,0,0,101,0,0,0,0,37802
176921,0,0,0,101,0,0,0,0,37803
176922,0,0,0,101,0,0,0,0,37804
176923,0,0,0,101,0,0,0,0,37805
176924,0,0,0,101,0,0,0,0,37806
176925,0,0,0,101,0,0,0,0,37807
176926,0,0,0,101,0,0,0,0,37808
176930,0,0,0,101,0,0,0,0,37889
176931,0,0,0,101,0,0,0,0,37965
176932,0,0,0,101,0,0,0,0,37966
176933,0,0,0,101,0,0,0,0,37967
176934,0,0,0,101,0,0,0,0,37968
176936,0,6,0,101,0,0,0,0,36836
176937,0,0,0,101,0,0,0,0,36837
176938,0,0,0,101,0,0,0,0,36838
176939,0,0,0,101,0,0,0,0,36908
176940,0,0,0,101,0,0,0,0,36909
176941,0,0,0,101,0,0,0,0,36910
176942,0,0,0,101,0,0,0,0,36983
176943,0,0,0,101,0,0,0,0,36984
176944,0,0,0,101,0,0,0,0,36985
176945,0,0,0,101,0,0,0,0,36986
176946,0,0,0,101,0,0,0,0,37067
176949,0,0,0,101,0,0,0,0,37072
176950,0,0,0,101,0,0,0,0,37143
176951,0,0,0,101,0,0,0,0,37144
176952,0,0,0,101,0,0,0,0,37146
176953,0,0,0,101,0,0,0,0,37147
176954,0,0,0,101,0,0,0,0,37148
176955,0,0,0,100,1,0,87312,0,37214
176957,0,0,0,101,0,0,0,0,37216
176960,0,0,0,101,0,0,0,0,37286
176961,0,0,0,101,0,0,0,0,37287
176962,0,0,0,5,0,0,16384,0,37288
176963,0,0,0,100,1,0,139944,0,37289
176964,0,0,0,101,0,0,0,0,37359
176965,0,0,0,101,0,0,0,0,37360
176966,0,0,0,101,0,0,0,0,37361
176967,0,0,0,101,0,0,0,0,37362
176968,0,0,0,101,0,0,0,0,37432
176969,0,0,0,101,0,0,0,0,37433
176970,0,0,0,101,0,0,0,0,37434
176973,0,0,0,101,0,0,0,0,37506
176975,0,0,0,101,0,0,0,0,37508
176976,0,0,0,101,0,0,0,0,37509
176979,0,0,0,101,0,0,0,0,37577
176980,0,0,0,101,0,0,0,0,37578
176981,0,0,0,101,0,0,0,0,37579
176983,0,0,0,101,0,0,0,0,37645
176984,0,0,0,101,0,0,0,0,37646
176985,0,0,0,101,0,0,0,0,37647
176986,0,0,0,101,0,0,0,0,37648
176987,0,0,0,100,1,0,16384,0,37723
176991,0,0,0,101,0,0,0,0,37727
176992,0,0,0,101,0,0,0,0,37728
176993,0,0,0,101,0,0,0,0,37809
176994,0,0,0,101,0,0,0,0,37810
176995,0,0,0,101,0,0,0,0,37811
176997,0,0,0,101,0,0,0,0,37813
176999,0,0,0,101,0,0,0,0,37890
177000,0,0,0,101,0,0,0,0,37891
177001,0,0,0,101,0,0,0,0,37892
177002,0,0,0,101,0,0,0,0,37893
177003,0,0,0,101,0,0,0,0,37894
177004,0,0,0,101,0,0,0,0,36764
177005,0,0,0,101,0,0,0,0,36765
177006,0,0,0,101,0,0,0,0,36766
177007,0,0,0,101,0,0,0,0,36767
177008,0,0,0,101,0,0,0,0,36839
177009,0,0,0,101,0,0,0,0,36840
177010,0,0,0,101,0,0,0,0,36841
177011,0,0,0,101,0,0,0,0,36842
177012,0,0,0,101,0,0,0,0,36911
177013,0,0,0,101,0,0,0,0,36912
177014,0,0,0,101,0,0,0,0,36913
177015,0,0,0,101,0,0,0,0,36914
177016,0,0,0,101,0,0,0,0,36987
177017,0,0,0,101,0,0,0,0,36988
177018,0,0,0,100,0,0,-2146819416,0,36989
177019,0,0,0,101,0,0,0,0,36990
177020,0,0,0,101,0,0,0,0,37073
177021,0,0,0,101,0,0,0,0,37074
177022,0,0,0,101,0,0,0,0,37075
177023,0,10,0,101,0,0,0,0,37076
177024,0,0,0,101,0,0,0,0,37149
177025,0,0,0,101,0,0,0,0,37150
177026,0,0,0,101,0,0,0,0,37151
177027,0,0,0,101,0,0,0,0,37152
177028,0,0,0,101,0,0,0,0,37153
177029,0,0,0,101,0,0,0,0,37154
177030,0,0,0,101,0,0,0,0,37220
177031,0,0,0,101,0,0,0,0,37221
177033,0,0,0,101,0,0,0,0,37223
177034,0,0,0,101,0,0,0,0,37224
177035,0,0,0,101,0,0,0,0,37290
177037,0,0,0,101,0,0,0,0,37292
177040,0,0,0,101,0,0,0,0,37363
177041,0,0,0,101,0,0,0,0,37364
177043,0,0,0,101,0,0,0,0,37366
177044,0,0,0,101,0,0,0,0,37367
177045,0,0,0,101,0,0,0,0,37436
177046,0,0,0,101,0,0,0,0,37437
177047,0,0,0,101,0,0,0,0,37438
177048,0,0,0,101,0,0,0,0,37439
177050,0,0,0,101,0,0,0,0,37511
177051,0,0,0,101,0,0,0,0,37512
177052,0,0,0,101,0,0,0,0,37513
177053,0,5,0,101,0,0,0,0,37580
177054,0,0,0,101,0,0,0,0,37581
177055,0,0,0,101,0,0,0,0,37582
177056,0,0,0,101,0,0,0,0,37583
177057,0,0,0,101,0,0,0,0,37649
177059,0,0,0,101,0,0,0,0,37651
177060,0,0,0,101,0,0,0,0,37652
177062,0,0,0,101,0,0,0,0,37729
177063,0,0,0,101,0,0,0,0,37730
177067,0,0,0,101,0,0,0,0,37815
177068,0,0,0,101,0,0,0,0,37816
177069,0,0,0,101,0,0,0,0,37817
177070,0,0,0,101,0,0,0,0,37818
177072,0,0,0,101,0,0,0,0,37820
177073,0,0,0,101,0,0,0,0,37895
177074,0,0,0,101,0,0,0,0,37896
177075,0,0,0,101,0,0,0,0,37897
177076,0,0,0,101,0,0,0,0,37898
177077,0,0,0,101,0,0,0,0,36768
177078,0,0,0,101,0,0,0,0,36769
177079,0,0,0,101,0,0,0,0,36770
177080,0,0,0,101,0,0,0,0,36771
177081,0,0,0,101,0,0,0,0,36843
177082,0,0,0,101,0,0,0,0,36844
177083,0,0,0,101,0,0,0,0,36845
177084,0,0,0,100,0,0,0,0,36846
177086,0,0,0,101,0,0,0,0,36916
177087,0,0,0,101,0,0,0,0,36917
177089,0,0,0,101,0,0,0,0,36919
177090,0,99,0,101,0,0,0,0,36991
177091,0,0,0,101,0,0,0,0,36992
177093,0,0,0,101,0,0,0,0,36994
177094,0,0,0,101,0,0,0,0,36995
177095,0,0,0,101,0,0,0,0,37078
177096,0,0,0,101,0,0,0,0,37079
177097,0,10,0,101,0,0,0,0,37081
177098,0,0,0,101,0,0,0,0,37082
177099,0,0,0,101,0,0,0,0,37083
177100,0,0,0,101,0,0,0,0,37155
177102,0,0,0,101,0,0,0,0,37157
177103,0,0,0,101,0,0,0,0,37158
177104,0,0,0,101,0,0,0,0,37225
177106,0,0,60000,100,0,0,16384,0,37227
177107,0,0,0,5,0,0,65536,0,37295
177109,0,0,0,101,0,0,0,0,37297
177110,0,0,0,101,0,0,0,0,37298
177111,0,0,0,101,0,0,0,0,37299
177112,0,0,0,101,0,0,0,0,37368
177113,0,0,0,101,0,0,0,0,37369
177114,0,0,0,101,0,0,0,0,37370
177115,0,0,0,101,0,0,0,0,37371
177116,0,0,0,101,0,0,0,0,37372
177117,0,0,0,101,0,0,0,0,37440
177118,0,0,0,101,0,0,0,0,37441
177120,0,0,0,100,0,0,65536,0,37443
177121,0,0,0,5,0,0,65536,0,37444
177122,0,0,0,25,0,0,40,0,37514
177123,0,0,0,101,0,0,0,0,37515
177124,0,0,0,101,0,0,16,0,37516
177125,0,0,0,100,1,0,16,0,37517
177126,0,0,0,101,0,0,0,0,37587
177127,0,0,0,100,1,0,20,0,37588
177128,0,20,0,101,0,0,0,0,37589
177129,0,10,0,101,0,0,0,0,37590
177130,0,0,0,101,0,0,0,0,37654
177131,0,0,50000,10,0,0,81920,0,37655
177132,0,0,0,101,0,0,0,0,37656
177133,0,0,2500,100,0,0,65536,0,37657
177134,0,0,0,101,0,0,0,0,37734
177136,0,0,0,101,0,0,0,0,37736
177137,0,0,0,101,0,0,0,0,37737
177138,0,0,0,101,0,0,0,0,37821
177139,0,0,0,101,0,0,0,0,37822
177140,0,0,0,101,0,0,0,0,37823
177141,0,0,0,101,0,0,0,0,37824
177142,0,0,0,101,0,0,0,0,37825
177143,0,0,0,101,0,0,0,0,37899
177148,0,0,0,101,0,0,0,0,36772
177149,0,0,0,101,0,0,0,0,36773
177150,0,0,0,101,0,0,0,0,36774
177151,0,0,0,101,0,0,0,0,36775
177152,0,0,0,101,0,0,0,0,36847
177153,0,0,0,101,0,0,0,0,36848
177154,0,0,0,101,0,0,0,0,36849
177157,0,0,0,101,0,0,0,0,36852
177160,0,0,0,101,0,0,0,0,36922
177161,0,0,0,101,0,0,0,0,36923
177163,0,0,0,101,0,0,0,0,36996
177173,0,0,0,101,0,0,0,0,37089
177174,0,0,0,101,0,0,0,0,37159
177175,0,0,0,101,0,0,0,0,37160
177176,0,0,0,101,0,0,0,0,37161
177178,0,0,0,7,0,0,65536,0,37228
177179,0,0,0,101,0,0,0,0,37229
177188,0,0,0,4,0,0,20,0,37306
177192,0,0,0,101,0,0,0,0,37376
177193,0,0,0,101,0,0,0,0,37445
177194,0,0,0,101,0,0,0,0,37446
177195,0,0,0,101,0,0,0,0,37447
177196,0,0,0,101,0,0,0,0,37448
177197,0,0,0,101,0,0,0,0,37449
177198,0,0,0,101,0,0,0,0,37518
177199,0,0,0,100,0,0,20,0,37519
177200,0,0,0,101,0,0,0,0,37520
177201,0,0,0,101,0,0,0,0,37521
177202,0,0,0,101,0,0,0,0,37591
177203,0,0,0,101,0,0,0,0,37592
177205,0,0,0,100,0,0,16384,0,37594
177206,0,5,0,101,0,0,0,0,37658
177208,0,0,0,101,0,0,0,0,37660
177209,0,0,0,101,0,0,0,0,37661
177210,0,20,0,101,0,0,0,0,37662
177211,0,0,0,101,0,0,0,0,37738
177212,0,0,0,101,0,0,0,0,37739
177213,0,0,0,101,0,0,0,0,37740
177215,0,0,0,101,0,0,0,0,37742
177216,0,0,0,101,0,0,0,0,37826
177220,0,0,0,101,0,0,0,0,37904
177221,0,0,0,101,0,0,0,0,37905
177222,0,0,0,101,0,0,0,0,37906
177223,0,0,0,101,0,0,0,0,37907
177224,0,0,0,101,0,0,0,0,37908
177225,0,0,0,101,0,0,0,0,36776
177226,0,0,0,101,0,0,0,0,36777
177227,0,0,0,101,0,0,0,0,36778
177228,0,0,0,101,0,0,0,0,36779
177229,0,0,0,101,0,0,0,0,36780
177231,0,0,0,101,0,0,0,0,36854
177233,0,0,0,101,0,0,0,0,36856
177234,0,0,0,101,0,0,0,0,36857
177235,0,0,0,101,0,0,0,0,36858
177236,0,0,0,101,0,0,0,0,36859
177238,0,0,0,101,0,0,0,0,36926
177239,0,0,0,101,0,0,0,0,36927
177249,0,0,0,101,0,0,0,0,37090
177250,0,0,0,101,0,0,0,0,37091
177251,0,0,0,101,0,0,0,0,37092
177252,0,0,0,101,0,0,0,0,37093
177253,0,0,0,101,0,0,0,0,37094
177254,0,0,0,101,0,0,0,0,37163
177255,0,0,0,100,0,0,16,0,37165
177256,0,0,0,101,0,0,0,0,37166
177257,0,0,0,101,0,0,0,0,37167
177259,0,0,0,100,1,0,16384,0,37234
177260,0,0,0,101,0,0,0,0,37235
177261,0,0,0,101,0,0,0,0,37236
177263,0,0,0,101,0,0,0,0,37309
177264,0,0,0,101,0,0,0,0,37310
177265,0,0,0,4,0,0,20,0,37311
177266,0,0,0,5,0,0,65536,0,37377
177267,0,0,0,5,0,0,65536,0,37378
177268,0,0,0,5,0,0,65536,0,37379
177269,0,5,0,101,0,0,0,0,37450
177271,0,0,0,101,0,0,0,0,37452
177272,0,0,0,101,0,0,0,0,37453
177273,0,0,0,101,0,0,0,0,37454
177274,0,0,0,101,0,0,0,0,37522
177275,0,0,0,100,1,0,40,0,37523
177277,0,0,0,7,0,0,40,0,37525
177278,0,0,0,101,0,0,0,0,37595
177279,0,5,0,101,0,0,0,0,37596
177280,0,0,0,101,0,0,0,0,37597
177282,0,0,0,101,0,0,0,0,37599
177284,0,0,0,101,0,0,0,0,37664
177285,0,0,0,101,0,0,0,0,37665
177286,0,0,0,101,0,0,0,0,37666
177287,0,3,0,101,0,0,0,0,37667
177288,0,0,0,101,0,0,0,0,37743
177289,0,0,0,101,0,0,0,0,37744
177290,0,0,0,101,0,0,0,0,37745
177291,0,0,0,101,0,0,0,0,37746
177292,0,0,0,101,0,0,0,0,37747
177293,0,0,0,101,0,0,0,0,37748
177294,0,0,0,101,0,0,0,0,37830
177297,0,0,0,101,0,0,0,0,37833
177299,0,0,0,101,0,0,0,0,37910
177302,0,0,0,101,0,0,0,0,37913
177304,0,0,0,101,0,0,0,0,36781
177305,0,0,0,101,0,0,0,0,36782
177306,0,0,0,101,0,0,0,0,36784
177307,0,0,0,101,0,0,0,0,36785
177308,0,0,0,101,0,0,0,0,36860
177309,0,0,0,101,0,0,0,0,36861
177310,0,0,0,101,0,0,0,0,36862
177311,0,0,0,101,0,0,0,0,36863
177312,0,0,0,101,0,0,0,0,36931
177313,0,0,0,101,0,0,0,0,36932
177316,0,0,0,101,0,0,0,0,36935
177321,0,0,0,101,0,0,0,0,37012
177322,0,0,0,101,0,0,0,0,37013
177323,0,0,0,101,0,0,0,0,37095
177324,0,0,0,101,0,0,0,0,37096
177325,0,0,0,101,0,0,0,0,37097
177326,0,0,0,15,0,0,87312,0,37168
177327,0,0,0,101,0,0,0,0,37169
177328,0,0,0,100,0,0,20,0,37170
177329,0,0,0,100,1,0,2352,0,37171
177330,0,0,0,25,0,0,65536,0,37237
177331,0,0,0,101,1,0,0,0,37238
177332,0,0,0,2,0,0,20,0,37239
177333,0,0,0,100,1,0,16384,0,37240
177334,0,0,0,101,0,0,0,0,37312
177335,0,0,0,101,0,0,0,0,37313
177336,0,0,0,101,0,0,0,0,37314
177337,0,0,0,101,0,0,0,0,37315
177338,0,0,0,101,0,0,0,0,37380
177339,0,0,0,100,0,0,2429268,0,37381
177340,0,0,0,101,0,0,0,0,37382
177341,0,0,0,101,0,0,0,0,37383
177342,0,0,0,101,0,0,0,0,37455
177343,0,0,0,101,0,0,0,0,37456
177346,0,0,0,101,0,0,0,0,37459
177347,0,0,0,101,0,0,0,0,37460
177348,0,0,0,100,0,0,87376,0,37526
177350,0,0,0,100,0,0,16,0,37528
177351,0,0,0,100,1,0,16,0,37529
177352,0,0,0,6,0,0,65536,0,37600
177353,0,0,0,100,1,0,81920,0,37601
177354,0,0,0,101,0,0,0,0,37602
177355,0,0,0,101,0,0,0,0,37668
177356,0,0,0,101,0,0,0,0,37669
177357,0,0,0,101,0,0,0,0,37670
177358,0,0,0,101,0,0,0,0,37671
177359,0,0,0,101,0,0,0,0,37749
177360,0,0,0,101,0,0,0,0,37750
177361,0,0,0,101,0,0,0,0,37751
177362,0,0,0,101,0,0,0,0,37752
177364,0,0,0,101,0,0,0,0,37754
177365,0,0,0,101,0,0,0,0,37834
177367,0,0,0,101,0,0,0,0,37836
177369,0,0,0,101,0,0,0,0,37838
177372,0,0,0,101,0,0,0,0,37917
177373,0,0,0,101,0,0,0,0,37918
177374,0,0,0,101,0,0,0,0,37919
177375,0,0,0,100,0,0,-2146819416,0,36786
177376,0,0,0,101,0,0,0,0,36787
177377,0,0,0,65,0,0,20,0,36788
177378,0,10,0,101,0,0,0,0,36789
177379,0,0,0,101,0,0,0,0,36864
177381,0,0,0,101,0,0,0,0,36866
177382,0,0,0,101,0,0,0,0,36867
177383,0,0,0,101,0,0,0,0,36868
177384,0,0,0,101,0,0,0,0,36936
177385,0,0,0,101,0,0,0,0,36937
177386,0,0,0,101,0,0,0,0,36938
177387,0,0,0,101,0,0,0,0,36939
177388,0,0,0,101,0,0,0,0,36940
177389,0,0,0,101,0,0,0,0,37014
177390,0,0,0,101,0,0,0,0,37015
177391,0,0,0,100,0,0,40,0,37016
177392,0,0,0,100,1,0,5140,0,37017
177394,0,0,0,101,0,0,0,0,37099
177398,0,0,0,101,0,0,0,0,37172
177399,0,0,30000,25,0,0,16,0,37173
177400,0,0,0,100,1,0,16,0,37174
177401,0,0,0,101,0,0,0,0,37175
177402,0,0,0,101,0,0,0,0,37241
177403,0,0,0,101,0,0,0,0,37243
177407,0,0,0,100,1,0,16384,0,37316
177408,0,0,0,101,0,0,0,0,37317
177410,0,0,0,101,0,0,0,0,37319
177411,0,0,0,100,0,0,65536,0,37384
177412,0,0,0,101,0,0,0,0,37385
177414,0,0,0,101,0,0,0,0,37387
177415,0,0,0,101,0,0,0,0,37461
177416,0,0,0,101,0,0,0,0,37462
177417,0,0,0,101,0,0,0,0,37463
177419,0,0,0,101,0,0,0,0,37531
177420,0,0,0,101,0,0,0,0,37532
177422,0,0,0,101,0,0,0,0,37535
177423,0,0,0,40,0,0,2359296,0,37603
177424,0,0,0,100,1,0,87040,0,37604
177425,0,0,0,101,0,0,0,0,37605
177426,0,0,0,101,0,0,0,0,37672
177427,0,0,0,101,0,0,0,0,37673
177429,0,20,0,101,0,0,0,0,37675
177430,0,0,0,101,0,0,0,0,37676
177431,0,0,0,101,0,0,0,0,37755
177435,0,0,0,101,0,0,0,0,37759
177436,0,1,0,101,0,0,0,0,37839
177437,0,0,0,101,0,0,0,0,37840
177438,0,0,0,101,0,0,0,0,37841
177439,0,0,0,101,0,0,0,0,37842
177440,0,0,0,101,0,0,0,0,39044
177441,0,0,0,101,0,0,0,0,39045
177442,0,0,0,101,0,0,0,0,39046
177443,0,0,0,101,0,0,0,0,39114
177445,0,0,0,101,0,0,0,0,39116
177446,0,0,0,101,0,0,0,0,39117
177448,0,0,0,101,0,0,0,0,39119
177449,0,0,0,101,0,0,0,0,38002
177450,0,0,0,101,0,0,0,0,38003
177451,0,0,0,101,0,0,0,0,38004
177453,0,0,0,101,0,0,0,0,38006
177456,0,0,0,101,0,0,0,0,38080
177457,0,0,0,101,0,0,0,0,38081
177458,0,0,0,101,0,0,0,0,38082
177459,0,0,0,101,0,0,0,0,38083
177460,0,0,0,101,0,0,0,0,38155
177461,0,0,0,101,0,0,0,0,38156
177462,0,0,0,100,2,0,17408,0,38157
177463,0,0,0,101,0,0,0,0,38233
177464,0,0,0,101,0,0,0,0,38234
177466,0,0,0,101,0,0,0,0,38236
177467,0,3,0,101,0,0,0,0,38307
177468,0,0,0,101,0,0,0,0,38308
177469,0,0,0,101,0,0,40,0,38309
177471,0,0,0,101,0,0,0,0,38377
177472,0,10,0,101,0,0,0,0,38378
177473,0,0,0,50,3,0,139944,0,38379
177474,0,0,0,101,0,0,0,0,38443
177475,0,0,0,101,0,0,0,0,38444
177476,0,0,0,101,0,0,0,0,38445
177477,0,0,0,101,0,0,0,0,38446
177478,0,5,0,101,0,0,0,0,38520
177480,0,0,0,101,0,0,0,0,38522
177481,0,0,0,101,0,0,0,0,38523
177482,0,0,0,101,4,0,131072,0,38599
177484,0,0,0,101,0,0,0,0,38601
177485,0,0,0,101,0,0,0,0,38603
177488,0,0,0,101,0,0,0,0,38669
177491,0,0,0,101,0,0,0,0,38672
177493,0,0,0,101,0,0,0,0,38753
177494,0,0,0,101,0,0,0,0,38755
177496,0,0,0,101,0,0,0,0,38757
177498,0,0,0,101,0,0,0,0,38826
177499,0,3,0,101,0,0,0,0,38827
177500,0,0,0,101,0,0,0,0,38828
177501,0,0,0,101,0,0,0,0,38829
177502,0,0,0,101,0,0,0,0,38899
177503,0,0,0,101,0,0,0,0,38900
177504,0,0,0,101,0,0,0,0,38901
177505,0,0,0,101,0,0,0,0,38902
177507,0,0,0,101,0,0,0,0,38966
177508,0,0,0,101,0,0,0,0,38967
177509,0,0,0,101,0,0,0,0,38968
177512,0,0,0,101,0,0,0,0,39047
177513,0,0,0,101,0,0,0,0,39048
177515,0,0,0,101,0,0,0,0,39050
177516,0,0,0,101,0,0,0,0,39120
177517,0,0,0,101,0,0,0,0,39121
177518,0,0,0,101,0,0,0,0,39122
177519,0,0,0,101,0,0,0,0,39123
177520,0,0,0,101,0,0,0,0,39124
177521,0,0,0,101,0,0,0,0,38007
177522,0,0,0,100,0,0,4,0,38008
177523,0,0,0,101,0,0,0,0,38009
177524,0,0,0,101,0,0,0,0,38084
177525,0,0,0,101,0,0,0,0,38085
177526,0,0,0,101,0,0,0,0,38086
177527,0,0,0,101,0,0,0,0,38087
177528,0,0,0,101,0,0,0,0,38088
177529,0,0,0,101,0,0,0,0,38158
177530,0,0,0,101,0,0,0,0,38159
177532,0,0,0,101,0,0,0,0,38163
177533,0,0,120000,50,0,0,87380,0,38164
177534,0,0,0,101,0,0,0,0,38165
177535,0,0,0,100,0,0,-2146819416,0,38237
177536,0,0,0,101,0,0,0,0,38238
177537,0,0,0,101,0,0,0,0,38239
177538,0,0,0,101,0,0,0,0,38240
177540,0,0,0,101,0,0,0,0,38311
177541,0,0,0,101,0,0,0,0,38312
177542,0,0,0,101,0,0,0,0,38313
177543,0,0,0,101,0,0,0,0,38314
177544,0,0,0,101,0,0,0,0,38380
177546,0,0,0,101,0,0,0,0,38382
177547,0,0,0,101,0,0,0,0,38383
177548,0,0,0,101,0,0,0,0,38447
177549,0,0,0,101,0,0,0,0,38448
177550,0,3,0,101,0,0,0,0,38449
177554,0,0,0,101,0,0,0,0,38526
177556,0,0,0,101,0,0,0,0,38528
177557,0,0,0,101,0,0,0,0,38604
177559,0,0,0,101,0,0,0,0,38606
177560,0,0,0,101,0,0,0,0,38607
177561,0,0,0,101,0,0,0,0,38673
177567,0,0,0,101,0,0,0,0,38760
177568,0,0,0,101,0,0,0,0,38761
177569,0,0,0,101,0,0,0,0,38762
177570,0,0,0,101,0,0,0,0,38763
177571,0,0,0,101,0,0,0,0,38830
177572,0,0,0,101,0,0,0,0,38831
177573,0,0,0,101,0,0,0,0,38833
177574,0,10,0,101,0,0,0,0,38834
177575,0,0,0,101,0,0,0,0,38835
177576,0,0,0,101,0,0,0,0,38903
177577,0,0,0,101,0,0,0,0,38904
177578,0,0,0,100,0,0,139944,0,38905
177579,0,0,0,101,0,0,0,0,38906
177583,0,0,0,101,0,0,0,0,38973
177584,0,0,0,101,0,0,0,0,38974
177586,0,0,0,101,0,0,0,0,39051
177587,0,0,0,101,0,0,0,0,39052
177588,0,0,0,101,0,0,0,0,39053
177589,0,0,0,101,0,0,0,0,39054
177590,0,0,0,101,0,0,0,0,39125
177591,0,0,0,101,0,0,0,0,39126
177593,0,0,0,101,0,0,0,0,39128
177594,0,0,0,101,0,0,0,0,39129
177595,0,0,0,101,0,0,0,0,38010
177596,0,0,0,101,0,0,0,0,38011
177597,0,0,0,101,0,0,0,0,38012
177599,0,0,0,101,0,0,0,0,38014
177600,0,0,0,101,0,0,0,0,38015
177601,0,0,0,101,0,0,0,0,38089
177602,0,0,0,101,0,0,0,0,38090
177603,0,0,0,101,0,0,0,0,38091
177604,0,0,0,101,0,0,0,0,38092
177605,0,0,0,101,0,0,0,0,38093
177606,0,0,0,101,0,0,0,0,38166
177607,0,0,0,101,0,0,0,0,38167
177608,0,0,0,101,0,0,0,0,38168
177609,0,0,0,101,0,0,0,0,38169
177610,0,0,0,101,0,0,0,0,38170
177612,0,0,0,101,0,0,0,0,38243
177614,0,0,0,101,0,0,0,0,38245
177615,0,0,0,101,0,0,0,0,38316
177616,0,0,0,100,0,0,87376,0,38317
177617,0,0,0,101,0,0,0,0,38318
177618,0,0,0,101,0,0,0,0,38384
177619,0,0,0,101,0,0,0,0,38385
177620,0,0,0,101,0,0,0,0,38386
177621,0,0,0,101,0,0,0,0,38387
177622,0,0,0,101,0,0,0,0,38451
177623,0,0,0,101,0,0,0,0,38452
177624,0,0,0,101,0,0,0,0,38453
177627,0,0,0,101,0,0,0,0,38530
177630,0,0,0,101,0,0,0,0,38534
177631,0,0,0,101,0,0,0,0,38608
177632,0,0,0,101,0,0,0,0,38609
177633,0,0,0,101,0,0,0,0,38610
177634,0,0,0,101,0,0,0,0,38611
177635,0,0,0,101,0,0,0,0,38612
177638,0,0,0,101,0,0,0,0,38680
177640,0,0,0,101,0,0,0,0,38682
177641,0,0,0,101,0,0,0,0,38683
177642,0,0,0,101,0,0,0,0,38764
177643,0,0,0,101,0,0,0,0,38765
177645,0,0,0,101,0,0,0,0,38767
177646,0,0,0,101,0,0,0,0,38768
177647,0,0,0,101,0,0,0,0,38836
177648,0,0,0,101,0,0,0,0,38837
177649,0,0,0,101,0,0,0,0,38838
177650,0,1,0,101,0,0,0,0,38839
177651,0,0,0,101,0,0,0,0,38908
177652,0,0,0,101,0,0,0,0,38909
177653,0,10,0,101,0,0,0,0,38910
177655,0,0,0,101,0,0,0,0,38976
177656,0,0,0,101,0,0,0,0,38977
177658,0,0,0,101,0,0,0,0,38979
177659,0,0,0,101,0,0,0,0,39055
177660,0,0,0,101,0,0,0,0,39056
177661,0,0,0,100,0,0,20,0,39057
177662,0,0,0,101,0,0,0,0,39058
177663,0,0,0,101,0,0,0,0,39130
177664,0,0,0,101,0,0,0,0,39131
177665,0,0,0,101,0,0,0,0,39132
177667,0,0,0,101,0,0,0,0,39134
177668,0,0,0,101,0,0,0,0,38016
177669,0,0,0,101,0,0,0,0,38017
177672,0,0,0,101,0,0,0,0,38020
177673,0,0,0,101,0,0,0,0,38094
177674,0,0,0,101,0,0,0,0,38095
177678,0,3,0,101,0,0,0,0,38099
177679,0,0,0,101,0,0,0,0,38171
177681,0,0,0,101,0,0,0,0,38173
177683,0,0,0,101,0,0,0,0,38175
177684,0,0,0,101,0,0,0,0,38246
177687,0,0,0,101,0,0,0,0,38249
177688,0,0,50000,15,0,0,65536,0,38319
177689,0,0,0,101,0,0,0,0,38320
177690,0,0,0,101,0,0,0,0,38321
177691,0,0,0,101,0,0,0,0,38322
177692,0,0,0,101,0,0,0,0,38388
177693,0,0,0,101,0,0,0,0,38389
177694,0,0,0,101,0,0,0,0,38390
177695,0,0,0,101,0,0,0,0,38391
177696,0,0,0,101,0,0,0,0,38455
177697,0,0,0,101,0,0,0,0,38456
177698,0,0,0,101,0,0,0,0,38457
177699,0,0,0,101,0,0,0,0,38458
177700,0,5,0,101,0,0,0,0,38459
177701,0,0,0,101,0,0,0,0,38535
177702,0,0,0,101,0,0,0,0,38536
177703,0,0,0,101,0,0,0,0,38537
177704,0,0,0,101,0,0,0,0,38538
177705,0,0,0,101,0,0,0,0,38613
177706,0,0,0,101,0,0,0,0,38614
177707,0,0,0,20,0,0,0,0,38615
177708,0,0,0,101,0,0,0,0,38616
177709,0,0,0,101,0,0,0,0,38684
177716,0,10,0,101,0,0,0,0,38770
177717,0,0,0,101,0,0,0,0,38771
177718,0,0,0,101,0,0,0,0,38772
177719,0,0,0,101,0,0,0,0,38840
177720,0,0,0,101,0,0,0,0,38841
177721,0,0,0,101,0,0,0,0,38842
177722,0,0,0,100,0,0,-2146819416,0,38843
177724,0,0,0,101,0,0,0,0,38913
177725,0,0,0,101,0,0,0,0,38914
177726,0,0,0,101,0,0,0,0,38915
177727,0,0,0,101,0,0,0,0,38980
177728,0,0,0,101,0,0,0,0,38981
177732,0,0,0,101,0,0,0,0,39060
177733,0,3,0,101,0,0,0,0,39061
177734,0,0,0,101,0,0,0,0,39062
177735,0,0,0,100,0,0,-2146819416,0,39063
177736,0,0,0,101,0,0,0,0,39135
177737,0,0,0,101,0,0,0,0,39136
177739,0,0,0,101,0,0,0,0,39138
177740,0,0,0,101,0,0,0,0,38021
177741,0,0,0,101,0,0,0,0,38022
177742,0,0,0,101,0,0,0,0,38023
177743,0,0,0,101,0,0,0,0,38024
177744,0,3,0,101,0,0,0,0,38100
177745,0,3,0,101,0,0,0,0,38101
177746,0,3,0,101,0,0,0,0,38102
177747,0,3,0,101,0,0,0,0,38103
177748,0,3,0,101,0,0,0,0,38104
177749,0,3,0,101,0,0,0,0,38105
177751,0,0,0,101,0,0,0,0,38177
177752,0,0,0,101,0,0,0,0,38178
177755,0,0,0,101,0,0,0,0,38250
177757,0,0,0,100,0,0,-2146819416,0,38252
177759,0,0,0,101,0,0,0,0,38324
177760,0,0,0,101,0,0,0,0,38325
177761,0,0,0,100,0,0,340,0,38326
177762,0,0,0,100,0,0,65536,0,38327
177763,0,0,0,101,0,0,0,0,38392
177764,0,0,0,101,0,0,0,0,38393
177765,0,0,0,100,0,0,2359296,0,38394
177766,0,0,0,101,0,0,0,0,38395
177768,0,0,0,101,0,0,0,0,38462
177769,0,0,0,101,0,0,0,0,38463
177770,0,0,0,101,0,0,0,0,38464
177771,0,0,0,101,0,0,0,0,38465
177772,0,0,0,101,0,0,0,0,38539
177773,0,0,0,101,0,0,0,0,38540
177774,0,0,0,101,0,0,0,0,38541
177775,0,0,0,101,0,0,0,0,38542
177776,0,0,0,101,0,0,0,0,38543
177777,0,0,0,101,0,0,0,0,38617
177778,0,0,0,101,0,0,0,0,38618
177779,0,0,0,101,0,0,0,0,38619
177780,0,0,0,10,0,0,20,0,38620
177781,0,0,0,101,0,0,0,0,38690
177782,0,0,0,101,0,0,0,0,38691
177783,0,0,0,101,0,0,0,0,38692
177785,0,0,0,101,0,0,0,0,38695
177786,0,0,0,101,0,0,0,0,38773
177787,0,0,0,101,0,0,0,0,38774
177788,0,0,0,101,0,0,0,0,38775
177789,0,0,0,101,0,0,0,0,38776
177790,0,0,0,101,0,0,0,0,38777
177791,0,0,0,101,0,0,0,0,38844
177792,0,0,0,101,0,0,0,0,38845
177793,0,0,0,101,0,0,0,0,38846
177794,0,0,0,65,0,0,20,0,38847
177795,0,0,0,101,0,0,0,0,38916
177796,0,0,0,101,0,0,0,0,38917
177797,0,0,0,100,1,0,0,0,38918
177798,0,0,0,101,0,0,0,0,38919
177799,0,0,0,101,0,0,0,0,38985
177800,0,0,0,101,0,0,0,0,38986
177801,0,0,0,101,0,0,0,0,38987
177802,0,0,0,101,0,0,0,0,38988
177803,0,0,0,101,0,0,0,0,38989
177804,0,0,0,101,0,0,0,0,39064
177805,0,0,0,101,0,0,0,0,39065
177806,0,0,0,101,0,0,0,0,39066
177807,0,0,0,101,0,0,0,0,39139
177808,0,0,0,101,0,0,0,0,39140
177809,0,0,0,101,0,0,0,0,39141
177811,0,0,0,101,0,0,0,0,39143
177812,0,0,0,101,0,0,0,0,38025
177813,0,0,0,101,2,0,40,0,38026
177814,0,0,0,101,0,0,0,0,38027
177815,0,0,0,101,0,0,0,0,38028
177816,0,3,0,101,0,0,0,0,38106
177817,0,0,0,101,0,0,0,0,38107
177818,0,0,0,101,0,0,0,0,38108
177819,0,0,0,101,0,0,0,0,38109
177820,0,0,0,101,0,0,0,0,38110
177822,0,0,0,101,0,0,0,0,38182
177823,0,0,0,101,0,0,0,0,38183
177824,0,0,1000,35,0,0,20,0,38184
177825,0,0,0,101,0,0,0,0,38185
177826,0,3,0,101,0,0,0,0,38253
177827,0,0,0,101,0,0,0,0,38254
177829,0,0,0,101,0,0,0,0,38256
177830,0,0,0,101,0,0,0,0,38257
177831,0,0,0,101,0,0,0,0,38328
177832,0,0,0,101,0,0,0,0,38329
177834,0,0,0,101,0,0,0,0,38331
177835,0,0,0,100,0,0,16384,0,38332
177836,0,0,0,101,0,0,0,0,38396
177837,0,0,0,101,0,0,0,0,38397
177838,0,0,0,101,0,0,0,0,38398
177839,0,0,0,101,0,0,0,0,38399
177841,0,0,0,101,0,0,0,0,38467
177842,0,0,0,101,0,0,0,0,38468
177843,0,0,0,101,0,0,0,0,38469
177844,0,0,0,101,0,0,0,0,38470
177845,0,0,0,100,1,0,-2145770840,0,38544
177847,0,0,0,101,0,0,0,0,38546
177850,0,0,0,101,0,0,0,0,38621
177851,0,0,0,101,0,0,0,0,38622
177852,0,0,0,101,0,0,0,0,38623
177853,0,0,0,101,0,0,0,0,38624
177854,0,0,0,101,0,0,0,0,38696
177855,0,0,0,101,0,0,0,0,38697
177857,0,0,0,101,0,0,0,0,38699
177859,0,0,0,101,0,0,0,0,38778
177860,0,0,0,101,0,0,0,0,38779
177861,0,0,0,101,0,0,0,0,38780
177862,0,0,0,101,0,0,0,0,38781
177863,0,10,0,101,0,0,0,0,38848
177865,0,0,0,101,0,0,0,0,38850
177867,0,0,0,101,0,0,0,0,38920
177868,0,0,0,101,0,0,0,0,38921
177870,0,0,0,101,0,0,0,0,38923
177871,0,0,0,101,0,0,0,0,38990
177872,0,0,0,101,0,0,0,0,38991
177875,0,0,0,101,0,0,0,0,38996
177876,0,0,3500,25,20,0,139944,0,39067
177877,0,0,0,101,0,0,0,0,39068
177878,0,0,0,101,0,0,0,0,39069
177879,0,0,0,101,0,0,0,0,39144
177880,0,0,0,101,0,0,0,0,39145
177881,0,0,0,101,0,0,0,0,39146
177882,0,0,0,101,0,0,0,0,39147
177883,0,0,0,101,0,0,0,0,39148
177884,0,0,0,101,0,0,0,0,39149
177885,0,0,0,101,0,0,0,0,38029
177886,0,1,0,101,0,0,0,0,38030
177887,0,0,0,100,1,0,680,0,38031
177888,0,0,0,101,0,0,0,0,38032
177890,0,0,0,101,0,0,0,0,38112
177891,0,0,0,101,0,0,0,0,38113
177894,0,0,0,101,0,0,0,0,38187
177898,0,0,0,101,0,0,0,0,38258
177899,0,0,0,101,0,0,0,0,38259
177900,0,0,0,101,0,0,0,0,38260
177902,0,5,0,101,0,0,0,0,38333
177903,0,0,50000,10,0,0,81920,0,38334
177904,0,0,0,101,0,0,0,0,38335
177905,0,0,0,101,0,0,0,0,38336
177906,0,0,0,101,0,0,0,0,38400
177907,0,5,0,100,1,0,0,0,38401
177912,0,0,0,15,0,0,20,0,38471
177913,0,0,0,101,0,0,0,0,38472
177914,0,0,0,101,0,0,0,0,38473
177917,0,0,0,101,0,0,0,0,38550
177918,0,0,0,101,0,0,0,0,38551
177919,0,0,0,101,0,0,0,0,38552
177920,0,0,0,101,0,0,0,0,38553
177921,0,0,0,101,0,0,0,0,38625
177922,0,0,0,101,0,0,0,0,38626
177923,0,0,0,101,0,0,0,0,38627
177924,0,0,0,101,0,0,0,0,38628
177928,0,0,0,101,0,0,0,0,38704
177930,0,0,0,101,0,0,0,0,38782
177931,0,0,0,101,0,0,0,0,38783
177932,0,0,0,101,0,0,0,0,38784
177933,0,0,0,101,0,0,0,0,38785
177935,0,0,0,101,0,0,0,0,38852
177936,0,0,0,101,0,0,0,0,38853
177938,0,0,0,101,0,0,0,0,38855
177939,0,0,0,100,1,0,131072,0,38857
177940,0,0,0,101,0,0,0,0,38924
177941,0,0,0,101,0,0,0,0,38925
177942,0,0,0,101,0,0,0,0,38926
177943,0,0,0,101,0,0,0,0,38997
177944,0,0,0,101,0,0,0,0,38998
177945,0,0,0,101,0,0,0,0,38999
177946,0,0,0,101,0,0,0,0,39000
177947,0,0,0,101,0,0,0,0,39001
177948,0,0,0,101,0,0,0,0,39070
177949,0,0,0,100,5,0,20,0,39071
177950,0,0,0,101,0,0,0,0,39072
177951,0,0,0,101,0,0,0,0,39150
177952,0,0,0,101,0,0,0,0,39151
177954,0,5,0,101,0,0,0,0,39153
177955,0,0,0,100,0,0,-2146819416,0,38033
177956,0,0,0,101,0,0,0,0,38034
177957,0,0,0,101,0,0,0,0,38035
177960,0,0,0,101,0,0,0,0,38115
177961,0,0,0,101,0,0,0,0,38116
177965,0,0,0,101,0,0,0,0,38192
177966,0,0,0,101,0,0,0,0,38193
177967,0,0,0,101,0,0,0,0,38194
177968,0,0,0,100,0,0,20,0,38196
177970,0,0,0,101,0,0,0,0,38263
177971,0,0,0,101,0,0,0,0,38264
177972,0,0,0,101,0,0,0,0,38265
177974,0,0,0,101,0,0,0,0,38337
177975,0,0,0,101,0,0,0,0,38338
177976,0,0,0,101,0,0,0,0,38339
177977,0,0,0,101,0,0,0,0,38340
177978,0,0,0,101,0,0,0,0,38341
177980,0,0,0,101,0,0,0,0,38407
177981,0,0,0,101,0,0,0,0,38408
177983,0,0,0,101,0,0,0,0,38475
177984,0,0,0,101,0,0,0,0,38476
177985,0,0,0,101,0,0,0,0,38477
177986,0,0,0,101,0,0,0,0,38478
177987,0,0,0,101,0,0,0,0,38479
177989,0,0,0,101,0,0,0,0,38554
177990,0,0,0,101,0,0,0,0,38556
177991,0,0,0,101,0,0,0,0,38557
177992,0,0,0,101,0,0,0,0,38558
177993,0,0,0,101,0,0,0,0,38559
177995,0,0,0,101,0,0,0,0,38630
177996,0,0,0,101,0,0,0,0,38631
177997,0,0,0,101,0,0,0,0,38632
177999,0,0,0,101,0,0,0,0,38707
178000,0,0,0,101,0,0,0,0,38708
178003,0,0,0,101,0,0,0,0,38711
178004,0,0,0,101,0,0,0,0,38787
178007,0,0,0,101,0,0,0,0,38790
178008,0,0,0,101,0,0,0,0,38858
178009,0,0,0,101,0,0,0,0,38859
178010,0,0,0,101,0,0,0,0,38860
178011,0,0,0,101,0,0,0,0,38861
178012,0,10,0,101,0,0,0,0,38927
178014,0,0,0,101,0,0,0,0,38929
178015,0,0,0,101,0,0,0,0,38930
178016,0,0,0,101,0,0,0,0,39002
178017,0,0,0,101,0,0,0,0,39003
178018,0,0,0,101,0,0,0,0,39004
178020,0,0,0,101,0,0,0,0,39006
178021,0,0,0,101,0,0,0,0,39073
178023,0,0,0,101,0,0,0,0,39075
178024,0,0,0,101,0,0,0,0,39076
178025,0,0,0,101,0,0,0,0,39154
178026,0,0,0,101,0,0,0,0,39155
178027,0,0,0,101,0,0,0,0,39156
178028,0,0,0,101,0,0,0,0,39157
178029,0,0,0,101,0,0,0,0,39158
178030,0,0,0,101,0,0,0,0,39159
178035,0,0,0,101,0,0,0,0,38042
178036,0,0,0,101,0,0,0,0,38043
178037,0,99,0,101,0,0,0,0,38044
178038,0,0,0,101,0,0,0,0,38119
178039,0,0,0,101,0,0,0,0,38120
178040,0,0,0,101,0,0,0,0,38121
178041,0,0,0,101,0,0,0,0,38122
178042,0,0,0,101,0,0,0,0,38123
178043,0,0,0,101,0,0,0,0,38197
178048,0,0,0,101,0,0,0,0,38267
178050,0,0,0,101,0,0,0,0,38269
178053,0,0,0,101,0,0,0,0,38342
178054,0,0,0,101,0,0,0,0,38343
178055,0,0,0,101,0,0,0,0,38344
178056,0,0,0,101,0,0,0,0,38345
178057,0,0,0,101,0,0,0,0,38410
178058,0,0,0,101,0,0,0,0,38411
178059,0,0,0,101,0,0,0,0,38412
178060,0,0,0,101,0,0,0,0,38413
178062,0,0,0,101,0,0,0,0,38482
178064,0,0,0,101,0,0,0,0,38484
178065,0,0,0,101,0,0,0,0,38560
178066,0,0,0,101,0,0,0,0,38561
178067,0,0,0,101,0,0,0,0,38562
178068,0,0,0,101,0,0,0,0,38563
178069,0,0,0,101,0,0,0,0,38564
178070,0,0,0,101,0,0,0,0,38633
178071,0,0,0,101,0,0,0,0,38634
178072,0,0,0,101,0,0,0,0,38635
178073,0,0,0,101,0,0,0,0,38636
178078,0,0,0,101,0,0,0,0,38791
178079,0,0,0,101,0,0,0,0,38792
178080,0,0,0,100,0,0,20,0,38793
178081,0,0,0,101,0,0,0,0,38794
178082,0,0,0,101,0,0,0,0,38862
178083,0,0,0,101,0,0,0,0,38863
178084,0,0,0,101,0,0,0,0,38864
178087,0,0,0,101,0,0,0,0,38932
178089,0,0,0,101,0,0,0,0,38934
178090,0,0,0,101,0,0,0,0,39007
178091,0,0,0,101,0,0,0,0,39008
178092,0,0,0,100,0,0,-2146924544,0,39009
178093,0,0,0,101,0,0,0,0,39010
178094,0,0,0,101,0,0,0,0,39077
178095,0,0,0,101,0,0,0,0,39078
178096,0,0,0,101,0,0,0,0,39079
178099,0,0,0,101,0,0,0,0,39160
178100,0,0,0,101,0,0,0,0,39161
178102,0,0,0,101,0,0,0,0,39163
178103,0,0,0,101,0,0,0,0,39164
178104,0,0,0,101,0,0,0,0,38045
178105,0,0,0,101,0,0,0,0,38046
178106,0,0,0,101,0,0,0,0,38047
178107,0,0,0,101,0,0,0,0,38048
178109,0,0,0,101,0,0,0,0,38125
178110,0,0,0,101,0,0,0,0,38126
178111,0,0,0,101,0,0,0,0,38127
178112,0,0,0,101,0,0,0,0,38128
178113,0,0,0,101,0,0,0,0,38129
178114,0,0,0,101,0,0,0,0,38202
178115,0,0,0,101,0,0,0,0,38203
178116,0,0,0,101,0,0,0,0,38204
178117,0,0,0,101,0,0,0,0,38205
178118,0,0,0,101,0,0,0,0,38206
178120,0,0,0,101,0,0,0,0,38273
178121,0,0,0,101,0,0,0,0,38274
178122,0,0,0,101,0,0,0,0,38275
178123,0,0,0,101,0,0,0,0,38346
178124,0,0,45000,20,0,0,81920,0,38347
178125,0,0,0,101,0,0,0,0,38348
178126,0,0,0,101,0,0,0,0,38349
178127,0,0,0,101,0,0,0,0,38414
178128,0,0,0,101,0,0,0,0,38415
178129,0,0,0,101,0,0,0,0,38416
178130,0,0,0,101,0,0,0,0,38417
178134,0,0,0,101,0,0,0,0,38488
178135,0,0,0,101,0,0,0,0,38565
178136,0,0,0,101,0,0,0,0,38566
178137,0,0,0,101,0,0,0,0,38567
178138,0,0,0,101,0,0,0,0,38568
178139,0,0,0,101,0,0,0,0,38569
178140,0,0,0,101,0,0,0,0,38637
178141,0,0,0,101,0,0,0,0,38638
178142,0,0,0,101,0,0,0,0,38639
178147,0,0,0,101,0,0,0,0,38719
178148,0,0,0,101,0,0,0,0,38721
178149,0,0,0,101,0,0,0,0,38795
178150,0,0,0,101,0,0,0,0,38796
178151,0,0,0,101,0,0,0,0,38797
178152,0,0,0,101,0,0,0,0,38798
178153,0,0,0,101,0,0,0,0,38866
178154,0,0,0,101,0,0,0,0,38867
178155,0,0,0,101,0,0,0,0,38868
178158,0,0,0,101,0,0,0,0,38935
178159,0,0,0,101,0,0,0,0,38936
178161,0,0,0,101,0,0,0,0,39011
178162,0,0,0,101,0,0,0,0,39012
178163,0,0,0,101,0,0,0,0,39013
178165,0,30,0,100,0,0,20,0,39015
178166,0,0,0,101,0,0,0,0,39082
178167,0,5,0,100,1,0,0,0,39083
178168,0,0,0,101,0,0,0,0,39084
178169,0,0,0,101,0,0,0,0,39085
178171,0,0,0,101,0,0,0,0,37970
178173,0,0,0,101,0,0,0,0,37972
178174,0,0,0,101,0,0,0,0,37973
178175,0,0,0,101,0,0,0,0,38049
178176,0,0,0,101,0,0,0,0,38051
178177,0,0,0,101,0,0,0,0,38052
178178,0,0,0,101,0,0,0,0,38053
178179,0,0,0,101,0,0,0,0,38130
178181,0,0,0,101,0,0,0,0,38132
178182,0,0,0,101,0,0,0,0,38133
178183,0,0,0,101,0,0,0,0,38134
178184,0,0,0,101,0,0,0,0,38207
178185,0,0,0,101,0,0,0,0,38208
178186,0,0,0,101,0,0,0,0,38209
178187,0,0,0,101,0,0,0,0,38210
178189,0,0,0,101,0,0,0,0,38276
178190,0,0,0,101,0,0,0,0,38277
178192,0,0,0,101,0,0,0,0,38279
178193,0,0,45000,15,0,0,20,0,38350
178194,0,0,0,101,0,0,0,0,38351
178196,0,0,0,101,0,0,0,0,38353
178197,0,0,0,101,0,0,0,0,38354
178199,0,0,0,101,0,0,0,0,38419
178200,0,0,0,101,0,0,0,0,38420
178201,0,0,0,101,0,0,0,0,38421
178202,0,0,0,101,0,0,0,0,38422
178205,0,0,0,101,0,0,0,0,38491
178208,0,0,0,101,0,0,0,0,38494
178209,0,0,0,101,0,0,0,0,38570
178210,0,0,0,101,0,0,0,0,38571
178211,0,0,0,101,0,0,0,0,38572
178212,0,0,0,101,0,0,0,0,38573
178214,0,0,0,101,0,0,0,0,38641
178215,0,0,0,101,0,0,0,0,38642
178216,0,0,0,101,0,0,0,0,38643
178217,0,0,0,101,0,0,0,0,38644
178218,0,0,0,101,0,0,0,0,38722
178219,0,0,0,101,0,0,0,0,38723
178220,0,0,0,101,0,0,0,0,38724
178223,0,0,0,101,0,0,0,0,38799
178224,0,0,0,101,0,0,0,0,38800
178225,0,0,0,101,0,0,0,0,38801
178228,0,0,0,101,0,0,0,0,38871
178232,0,0,0,101,0,0,0,0,38875
178234,0,0,0,101,0,0,0,0,38940
178235,0,0,0,101,0,0,0,0,38941
178236,0,4,0,101,0,0,0,0,39016
178241,0,0,0,101,0,0,0,0,39087
178242,0,0,0,101,0,0,0,0,39088
178243,0,99,0,101,0,0,0,0,39089
178244,0,0,0,101,0,0,0,0,37974
178245,0,0,0,101,0,0,0,0,37975
178246,0,0,0,101,0,0,0,0,37976
178248,0,0,0,101,0,0,0,0,37978
178249,0,0,0,101,0,0,0,0,38054
178250,0,0,0,101,0,0,0,0,38055
178251,0,0,0,101,0,0,0,0,38056
178252,0,0,0,101,0,0,0,0,38057
178253,0,0,0,101,0,0,0,0,38058
178254,0,0,0,101,0,0,0,0,38135
178255,0,0,0,101,0,0,0,0,38136
178257,0,20,0,101,0,0,0,0,38138
178258,0,0,0,101,0,0,0,0,38213
178259,0,0,0,101,0,0,0,0,38214
178260,0,0,0,101,0,0,0,0,38215
178261,0,0,0,101,0,0,0,0,38216
178262,0,0,0,101,0,0,0,0,38280
178263,0,0,0,101,0,0,0,0,38281
178264,0,0,0,101,0,0,0,0,38282
178266,0,0,0,101,0,0,0,0,38356
178267,0,0,0,101,0,0,0,0,38357
178268,0,0,0,101,0,0,0,0,38358
178270,0,0,0,101,0,0,0,0,38424
178271,0,0,0,101,0,0,0,0,38425
178272,0,0,0,101,0,0,0,0,38426
178273,0,0,0,101,0,0,0,0,38495
178274,0,0,0,101,0,0,0,0,38496
178275,0,0,0,101,0,0,0,0,38497
178276,0,0,0,101,0,0,0,0,38498
178278,0,0,0,101,0,0,0,0,38576
178279,0,0,0,101,0,0,0,0,38577
178281,0,0,0,101,0,0,0,0,38580
178282,0,0,0,101,0,0,0,0,38645
178283,0,0,0,101,0,0,0,0,38646
178288,0,0,0,101,0,0,0,0,38729
178290,0,0,0,101,0,0,0,0,38731
178291,0,0,0,101,0,0,0,0,38804
178292,0,0,3000,15,0,0,20,0,38805
178293,0,0,0,101,0,0,0,0,38806
178294,0,0,0,101,0,0,0,0,38807
178295,0,0,0,101,0,0,0,0,38808
178296,0,0,0,101,0,0,0,0,38876
178297,0,0,0,101,0,0,0,0,38877
178299,0,0,0,101,0,0,0,0,38879
178300,0,0,0,101,0,0,0,0,38880
178301,0,0,0,101,0,0,0,0,38942
178302,0,0,0,101,0,0,0,0,38943
178303,0,0,0,101,0,0,0,0,38944
178304,0,0,0,100,0,0,-2146819416,0,38945
178306,0,0,0,101,0,0,0,0,39022
178307,0,0,0,101,0,0,0,0,39023
178308,0,0,0,101,0,0,0,0,39024
178309,0,0,0,101,0,0,0,0,39025
178310,0,0,0,101,0,0,0,0,39090
178311,0,0,0,101,0,0,0,0,39091
178312,0,99,0,101,0,0,0,0,39092
178313,0,0,0,101,0,0,0,0,39093
178314,0,0,0,101,0,0,0,0,39094
178315,0,0,0,101,0,0,0,0,37979
178316,0,0,0,101,0,0,0,0,37980
178317,0,0,0,101,0,0,0,0,37981
178318,0,0,0,1,0,0,20,0,37982
178319,0,0,0,101,0,0,0,0,38059
178321,0,0,0,100,0,0,20,0,38061
178323,0,0,0,101,0,0,0,0,38063
178324,0,0,0,101,0,0,0,0,38139
178326,0,20,0,101,0,0,0,0,38141
178327,0,20,0,101,0,0,0,0,38142
178328,0,0,0,101,0,0,0,0,38217
178329,0,0,0,101,0,0,0,0,38218
178330,0,0,0,101,0,0,0,0,38219
178331,0,0,0,101,0,0,0,0,38220
178333,0,0,0,101,0,0,20,0,38284
178334,0,0,0,101,0,0,0,0,38285
178339,0,0,0,101,0,0,0,0,38360
178340,0,0,0,101,0,0,0,0,38361
178341,0,0,0,101,0,0,0,0,38362
178342,0,0,0,20,0,0,20,0,38427
178344,0,0,0,101,0,0,0,0,38429
178345,0,0,0,101,0,0,0,0,38430
178346,0,0,0,101,0,0,0,0,38499
178347,0,0,0,101,0,0,0,0,38501
178348,0,0,0,101,0,0,0,0,38502
178349,0,0,0,101,0,0,0,0,38503
178350,0,0,0,101,0,0,0,0,38504
178351,0,0,0,101,0,0,0,0,38581
178352,0,0,0,101,0,0,0,0,38582
178353,0,0,0,101,0,0,0,0,38584
178356,0,0,0,101,0,0,0,0,38650
178358,0,0,0,101,0,0,0,0,38652
178359,0,5,0,101,0,0,0,0,38653
178360,0,0,0,101,0,0,0,0,38732
178361,0,0,0,101,0,0,0,0,38733
178362,0,0,0,101,0,0,0,0,38734
178364,0,0,0,101,0,0,0,0,38809
178366,0,0,0,101,0,0,0,0,38811
178367,0,0,0,101,0,0,0,0,38812
178368,0,5,0,101,0,0,0,0,38881
178369,0,0,0,101,0,0,0,0,38882
178370,0,0,0,101,0,0,0,0,38883
178371,0,0,0,101,0,0,0,0,38884
178373,0,0,0,101,0,0,0,0,38947
178375,0,0,0,101,0,0,0,0,38949
178376,0,0,0,101,0,0,0,0,39026
178377,0,0,3500,100,25,0,139944,0,39027
178379,0,0,0,101,0,0,0,0,39095
178380,0,0,0,101,0,0,0,0,39096
178381,0,0,0,101,0,0,0,0,39097
178382,0,0,0,101,0,0,0,0,39098
178383,0,0,0,101,0,0,0,0,39099
178384,0,0,0,101,0,0,0,0,39100
178385,0,0,0,101,0,0,0,0,37984
178386,0,0,0,101,0,0,40,0,37985
178387,0,0,0,101,0,0,0,0,37986
178389,0,0,0,101,0,0,0,0,37988
178390,0,0,0,101,0,0,0,0,38064
178391,0,0,0,101,0,0,0,0,38065
178392,0,0,0,101,0,0,0,0,38066
178393,0,20,0,101,0,0,0,0,38143
178394,0,0,0,101,0,0,0,0,38145
178396,0,0,0,101,0,0,0,0,38221
178397,0,0,0,101,0,0,0,0,38222
178399,0,0,0,101,0,0,0,0,38224
178400,0,0,0,101,0,0,0,0,38289
178401,0,0,0,100,0,0,320,0,38290
178403,0,0,0,101,0,0,0,0,38293
178404,0,0,0,101,0,0,0,0,38295
178405,0,0,0,100,1,0,-2146924544,0,38363
178406,0,0,0,101,0,0,0,0,38365
178407,0,0,0,101,0,0,0,0,38366
178408,0,0,0,101,0,0,0,0,38367
178409,0,0,0,101,0,0,0,0,38431
178410,0,0,0,101,0,0,0,0,38432
178411,0,0,0,101,0,0,0,0,38433
178412,0,0,0,101,0,0,0,0,38434
178413,0,1,0,101,0,0,0,0,38505
178416,0,0,0,101,0,0,0,0,38508
178417,0,0,0,101,0,0,0,0,38509
178418,0,0,0,101,0,0,0,0,38586
178420,0,0,0,101,0,0,0,0,38588
178421,0,0,0,101,0,0,0,0,38589
178422,0,0,0,101,0,0,0,0,38590
178423,0,3,0,101,0,0,0,0,38655
178425,0,0,0,101,0,0,0,0,38657
178426,0,0,0,101,0,0,0,0,38658
178427,0,0,0,101,0,0,0,0,38736
178428,0,0,0,101,0,0,0,0,38737
178429,0,5,0,101,0,0,0,0,38738
178430,0,0,0,101,0,0,0,0,38739
178431,0,0,0,101,0,0,0,0,38813
178432,0,0,0,101,0,0,0,0,38814
178433,0,0,0,101,0,0,0,0,38815
178434,0,0,0,101,0,0,0,0,38816
178435,0,0,0,101,0,0,0,0,38885
178436,0,0,0,101,0,0,0,0,38886
178437,0,0,0,101,0,0,0,0,38887
178440,0,0,0,101,0,0,0,0,38950
178441,0,0,0,101,0,0,0,0,38952
178444,0,3,0,101,0,0,0,0,39029
178445,0,0,0,101,0,0,0,0,39031
178446,0,0,0,101,0,0,0,0,39032
178448,0,5,0,0,0,0,0,0,39034
178449,0,0,0,101,0,0,0,0,39101
178450,0,0,0,101,0,0,0,0,39102
178451,0,0,0,101,0,0,0,0,39104
178452,0,0,0,101,0,0,0,0,39105
178453,0,0,0,101,0,0,0,0,39106
178454,0,0,0,101,0,0,0,0,37989
178455,0,0,0,101,0,0,0,0,37990
178456,0,0,0,101,0,0,0,0,37991
178457,0,0,0,101,0,0,0,0,37992
178458,0,0,0,101,0,0,0,0,37993
178459,0,0,0,101,0,0,0,0,38067
178460,0,0,0,101,0,0,0,0,38068
178462,0,0,0,101,0,0,0,0,38070
178464,0,0,0,101,0,0,0,0,38147
178465,0,0,0,101,0,0,0,0,38148
178466,0,5,0,10,0,0,20,0,38149
178467,0,0,0,101,0,0,0,0,38225
178468,0,0,0,101,0,0,0,0,38226
178469,0,0,0,101,0,0,0,0,38227
178471,0,0,0,101,0,0,0,0,38296
178473,0,0,15000,15,0,0,16384,0,38299
178475,0,0,0,101,0,0,0,0,38303
178476,0,0,0,101,0,0,0,0,38368
178477,0,0,0,101,0,0,0,0,38369
178478,0,0,0,101,0,0,0,0,38370
178479,0,0,0,101,0,0,0,0,38371
178480,0,0,0,101,0,0,0,0,38435
178481,0,0,0,101,0,0,0,0,38436
178482,0,0,0,101,0,0,0,0,38437
178483,0,0,0,101,0,0,0,0,38438
178484,0,0,0,101,0,0,0,0,38510
178487,0,0,0,101,0,0,0,0,38513
178488,0,0,0,101,0,0,0,0,38591
178490,0,0,0,101,0,0,0,0,38593
178491,0,0,0,101,0,0,0,0,38594
178492,0,0,0,101,0,0,0,0,38659
178493,0,0,0,101,0,0,0,0,38660
178494,0,0,0,101,0,0,0,0,38661
178496,0,0,0,101,0,0,0,0,38741
178497,0,0,0,101,0,0,0,0,38742
178498,0,0,0,101,0,0,0,0,38743
178499,0,0,0,101,0,0,0,0,38744
178500,0,0,0,101,0,0,0,0,38817
178501,0,0,0,101,0,0,0,0,38818
178502,0,0,0,101,0,0,0,0,38819
178503,0,0,0,101,0,0,0,0,38820
178504,0,0,0,101,0,0,0,0,38821
178506,0,0,0,101,0,0,0,0,38891
178507,0,0,0,101,0,0,0,0,38892
178508,0,0,0,101,0,0,0,0,38893
178509,0,0,0,101,0,0,0,0,38894
178514,0,0,0,101,0,0,0,0,38959
178515,0,0,0,100,0,0,-2146819416,0,39035
178516,0,0,0,101,0,0,0,0,39036
178518,0,0,0,101,0,0,0,0,39038
178519,0,0,0,101,0,0,0,0,39107
178520,0,0,0,101,0,0,0,0,39108
178524,0,0,0,101,0,0,0,0,39113
178525,0,0,0,101,0,0,0,0,37997
178526,0,0,0,101,0,0,0,0,37998
178527,0,0,0,101,0,0,0,0,37999
178528,0,0,0,101,0,0,0,0,38000
178529,0,0,0,101,0,0,0,0,38001
178530,0,0,0,101,0,0,0,0,38072
178531,0,0,0,101,0,0,0,0,38073
178532,0,0,0,101,0,0,0,0,38074
178533,0,0,0,101,0,0,0,0,38075
178534,0,0,0,101,0,0,0,0,38076
178536,0,0,0,101,0,0,0,0,38150
178537,0,0,0,101,0,0,0,0,38151
178538,0,0,0,101,0,0,0,0,38153
178539,0,0,0,101,0,0,0,0,38154
178540,0,0,0,101,0,0,0,0,38229
178541,0,0,0,101,0,0,0,0,38230
178542,0,0,0,101,0,0,0,0,38231
178543,0,0,0,101,0,0,0,0,38232
178544,0,0,0,101,0,0,0,0,38304
178545,0,0,0,101,0,0,0,0,38305
178547,0,0,0,101,0,0,0,0,38372
178549,0,0,0,101,0,0,0,0,38374
178551,0,0,0,101,0,0,0,0,38376
178552,0,0,0,101,0,0,0,0,38439
178554,0,0,0,101,0,0,0,0,38441
178555,0,0,0,101,0,0,0,0,38442
178557,0,0,0,101,0,0,0,0,38516
178558,0,0,0,101,0,0,0,0,38517
178560,0,0,0,30,0,0,20,0,38519
178561,0,0,0,101,0,0,0,0,38595
178563,0,0,0,101,0,0,0,0,38597
178564,0,0,0,101,0,0,0,0,38598
178565,0,0,0,101,0,0,0,0,38663
178566,0,0,0,101,0,0,0,0,38664
178570,0,0,0,101,0,0,0,0,38746
178573,0,0,0,101,0,0,0,0,38750
178574,0,0,0,101,0,0,0,0,38751
178575,0,0,0,101,0,0,0,0,38822
178576,0,0,0,101,0,0,0,0,38823
178577,0,0,0,101,0,0,0,0,38824
178578,0,0,0,101,0,0,0,0,38825
178579,0,0,0,101,0,0,0,0,38895
178580,0,0,0,101,0,0,0,0,38896
178581,0,0,0,101,0,0,0,0,38897
178582,0,0,0,101,0,0,0,0,38898
178583,0,0,0,101,0,0,0,0,38960
178584,0,0,0,101,0,0,0,0,38961
178585,0,0,0,101,0,0,0,0,38962
178588,0,0,0,101,0,0,0,0,39039
178589,0,0,0,101,0,0,0,0,39040
178591,0,0,0,101,0,0,0,0,39042
178592,0,0,0,101,0,0,0,0,39043
178593,0,0,0,101,0,0,0,0,40278
178594,0,0,0,101,0,0,0,0,40279
178595,0,0,0,101,0,0,0,0,40280
178596,0,0,0,101,0,0,0,0,40281
178597,0,0,0,101,0,0,0,0,40282
178598,0,0,0,101,0,0,0,0,40360
178599,0,0,0,101,0,0,0,0,40361
178600,0,0,0,101,0,0,0,0,40362
178601,0,0,0,35,1,0,139944,0,40363
178602,0,0,0,101,0,0,0,0,39197
178603,0,5,0,101,0,0,0,0,39198
178604,0,0,0,101,0,0,0,0,39199
178605,0,0,0,101,0,0,0,0,39200
178606,0,0,0,101,0,0,0,0,39273
178607,0,0,0,101,0,0,0,0,39274
178608,0,0,0,101,0,0,0,0,39275
178610,0,0,0,101,0,0,0,0,39277
178611,0,0,0,101,0,0,0,0,39352
178612,0,0,0,101,0,0,0,0,39353
178613,0,0,0,101,0,0,0,0,39354
178614,0,0,0,101,0,0,0,0,39355
178615,0,0,0,101,0,0,0,0,39356
178616,0,0,0,101,0,0,0,0,39357
178617,0,0,0,101,0,0,0,0,39358
178618,0,0,0,101,0,0,0,0,39432
178619,0,0,0,101,0,0,0,0,39433
178621,0,0,0,101,0,0,0,0,39435
178622,0,0,0,101,0,0,0,0,39436
178623,0,0,0,101,0,0,0,0,39512
178624,0,0,0,101,0,0,0,0,39513
178627,0,0,0,101,0,0,0,0,39586
178628,0,0,0,101,0,0,0,0,39587
178629,0,0,0,101,0,0,0,0,39588
178635,0,0,0,101,0,0,0,0,39656
178636,0,0,0,101,0,0,0,0,39730
178637,0,0,0,101,0,0,0,0,39731
178638,0,0,0,101,0,0,0,0,39732
178639,0,0,0,101,0,0,0,0,39733
178640,0,0,0,101,0,0,0,0,39734
178641,0,0,0,101,0,0,0,0,39735
178642,0,0,0,101,0,0,0,0,39802
178643,0,0,0,101,0,0,0,0,39803
178644,0,0,0,101,0,0,0,0,39804
178645,0,0,0,101,0,0,0,0,39805
178646,0,0,0,101,0,0,0,0,39880
178647,0,0,0,101,0,0,0,0,39881
178648,0,0,0,101,0,0,0,0,39882
178649,0,0,0,101,0,0,0,0,39883
178650,0,0,0,101,0,0,0,0,39884
178652,0,0,0,101,0,0,0,0,39963
178654,0,0,0,100,0,0,-2146819416,0,39965
178655,0,0,0,101,0,0,0,0,39966
178656,0,0,0,101,0,0,0,0,40044
178657,0,0,0,101,0,0,0,0,40045
178658,0,0,0,101,0,0,0,0,40046
178659,0,0,0,101,0,0,0,0,40047
178660,0,0,0,101,0,0,0,0,40048
178661,0,0,0,101,0,0,0,0,40049
178662,0,0,0,101,0,0,0,0,40116
178663,0,0,0,101,0,0,0,0,40117
178664,0,0,0,101,0,0,0,0,40118
178665,0,0,0,101,0,0,0,0,40119
178666,0,0,0,101,0,0,0,0,40203
178667,0,0,0,101,0,0,0,0,40204
178668,0,0,0,101,0,0,0,0,40205
178669,0,0,0,101,0,0,0,0,40206
178670,0,0,0,101,0,0,0,0,40283
178671,0,0,0,101,0,0,0,0,40284
178672,0,0,0,101,0,0,0,0,40285
178673,0,0,0,101,0,0,0,0,40286
178674,0,0,0,101,0,0,0,0,40287
178675,0,0,0,101,0,0,0,0,40288
178676,0,0,0,101,0,0,0,0,40289
178677,0,0,0,100,0,0,139264,0,40364
178678,0,0,0,101,0,0,0,0,40365
178679,0,20,0,101,0,0,0,0,40366
178680,0,0,0,101,0,0,0,0,40367
178681,0,0,0,101,0,0,0,0,40368
178682,0,0,0,101,0,0,0,0,39201
178683,0,0,0,101,0,0,0,0,39202
178685,0,5,0,101,0,0,0,0,39204
178686,0,0,0,101,0,0,0,0,39205
178687,0,0,0,101,0,0,0,0,39278
178689,0,0,0,101,0,0,0,0,39280
178692,0,0,0,101,0,0,0,0,39359
178693,0,0,0,101,0,0,0,0,39360
178694,0,0,0,101,0,0,0,0,39361
178695,0,0,0,101,0,0,0,0,39362
178696,0,0,0,101,0,0,0,0,39363
178697,0,0,0,5,0,0,81920,0,39437
178698,0,0,0,100,0,0,340,0,39438
178699,0,20,0,101,0,0,0,0,39439
178700,0,0,0,101,0,0,0,0,39516
178704,0,0,0,101,0,0,0,0,39589
178705,0,0,0,101,0,0,0,0,39590
178706,0,0,0,101,0,0,0,0,39591
178707,0,0,0,101,0,0,0,0,39592
178709,0,0,0,101,0,0,0,0,39658
178710,0,0,0,101,0,0,0,0,39659
178711,0,0,0,101,0,0,0,0,39660
178712,0,0,0,101,0,0,0,0,39736
178713,0,0,0,101,0,0,0,0,39737
178714,0,0,0,101,0,0,0,0,39738
178715,0,0,0,101,0,0,0,0,39739
178716,0,0,0,101,0,0,0,0,39740
178717,0,0,0,101,0,0,0,0,39741
178718,0,0,0,101,0,0,0,0,39806
178719,0,0,0,101,0,0,0,0,39807
178720,0,0,0,101,0,0,0,0,39808
178721,0,0,0,101,0,0,0,0,39809
178722,0,0,0,101,0,0,0,0,39810
178723,0,0,0,101,0,0,0,0,39885
178724,0,0,0,101,0,0,0,0,39886
178725,0,0,0,101,0,0,0,0,39887
178726,0,0,0,101,0,0,0,0,39888
178727,0,0,0,101,0,0,0,0,39889
178728,0,0,0,101,0,0,0,0,39890
178729,0,0,0,101,0,0,0,0,39967
178730,0,0,0,101,0,0,0,0,39968
178731,0,0,0,101,0,0,0,0,39969
178732,0,0,0,101,0,0,0,0,39970
178733,0,0,0,101,0,0,0,0,39971
178734,0,0,0,101,0,0,0,0,40050
178735,0,0,0,101,0,0,0,0,40051
178736,0,0,0,101,0,0,0,0,40052
178737,0,0,0,101,0,0,0,0,40053
178738,0,0,0,101,0,0,0,0,40055
178739,0,0,0,101,0,0,0,0,40120
178740,0,0,0,101,0,0,0,0,40121
178741,0,0,0,101,0,0,0,0,40122
178742,0,0,0,101,0,0,0,0,40123
178743,0,0,0,101,0,0,0,0,40207
178744,0,0,0,101,0,0,0,0,40208
178745,0,0,0,101,0,0,0,0,40209
178746,0,0,0,101,0,0,0,0,40210
178747,0,0,0,101,0,0,0,0,40290
178748,0,0,0,100,0,0,20,0,40291
178749,0,1,2000,100,0,0,340,0,40292
178750,0,0,0,101,0,0,0,0,40369
178751,0,0,0,101,0,0,0,0,40370
178752,0,0,0,101,0,0,0,0,40371
178753,0,0,0,101,0,0,0,0,39206
178754,0,0,0,101,0,0,0,0,39207
178755,0,0,0,101,0,0,0,0,39208
178756,0,0,0,101,0,0,0,0,39210
178757,0,0,0,101,0,0,0,0,39283
178758,0,0,0,101,0,0,0,0,39284
178759,0,0,0,101,0,0,0,0,39285
178762,0,25,0,101,0,0,0,0,39364
178763,0,0,0,101,0,0,0,0,39365
178765,0,0,0,100,0,0,65536,0,39440
178766,0,10,0,101,0,0,0,0,39441
178767,0,0,0,100,0,0,65876,0,39442
178768,0,20,0,100,1,0,82260,0,39443
178773,0,0,0,101,0,0,0,0,39593
178774,0,0,0,101,0,0,0,0,39594
178775,0,0,0,101,0,0,0,0,39595
178776,0,0,0,101,0,0,0,0,39596
178777,0,0,0,101,0,0,0,0,39661
178778,0,0,0,101,0,0,0,0,39662
178781,0,0,0,101,0,0,0,0,39742
178786,0,0,0,101,0,0,0,0,39811
178787,0,0,0,101,0,0,0,0,39812
178788,0,0,0,101,0,0,0,0,39813
178789,0,0,0,101,0,0,0,0,39814
178790,0,0,0,101,0,0,0,0,39815
178791,0,0,0,101,0,0,0,0,39816
178792,0,0,0,101,0,0,0,0,39891
178794,0,0,0,101,0,0,0,0,39893
178795,0,0,0,101,0,0,0,0,39894
178796,0,0,0,101,0,0,0,0,39895
178797,0,0,0,101,0,0,0,0,39972
178798,0,0,0,101,0,0,0,0,39973
178799,0,0,0,101,0,0,0,0,39974
178802,0,0,0,101,0,0,0,0,39977
178803,0,0,0,101,0,0,0,0,40056
178804,0,0,0,101,0,0,0,0,40057
178807,0,0,0,101,0,0,0,0,40060
178808,0,0,0,101,0,0,0,0,40124
178809,0,0,0,101,0,0,0,0,40126
178810,0,0,0,101,0,0,0,0,40128
178811,0,0,0,101,0,0,0,0,40129
178812,0,0,0,101,0,0,0,0,40130
178813,0,0,0,101,0,0,0,0,40131
178815,0,0,0,101,0,0,0,0,40213
178816,0,0,0,101,0,0,0,0,40214
178817,0,0,0,100,0,0,34816,0,40215
178818,0,1,0,101,0,0,0,0,40293
178819,0,0,0,101,0,0,0,0,40294
178820,0,0,0,101,0,0,0,0,40295
178821,0,0,0,101,0,0,0,0,40296
178823,0,0,0,101,0,0,0,0,40373
178828,0,0,0,101,0,0,0,0,39211
178829,0,0,0,101,0,0,0,0,39212
178830,0,0,0,101,0,0,0,0,39214
178831,0,0,0,100,1,0,-2146924544,0,39215
178832,0,0,0,101,0,0,0,0,39216
178833,0,0,0,101,0,0,1,0,39288
178834,0,0,0,101,0,0,1,0,39289
178835,0,0,0,101,0,0,1,0,39290
178836,0,0,0,101,0,0,0,0,39291
178838,0,0,0,100,0,0,-2146819416,0,39367
178839,0,0,0,101,0,0,0,0,39369
178841,0,0,0,10,0,0,139944,0,39444
178842,0,0,0,100,0,0,0,0,39445
178843,0,0,0,100,0,0,2,0,39446
178844,0,0,0,101,0,0,0,0,39447
178845,0,0,0,101,0,0,0,0,39448
178849,0,0,0,101,0,0,0,0,39527
178850,0,0,0,101,0,0,0,0,39528
178851,0,0,0,101,0,0,0,0,39597
178852,0,0,17000,15,0,0,320,0,39598
178853,0,0,0,101,0,0,0,0,39599
178854,0,0,0,101,0,0,0,0,39600
178855,0,5,0,101,0,0,0,0,39665
178856,0,0,0,101,0,0,0,0,39666
178857,0,0,0,101,0,0,0,0,39667
178858,0,0,0,101,0,0,0,0,39668
178862,0,0,0,101,0,0,0,0,39750
178863,0,0,0,101,0,0,0,0,39817
178864,0,0,0,101,0,0,0,0,39818
178865,0,0,0,101,0,0,0,0,39819
178866,0,0,0,101,0,0,0,0,39820
178867,0,0,0,101,0,0,0,0,39821
178868,0,0,0,101,0,0,0,0,39822
178870,0,0,0,101,0,0,0,0,39897
178871,0,0,0,101,0,0,0,0,39898
178872,0,0,0,101,0,0,0,0,39899
178873,0,0,0,101,0,0,0,0,39900
178874,0,0,0,101,0,0,0,0,39901
178875,0,0,0,101,0,0,0,0,39978
178876,0,0,0,101,0,0,0,0,39979
178877,0,0,0,101,0,0,0,0,39980
178878,0,0,0,101,0,0,0,0,39981
178879,0,0,0,101,0,0,0,0,39982
178881,0,0,0,101,0,0,0,0,40062
178882,0,0,0,101,0,0,0,0,40063
178883,0,0,0,101,0,0,0,0,40064
178884,0,0,0,101,0,0,0,0,40065
178885,0,0,0,101,0,0,0,0,40132
178886,0,0,0,101,0,0,0,0,40133
178887,0,0,0,101,0,0,0,0,40134
178888,0,0,0,101,0,0,0,0,40135
178889,0,0,0,101,0,0,0,0,40136
178891,0,0,0,101,0,0,0,0,40217
178892,0,0,0,101,0,0,0,0,40218
178893,0,0,0,101,0,0,0,0,40219
178894,0,0,0,101,0,0,0,0,40297
178895,0,0,0,101,0,0,0,0,40298
178896,0,0,0,101,0,0,0,0,40299
178897,0,0,0,101,0,0,0,0,40300
178898,0,0,0,101,0,0,0,0,40301
178901,0,0,0,101,0,0,0,0,40380
178902,0,0,0,101,0,0,0,0,40381
178903,0,0,0,101,0,0,0,0,40382
178904,0,0,0,101,0,0,0,0,40383
178905,0,0,0,101,0,0,0,0,39217
178906,0,0,0,101,0,0,0,0,39218
178907,0,0,0,101,0,0,0,0,39219
178908,0,0,0,101,0,0,0,0,39220
178909,0,0,0,101,0,0,0,0,39293
178910,0,0,0,101,0,0,0,0,39294
178911,0,0,0,101,0,0,0,0,39295
178912,0,0,0,101,0,0,0,0,39296
178913,0,0,0,101,0,0,0,0,39371
178914,0,0,0,100,0,0,2424832,0,39372
178915,0,0,0,101,0,0,0,0,39373
178918,0,0,0,101,0,0,0,0,39449
178919,0,0,0,101,0,0,0,0,39450
178920,0,0,0,101,0,0,0,0,39451
178921,0,0,0,101,0,0,0,0,39452
178923,0,0,0,101,0,0,0,0,39529
178924,0,0,0,100,1,0,87376,0,39530
178925,0,0,0,101,0,0,0,0,39531
178927,0,0,0,101,0,0,0,0,39533
178928,0,0,0,101,0,0,0,0,39601
178929,0,0,0,101,0,0,0,0,39602
178931,0,0,0,101,0,0,0,0,39669
178932,0,0,0,101,0,0,0,0,39670
178933,0,0,0,101,0,0,0,0,39671
178934,0,0,0,101,0,0,0,0,39672
178939,0,0,0,101,0,0,0,0,39823
178940,0,0,0,101,0,0,0,0,39824
178941,0,0,0,101,0,0,0,0,39825
178942,0,0,0,101,0,0,0,0,39826
178943,0,0,0,101,0,0,0,0,39902
178944,0,0,0,101,0,0,0,0,39903
178945,0,0,0,101,0,0,0,0,39904
178946,0,0,0,101,0,0,0,0,39905
178947,0,0,0,101,0,0,0,0,39983
178948,0,0,0,101,0,0,0,0,39984
178949,0,0,0,101,0,0,0,0,39985
178950,0,0,0,101,0,0,0,0,39986
178951,0,0,0,101,0,0,0,0,39987
178952,0,0,0,101,0,0,0,0,39988
178953,0,0,0,101,0,0,0,0,40066
178954,0,0,0,101,0,0,0,0,40067
178956,0,0,0,101,0,0,0,0,40069
178957,0,0,0,101,0,0,0,0,40137
178958,0,0,0,101,0,0,0,0,40138
178959,0,0,0,101,0,0,0,0,40139
178960,0,0,0,101,0,0,0,0,40140
178961,0,0,0,101,0,0,0,0,40141
178962,0,0,0,101,0,0,0,0,40142
178963,0,0,0,101,0,0,0,0,40220
178964,0,0,0,101,0,0,0,0,40221
178965,0,0,0,101,0,0,65536,0,40222
178966,0,0,0,101,0,0,0,0,40223
178967,0,0,0,101,0,0,0,0,40224
178968,0,0,0,101,0,0,0,0,40302
178969,0,0,1000,100,0,0,2446592,0,40303
178970,0,0,0,101,0,0,0,0,40304
178971,0,0,0,101,0,0,0,0,40305
178972,0,0,0,101,0,0,0,0,40306
178973,0,0,0,101,0,0,0,0,40384
178974,0,0,0,101,0,0,0,0,40385
178975,0,0,0,101,0,0,0,0,40386
178976,0,0,0,101,0,0,0,0,40387
178977,0,0,0,101,0,0,0,0,40388
178978,0,0,0,101,0,0,0,0,39221
178979,0,0,0,101,0,0,0,0,39222
178980,0,0,0,101,0,0,0,0,39223
178981,0,0,0,101,0,0,0,0,39224
178982,0,0,0,101,0,0,0,0,39297
178984,0,0,0,101,0,0,0,0,39299
178985,0,0,0,101,0,0,0,0,39300
178988,0,0,0,101,0,0,0,0,39376
178989,0,0,0,101,0,0,0,0,39377
178990,0,0,0,101,0,0,0,0,39378
178992,0,0,0,101,0,0,0,0,39380
178994,0,0,0,101,0,0,0,0,39455
178997,0,0,0,101,0,0,0,0,39458
178998,0,0,0,101,0,0,0,0,39534
178999,0,0,0,101,0,0,0,0,39535
179001,0,0,0,101,0,0,0,0,39538
179005,0,0,0,101,0,0,0,0,39606
179007,0,0,0,101,0,0,0,0,39673
179008,0,0,0,101,0,0,0,0,39674
179009,0,0,0,101,0,0,0,0,39675
179013,0,0,0,101,0,0,0,0,39758
179014,0,0,0,101,0,0,0,0,39827
179015,0,0,0,101,0,0,0,0,39828
179016,0,0,0,101,0,0,0,0,39829
179017,0,0,0,101,0,0,0,0,39830
179018,0,0,3000,100,0,0,69972,0,39831
179019,0,0,0,101,0,0,0,0,39906
179020,0,0,0,101,0,0,0,0,39907
179021,0,0,0,101,0,0,0,0,39908
179022,0,0,0,101,0,0,0,0,39909
179023,0,0,0,101,0,0,0,0,39910
179024,0,0,0,101,0,0,0,0,39989
179025,0,0,0,101,0,0,0,0,39990
179026,0,0,0,101,0,0,0,0,39991
179028,0,0,0,101,0,0,0,0,40070
179029,0,0,0,101,0,0,0,0,40071
179030,0,0,0,101,0,0,0,0,40072
179032,0,0,0,101,0,0,0,0,40143
179035,0,0,0,101,0,0,0,0,40146
179036,0,0,0,101,0,0,0,0,40147
179037,0,0,0,101,0,0,0,0,40148
179038,0,0,0,101,0,0,0,0,40225
179039,0,0,0,101,0,0,0,0,40226
179040,0,0,0,101,0,0,0,0,40227
179041,0,0,0,101,0,0,0,0,40228
179043,0,0,0,101,0,0,0,0,40307
179044,0,0,0,101,0,0,0,0,40308
179045,0,0,0,101,0,0,0,0,40309
179046,0,0,0,101,0,0,0,0,40310
179047,0,0,0,101,0,0,0,0,40311
179048,0,0,0,101,0,0,0,0,40389
179049,0,0,0,101,0,0,0,0,40390
179050,0,0,0,101,0,0,0,0,40391
179051,0,0,0,101,0,0,0,0,40392
179052,0,0,0,101,0,0,0,0,39225
179053,0,0,0,101,0,0,0,0,39226
179054,0,0,0,101,0,0,0,0,39227
179055,0,0,0,101,0,0,0,0,39228
179056,0,0,0,101,0,0,0,0,39303
179059,0,0,0,101,0,0,0,0,39306
179060,0,0,0,101,0,0,0,0,39307
179062,0,0,0,101,0,0,0,0,39381
179063,0,50,0,101,0,0,0,0,39382
179064,0,0,0,101,0,0,0,0,39383
179065,0,0,0,101,0,0,0,0,39384
179066,0,5,0,101,0,0,0,0,39385
179070,0,0,0,101,0,0,0,0,39462
179071,0,0,0,101,0,0,0,0,39463
179074,0,0,0,101,0,0,0,0,39542
179075,0,0,0,101,0,0,0,0,39543
179077,0,0,0,101,0,0,0,0,39609
179078,0,0,0,101,0,0,0,0,39610
179080,0,0,0,101,0,0,0,0,39676
179081,0,0,0,101,0,0,0,0,39677
179082,0,0,0,101,0,0,0,0,39678
179083,0,0,0,101,0,0,0,0,39679
179084,0,0,0,101,0,0,0,0,39680
179090,0,0,3000,100,0,0,69972,0,39832
179091,0,0,0,101,0,0,0,0,39833
179092,0,0,0,101,0,0,0,0,39834
179093,0,0,0,101,0,0,0,0,39835
179094,0,0,0,101,0,0,0,0,39836
179096,0,0,0,101,0,0,0,0,39912
179098,0,0,0,101,0,0,0,0,39993
179099,0,0,0,101,0,0,0,0,39994
179100,0,0,0,101,0,0,0,0,39995
179101,0,0,0,101,0,0,0,0,39996
179102,0,0,0,101,0,0,0,0,39997
179104,0,0,0,101,0,0,0,0,40075
179105,0,0,0,101,0,0,0,0,40076
179106,0,0,0,101,0,0,0,0,40077
179107,0,0,0,101,0,0,0,0,40149
179108,0,0,0,101,0,0,0,0,40150
179109,0,0,0,101,0,0,0,0,40151
179110,0,0,0,101,0,0,0,0,40152
179111,0,0,0,101,0,0,0,0,40153
179112,0,0,0,101,0,0,0,0,40230
179113,0,0,0,101,0,0,0,0,40231
179114,0,0,0,101,0,0,0,0,40232
179115,0,0,0,101,0,0,0,0,40233
179116,0,0,0,101,0,0,0,0,40312
179117,0,0,0,101,0,0,0,0,40313
179118,0,0,0,101,0,0,0,0,40314
179119,0,0,0,101,0,0,0,0,40317
179120,0,10,0,101,0,0,0,0,40318
179122,0,0,45000,10,0,0,65536,0,40394
179123,0,0,0,100,0,0,87376,0,40395
179124,0,0,0,100,0,0,87376,0,40396
179125,0,0,0,101,0,0,0,0,39229
179126,0,0,0,101,0,0,0,0,39230
179127,0,0,0,101,0,0,0,0,39231
179128,0,0,0,101,0,0,0,0,39232
179132,0,0,0,101,0,0,0,0,39312
179133,0,0,0,101,0,0,0,0,39313
179134,0,0,0,101,0,0,0,0,39386
179135,0,0,0,101,0,0,0,0,39387
179138,0,0,0,101,0,0,0,0,39390
179139,0,0,0,101,0,0,0,0,39391
179143,0,0,0,101,0,0,0,0,39466
179144,0,0,0,101,0,0,0,0,39467
179146,0,0,0,101,0,0,0,0,39544
179147,0,0,0,101,0,0,0,0,39545
179148,0,0,0,101,0,0,0,0,39546
179149,0,0,0,101,0,0,0,0,39547
179154,0,0,0,101,0,0,0,0,39681
179155,0,0,0,101,0,0,0,0,39682
179156,0,0,0,101,0,0,0,0,39683
179157,0,0,0,101,0,0,0,0,39684
179158,0,0,0,101,0,0,0,0,39685
179163,0,0,0,101,0,0,0,0,39837
179164,0,0,0,101,0,0,0,0,39838
179165,0,0,0,101,0,0,0,0,39839
179166,0,0,0,101,0,0,0,0,39840
179167,0,0,0,101,0,0,0,0,39841
179168,0,0,0,101,0,0,0,0,39914
179169,0,20,0,101,0,0,0,0,39915
179170,0,0,0,101,0,0,0,0,39916
179171,0,0,0,101,0,0,0,0,39918
179172,0,0,0,101,0,0,0,0,39919
179173,0,0,0,101,0,0,0,0,39920
179174,0,0,0,101,0,0,0,0,39921
179175,0,0,0,101,0,0,0,0,39998
179176,0,0,0,101,0,0,0,0,39999
179177,0,0,0,101,0,0,0,0,40000
179178,0,0,0,101,0,0,0,0,40001
179179,0,0,0,101,0,0,0,0,40002
179180,0,0,0,101,0,0,0,0,40003
179181,0,3,0,101,0,0,0,0,40078
179182,0,0,0,101,0,0,0,0,40079
179183,0,0,0,101,0,0,0,0,40080
179185,0,0,0,101,0,0,0,0,40155
179186,0,0,0,101,0,0,0,0,40156
179187,0,3,0,101,0,0,0,0,40157
179188,0,0,0,101,0,0,0,0,40158
179189,0,0,0,101,0,0,0,0,40234
179190,0,0,0,101,0,0,0,0,40235
179191,0,0,0,101,0,0,0,0,40236
179192,0,0,0,101,0,0,0,0,40237
179193,0,0,0,101,0,0,0,0,40238
179194,0,0,0,101,0,0,0,0,40319
179196,0,0,0,101,0,0,0,0,40321
179197,0,0,0,101,0,0,0,0,40322
179199,0,0,0,101,0,0,0,0,40397
179200,0,0,0,101,0,0,0,0,40398
179201,0,0,0,101,0,0,0,0,40399
179202,0,0,0,101,0,0,0,0,40400
179203,0,0,0,101,0,0,0,0,40401
179204,0,0,0,101,0,0,1,0,39233
179205,0,0,0,101,0,0,0,0,39234
179206,0,0,0,101,0,0,0,0,39235
179207,0,0,0,101,0,0,0,0,39236
179208,0,0,0,101,0,0,0,0,39314
179209,0,0,0,101,0,0,0,0,39315
179210,0,0,0,101,0,0,0,0,39316
179211,0,0,0,101,0,0,0,0,39317
179212,0,0,0,101,0,0,0,0,39393
179214,0,0,0,101,0,0,0,0,39395
179215,0,0,0,101,0,0,0,0,39396
179217,0,0,0,101,0,0,0,0,39398
179220,0,0,0,101,0,0,0,0,39470
179221,0,0,0,101,0,0,0,0,39471
179224,0,0,0,101,0,0,0,0,39548
179226,0,0,0,101,0,0,0,0,39550
179227,0,0,0,101,0,0,0,0,39551
179228,0,0,0,101,0,0,0,0,39552
179230,0,0,0,101,0,0,0,0,39618
179232,0,0,0,101,0,0,0,0,39620
179233,0,0,0,101,0,0,0,0,39686
179234,0,0,0,101,0,0,0,0,39687
179237,0,0,0,101,0,0,0,0,39690
179238,0,0,0,101,0,0,0,0,39691
179243,0,0,0,101,0,0,0,0,39842
179244,0,0,0,101,0,0,0,0,39843
179245,0,0,0,101,0,0,0,0,39844
179247,0,0,0,101,0,0,0,0,39922
179248,0,0,0,101,0,0,0,0,39923
179249,0,0,0,101,0,0,0,0,39924
179250,0,0,0,101,0,0,0,0,39925
179251,0,0,0,101,0,0,0,0,40004
179252,0,0,0,101,0,0,0,0,40005
179253,0,0,0,101,0,0,0,0,40006
179256,0,0,0,101,0,0,0,0,40081
179257,0,0,0,101,0,0,0,0,40082
179258,0,0,0,101,0,0,0,0,40083
179259,0,0,0,101,0,0,0,0,40084
179260,0,0,0,101,0,0,0,0,40159
179261,0,0,0,101,0,0,0,0,40160
179263,0,0,0,101,0,0,0,0,40162
179264,0,0,0,100,0,0,0,0,40239
179265,0,0,0,101,0,0,0,0,40240
179266,0,0,0,101,0,0,0,0,40241
179268,0,0,0,101,0,0,0,0,40324
179269,0,0,0,101,0,0,0,0,40325
179270,0,5,0,100,0,0,0,0,40326
179271,0,10,0,101,0,0,0,0,40327
179272,0,0,0,101,0,0,0,0,40402
179273,0,0,0,101,0,0,0,0,40403
179274,0,0,0,101,0,0,0,0,40404
179275,0,0,0,101,0,0,0,0,40405
179276,0,0,0,101,0,0,0,0,40406
179277,0,0,0,101,0,0,0,0,39238
179281,0,0,0,101,0,0,0,0,39242
179282,0,0,0,101,0,0,0,0,39318
179283,0,0,0,101,0,0,0,0,39319
179284,0,0,0,101,0,0,0,0,39320
179285,0,0,0,101,0,0,0,0,39321
179286,0,0,0,101,0,0,0,0,39322
179287,0,0,0,101,0,0,0,0,39400
179288,0,0,0,101,0,0,0,0,39401
179290,0,0,0,101,0,0,0,0,39403
179291,0,0,0,101,0,0,0,0,39404
179295,0,0,0,101,0,0,0,0,39477
179296,0,0,0,101,0,0,0,0,39478
179300,0,0,17000,15,0,0,640,0,39556
179301,0,0,0,101,0,0,0,0,39557
179302,0,0,0,101,0,0,0,0,39621
179303,0,0,0,101,0,0,0,0,39622
179304,0,0,1000,100,5,0,-2146819416,0,39623
179305,0,0,0,101,0,0,0,0,39692
179306,0,0,0,101,0,0,0,0,39693
179307,0,0,0,101,0,0,0,0,39694
179312,0,0,0,101,0,0,0,0,39846
179313,0,0,0,101,0,0,0,0,39847
179314,0,0,0,101,0,0,0,0,39848
179315,0,0,0,101,0,0,0,0,39849
179316,0,0,0,101,0,0,0,0,39850
179317,0,0,0,101,0,0,0,0,39926
179318,0,0,0,101,0,0,0,0,39927
179321,0,0,0,101,0,0,0,0,39930
179324,0,0,0,101,0,0,0,0,40011
179326,0,0,0,101,0,0,0,0,40085
179327,0,0,0,101,0,0,0,0,40086
179328,0,0,0,100,0,0,69972,0,40087
179329,0,0,0,101,0,0,0,0,40088
179330,0,0,0,101,0,0,0,0,40163
179331,0,0,0,101,0,0,0,0,40164
179332,0,0,0,101,0,0,0,0,40165
179333,0,0,0,101,0,0,0,0,40166
179334,0,0,0,101,0,0,0,0,40167
179335,0,0,0,101,0,0,0,0,40243
179336,0,0,0,101,0,0,0,0,40244
179337,0,0,0,101,0,0,0,0,40245
179338,0,0,0,101,0,0,0,0,40246
179339,0,0,0,101,0,0,0,0,40247
179340,0,0,0,101,0,0,0,0,40328
179341,0,0,0,100,0,0,139264,0,40329
179342,0,0,0,101,0,0,0,0,40330
179343,0,0,0,101,0,0,0,0,40331
179344,0,0,0,101,0,0,0,0,40332
179345,0,0,0,101,0,0,0,0,39165
179346,0,0,0,101,0,0,0,0,39166
179348,0,0,0,101,0,0,0,0,39168
179349,0,0,0,101,0,0,0,0,39169
179350,0,0,0,101,0,0,0,0,39171
179352,0,0,0,101,0,0,0,0,39244
179354,0,0,0,101,0,0,0,0,39246
179356,0,0,0,101,0,0,0,0,39323
179361,0,0,0,101,0,0,0,0,39328
179362,0,0,0,101,0,0,0,0,39405
179363,0,0,0,101,0,0,0,0,39406
179364,0,0,0,101,0,0,0,0,39407
179365,0,0,0,101,0,0,0,0,39408
179366,0,0,0,101,0,0,0,0,39479
179367,0,0,0,101,0,0,0,0,39480
179368,0,0,0,101,0,0,0,0,39481
179369,0,0,0,101,0,0,0,0,39482
179370,0,0,0,101,0,0,0,0,39483
179371,0,0,0,101,0,0,0,0,39558
179372,0,0,0,101,0,0,0,0,39559
179373,0,0,0,101,0,0,0,0,39560
179379,0,0,0,101,0,0,0,0,39695
179380,0,0,0,101,0,0,0,0,39696
179381,0,0,0,101,0,0,0,0,39697
179382,0,0,0,101,0,0,0,0,39698
179383,0,0,0,101,0,0,0,0,39699
179387,0,0,0,101,0,0,0,0,39779
179388,0,0,0,101,0,0,0,0,39780
179389,0,0,0,101,0,0,0,0,39851
179390,0,0,0,101,0,0,0,0,39852
179391,0,0,0,101,0,0,0,0,39853
179392,0,0,0,101,0,0,0,0,39854
179393,0,0,0,101,0,0,0,0,39932
179394,0,0,0,101,0,0,0,0,39933
179395,0,0,0,101,0,0,0,0,39936
179396,0,0,0,101,0,0,0,0,39937
179397,0,0,0,101,0,0,0,0,39938
179398,0,0,0,101,0,0,0,0,39939
179403,0,0,0,101,0,0,0,0,40017
179404,0,0,0,101,0,0,0,0,40089
179405,0,0,0,101,0,0,0,0,40090
179406,0,0,0,101,0,0,0,0,40091
179408,0,0,0,101,0,0,0,0,40168
179409,0,0,0,101,0,0,0,0,40169
179410,0,0,0,101,0,0,0,0,40170
179411,0,0,0,101,0,0,0,0,40171
179412,0,0,0,101,0,0,0,0,40172
179413,0,0,0,101,0,0,0,0,40173
179414,0,0,0,101,0,0,0,0,40248
179415,0,0,0,101,0,0,0,0,40249
179416,0,0,2000,100,0,0,34816,0,40250
179417,0,0,0,101,0,0,0,0,40251
179418,0,0,0,100,0,0,-2146819416,0,40333
179419,0,0,0,100,0,0,20,0,40334
179420,0,0,0,101,0,0,0,0,40335
179421,0,0,0,100,0,0,340,0,40336
179422,0,0,0,101,0,0,0,0,40337
179423,0,0,0,101,0,0,0,0,39172
179425,0,0,0,101,0,0,0,0,39174
179427,0,0,0,101,0,0,0,0,39176
179428,0,0,0,101,0,0,0,0,39248
179429,0,0,0,101,0,0,0,0,39249
179431,0,0,0,101,0,0,0,0,39251
179432,0,0,0,101,0,0,0,0,39252
179433,0,0,0,101,0,0,0,0,39329
179434,0,0,0,101,0,0,0,0,39330
179435,0,0,0,101,0,0,0,0,39331
179436,0,0,0,101,0,0,0,0,39332
179438,0,0,0,101,0,0,0,0,39334
179439,0,0,0,101,0,0,0,0,39409
179440,0,0,0,101,0,0,0,0,39410
179441,0,0,0,101,0,0,0,0,39411
179442,0,0,0,101,0,0,0,0,39412
179443,0,0,0,101,0,0,0,0,39484
179445,0,0,0,101,0,0,0,0,39486
179446,0,0,0,101,0,0,0,0,39487
179447,0,0,0,101,0,0,0,0,39488
179448,0,0,0,101,0,0,0,0,39489
179451,0,0,0,101,0,0,0,0,39564
179452,0,0,0,101,0,0,0,0,39565
179453,0,0,0,101,0,0,0,0,39566
179455,0,0,0,101,0,0,0,0,39629
179456,0,0,0,101,0,0,0,0,39630
179457,0,0,0,101,0,0,0,0,39631
179458,0,0,0,101,0,0,0,0,39700
179460,0,0,0,101,0,0,0,0,39702
179461,0,0,0,101,0,0,0,0,39703
179462,0,0,0,101,0,0,0,0,39704
179463,0,0,0,101,0,0,0,0,39705
179464,0,0,0,101,0,0,0,0,39781
179465,0,0,0,101,0,0,0,0,39782
179466,0,0,0,101,0,0,0,0,39783
179469,0,0,0,101,0,0,0,0,39855
179470,0,0,0,101,0,0,0,0,39856
179471,0,0,0,101,0,0,0,0,39857
179472,0,0,0,101,0,0,0,0,39858
179473,0,0,0,101,0,0,0,0,39859
179474,0,0,0,101,0,0,0,0,39860
179475,0,0,0,101,0,0,0,0,39940
179477,0,0,0,101,0,0,0,0,39942
179478,0,0,0,101,0,0,0,0,39943
179479,0,0,0,101,0,0,0,0,40018
179480,0,0,1000,101,1,0,1,0,40019
179481,0,0,0,101,0,0,0,0,40020
179482,0,0,0,101,0,0,0,0,40021
179483,0,0,0,101,0,0,0,0,40022
179485,0,0,0,101,0,0,0,0,40094
179486,0,1,0,101,0,0,0,0,40095
179487,0,0,0,101,0,0,0,0,40096
179488,0,0,0,101,0,0,0,0,40175
179489,0,0,0,101,0,0,0,0,40176
179490,0,0,0,101,0,0,0,0,40177
179491,0,0,0,101,0,0,0,0,40178
179492,0,0,0,101,0,0,0,0,40179
179493,0,0,0,101,0,0,0,0,40252
179495,0,0,0,101,0,0,0,0,40254
179496,0,0,0,101,0,0,0,0,40255
179497,0,0,0,101,0,0,0,0,40256
179498,0,0,0,101,0,0,0,0,40338
179499,0,0,0,101,0,0,0,0,40339
179500,0,0,0,101,0,0,0,0,40340
179501,0,0,0,101,0,0,0,0,40341
179502,0,0,0,101,0,0,0,0,40342
179503,0,0,0,101,0,0,0,0,39177
179504,0,0,0,101,0,0,0,0,39178
179505,0,0,0,101,0,0,0,0,39179
179506,0,0,0,101,0,0,0,0,39180
179507,0,0,0,101,0,0,0,0,39181
179508,0,0,0,101,0,0,0,0,39253
179510,0,0,0,101,0,0,0,0,39255
179511,0,0,0,101,0,0,0,0,39256
179512,0,0,0,101,0,0,0,0,39257
179513,0,0,0,0,1,0,2,0,39258
179514,0,0,0,101,0,0,0,0,39335
179516,0,0,0,101,0,0,0,0,39337
179517,0,0,0,101,0,0,0,0,39338
179518,0,0,0,101,0,0,0,0,39339
179519,0,0,0,101,0,0,0,0,39413
179520,0,0,0,101,0,0,0,0,39414
179521,0,0,0,101,0,0,0,0,39415
179522,0,0,0,101,0,0,0,0,39416
179523,0,0,0,101,0,0,0,0,39490
179528,0,0,0,101,0,0,0,0,39567
179529,0,0,0,101,0,0,0,0,39568
179530,0,0,0,101,0,0,0,0,39569
179533,0,0,0,101,0,0,0,0,39632
179534,0,0,0,101,0,0,0,0,39633
179535,0,0,0,101,0,0,0,0,39634
179536,0,0,0,101,0,0,0,0,39635
179537,0,0,0,101,0,0,0,0,39636
179538,0,0,0,101,0,0,0,0,39637
179539,0,0,0,101,0,0,0,0,39706
179541,0,0,0,101,0,0,0,0,39708
179542,0,0,0,101,0,0,0,0,39709
179543,0,0,0,101,0,0,0,0,39710
179544,0,0,0,101,0,0,0,0,39711
179548,0,0,0,101,0,0,0,0,39861
179549,0,0,0,101,0,0,0,0,39862
179550,0,0,0,101,0,0,0,0,39863
179551,0,0,0,101,0,0,0,0,39864
179552,0,0,0,101,0,0,0,0,39865
179553,0,0,0,101,0,0,0,0,39944
179554,0,0,0,101,0,0,0,0,39945
179555,0,0,0,101,0,0,0,0,39946
179556,0,0,0,101,0,0,0,0,39947
179557,0,0,0,101,0,0,0,0,40023
179558,0,0,0,101,0,0,0,0,40024
179562,0,0,0,101,0,0,0,0,40097
179563,0,0,0,101,0,0,0,0,40098
179564,0,0,0,101,0,0,0,0,40099
179565,0,0,0,101,0,0,0,0,40100
179568,0,0,0,101,0,0,0,0,40183
179569,0,0,0,101,0,0,0,0,40184
179570,0,0,0,101,0,0,0,0,40185
179572,0,0,0,101,0,0,0,0,40258
179573,0,0,0,101,0,0,0,0,40259
179574,0,0,0,101,0,0,0,0,40260
179575,0,0,0,101,0,0,0,0,40343
179576,0,0,0,101,0,0,0,0,40344
179577,0,0,0,101,0,0,0,0,40346
179578,0,0,0,101,0,0,0,0,40347
179579,0,0,0,101,0,0,0,0,40348
179580,0,0,0,101,0,0,0,0,40349
179581,0,0,0,101,0,0,0,0,39182
179582,0,0,0,101,0,0,0,0,39183
179583,0,0,0,101,0,0,0,0,39184
179584,0,0,0,101,0,0,0,0,39185
179586,0,0,0,101,0,0,0,0,39259
179588,0,0,0,101,0,0,0,0,39261
179589,0,0,0,101,0,0,0,0,39262
179590,0,0,0,101,0,0,0,0,39263
179591,0,1,0,101,0,0,0,0,39340
179592,0,0,0,101,0,0,0,0,39341
179593,0,0,0,101,0,0,0,0,39342
179594,0,0,0,101,0,0,0,0,39343
179596,0,0,0,101,0,0,0,0,39418
179597,0,1,0,101,0,0,0,0,39419
179598,0,0,0,101,0,0,0,0,39420
179599,0,0,0,101,0,0,0,0,39421
179600,0,0,0,101,0,0,0,0,39495
179602,0,0,0,101,0,0,0,0,39497
179603,0,0,0,101,0,0,0,0,39498
179604,0,0,0,101,0,0,0,0,39499
179605,0,0,0,101,0,0,0,0,39500
179608,0,0,0,101,0,0,0,0,39574
179609,0,0,0,101,0,0,0,0,39575
179610,0,0,0,101,0,0,0,0,39576
179611,0,0,0,101,0,0,0,0,39638
179612,0,0,0,101,0,0,0,0,39639
179613,0,0,0,101,0,0,0,0,39640
179616,0,0,0,101,0,0,0,0,39712
179617,0,0,0,101,0,0,0,0,39713
179618,0,0,0,101,0,0,0,0,39714
179619,0,0,0,101,0,0,0,0,39715
179620,0,0,0,101,0,0,0,0,39716
179621,0,0,0,101,0,0,0,0,39717
179625,0,0,0,101,0,0,0,0,39793
179626,0,0,0,101,0,0,0,0,39866
179627,0,0,0,100,0,0,20,0,39867
179628,0,0,0,101,0,0,0,0,39868
179629,0,0,0,101,0,0,0,0,39869
179630,0,0,0,101,0,0,0,0,39870
179631,0,0,0,101,0,0,0,0,39948
179632,0,0,0,101,0,0,0,0,39949
179633,0,0,0,100,1,0,16384,0,39950
179634,0,0,0,101,0,0,0,0,39951
179635,0,0,0,101,0,0,0,0,39952
179637,0,0,0,101,0,0,0,0,40029
179638,0,0,0,101,0,0,0,0,40030
179639,0,0,0,101,0,0,0,0,40031
179640,0,0,0,101,0,0,0,0,40032
179641,0,0,0,101,0,0,0,0,40033
179643,0,3,0,101,0,0,0,0,40102
179644,0,3,0,101,0,0,0,0,40103
179645,0,3,0,101,0,0,0,0,40104
179646,0,0,0,101,0,0,0,0,40186
179647,0,0,0,101,0,0,0,0,40187
179648,0,0,0,101,0,0,0,0,40188
179649,0,0,0,101,0,0,0,0,40189
179650,0,0,0,101,0,0,0,0,40190
179651,0,0,0,101,0,0,0,0,40191
179652,0,0,0,101,0,0,0,0,40261
179653,0,0,0,101,0,0,0,0,40262
179654,0,0,0,101,0,0,0,0,40263
179655,0,0,0,101,0,0,0,0,40265
179656,0,0,0,101,0,0,0,0,40266
179657,0,0,0,20,0,0,1188520,0,40350
179658,0,0,0,101,0,0,0,0,40351
179659,0,0,0,101,0,0,0,0,40352
179660,0,0,0,100,1,0,5136,0,40353
179662,0,0,0,101,0,0,0,0,39187
179663,0,0,0,101,0,0,0,0,39188
179664,0,0,0,101,0,0,0,0,39189
179665,0,0,0,101,0,0,0,0,39190
179667,0,0,0,101,0,0,0,0,39192
179668,0,0,0,101,0,0,0,0,39264
179670,0,0,0,101,0,0,0,0,39266
179671,0,0,0,101,0,0,0,0,39267
179672,0,0,0,101,0,0,0,0,39268
179673,0,0,0,101,0,0,0,0,39344
179674,0,0,0,101,0,0,0,0,39345
179676,0,0,0,101,0,0,0,0,39422
179677,0,0,0,101,0,0,0,0,39423
179679,0,0,0,101,0,0,0,0,39425
179681,0,0,0,101,0,0,0,0,39501
179682,0,0,0,101,0,0,0,0,39502
179683,0,0,0,101,0,0,0,0,39503
179684,0,0,0,101,0,0,0,0,39504
179685,0,0,0,101,0,0,0,0,39505
179688,0,0,0,101,0,0,0,0,39578
179689,0,0,0,101,0,0,0,0,39579
179690,0,0,0,101,0,0,0,0,39580
179693,0,0,0,101,0,0,0,0,39645
179694,0,0,0,101,0,0,0,0,39646
179695,0,0,0,101,0,0,0,0,39718
179696,0,0,0,101,0,0,0,0,39719
179697,0,0,0,101,0,0,0,0,39720
179698,0,0,0,101,0,0,0,0,39721
179699,0,0,0,101,0,0,0,0,39722
179700,0,0,0,101,0,0,0,0,39723
179701,0,0,0,101,0,0,0,0,39794
179703,0,0,0,101,0,0,0,0,39796
179705,0,0,0,101,0,0,0,0,39798
179706,0,0,0,101,0,0,0,0,39871
179707,0,0,0,101,0,0,0,0,39872
179708,0,0,0,101,0,0,0,0,39873
179709,0,0,0,101,0,0,0,0,39874
179710,0,0,0,101,0,0,0,0,39953
179711,0,0,0,101,0,0,0,0,39954
179712,0,0,0,101,0,0,0,0,39955
179713,0,0,0,101,0,0,0,0,39956
179714,0,0,0,101,0,0,0,0,40034
179715,0,0,0,101,0,0,0,0,40035
179716,0,0,0,101,0,0,0,0,40036
179719,0,5,0,101,0,0,0,0,40105
179720,0,0,0,101,0,0,0,0,40106
179721,0,0,0,101,0,0,0,0,40107
179722,0,0,0,101,0,0,0,0,40108
179723,0,0,0,101,0,0,0,0,40109
179724,0,0,0,101,0,0,0,0,40192
179725,0,0,0,101,0,0,0,0,40193
179726,0,0,0,101,0,0,0,0,40194
179727,0,0,0,101,0,0,0,0,40195
179728,0,0,0,101,0,0,0,0,40196
179729,0,0,0,101,0,0,0,0,40267
179730,0,0,0,101,0,0,0,0,40268
179732,0,0,0,101,0,0,0,0,40270
179734,0,0,0,101,0,0,0,0,40272
179735,0,0,0,101,0,0,0,0,40355
179736,0,0,0,101,0,0,0,0,40356
179737,0,0,0,101,0,0,0,0,40357
179738,0,0,0,101,0,0,0,0,40358
179739,0,0,0,101,0,0,0,0,40359
179740,0,0,0,101,0,0,0,0,39193
179741,0,0,0,101,0,0,0,0,39194
179742,0,0,0,101,0,0,0,0,39195
179743,0,0,0,101,0,0,0,0,39196
179744,0,0,0,101,0,0,0,0,39269
179745,0,0,0,101,0,0,0,0,39270
179746,0,0,0,101,0,0,0,0,39271
179749,0,0,0,101,0,0,0,0,39348
179750,0,0,0,101,0,0,0,0,39349
179751,0,0,0,101,0,0,0,0,39350
179753,0,0,0,101,0,0,0,0,39427
179755,0,0,0,101,0,0,0,0,39429
179758,0,0,0,101,0,0,0,0,39507
179759,0,0,0,101,0,0,0,0,39508
179760,0,0,0,101,0,0,0,0,39509
179761,0,0,0,101,0,0,0,0,39510
179762,0,0,0,101,0,0,0,0,39511
179763,0,0,0,101,0,0,0,0,39581
179764,0,0,0,101,0,0,0,0,39582
179765,0,0,0,101,0,0,0,0,39583
179766,0,0,0,101,0,0,0,0,39584
179767,0,0,0,101,0,0,0,0,39585
179768,0,0,0,20,0,0,65876,0,39647
179770,0,0,0,101,0,0,0,0,39649
179771,0,0,0,101,0,0,0,0,39650
179772,0,0,0,101,0,0,0,0,39724
179773,0,0,0,101,0,0,0,0,39725
179775,0,0,0,101,0,0,0,0,39727
179776,0,0,0,101,0,0,0,0,39728
179777,0,0,0,101,0,0,0,0,39729
179779,0,0,0,101,0,0,0,0,39800
179780,0,0,0,101,0,0,0,0,39801
179781,0,0,0,101,0,0,0,0,39875
179782,0,0,0,101,0,0,0,0,39876
179783,0,0,0,101,0,0,0,0,39877
179784,0,0,0,101,0,0,0,0,39878
179785,0,0,0,101,0,0,0,0,39879
179786,0,0,0,101,0,0,0,0,39957
179787,0,0,40000,100,0,0,68,0,39958
179788,0,0,0,101,0,0,0,0,39959
179790,0,0,0,101,0,0,0,0,39961
179793,0,0,0,101,0,0,0,0,40041
179794,0,0,0,101,0,0,0,0,40042
179795,0,0,0,101,0,0,0,0,40043
179796,0,0,0,101,0,0,0,0,40110
179797,0,0,0,101,0,0,0,0,40111
179798,0,0,0,101,0,0,0,0,40112
179799,0,0,0,101,0,0,0,0,40113
179800,0,0,0,101,0,0,0,0,40114
179802,0,0,0,101,0,0,0,0,40197
179803,0,0,0,101,0,0,0,0,40198
179804,0,0,0,101,0,0,0,0,40199
179806,0,0,0,101,0,0,0,0,40201
179807,0,0,0,101,0,0,0,0,40273
179808,0,0,0,101,0,0,0,0,40274
179810,0,0,0,101,0,0,0,0,40276
179811,0,0,0,101,0,0,0,0,40277
179812,0,0,0,101,0,0,0,0,41525
179813,0,0,0,101,0,0,0,0,41526
179814,0,0,0,101,0,0,0,0,41527
179815,0,0,0,101,0,0,0,0,41528
179819,0,0,0,101,0,0,0,0,41608
179820,0,0,0,101,0,0,0,0,40433
179821,0,0,0,101,0,0,0,0,40434
179823,0,0,0,101,0,0,0,0,40436
179824,0,0,0,101,0,0,0,0,40437
179825,0,0,0,101,0,0,0,0,40507
179826,0,0,0,101,0,0,0,0,40508
179827,0,0,0,101,0,0,0,0,40509
179828,0,0,0,101,0,0,0,0,40510
179829,0,0,0,101,0,0,0,0,40511
179830,0,0,0,101,0,0,0,0,40580
179831,0,0,0,101,0,0,0,0,40581
179832,0,0,0,101,0,0,0,0,40582
179833,0,0,0,101,0,0,0,0,40583
179834,0,0,0,101,0,0,0,0,40667
179835,0,0,0,101,0,0,0,0,40668
179836,0,0,0,101,0,0,0,0,40669
179837,0,0,0,101,0,0,0,0,40670
179838,0,0,0,101,0,0,0,0,40671
179839,0,0,0,101,0,0,0,0,40672
179840,0,0,0,101,0,0,0,0,40749
179841,0,0,0,101,0,0,0,0,40750
179842,0,0,0,101,0,0,0,0,40751
179843,0,0,0,101,0,0,0,0,40752
179844,0,0,0,101,0,0,0,0,40753
179845,0,0,0,101,0,0,0,0,40832
179846,0,0,0,101,0,0,0,0,40834
179847,0,0,0,101,0,0,0,0,40835
179848,0,0,0,101,0,0,0,0,40836
179849,0,0,0,101,0,0,0,0,40837
179850,0,0,0,101,0,0,0,0,40838
179851,0,0,0,101,0,0,0,0,40907
179853,0,0,0,101,0,0,0,0,40909
179857,0,0,0,101,0,0,0,0,40994
179858,0,0,0,101,0,0,0,0,40995
179860,0,0,0,101,0,0,0,0,40997
179861,0,0,0,101,0,0,0,0,40998
179862,0,0,0,101,0,0,0,0,41071
179863,0,0,0,101,0,0,0,0,41072
179864,0,0,0,101,0,0,0,0,41073
179865,0,0,0,101,0,0,0,0,41074
179866,0,0,0,101,0,0,0,0,41075
179867,0,0,3500,25,20,0,139944,0,41151
179868,0,0,0,101,0,0,0,0,41152
179869,0,0,0,101,0,0,0,0,41153
179870,0,0,0,101,0,0,0,0,41154
179871,0,0,0,101,0,0,0,0,41156
179872,0,0,0,101,0,0,0,0,41222
179873,0,0,0,101,0,0,0,0,41223
179874,0,0,0,101,0,0,0,0,41224
179875,0,0,0,101,0,0,0,0,41225
179876,0,0,0,101,0,0,0,0,41226
179877,0,0,0,101,0,0,0,0,41302
179878,0,0,0,101,0,0,0,0,41303
179879,0,0,0,101,0,0,0,0,41304
179880,0,0,0,101,0,0,0,0,41305
179881,0,0,0,101,0,0,0,0,41306
179882,0,0,0,101,0,0,0,0,41380
179883,0,0,0,100,1,0,-2146784600,0,41381
179884,0,0,0,101,0,0,0,0,41382
179885,0,0,0,101,0,0,0,0,41383
179886,0,0,0,101,0,0,0,0,41458
179887,0,0,0,100,0,0,4,0,41459
179888,0,0,0,101,0,0,0,0,41460
179891,0,0,0,101,0,0,0,0,41533
179892,0,0,0,101,0,0,0,0,41534
179893,0,0,0,101,0,0,0,0,41535
179895,0,0,0,101,0,0,0,0,41609
179896,0,0,0,10,0,0,2359296,0,40438
179897,0,0,0,101,0,0,0,0,40439
179898,0,0,0,101,0,0,0,0,40440
179899,0,0,0,101,0,0,0,0,40441
179900,0,0,0,101,0,0,0,0,40512
179901,0,0,0,101,0,0,0,0,40513
179902,0,0,0,101,0,0,0,0,40514
179903,0,0,0,101,0,0,0,0,40515
179905,0,0,0,101,0,0,0,0,40517
179906,0,0,0,101,0,0,0,0,40584
179907,0,0,0,101,0,0,0,0,40585
179908,0,0,0,101,0,0,0,0,40586
179909,0,0,0,101,0,0,0,0,40587
179910,0,0,0,101,0,0,0,0,40588
179912,0,0,0,101,0,0,0,0,40673
179913,0,0,0,101,0,0,0,0,40674
179914,0,0,0,101,0,0,0,0,40675
179915,0,0,0,101,0,0,0,0,40676
179916,0,0,0,101,0,0,0,0,40677
179917,0,0,0,101,0,0,0,0,40678
179918,0,0,0,101,0,0,0,0,40754
179919,0,0,0,101,0,0,0,0,40755
179920,0,0,0,101,0,0,0,0,40756
179921,0,0,0,101,0,0,0,0,40757
179922,0,0,0,101,0,0,0,0,40839
179923,0,0,0,101,0,0,0,0,40840
179924,0,0,0,101,0,0,0,0,40841
179925,0,3,0,101,0,0,0,0,40842
179926,0,0,0,101,0,0,0,0,40843
179931,0,0,0,101,0,0,0,0,40917
179933,0,0,0,101,0,0,0,0,40999
179935,0,0,0,101,0,0,0,0,41001
179936,0,0,0,101,0,0,0,0,41002
179937,0,0,0,101,0,0,0,0,41003
179938,0,0,0,101,0,0,0,0,41076
179939,0,0,0,101,0,0,0,0,41077
179940,0,0,0,101,0,0,0,0,41078
179941,0,0,0,101,0,0,0,0,41079
179942,0,0,0,101,0,0,0,0,41080
179943,0,0,0,101,0,0,0,0,41081
179944,0,0,0,101,0,0,0,0,41157
179945,0,0,0,101,0,0,0,0,41158
179946,0,0,0,101,0,0,0,0,41159
179947,0,0,0,101,0,0,0,0,41160
179948,0,0,0,101,0,0,0,0,41161
179949,0,0,0,101,0,0,0,0,41227
179950,0,0,0,101,0,0,0,0,41228
179951,0,0,0,101,0,0,0,0,41229
179952,0,0,0,101,0,0,0,0,41230
179953,0,0,0,101,0,0,0,0,41307
179955,0,0,0,101,0,0,0,0,41310
179956,0,0,0,101,0,0,0,0,41311
179957,0,0,0,101,0,0,0,0,41312
179958,0,0,0,101,0,0,0,0,41384
179959,0,0,0,101,0,0,0,0,41386
179960,0,0,0,101,0,0,0,0,41388
179961,0,0,0,101,0,0,0,0,41389
179962,0,0,0,101,0,0,0,0,41390
179964,0,0,0,101,0,0,0,0,41462
179965,0,0,0,101,0,0,0,0,41463
179966,0,0,0,101,0,0,0,0,41464
179967,0,0,0,101,0,0,0,0,41465
179968,0,0,0,101,0,0,0,0,41537
179969,0,0,0,101,0,0,0,0,41538
179970,0,0,0,101,0,0,0,0,41540
179971,0,0,0,101,0,0,0,0,41541
179972,0,0,0,101,0,0,0,0,41542
179973,0,0,0,101,0,0,0,0,41610
179974,0,0,0,100,0,0,81936,0,40442
179975,0,0,0,101,0,0,0,0,40443
179976,0,0,0,100,0,0,680,0,40444
179977,0,0,0,101,0,0,0,0,40445
179978,0,99,0,101,0,0,0,0,40520
179979,0,0,0,101,0,0,0,0,40521
179980,0,0,0,101,0,0,0,0,40522
179981,0,0,0,101,0,0,0,0,40523
179982,0,0,0,101,0,0,0,0,40524
179983,0,0,0,100,0,0,-2146819416,0,40590
179984,0,0,0,101,0,0,0,0,40591
179985,0,0,0,101,0,0,0,0,40592
179986,0,0,0,101,0,0,0,0,40593
179987,0,0,2000,25,0,0,20,0,40594
179988,0,0,0,101,0,0,0,0,40679
179989,0,0,0,101,0,0,0,0,40680
179990,0,0,0,101,0,0,0,0,40681
179991,0,0,0,101,0,0,0,0,40682
179992,0,0,0,101,0,0,0,0,40683
179993,0,0,0,101,0,0,0,0,40758
179995,0,0,0,101,0,0,0,0,40760
179996,0,0,0,101,0,0,0,0,40761
179997,0,0,0,101,0,0,0,0,40762
179998,0,0,0,101,0,0,0,0,40763
179999,0,0,0,101,0,0,0,0,40844
180000,0,10,0,101,0,0,0,0,40845
180001,0,0,0,101,0,0,0,0,40846
180002,0,0,0,101,0,0,0,0,40847
180003,0,0,0,101,0,0,0,0,40848
180010,0,0,0,101,0,0,0,0,41004
180011,0,0,0,101,0,0,0,0,41005
180012,0,0,0,101,0,0,0,0,41006
180013,0,0,0,101,0,0,0,0,41007
180014,0,0,0,101,0,0,0,0,41008
180015,0,0,0,101,0,0,0,0,41082
180016,0,0,0,101,0,0,0,0,41083
180017,0,0,0,101,0,0,0,0,41084
180018,0,0,0,101,0,0,0,0,41085
180019,0,0,0,101,0,0,0,0,41086
180020,0,0,0,101,0,0,0,0,41162
180021,0,0,0,101,0,0,0,0,41163
180022,0,0,0,101,0,0,0,0,41164
180025,0,0,0,101,0,0,0,0,41231
180026,0,0,0,101,0,0,0,0,41232
180027,0,0,0,101,0,0,0,0,41233
180028,0,0,0,101,0,0,0,0,41234
180029,0,0,0,101,0,0,0,0,41313
180030,0,0,0,101,0,0,0,0,41314
180031,0,0,0,101,0,0,0,0,41315
180032,0,0,0,101,0,0,0,0,41316
180033,0,0,0,101,0,0,0,0,41317
180034,0,0,0,101,0,0,0,0,41318
180035,0,0,0,101,0,0,0,0,41392
180036,0,0,15000,100,0,0,40,0,41393
180037,0,0,0,101,0,0,0,0,41394
180038,0,0,0,101,0,0,0,0,41395
180039,0,0,0,101,0,0,0,0,41466
180041,0,0,0,101,0,0,0,0,41468
180042,0,0,1000,100,0,0,4,0,41469
180043,0,0,0,101,0,0,0,0,41543
180044,0,0,0,101,0,0,0,0,41544
180045,0,0,0,101,0,0,0,0,41545
180046,0,0,0,101,0,0,0,0,41546
180047,0,0,0,101,0,0,0,0,41547
180048,0,0,0,101,0,0,0,0,41548
180049,0,0,0,101,0,0,0,0,41549
180050,0,0,0,101,0,0,0,0,41611
180053,0,0,0,101,0,0,0,0,40446
180054,0,0,0,101,0,0,0,0,40447
180056,0,0,0,101,0,0,0,0,40449
180057,0,0,0,101,0,0,0,0,40450
180058,0,0,0,100,0,0,-2146819416,0,40525
180059,0,0,0,101,0,0,0,0,40526
180060,0,0,0,101,0,0,0,0,40527
180061,0,0,0,101,0,0,0,0,40528
180062,0,0,0,101,0,0,0,0,40530
180063,0,0,0,101,0,0,0,0,40595
180064,0,0,0,101,0,0,0,0,40596
180065,0,0,0,101,0,0,0,0,40597
180066,0,0,0,101,0,0,0,0,40598
180067,0,0,0,101,0,0,0,0,40684
180068,0,0,0,101,0,0,0,0,40685
180069,0,0,0,101,0,0,0,0,40686
180070,0,0,0,101,0,0,0,0,40687
180071,0,0,0,101,0,0,0,0,40688
180072,0,0,0,101,0,0,0,0,40764
180073,0,0,0,101,0,0,0,0,40765
180074,0,0,0,101,0,0,0,0,40766
180075,0,0,0,101,0,0,0,0,40767
180076,0,0,0,101,0,0,0,0,40849
180077,0,0,0,101,0,0,0,0,40850
180078,0,0,0,101,0,0,0,0,40851
180079,0,0,0,101,0,0,0,0,40852
180082,0,0,0,101,0,0,0,0,40926
180083,0,0,0,101,0,0,0,0,40927
180084,0,0,0,101,0,0,0,0,40928
180085,0,0,0,101,0,0,0,0,40929
180086,0,0,0,101,0,0,0,0,40930
180087,0,0,0,101,0,0,0,0,41009
180088,0,0,0,101,0,0,0,0,41010
180089,0,0,0,101,0,0,0,0,41011
180091,0,0,0,101,0,0,0,0,41013
180092,0,0,0,101,0,0,0,0,41014
180095,0,0,0,101,0,0,0,0,41089
180096,0,0,0,101,0,0,0,0,41090
180097,0,0,0,101,0,0,0,0,41091
180098,0,0,0,101,0,0,0,0,41168
180099,0,0,0,101,0,0,0,0,41169
180100,0,0,0,101,0,0,0,0,41170
180101,0,0,0,101,0,0,0,0,41235
180102,0,0,0,101,0,0,0,0,41236
180103,0,0,0,101,0,0,0,0,41237
180104,0,0,0,101,0,0,0,0,41238
180105,0,0,0,101,0,0,0,0,41241
180106,0,0,0,101,0,0,0,0,41319
180107,0,0,0,101,0,0,0,0,41320
180108,0,0,0,101,0,0,0,0,41321
180112,0,0,0,101,0,0,0,0,41396
180113,0,0,0,101,0,0,0,0,41397
180114,0,0,0,101,0,0,0,0,41398
180115,0,0,0,101,0,0,0,0,41399
180117,0,0,0,101,0,0,0,0,41471
180118,0,0,0,101,0,0,0,0,41472
180119,0,0,0,101,0,0,0,0,41473
180120,0,0,0,101,0,0,0,0,41474
180121,0,0,0,101,0,0,0,0,41550
180122,0,0,0,100,2,0,139944,0,41551
180123,0,0,0,101,0,0,0,0,41552
180124,0,0,0,100,2,0,139944,0,41553
180125,0,0,0,100,2,0,139944,0,41554
180126,0,0,0,101,0,0,0,0,41555
180128,0,0,0,101,0,0,0,0,41615
180129,0,0,0,101,0,0,0,0,41616
180130,0,0,0,101,0,0,0,0,41617
180131,0,0,0,101,0,0,0,0,40452
180132,0,0,0,101,0,0,-2145902424,0,40453
180133,0,0,0,101,0,0,0,0,40454
180134,0,0,0,101,0,0,680,0,40456
180135,0,0,0,101,0,0,0,0,40457
180136,0,0,0,101,0,0,0,0,40532
180137,0,0,0,101,0,0,0,0,40533
180138,0,0,0,101,0,0,0,0,40534
180139,0,0,0,101,0,0,0,0,40535
180140,0,0,0,101,0,0,0,0,40536
180141,0,0,0,101,0,0,0,0,40599
180142,0,20,0,101,0,0,0,0,40601
180143,0,0,0,101,0,0,0,0,40602
180144,0,0,0,100,0,0,20,0,40603
180145,0,0,0,101,0,0,0,0,40604
180146,0,0,0,101,0,0,0,0,40689
180147,0,0,0,101,0,0,0,0,40690
180148,0,0,0,101,0,0,0,0,40691
180149,0,0,0,101,0,0,0,0,40692
180150,0,0,0,101,0,0,0,0,40693
180151,0,0,0,101,0,0,0,0,40768
180152,0,0,0,101,0,0,0,0,40769
180153,0,1,0,101,0,0,0,0,40770
180154,0,0,0,10,0,0,131072,0,40771
180155,0,0,0,101,0,0,0,0,40772
180156,0,0,0,101,0,0,0,0,40854
180157,0,0,0,101,0,0,0,0,40855
180158,0,0,0,101,0,0,0,0,40856
180159,0,0,0,101,0,0,0,0,40857
180160,0,0,0,101,0,0,0,0,40858
180161,0,0,0,101,0,0,0,0,40931
180162,0,0,0,101,0,0,0,0,40932
180163,0,0,0,101,0,0,0,0,40933
180164,0,0,0,101,0,0,0,0,40934
180165,0,0,0,101,0,0,0,0,40935
180166,0,0,0,101,0,0,0,0,41015
180167,0,0,0,101,0,0,0,0,41016
180168,0,0,0,101,0,0,0,0,41017
180170,0,0,0,101,0,0,0,0,41019
180171,0,0,0,101,0,0,0,0,41020
180172,0,5,0,101,0,0,0,0,41092
180173,0,0,0,101,0,0,0,0,41093
180174,0,0,0,101,0,0,0,0,41094
180175,0,0,0,101,0,0,0,0,41095
180177,0,0,0,101,0,0,0,0,41171
180178,0,0,0,101,0,0,0,0,41172
180179,0,0,0,101,0,0,0,0,41173
180180,0,0,0,101,0,0,0,0,41174
180181,0,0,0,101,0,0,0,0,41242
180183,0,0,0,101,0,0,0,0,41245
180184,0,0,0,101,0,0,0,0,41246
180185,0,0,0,101,0,0,0,0,41247
180192,0,0,0,101,0,0,0,0,41400
180194,0,0,0,101,0,0,0,0,41402
180195,0,0,0,101,0,0,0,0,41404
180196,0,0,0,101,0,0,0,0,41405
180197,0,0,0,101,0,0,0,0,41406
180198,0,0,0,101,0,0,0,0,41475
180199,0,0,0,101,0,0,0,0,41476
180200,0,0,0,101,0,0,0,0,41477
180201,0,0,0,101,0,0,0,0,41556
180202,0,0,0,101,0,0,0,0,41557
180203,0,0,0,101,0,0,0,0,41558
180204,0,0,0,101,0,0,0,0,41559
180205,0,0,0,101,0,0,0,0,41560
180206,0,0,0,101,0,0,0,0,41618
180207,0,0,0,101,0,0,0,0,41619
180208,0,0,0,101,0,0,0,0,41620
180209,0,0,0,101,0,0,0,0,41621
180210,0,0,0,25,0,0,16,0,40458
180211,0,0,0,101,0,0,0,0,40459
180212,0,0,0,101,0,0,0,0,40460
180213,0,0,0,101,0,0,0,0,40537
180214,0,0,0,101,0,0,0,0,40538
180215,0,0,0,101,0,0,0,0,40539
180217,0,0,0,101,0,0,0,0,40542
180218,0,0,0,101,0,0,0,0,40543
180219,0,0,0,101,0,0,0,0,40605
180220,0,0,0,101,0,0,0,0,40606
180222,0,0,0,101,0,0,0,0,40608
180223,0,0,0,101,0,0,0,0,40609
180224,0,0,0,101,0,0,0,0,40694
180225,0,0,0,101,0,0,0,0,40695
180226,0,0,0,101,0,0,0,0,40696
180227,0,0,0,101,0,0,0,0,40697
180228,0,0,0,101,0,0,0,0,40698
180229,0,0,0,101,0,0,0,0,40699
180230,0,0,0,101,0,0,0,0,40700
180231,0,0,5000,10,0,0,40,0,40773
180232,0,0,0,101,0,0,0,0,40774
180233,0,0,0,101,0,0,0,0,40775
180234,0,0,0,101,0,0,0,0,40776
180235,0,0,0,101,0,0,0,0,40777
180236,0,0,0,101,0,0,0,0,40778
180237,0,0,0,101,0,0,0,0,40859
180238,0,0,0,101,0,0,0,0,40860
180239,0,0,0,101,0,0,0,0,40861
180240,0,0,0,101,0,0,0,0,40862
180241,0,0,0,101,0,0,0,0,40863
180242,0,0,0,101,0,0,0,0,40936
180243,0,0,0,101,0,0,0,0,40937
180244,0,0,0,101,0,0,0,0,40938
180245,0,0,0,101,0,0,0,0,40939
180246,0,0,0,101,0,0,0,0,41021
180247,0,0,0,101,0,0,0,0,41022
180248,0,0,0,101,0,0,0,0,41023
180249,0,0,0,101,0,0,0,0,41024
180251,0,0,0,101,0,0,0,0,41097
180252,0,0,0,101,0,0,0,0,41098
180253,0,0,0,101,0,0,0,0,41099
180254,0,0,0,101,0,0,0,0,41100
180255,0,0,0,101,0,0,0,0,41101
180256,0,0,0,101,0,0,0,0,41175
180257,0,0,0,101,0,0,0,0,41176
180258,0,0,0,101,0,0,0,0,41177
180259,0,0,0,101,0,0,0,0,41178
180260,0,0,0,100,0,0,20,0,41248
180261,0,0,0,101,0,0,0,0,41249
180262,0,0,0,101,0,0,0,0,41250
180263,0,10,0,101,0,0,0,0,41251
180265,0,0,0,101,0,0,0,0,41332
180266,0,0,0,101,0,0,0,0,41333
180267,0,0,0,101,0,0,0,0,41407
180268,0,0,0,101,0,0,0,0,41408
180269,0,0,0,101,0,0,0,0,41409
180270,0,0,0,101,0,0,0,0,41410
180271,0,0,0,101,0,0,0,0,41411
180272,0,0,0,101,0,0,0,0,41412
180273,0,0,0,101,0,0,0,0,41478
180274,0,0,0,100,1,0,5136,0,41479
180275,0,0,0,101,0,0,0,0,41480
180276,0,0,0,101,0,0,0,0,41481
180277,0,0,0,101,0,0,0,0,41561
180278,0,0,0,101,0,0,0,0,41562
180279,0,0,0,101,0,0,0,0,41563
180280,0,0,0,101,0,0,0,0,41564
180281,0,0,0,101,0,0,0,0,41565
180282,0,0,0,101,0,0,0,0,41622
180283,0,0,0,101,0,0,0,0,41623
180284,0,0,0,101,0,0,0,0,41624
180285,0,0,0,101,0,0,0,0,41625
180286,0,0,0,100,0,0,0,0,41626
180287,0,0,0,101,0,0,0,0,40461
180288,0,0,0,101,0,0,0,0,40462
180289,0,0,0,100,0,0,81936,0,40463
180290,0,0,0,101,0,0,0,0,40464
180291,0,0,0,101,0,0,0,0,40545
180292,0,0,0,100,0,0,40,0,40546
180293,0,0,0,101,0,0,0,0,40547
180294,0,0,0,101,0,0,0,0,40548
180295,0,0,0,101,0,0,0,0,40610
180296,0,0,0,101,0,0,0,0,40611
180297,0,0,0,101,0,0,0,0,40613
180298,0,0,0,101,0,0,0,0,40614
180299,0,0,0,101,0,0,0,0,40615
180300,0,0,0,101,0,0,0,0,40616
180301,0,0,0,101,0,0,0,0,40701
180302,0,0,0,101,0,0,0,0,40702
180303,0,0,0,101,0,0,0,0,40703
180304,0,0,0,101,0,0,0,0,40704
180305,0,0,0,101,0,0,0,0,40705
180306,0,0,0,101,0,0,0,0,40706
180307,0,0,0,101,0,0,0,0,40779
180308,0,0,0,101,0,0,0,0,40780
180309,0,0,0,101,0,0,0,0,40781
180310,0,0,0,101,0,0,0,0,40782
180311,0,0,0,101,0,0,0,0,40783
180312,0,0,0,101,0,0,0,0,40784
180313,0,0,0,101,0,0,0,0,40785
180314,0,0,0,101,0,0,0,0,40864
180315,0,0,0,101,0,0,0,0,40865
180316,0,0,0,101,0,0,0,0,40866
180317,0,0,0,101,0,0,0,0,40867
180318,0,0,0,101,0,0,0,0,40868
180319,0,0,0,101,0,0,0,0,40869
180320,0,0,0,100,0,0,0,0,40940
180322,0,0,0,101,0,0,0,0,40942
180323,0,0,0,101,0,0,0,0,40943
180324,0,0,0,101,0,0,0,0,40944
180325,0,0,0,101,0,0,0,0,40945
180326,0,0,0,101,0,0,0,0,41026
180327,0,0,0,101,0,0,40,0,41028
180328,0,0,0,101,0,0,0,0,41029
180329,0,0,0,101,0,0,0,0,41030
180330,0,0,0,101,0,0,0,0,41102
180331,0,0,0,101,0,0,0,0,41103
180332,0,0,0,101,0,0,0,0,41104
180333,0,0,0,101,0,0,0,0,41105
180334,0,0,0,101,0,0,0,0,41179
180335,0,0,0,101,0,0,0,0,41180
180336,0,0,0,101,0,0,0,0,41181
180337,0,0,0,101,0,0,0,0,41182
180338,0,0,0,101,0,0,0,0,41252
180339,0,0,0,101,0,0,0,0,41253
180340,0,0,0,101,0,0,0,0,41254
180341,0,0,0,101,0,0,0,0,41255
180342,0,0,0,101,0,0,0,0,41256
180343,0,0,0,101,0,0,0,0,41334
180344,0,0,0,101,0,0,0,0,41335
180345,0,0,0,101,0,0,0,0,41336
180346,0,0,0,101,0,0,0,0,41413
180347,0,0,0,101,0,0,0,0,41414
180348,0,0,0,101,0,0,0,0,41415
180351,0,0,0,101,0,0,0,0,41418
180352,0,0,0,101,0,0,0,0,41482
180353,0,0,0,101,0,0,0,0,41483
180354,0,0,0,101,0,0,0,0,41484
180355,0,0,0,101,0,0,0,0,41485
180356,0,0,0,101,0,0,0,0,41566
180357,0,0,0,101,0,0,0,0,41567
180358,0,0,0,101,0,0,0,0,41568
180359,0,0,0,101,0,0,0,0,41569
180360,0,0,0,101,0,0,0,0,41570
180363,0,0,0,101,0,0,0,0,41629
180364,0,0,0,101,0,0,0,0,41630
180365,0,0,0,101,0,0,0,0,41631
180366,0,0,0,101,0,0,0,0,40465
180367,0,0,0,101,0,0,0,0,40466
180369,0,0,0,101,0,0,0,0,40468
180370,0,0,0,101,0,0,0,0,40549
180371,0,0,0,101,0,0,0,0,40550
180372,0,0,0,101,0,0,0,0,40551
180373,0,0,0,101,0,0,0,0,40552
180374,0,0,0,101,0,0,0,0,40553
180375,0,0,0,101,0,0,0,0,40617
180376,0,0,0,101,0,0,0,0,40618
180377,0,0,0,101,0,0,0,0,40619
180378,0,0,0,101,0,0,0,0,40620
180379,0,0,0,101,0,0,0,0,40621
180380,0,0,0,101,0,0,0,0,40622
180381,0,0,0,101,0,0,0,0,40707
180382,0,0,0,101,0,0,0,0,40708
180383,0,0,0,101,0,0,0,0,40709
180384,0,0,0,101,0,0,0,0,40710
180385,0,0,0,101,0,0,0,0,40711
180386,0,0,0,101,0,0,0,0,40712
180387,0,0,0,101,0,0,0,0,40713
180388,0,0,0,101,0,0,0,0,40786
180389,0,0,0,101,0,0,0,0,40787
180390,0,0,0,101,0,0,0,0,40788
180391,0,0,0,101,0,0,0,0,40789
180392,0,0,0,101,0,0,0,0,40790
180393,0,0,0,101,0,0,0,0,40791
180394,0,0,0,101,0,0,0,0,40870
180395,0,0,0,101,0,0,0,0,40871
180396,0,0,0,101,0,0,0,0,40872
180397,0,0,0,101,0,0,0,0,40873
180398,0,99,0,101,0,0,0,0,40874
180399,0,0,0,101,0,0,0,0,40946
180401,0,0,0,101,0,0,0,0,40948
180402,0,0,0,101,0,0,0,0,40949
180404,0,0,0,101,0,0,0,0,41031
180405,0,19,0,101,0,0,0,0,41032
180406,0,200,0,101,0,0,0,0,41033
180407,0,0,0,100,0,0,139264,0,41034
180408,0,0,0,101,0,0,0,0,41106
180409,0,0,0,101,0,0,0,0,41107
180410,0,0,0,101,0,0,0,0,41108
180411,0,0,0,101,0,0,0,0,41109
180412,0,0,0,101,0,0,0,0,41110
180413,0,0,0,101,0,0,0,0,41183
180414,0,0,0,101,0,0,0,0,41184
180415,0,0,0,101,0,0,0,0,41185
180416,0,0,0,101,0,0,0,0,41257
180418,0,0,0,101,0,0,0,0,41259
180419,0,0,10000,50,0,0,2,0,41260
180420,0,0,0,101,0,0,0,0,41261
180421,0,0,0,101,0,0,0,0,41337
180422,0,0,0,101,0,0,0,0,41338
180423,0,0,0,101,0,0,0,0,41339
180424,0,0,0,101,0,0,0,0,41340
180425,0,0,0,100,0,0,-2145736024,0,41341
180427,0,0,0,101,0,0,0,0,41420
180428,0,0,0,101,0,0,0,0,41421
180430,0,0,0,101,0,0,0,0,41423
180432,0,0,0,101,0,0,0,0,41486
180433,0,0,0,101,0,0,0,0,41487
180434,0,0,0,101,0,0,0,0,41488
180435,0,0,0,101,0,0,0,0,41489
180436,0,0,0,101,0,0,0,0,41490
180437,0,0,0,101,0,0,0,0,41571
180438,0,0,0,101,0,0,0,0,41572
180439,0,0,0,101,0,0,0,0,41573
180440,0,0,0,101,0,0,0,0,41574
180441,0,0,0,101,0,0,0,0,41575
180442,0,0,0,101,0,0,0,0,41632
180444,0,0,0,101,0,0,0,0,41634
180445,0,0,0,100,0,0,87312,0,40470
180446,0,0,0,101,0,0,0,0,40471
180447,0,0,0,101,0,0,0,0,40472
180449,0,0,0,101,0,0,0,0,40554
180450,0,0,0,101,0,0,0,0,40555
180451,0,0,0,101,0,0,0,0,40556
180452,0,0,0,101,0,0,0,0,40557
180453,0,0,0,101,0,0,0,0,40558
180454,0,0,0,101,0,0,0,0,40559
180455,0,0,0,101,0,0,0,0,40623
180456,0,0,0,101,0,0,0,0,40624
180457,0,0,0,101,0,0,0,0,40625
180458,0,0,0,101,0,0,0,0,40626
180459,0,0,0,101,0,0,0,0,40627
180460,0,0,0,101,0,0,0,0,40714
180461,0,0,0,101,0,0,0,0,40715
180462,0,0,0,101,0,0,0,0,40716
180463,0,0,0,101,0,0,0,0,40717
180464,0,0,0,101,0,0,0,0,40792
180465,0,0,0,101,0,0,0,0,40793
180466,0,0,0,101,0,0,0,0,40794
180467,0,0,0,101,0,0,0,0,40795
180468,0,0,0,101,0,0,0,0,40796
180469,0,0,0,101,0,0,0,0,40797
180470,0,0,0,100,0,0,-2146819416,0,40875
180471,0,0,0,101,0,0,0,0,40876
180472,0,0,0,101,0,0,0,0,40877
180473,0,0,0,101,0,0,0,0,40951
180474,0,0,0,101,0,0,0,0,40952
180475,0,0,0,101,0,0,0,0,40953
180476,0,0,0,101,0,0,0,0,40954
180477,0,0,0,101,0,0,0,0,41035
180478,0,0,0,101,0,0,0,0,41036
180479,0,0,0,101,0,0,0,0,41037
180480,0,0,0,101,0,0,0,0,41038
180481,0,0,0,101,0,0,0,0,41039
180482,0,0,0,101,0,0,0,0,41111
180483,0,0,0,101,0,0,0,0,41112
180484,0,0,0,101,0,0,0,0,41113
180485,0,0,0,101,0,0,0,0,41114
180486,0,0,0,101,0,0,0,0,41186
180487,0,0,0,101,0,0,0,0,41187
180488,0,0,0,101,0,0,0,0,41188
180489,0,3,0,101,0,0,0,0,41189
180490,0,0,10000,50,0,0,2,0,41262
180491,0,0,0,101,0,0,0,0,41263
180492,0,0,0,101,0,0,0,0,41264
180493,0,0,0,101,0,0,0,0,41265
180494,0,0,0,101,0,0,0,0,41342
180495,0,0,0,101,0,0,0,0,41343
180496,0,0,0,101,0,0,0,0,41344
180497,0,0,0,101,0,0,0,0,41345
180498,0,0,0,101,0,0,0,0,41346
180499,0,0,0,101,0,0,0,0,41347
180500,0,0,0,101,0,0,0,0,41425
180501,0,0,0,101,0,0,0,0,41426
180502,0,0,0,101,0,0,0,0,41427
180503,0,0,0,101,0,0,0,0,41428
180504,0,0,0,101,0,0,0,0,41429
180506,0,0,0,101,0,0,0,0,41491
180507,0,0,0,101,0,0,0,0,41492
180508,0,0,0,101,0,0,0,0,41493
180509,0,0,0,101,0,0,0,0,41494
180512,0,0,0,101,0,0,0,0,41578
180513,0,0,0,101,0,0,0,0,41579
180514,0,0,0,101,0,0,0,0,41580
180515,0,5,0,100,0,0,-2146786648,0,41635
180516,0,0,0,101,0,0,0,0,41636
180517,0,0,0,101,0,0,0,0,41637
180518,0,0,0,101,0,0,0,0,41638
180519,0,0,0,101,0,0,0,0,40474
180520,0,0,0,101,0,0,340,0,40475
180521,0,0,0,101,0,0,0,0,40476
180522,0,0,0,101,0,0,0,0,40477
180523,0,0,0,101,0,0,0,0,40560
180524,0,0,0,101,0,0,0,0,40561
180525,0,0,0,101,0,0,0,0,40562
180526,0,0,0,101,0,0,0,0,40563
180527,0,0,0,101,0,0,0,0,40628
180528,0,0,0,101,0,0,0,0,40629
180529,0,0,0,101,0,0,0,0,40630
180530,0,0,0,101,0,0,0,0,40631
180531,0,0,0,101,0,0,0,0,40632
180532,0,0,0,101,0,0,0,0,40633
180533,0,0,0,101,0,0,0,0,40718
180534,0,50,0,101,0,0,0,0,40719
180536,0,0,0,101,0,0,0,0,40721
180537,0,0,0,100,1,0,174760,0,40722
180538,0,0,0,101,0,0,0,0,40723
180539,0,0,0,101,0,0,0,0,40798
180540,0,0,0,101,0,0,0,0,40799
180542,0,0,0,101,0,0,0,0,40801
180543,0,0,0,101,0,0,0,0,40802
180544,0,0,0,101,0,0,0,0,40878
180545,0,0,0,100,0,0,-2146819552,0,40879
180546,0,0,0,101,0,0,0,0,40880
180547,0,0,0,101,0,0,0,0,40881
180548,0,0,0,101,0,0,0,0,40955
180549,0,0,0,101,0,0,0,0,40957
180550,0,0,0,101,0,0,0,0,40958
180551,0,0,0,101,0,0,0,0,40959
180552,0,0,0,101,0,0,0,0,40960
180553,0,0,0,101,0,0,0,0,40961
180554,0,0,0,101,0,0,0,0,41040
180555,0,0,0,101,0,0,0,0,41041
180556,0,0,0,101,0,0,0,0,41042
180557,0,0,0,101,0,0,0,0,41043
180558,0,0,0,101,0,0,0,0,41044
180559,0,0,0,101,0,0,0,0,41115
180560,0,0,0,101,0,0,0,0,41116
180561,0,0,0,101,0,0,0,0,41117
180562,0,0,0,101,0,0,0,0,41118
180563,0,0,0,101,0,0,0,0,41119
180564,0,0,0,101,0,0,0,0,41190
180565,0,0,0,30,0,0,20,0,41191
180566,0,5,0,101,0,0,0,0,41192
180567,0,0,0,101,0,0,0,0,41193
180568,0,0,0,101,0,0,0,0,41194
180569,0,0,1000,100,0,0,40,0,41266
180570,0,0,0,101,0,0,0,0,41267
180571,0,0,0,101,0,0,0,0,41268
180572,0,0,0,101,0,0,0,0,41269
180573,0,0,0,101,0,0,0,0,41348
180574,0,0,0,101,0,0,0,0,41349
180575,0,0,0,100,0,0,2429268,0,41350
180576,0,0,0,101,0,0,0,0,41351
180577,0,0,0,101,0,0,0,0,41431
180578,0,0,0,101,0,0,0,0,41432
180579,0,0,0,101,0,0,0,0,41433
180580,0,0,45000,100,0,0,20,0,41434
180581,0,0,0,101,0,0,0,0,41495
180582,0,0,0,101,0,0,0,0,41496
180583,0,0,0,101,0,0,0,0,41497
180584,0,0,0,101,0,0,0,0,41581
180586,0,0,0,101,0,0,0,0,41583
180587,0,0,0,101,0,0,0,0,41584
180589,0,0,0,101,0,0,0,0,41586
180590,0,0,0,2,0,0,680,0,40407
180591,0,0,0,101,0,0,0,0,40408
180592,0,0,0,101,0,0,0,0,40409
180594,0,6,0,100,0,0,0,0,40411
180595,0,0,0,20,0,0,2359296,0,40478
180596,0,0,0,101,0,0,0,0,40479
180597,0,0,0,101,0,0,0,0,40480
180598,0,60,0,101,0,0,0,0,40481
180599,0,0,0,101,0,0,0,0,40564
180600,0,0,0,101,0,0,0,0,40565
180601,0,0,0,101,0,0,0,0,40567
180602,0,0,0,101,0,0,0,0,40634
180603,0,0,0,101,0,0,0,0,40635
180604,0,0,0,101,0,0,0,0,40636
180605,0,0,0,101,0,0,0,0,40637
180606,0,0,0,101,0,0,0,0,40638
180607,0,0,0,101,0,0,0,0,40639
180608,0,0,0,101,0,0,0,0,40724
180610,0,0,0,101,0,0,0,0,40726
180611,0,0,0,100,0,0,-2146819416,0,40727
180612,0,0,0,101,0,0,0,0,40728
180613,0,0,0,101,0,0,1048576,0,40803
180619,0,0,0,101,0,0,0,0,40882
180620,0,0,0,101,0,0,0,0,40883
180621,0,0,0,101,0,0,0,0,40884
180622,0,0,0,101,0,0,0,0,40962
180624,0,0,0,101,0,0,0,0,40964
180625,0,0,0,101,0,0,0,0,40965
180627,0,0,0,101,0,0,0,0,41045
180628,0,0,0,101,0,0,0,0,41046
180629,0,3,0,101,0,0,0,0,41047
180631,0,0,0,101,0,0,0,0,41120
180632,0,0,0,101,0,0,0,0,41121
180633,0,0,0,101,0,0,0,0,41122
180634,0,0,0,101,0,0,0,0,41123
180635,0,0,0,101,0,0,0,0,41124
180636,0,0,0,101,0,0,0,0,41125
180637,0,0,0,101,0,0,0,0,41195
180638,0,0,0,101,0,0,0,0,41196
180639,0,0,0,101,0,0,0,0,41197
180640,0,0,0,101,0,0,0,0,41270
180641,0,0,0,101,0,0,0,0,41271
180642,0,0,0,101,0,0,0,0,41272
180643,0,0,0,101,0,0,0,0,41273
180644,0,0,0,101,0,0,0,0,41352
180645,0,0,0,101,0,0,0,0,41353
180646,0,0,0,100,0,0,0,0,41355
180647,0,0,0,101,0,0,0,0,41356
180648,0,0,0,101,0,0,0,0,41357
180649,0,0,45000,100,0,0,87376,0,41435
180650,0,0,0,101,0,0,0,0,41436
180651,0,0,0,101,0,0,0,0,41437
180652,0,0,0,101,0,0,0,0,41438
180653,0,0,0,101,0,0,0,0,41498
180654,0,0,0,101,0,0,0,0,41499
180655,0,0,0,101,0,0,0,0,41500
180656,0,0,0,101,0,0,0,0,41501
180657,0,0,0,101,0,0,0,0,41587
180658,0,0,0,101,0,0,0,0,41588
180660,0,0,0,101,0,0,0,0,41590
180661,0,0,0,101,0,0,0,0,40412
180662,0,0,0,101,0,0,0,0,40413
180664,0,0,0,101,0,0,0,0,40415
180665,0,0,0,50,0,0,65536,0,40482
180666,0,0,0,101,0,0,0,0,40483
180667,0,0,0,100,0,0,20,0,40484
180668,0,0,0,15,0,0,256,0,40485
180669,0,0,0,101,0,0,0,0,40486
180670,0,0,0,101,0,0,0,0,40568
180671,0,0,0,101,0,0,0,0,40569
180672,0,0,0,101,0,0,0,0,40570
180673,0,0,0,101,0,0,0,0,40571
180674,0,0,0,101,0,0,0,0,40640
180675,0,0,0,101,0,0,0,0,40641
180676,0,0,0,101,0,0,0,0,40642
180677,0,0,0,101,0,0,0,0,40643
180678,0,0,0,101,0,0,0,0,40644
180679,0,0,0,101,0,0,0,0,40645
180680,0,0,0,101,0,0,0,0,40729
180681,0,0,0,101,0,0,0,0,40730
180682,0,0,0,101,0,0,0,0,40731
180683,0,0,0,101,0,0,0,0,40732
180684,0,0,0,101,0,0,0,0,40733
180686,0,0,0,101,0,0,0,0,40810
180688,0,0,0,101,0,0,0,0,40812
180690,0,0,0,100,0,0,680,0,40885
180692,0,0,0,101,0,0,0,0,40887
180693,0,0,0,101,0,0,0,0,40888
180695,0,0,0,101,0,0,0,0,40968
180697,0,0,0,101,0,0,0,0,40970
180698,0,0,0,100,0,0,16384,0,40971
180699,0,0,0,101,0,0,0,0,41049
180700,0,0,0,101,0,0,0,0,41050
180701,0,0,0,101,0,0,0,0,41051
180702,0,0,0,101,0,0,0,0,41052
180703,0,0,0,101,0,0,0,0,41053
180704,0,0,0,101,0,0,0,0,41126
180706,0,0,0,101,0,0,0,0,41128
180707,0,0,0,101,0,0,0,0,41129
180708,0,0,0,101,0,0,0,0,41130
180709,0,0,0,101,0,0,0,0,41131
180710,0,0,0,100,1,0,680,0,41198
180714,0,0,0,101,0,0,0,0,41274
180715,0,0,0,101,0,0,0,0,41275
180716,0,0,0,101,0,0,0,0,41276
180717,0,0,0,101,0,0,0,0,41277
180718,0,0,0,101,0,0,0,0,41278
180719,0,0,0,101,0,0,0,0,41358
180720,0,0,0,101,0,0,0,0,41359
180721,0,0,0,101,0,0,0,0,41360
180722,0,0,0,101,0,0,0,0,41362
180723,0,0,0,101,0,0,0,0,41439
180724,0,0,0,101,0,0,0,0,41440
180725,0,0,0,101,0,0,0,0,41441
180726,0,0,0,101,0,0,0,0,41442
180727,0,0,0,101,0,0,0,0,41502
180728,0,0,0,101,0,0,0,0,41503
180729,0,0,0,101,0,0,0,0,41504
180730,0,0,0,101,0,0,0,0,41505
180731,0,0,0,101,0,0,0,0,41591
180732,0,0,0,101,0,0,0,0,41592
180733,0,0,0,101,0,0,0,0,41593
180734,0,0,0,101,0,0,0,0,41594
180735,0,0,0,101,0,0,0,0,41595
180737,0,0,0,101,0,0,0,0,40417
180739,0,20,0,101,0,0,0,0,40419
180740,0,0,0,101,0,0,0,0,40487
180741,0,0,0,101,0,0,0,0,40488
180742,0,0,0,101,0,0,0,0,40489
180743,0,0,0,101,0,0,0,0,40490
180744,0,0,0,101,0,0,0,0,40491
180745,0,0,0,101,0,0,0,0,40572
180746,0,0,0,101,0,0,0,0,40646
180747,0,0,0,101,0,0,0,0,40647
180748,0,0,0,101,0,0,0,0,40648
180749,0,0,0,101,0,0,0,0,40649
180750,0,0,0,101,0,0,0,0,40650
180751,0,0,0,101,0,0,0,0,40651
180752,0,0,0,101,0,0,0,0,40734
180753,0,0,0,101,0,0,0,0,40735
180754,0,0,0,101,0,0,0,0,40736
180755,0,0,0,101,0,0,0,0,40737
180756,0,0,0,101,0,0,0,0,40814
180758,0,0,7000,85,0,0,20,0,40816
180759,0,0,0,101,0,0,0,0,40817
180760,0,0,0,101,0,0,0,0,40889
180761,0,0,0,101,0,0,0,0,40890
180762,0,0,0,101,0,0,0,0,40891
180764,0,0,0,101,0,0,0,0,40972
180765,0,0,0,101,0,0,0,0,40973
180766,0,0,0,101,0,0,0,0,40974
180768,0,0,0,101,0,0,0,0,40976
180769,0,0,0,40,0,0,20,0,41054
180770,0,0,0,101,0,0,0,0,41055
180771,0,0,0,101,0,0,0,0,41056
180772,0,0,0,101,0,0,0,0,41057
180773,0,0,0,101,0,0,0,0,41132
180774,0,0,0,101,0,0,0,0,41133
180775,0,0,0,101,0,0,0,0,41134
180776,0,0,0,101,0,0,0,0,41135
180777,0,0,0,101,0,0,0,0,41136
180778,0,0,0,101,0,0,0,0,41137
180782,0,0,0,101,0,0,0,0,41205
180783,0,0,0,101,0,0,0,0,41206
180784,0,0,0,101,0,0,0,0,41279
180785,0,0,0,101,0,0,0,0,41280
180786,0,0,0,101,0,0,0,0,41281
180787,0,0,0,101,0,0,0,0,41282
180788,0,0,0,101,0,0,0,0,41363
180789,0,0,0,101,0,0,0,0,41364
180790,0,0,0,101,0,0,0,0,41365
180791,0,0,0,101,0,0,0,0,41367
180792,0,0,0,101,0,0,0,0,41443
180793,0,0,0,101,0,0,0,0,41444
180794,0,0,0,101,0,0,0,0,41445
180795,0,0,0,101,0,0,0,0,41506
180796,0,0,0,101,0,0,0,0,41507
180797,0,0,0,101,0,0,0,0,41509
180798,0,0,0,101,0,0,0,0,41510
180799,0,0,0,101,0,0,0,0,41512
180800,0,10,0,101,0,0,0,0,41596
180801,0,0,0,101,0,0,0,0,41597
180802,0,0,0,101,0,0,0,0,41598
180804,0,0,0,101,0,0,0,0,40420
180807,0,0,0,101,0,0,0,0,40423
180808,0,0,0,101,0,0,0,0,40492
180809,0,0,0,101,0,0,0,0,40493
180810,0,0,0,101,0,0,0,0,40494
180811,0,0,0,101,0,0,0,0,40495
180812,0,0,0,101,0,0,0,0,40496
180813,0,0,0,101,0,0,0,0,40573
180814,0,0,0,101,0,0,0,0,40574
180815,0,0,0,101,0,0,0,0,40652
180816,0,0,0,101,0,0,0,0,40653
180817,0,0,0,101,0,0,0,0,40654
180819,0,0,0,101,0,0,0,0,40738
180820,0,0,0,101,0,0,0,0,40739
180821,0,10,0,100,0,0,139264,0,40740
180822,0,0,0,101,0,0,0,0,40818
180823,0,0,0,101,0,0,0,0,40819
180825,0,0,0,101,0,0,0,0,40821
180826,0,0,0,101,0,0,0,0,40893
180827,0,0,0,101,0,0,0,0,40894
180828,0,0,0,101,0,0,0,0,40895
180829,0,0,0,101,0,0,0,0,40896
180833,0,0,0,101,0,0,0,0,40980
180834,0,0,0,101,0,0,0,0,40981
180835,0,0,0,101,0,0,0,0,40982
180836,0,0,0,101,0,0,0,0,41058
180837,0,0,0,101,0,0,0,0,41059
180838,0,0,0,101,0,0,0,0,41060
180839,0,0,0,101,0,0,0,0,41061
180840,0,0,0,101,0,0,0,0,41138
180841,0,0,0,101,0,0,0,0,41139
180843,0,0,0,101,0,0,0,0,41141
180844,0,99,0,101,0,0,0,0,41142
180845,0,0,0,101,0,0,0,0,41207
180846,0,0,0,101,0,0,0,0,41208
180850,0,0,0,101,0,0,0,0,41283
180851,0,0,0,101,0,0,0,0,41284
180852,0,0,0,101,0,0,0,0,41285
180853,0,0,0,101,0,0,0,0,41286
180854,0,0,0,101,0,0,0,0,41287
180857,0,10,0,101,0,0,0,0,41369
180858,0,0,0,101,0,0,0,0,41370
180859,0,0,0,101,0,0,0,0,41371
180860,0,0,0,101,0,0,0,0,41446
180861,0,0,0,101,0,0,0,0,41447
180862,0,0,0,101,0,0,0,0,41448
180863,0,0,0,101,0,0,0,0,41449
180864,0,0,0,101,0,0,0,0,41513
180865,0,0,0,101,0,0,0,0,41514
180866,0,0,0,101,0,0,0,0,41515
180867,0,0,0,101,0,0,0,0,41600
180868,0,0,0,101,0,0,0,0,41601
180869,0,0,0,101,0,0,0,0,41602
180870,0,0,0,101,0,0,0,0,41603
180871,0,0,0,101,0,0,0,0,41604
180872,0,0,0,101,0,0,0,0,40424
180873,0,0,0,101,0,0,0,0,40425
180875,0,0,0,101,0,0,0,0,40427
180876,0,0,0,101,0,0,0,0,40428
180877,0,0,0,101,0,0,0,0,40497
180878,0,0,0,101,0,0,0,0,40498
180879,0,0,0,101,0,0,0,0,40499
180881,0,0,0,101,0,0,0,0,40501
180882,0,0,0,101,0,0,0,0,40575
180883,0,0,0,101,0,0,0,0,40656
180884,0,0,0,101,0,0,0,0,40657
180885,0,0,0,101,0,0,0,0,40658
180886,0,0,0,101,0,0,0,0,40659
180887,0,0,0,101,0,0,0,0,40741
180888,0,0,0,101,0,0,0,0,40742
180889,0,0,0,101,0,0,0,0,40743
180890,0,0,0,101,0,0,0,0,40822
180891,0,0,0,101,0,0,0,0,40823
180892,0,0,0,101,0,0,0,0,40824
180893,0,0,0,101,0,0,0,0,40825
180894,0,0,0,101,0,0,0,0,40826
180895,0,0,0,101,0,0,0,0,40897
180896,0,0,0,101,0,0,0,0,40898
180897,0,0,8000,100,0,0,4,0,40899
180898,0,0,0,101,0,0,0,0,40900
180899,0,0,0,101,0,0,0,0,40983
180900,0,0,0,101,0,0,0,0,40984
180901,0,0,0,101,0,0,0,0,40985
180902,0,0,0,101,0,0,0,0,40986
180903,0,0,0,101,0,0,0,0,40987
180904,0,0,0,101,0,0,0,0,41062
180905,0,0,0,101,0,0,0,0,41063
180906,0,0,0,101,0,0,0,0,41064
180907,0,0,0,101,0,0,0,0,41065
180911,0,0,0,101,0,0,0,0,41145
180912,0,0,0,101,0,0,0,0,41146
180913,0,0,0,101,0,0,0,0,41147
180915,0,0,0,101,0,0,0,0,41213
180916,0,0,0,101,0,0,0,0,41214
180917,0,0,0,101,0,0,0,0,41215
180918,0,0,0,101,0,0,0,0,41216
180919,0,0,0,101,0,0,0,0,41289
180920,0,0,0,101,0,0,0,0,41290
180922,0,0,0,101,0,0,0,0,41292
180923,0,0,0,101,0,0,0,0,41293
180924,0,0,0,101,0,0,0,0,41372
180925,0,0,0,101,0,0,0,0,41373
180926,0,0,0,101,0,0,0,0,41374
180927,0,0,0,101,0,0,0,0,41375
180928,0,0,0,101,0,0,0,0,41450
180929,0,0,0,101,0,0,0,0,41451
180930,0,0,0,101,0,0,0,0,41452
180931,0,0,0,101,0,0,0,0,41516
180932,0,0,0,101,0,0,0,0,41517
180933,0,0,0,101,0,0,0,0,41518
180934,0,0,0,101,0,0,0,0,41519
180937,0,0,0,101,0,0,0,0,40429
180938,0,0,0,101,0,0,0,0,40430
180939,0,0,0,101,0,0,0,0,40431
180940,0,0,0,101,0,0,0,0,40432
180941,0,0,0,101,0,0,0,0,40502
180942,0,0,0,101,0,0,0,0,40503
180943,0,0,0,101,0,0,0,0,40504
180944,0,0,0,101,0,0,0,0,40505
180945,0,0,0,101,0,0,0,0,40506
180946,0,0,0,101,0,0,0,0,40576
180947,0,0,0,101,0,0,0,0,40577
180948,0,0,0,101,0,0,0,0,40578
180949,0,0,0,101,0,0,0,0,40579
180950,0,0,0,101,0,0,0,0,40660
180951,0,0,0,101,0,0,0,0,40661
180952,0,0,0,101,0,0,0,0,40662
180953,0,0,0,101,0,0,0,0,40663
180954,0,0,0,101,0,0,0,0,40664
180955,0,0,0,101,0,0,0,0,40665
180956,0,0,0,101,0,0,0,0,40666
180957,0,0,0,101,0,0,0,0,40744
180958,0,0,0,101,0,0,0,0,40745
180960,0,0,0,101,0,0,0,0,40747
180961,0,0,0,101,0,0,0,0,40748
180962,0,0,0,101,0,0,0,0,40827
180963,0,0,0,101,0,0,0,0,40828
180965,0,0,0,101,0,0,0,0,40830
180966,0,0,0,101,0,0,0,0,40831
180967,0,0,0,101,0,0,0,0,40901
180968,0,0,0,101,0,0,0,0,40902
180969,0,0,0,101,0,0,0,0,40903
180970,0,0,0,101,0,0,0,0,40904
180971,0,0,0,101,0,0,0,0,40905
180972,0,0,0,101,0,0,0,0,40906
180974,0,0,0,101,0,0,0,0,40989
180975,0,0,0,101,0,0,0,0,40990
180976,0,0,0,101,0,0,0,0,40991
180977,0,0,0,101,0,0,0,0,40992
180978,0,0,0,101,0,0,0,0,40993
180979,0,0,0,101,0,0,0,0,41067
180980,0,0,0,101,0,0,0,0,41068
180981,0,0,0,101,0,0,0,0,41069
180982,0,0,0,101,0,0,0,0,41070
180985,0,0,0,101,0,0,0,0,41150
180986,0,0,0,101,0,0,0,0,41217
180987,0,0,0,101,0,0,0,0,41218
180988,0,0,0,101,0,0,0,0,41219
180989,0,0,0,101,0,0,0,0,41220
180990,0,0,0,101,0,0,0,0,41221
180992,0,0,0,101,0,0,0,0,41295
180993,0,0,0,101,0,0,0,0,41296
180994,0,0,0,101,0,0,0,0,41299
180995,0,0,0,101,0,0,0,0,41300
180996,0,0,0,101,0,0,0,0,41301
180997,0,0,0,101,0,0,0,0,41376
180998,0,0,0,101,0,0,0,0,41377
180999,0,0,0,101,0,0,0,0,41378
181000,0,0,0,101,0,0,0,0,41379
181001,0,0,0,101,0,0,0,0,41453
181002,0,0,0,101,0,0,0,0,41454
181003,0,0,0,101,0,0,0,0,41455
181004,0,0,0,101,0,0,0,0,41456
181005,0,0,0,101,0,0,0,0,41457
181006,0,0,0,101,0,0,0,0,41520
181007,0,0,0,101,0,0,0,0,41521
181008,0,0,0,101,0,0,0,0,41522
181009,0,0,0,101,0,0,0,0,41523
181010,0,0,0,101,0,0,0,0,41524
181011,0,0,0,100,1,0,139936,0,43443
181012,0,0,0,101,0,0,0,0,43444
181013,0,0,0,101,0,0,0,0,43445
181014,0,0,0,101,0,0,0,0,43446
181015,0,0,0,101,0,0,0,0,43563
181016,0,0,0,101,0,0,0,0,43573
181017,0,0,0,101,0,0,0,0,43574
181018,0,0,0,101,0,0,0,0,43575
181019,0,0,0,101,0,0,0,0,41669
181020,0,0,0,101,0,0,0,0,41670
181021,0,0,0,101,0,0,0,0,41671
181022,0,0,0,101,0,0,0,0,41672
181023,0,0,0,101,0,0,0,0,41673
181024,0,0,0,101,0,0,0,0,41752
181025,0,0,0,101,0,0,0,0,41753
181026,0,0,0,101,0,0,0,0,41754
181027,0,0,0,101,0,0,0,0,41755
181028,0,0,0,101,0,0,0,0,41756
181029,0,0,0,101,0,0,0,0,41830
181030,0,0,0,101,0,0,0,0,41831
181031,0,0,0,101,0,0,0,0,41832
181032,0,0,0,101,0,0,0,0,41833
181035,0,0,0,101,0,0,0,0,41911
181036,0,0,0,101,0,0,0,0,41912
181037,0,0,0,100,0,0,4,0,41913
181040,0,0,0,101,0,0,0,0,41993
181042,0,0,0,101,0,0,0,0,41995
181044,0,0,0,101,0,0,0,0,42086
181045,0,0,0,101,0,0,0,0,42087
181046,0,0,0,101,0,0,0,0,42088
181047,0,0,0,101,0,0,0,0,42089
181048,0,0,0,101,0,0,0,0,42170
181049,0,0,0,101,0,0,0,0,42171
181052,0,0,0,101,0,0,0,0,42175
181053,0,0,0,101,0,0,0,0,42176
181054,0,0,0,101,0,0,0,0,42292
181056,0,0,0,101,0,0,0,0,42294
181057,0,0,0,101,0,0,0,0,42295
181058,0,0,0,101,0,0,0,0,42296
181060,0,0,0,101,0,0,0,0,42398
181061,0,0,0,101,0,0,0,0,42399
181062,0,0,0,101,0,0,0,0,42400
181063,0,0,0,101,0,0,0,0,42401
181064,0,0,0,101,0,0,0,0,42402
181065,0,0,0,101,0,0,0,0,42518
181066,0,0,0,101,0,0,0,0,42520
181067,0,0,0,101,0,0,0,0,42521
181068,0,0,0,101,0,0,0,0,42522
181069,0,0,0,101,0,0,0,0,42523
181070,0,0,0,101,0,0,0,0,42527
181071,0,0,0,101,0,0,0,0,42651
181072,0,0,0,101,0,0,0,0,42652
181073,0,0,0,101,0,0,65536,0,42654
181074,0,0,0,101,0,0,0,0,42655
181075,0,0,0,101,0,0,0,0,42656
181076,0,0,0,101,0,0,0,0,42794
181077,0,0,0,101,0,0,0,0,42797
181078,0,0,0,101,0,0,0,0,42798
181079,0,0,0,101,0,0,0,0,42801
181080,0,0,0,101,0,0,0,0,42802
181081,0,0,0,101,0,0,0,0,43120
181082,0,0,0,101,0,0,0,0,43121
181083,0,0,4000,50,0,0,20,0,43124
181084,0,0,0,101,0,0,0,0,43125
181085,0,0,0,101,0,0,0,0,43126
181087,0,0,0,101,0,0,0,0,43298
181088,0,200,0,101,0,0,0,0,43299
181089,0,99,0,101,0,0,0,0,43300
181090,0,0,0,101,0,0,0,0,43301
181091,0,0,0,101,0,0,0,0,43447
181092,0,0,0,101,0,0,0,0,43448
181093,0,0,0,101,0,0,0,0,43449
181094,0,0,0,101,0,0,0,0,43450
181095,0,0,0,101,0,0,0,0,43577
181096,0,0,0,101,0,0,0,0,43578
181097,0,3,0,101,0,0,0,0,43579
181098,0,0,0,25,0,0,20,0,43580
181099,0,0,0,101,0,0,0,0,41674
181100,0,0,0,101,0,0,0,0,41675
181101,0,0,0,101,0,0,0,0,41676
181102,0,0,0,101,0,0,0,0,41677
181103,0,0,0,101,0,0,0,0,41678
181104,0,0,0,101,0,0,0,0,41757
181105,0,0,0,101,0,0,0,0,41758
181106,0,0,0,101,0,0,0,0,41759
181107,0,0,0,101,0,0,0,0,41760
181108,0,0,0,101,0,0,0,0,41761
181109,0,0,0,101,0,0,0,0,41834
181110,0,0,0,101,0,0,0,0,41835
181111,0,0,0,101,0,0,0,0,41836
181112,0,0,0,101,0,0,0,0,41838
181113,0,0,0,101,0,0,0,0,41839
181114,0,0,0,101,0,0,0,0,41914
181115,0,0,0,101,0,0,0,0,41915
181116,0,0,0,101,0,0,0,0,41916
181117,0,0,0,101,0,0,0,0,41917
181118,0,0,0,101,0,0,0,0,41918
181119,0,0,0,101,0,0,0,0,41997
181121,0,0,0,101,0,0,0,0,41999
181124,0,0,0,101,0,0,0,0,42002
181125,0,0,0,101,0,0,0,0,42090
181126,0,500,0,101,0,0,0,0,42091
181128,0,0,0,101,0,0,0,0,42093
181129,0,0,0,101,0,0,0,0,42094
181130,0,0,0,101,0,0,0,0,42177
181131,0,0,0,101,0,0,0,0,42178
181132,0,0,0,101,0,0,0,0,42179
181133,0,0,0,101,0,0,0,0,42180
181134,0,0,0,101,0,0,0,0,42181
181135,0,0,0,101,0,0,0,0,42182
181136,0,0,0,101,0,0,0,0,42299
181137,0,0,0,101,0,0,0,0,42300
181138,0,0,0,101,0,0,0,0,42301
181139,0,0,0,101,0,0,0,0,42302
181141,0,0,0,101,0,0,0,0,42304
181142,0,0,0,101,0,0,0,0,42403
181143,0,0,0,101,0,0,0,0,42405
181144,0,0,0,101,0,0,0,0,42407
181145,0,0,0,101,0,0,0,0,42408
181146,0,0,0,101,0,0,0,0,42409
181147,0,0,0,101,0,0,0,0,42410
181148,0,0,0,101,0,0,0,0,42528
181150,0,0,0,101,0,0,0,0,42533
181151,0,0,0,101,0,0,0,0,42535
181152,0,0,0,101,0,0,0,0,42536
181153,0,0,0,101,0,0,0,0,42537
181154,0,0,0,101,0,0,0,0,42657
181155,0,0,0,101,0,0,0,0,42659
181156,0,0,0,101,0,0,0,0,42660
181157,0,0,0,101,0,0,0,0,42662
181159,0,0,0,101,0,0,0,0,42665
181160,0,0,0,101,0,0,0,0,42803
181161,0,0,0,101,0,0,0,0,42804
181162,0,0,0,101,0,0,0,0,42805
181163,0,0,0,101,0,0,0,0,42812
181164,0,0,0,101,0,0,0,0,43127
181165,0,0,0,101,0,0,0,0,43128
181166,0,0,0,101,0,0,0,0,43129
181168,0,0,0,101,0,0,0,0,43302
181169,0,0,0,101,0,0,0,0,43303
181170,0,0,0,101,0,0,0,0,43305
181171,0,0,0,101,0,0,0,0,43306
181172,0,0,0,101,0,0,0,0,43451
181173,0,0,0,101,0,0,0,0,43452
181174,0,0,0,100,1,0,139808,0,43453
181175,0,0,0,101,0,0,0,0,43454
181176,0,50,0,101,0,0,0,0,43581
181177,0,0,0,101,0,0,0,0,43582
181178,0,0,0,101,0,0,0,0,43583
181179,0,0,0,101,0,0,0,0,43584
181180,0,0,0,101,0,0,0,0,41679
181181,0,0,0,101,0,0,0,0,41680
181182,0,0,0,101,0,0,0,0,41681
181183,0,0,0,101,0,0,0,0,41683
181184,0,0,0,101,0,0,0,0,41684
181185,0,0,0,101,0,0,0,0,41762
181186,0,0,0,101,0,0,0,0,41763
181187,0,0,0,101,0,0,0,0,41764
181188,0,0,0,101,0,0,0,0,41765
181189,0,0,0,101,0,0,0,0,41840
181190,0,0,0,101,0,0,0,0,41841
181191,0,0,0,101,0,0,0,0,41842
181192,0,0,0,101,0,0,0,0,41843
181193,0,0,0,101,0,0,0,0,41844
181195,0,0,0,101,0,0,0,0,41920
181196,0,0,0,101,0,0,0,0,41921
181197,0,0,0,101,0,0,0,0,41922
181199,0,0,0,101,0,0,0,0,42003
181200,0,0,0,101,0,0,0,0,42004
181201,0,5,0,101,0,0,0,0,42005
181202,0,0,0,101,0,0,0,0,42006
181203,0,0,0,101,0,0,0,0,42008
181204,0,0,0,101,0,0,0,0,42009
181205,0,0,0,101,0,0,0,0,42095
181206,0,0,0,101,0,0,0,0,42096
181207,0,0,0,101,0,0,0,0,42097
181208,0,0,0,101,0,0,0,0,42098
181209,0,0,0,101,0,0,0,0,42183
181210,0,0,0,101,0,0,0,0,42184
181211,0,0,0,101,0,0,0,0,42185
181212,0,0,0,101,0,0,0,0,42198
181213,0,0,0,101,0,0,0,0,42200
181214,0,0,0,101,0,0,0,0,42305
181216,0,0,0,101,0,0,0,0,42308
181217,0,0,0,101,0,0,0,0,42309
181218,0,0,0,101,0,0,0,0,42311
181219,0,0,0,101,0,0,0,0,42411
181220,0,0,0,101,0,0,0,0,42413
181221,0,0,0,101,0,0,0,0,42414
181222,0,0,0,101,0,0,0,0,42415
181224,0,0,0,101,0,0,0,0,42540
181225,0,0,0,101,0,0,0,0,42542
181227,0,0,0,101,0,0,0,0,42546
181228,0,0,0,101,0,0,0,0,42547
181229,0,0,0,101,0,0,0,0,42548
181231,0,0,0,101,0,0,0,0,42667
181232,0,0,0,101,0,0,0,0,42668
181233,0,0,0,101,0,0,0,0,42670
181234,0,0,0,101,0,0,0,0,42813
181235,0,0,0,101,0,0,0,0,42814
181236,0,0,0,101,0,0,0,0,42815
181237,0,0,0,101,0,0,0,0,42816
181238,0,0,0,101,0,0,0,0,42818
181239,0,0,0,101,0,0,0,0,43131
181240,0,1,0,101,0,0,0,0,43132
181241,0,0,0,101,0,0,0,0,43133
181242,0,0,0,101,0,0,0,0,43134
181243,0,0,0,101,0,0,0,0,43308
181244,0,0,0,101,0,0,0,0,43309
181245,0,0,0,101,0,0,0,0,43310
181246,0,0,0,101,0,0,0,0,43311
181247,0,0,0,101,0,0,0,0,43455
181248,0,0,0,101,0,0,0,0,43456
181249,0,0,0,101,0,0,0,0,43457
181250,0,0,0,101,0,0,0,0,43460
181251,0,0,0,101,0,0,0,0,43585
181252,0,0,0,101,0,0,0,0,43586
181253,0,0,0,101,0,0,0,0,43587
181254,0,0,0,101,0,0,0,0,43588
181255,0,0,0,101,0,0,0,0,41685
181256,0,0,0,101,0,0,0,0,41686
181257,0,0,0,101,0,0,0,0,41687
181258,0,0,0,101,0,0,0,0,41688
181259,0,0,0,101,0,0,0,0,41689
181260,0,0,0,101,0,0,0,0,41766
181261,0,0,0,101,0,0,0,0,41767
181262,0,0,0,101,0,0,0,0,41768
181263,0,0,0,101,0,0,0,0,41769
181264,0,0,0,101,0,0,0,0,41770
181265,0,0,0,101,0,0,0,0,41845
181266,0,0,0,101,0,0,0,0,41846
181267,0,0,0,101,0,0,0,0,41847
181268,0,0,0,101,0,0,0,0,41848
181269,0,0,0,101,0,0,0,0,41849
181270,0,0,0,101,0,0,0,0,41924
181272,0,0,0,101,0,0,0,0,41926
181275,0,0,0,101,0,0,0,0,42010
181277,0,0,0,101,0,0,0,0,42012
181278,0,0,0,101,0,0,0,0,42013
181279,0,0,0,101,0,0,0,0,42014
181281,0,0,0,101,0,0,0,0,42099
181282,0,0,0,101,0,0,0,0,42100
181283,0,0,0,101,0,0,0,0,42101
181284,0,0,0,101,0,0,0,0,42102
181285,0,0,0,101,0,0,0,0,42103
181286,0,0,0,101,0,0,0,0,42201
181287,0,0,0,101,0,0,0,0,42202
181288,0,0,0,101,0,0,0,0,42203
181289,0,0,0,101,0,0,0,0,42205
181290,0,0,0,101,0,0,0,0,42206
181291,0,0,0,101,0,0,0,0,42312
181292,0,100,0,101,0,0,0,0,42313
181293,0,0,0,101,0,0,0,0,42316
181294,0,0,0,101,0,0,0,0,42317
181295,0,0,0,101,0,0,0,0,42318
181296,0,0,0,101,0,0,0,0,42418
181297,0,0,0,101,0,0,0,0,42420
181298,0,0,0,101,0,0,0,0,42421
181299,0,0,0,101,0,0,0,0,42422
181300,0,0,0,101,0,0,0,0,42424
181301,0,0,0,101,0,0,0,0,42425
181302,0,0,0,101,0,0,0,0,42549
181303,0,0,0,101,0,0,0,0,42550
181304,0,0,0,101,0,0,0,0,42552
181305,0,0,0,101,0,0,1,0,42556
181306,0,0,0,101,0,0,0,0,42558
181308,0,0,0,101,0,0,0,0,42673
181309,0,0,0,101,0,0,0,0,42674
181310,0,0,0,101,0,0,0,0,42676
181311,0,0,0,101,0,0,0,0,42679
181312,0,0,0,101,0,0,0,0,42680
181314,0,0,0,101,0,0,0,0,42821
181315,0,0,0,101,0,0,0,0,42823
181317,0,0,0,101,0,0,0,0,42826
181318,0,0,0,101,0,0,0,0,42835
181319,0,10,0,101,0,0,0,0,43135
181320,0,0,0,101,0,0,0,0,43137
181322,0,0,0,101,0,0,0,0,43140
181323,0,0,0,101,0,0,0,0,43313
181324,0,0,0,101,0,0,0,0,43317
181325,0,0,0,101,0,0,0,0,43321
181326,0,0,0,101,0,0,0,0,43322
181327,0,0,0,101,0,0,0,0,43323
181328,0,0,0,101,0,0,0,0,43324
181329,0,5,0,101,0,0,0,0,43461
181330,0,0,0,101,0,0,0,0,43463
181331,0,0,0,101,0,0,0,0,43464
181332,0,0,0,101,0,0,0,0,43465
181333,0,0,0,101,0,0,0,0,43467
181334,0,0,0,101,0,0,0,0,43469
181335,0,0,0,101,0,0,0,0,43589
181336,0,0,0,101,0,0,0,0,43590
181337,0,0,0,101,0,0,0,0,43592
181338,0,0,0,100,10,0,2446608,0,43593
181339,0,0,0,101,0,0,0,0,43594
181340,0,0,0,101,0,0,0,0,41690
181341,0,0,0,101,0,0,0,0,41691
181342,0,0,0,101,0,0,0,0,41692
181343,0,0,0,101,0,0,0,0,41693
181344,0,0,0,101,0,0,0,0,41694
181345,0,0,0,101,0,0,0,0,41695
181346,0,0,0,101,0,0,0,0,41771
181347,0,0,0,101,0,0,0,0,41772
181348,0,0,0,101,0,0,0,0,41773
181349,0,0,0,101,0,0,0,0,41774
181350,0,0,0,101,0,0,0,0,41775
181351,0,0,0,101,0,0,0,0,41850
181352,0,0,0,101,0,0,0,0,41851
181353,0,0,0,101,0,0,0,0,41852
181354,0,0,0,101,0,0,0,0,41853
181355,0,0,0,101,0,0,0,0,41854
181358,0,0,0,101,0,0,0,0,41931
181359,0,5,0,101,0,0,0,0,41932
181360,0,0,0,101,0,0,0,0,41933
181362,0,0,0,101,0,0,0,0,42017
181363,0,0,0,101,0,0,0,0,42019
181364,0,0,0,101,0,0,0,0,42020
181365,0,0,0,101,0,0,0,0,42021
181366,0,0,0,101,0,0,0,0,42022
181367,0,0,0,101,0,0,0,0,42104
181368,0,0,0,101,0,0,0,0,42105
181369,0,0,0,101,0,0,0,0,42106
181370,0,0,0,101,0,0,0,0,42107
181371,0,0,0,101,0,0,0,0,42108
181372,0,0,0,101,0,0,0,0,42207
181373,0,0,0,101,0,0,0,0,42208
181374,0,0,0,101,0,0,0,0,42209
181375,0,0,0,101,0,0,0,0,42210
181376,0,0,0,101,0,0,0,0,42211
181377,0,0,0,101,0,0,0,0,42212
181378,0,0,0,101,0,0,0,0,42213
181379,0,0,0,101,0,0,0,0,42321
181380,0,0,0,101,0,0,0,0,42322
181381,0,0,0,101,0,0,0,0,42323
181382,0,0,0,101,0,0,0,0,42324
181383,0,0,0,101,0,0,0,0,42325
181384,0,0,0,101,0,0,0,0,42332
181385,0,0,0,101,0,0,0,0,42426
181386,0,0,0,101,0,0,0,0,42427
181387,0,0,0,101,0,0,0,0,42428
181388,0,0,0,101,0,0,0,0,42429
181389,0,0,0,101,0,0,0,0,42431
181390,0,0,0,101,0,0,0,0,42432
181392,0,0,0,101,0,0,0,0,42566
181393,0,0,0,101,0,0,0,0,42567
181394,0,0,0,101,0,0,65536,0,42570
181395,0,0,0,101,0,0,0,0,42571
181396,0,0,0,101,0,0,0,0,42681
181397,0,0,0,101,0,0,0,0,42682
181398,0,0,0,101,0,0,0,0,42683
181399,0,0,0,101,0,0,0,0,42684
181400,0,0,0,101,0,0,0,0,42839
181401,0,0,0,101,0,0,0,0,42866
181402,0,0,0,101,0,0,0,0,42867
181403,0,0,0,101,0,0,0,0,42868
181404,0,0,0,101,0,0,0,0,42869
181405,0,0,0,101,0,0,0,0,43142
181406,0,0,0,101,0,0,0,0,43143
181407,0,0,0,101,0,0,0,0,43144
181408,0,0,0,101,0,0,0,0,43145
181409,0,0,0,101,0,0,0,0,43147
181410,0,500,0,101,0,0,0,0,43148
181411,0,0,0,101,0,0,0,0,43332
181412,0,0,0,100,0,0,20,0,43338
181413,0,0,0,100,1,0,87376,0,43339
181414,0,0,0,101,0,0,0,0,43343
181415,0,0,0,101,0,0,0,0,43344
181416,0,0,0,101,0,0,0,0,43470
181417,0,0,0,101,0,0,0,0,43471
181418,0,0,0,101,0,0,0,0,43472
181419,0,0,0,101,0,0,0,0,43473
181420,0,0,0,101,0,0,0,0,43474
181421,0,0,0,101,0,0,0,0,43613
181422,0,0,0,101,0,0,0,0,43615
181423,0,0,0,101,0,0,0,0,43620
181424,0,0,0,101,0,0,0,0,43621
181425,0,10,0,101,0,0,0,0,43622
181426,0,0,0,101,0,0,0,0,41696
181427,0,0,0,101,0,0,0,0,41697
181428,0,0,0,101,0,0,0,0,41698
181429,0,0,0,101,0,0,0,0,41699
181430,0,0,0,101,0,0,0,0,41700
181431,0,0,0,101,0,0,0,0,41776
181432,0,0,0,101,0,0,0,0,41777
181433,0,0,0,101,0,0,0,0,41778
181434,0,0,0,101,0,0,0,0,41779
181435,0,0,0,101,0,0,0,0,41780
181436,0,0,0,101,0,0,0,0,41855
181437,0,0,0,101,0,0,0,0,41856
181438,0,0,0,101,0,0,0,0,41857
181439,0,0,0,101,0,0,0,0,41858
181440,0,0,0,101,0,0,0,0,41859
181442,0,0,0,101,0,0,0,0,41936
181443,0,0,0,101,0,0,0,0,41937
181444,0,0,0,101,0,0,0,0,41938
181445,0,0,0,101,0,0,0,0,41939
181446,0,0,0,101,0,0,0,0,42023
181447,0,0,0,101,0,0,0,0,42024
181448,0,0,0,101,0,0,0,0,42025
181450,0,0,0,101,0,0,0,0,42109
181451,0,0,0,101,0,0,0,0,42110
181452,0,0,0,101,0,0,0,0,42111
181453,0,0,0,101,0,0,0,0,42112
181454,0,0,0,101,0,0,0,0,42218
181455,0,0,0,101,0,0,0,0,42219
181456,0,0,0,101,0,0,0,0,42220
181457,0,0,0,101,0,0,0,0,42222
181458,0,0,0,101,0,0,0,0,42223
181459,0,0,0,101,0,0,65536,0,42333
181460,0,0,0,101,0,0,0,0,42334
181461,0,0,0,101,0,0,0,0,42335
181462,0,0,0,101,0,0,0,0,42336
181463,0,0,0,101,0,0,0,0,42337
181464,0,0,0,101,0,0,40,0,42433
181465,0,100,0,101,0,0,0,0,42434
181466,0,0,0,101,0,0,0,0,42435
181467,0,0,0,101,0,0,0,0,42436
181469,0,0,0,101,0,0,0,0,42438
181470,0,0,0,101,0,0,0,0,42574
181471,0,0,0,101,0,0,0,0,42575
181472,0,0,0,101,0,0,0,0,42576
181473,0,0,0,101,0,0,0,0,42577
181474,0,0,0,101,0,0,0,0,42578
181475,0,0,0,101,0,0,0,0,42579
181476,0,0,0,101,0,0,0,0,42687
181477,0,0,0,101,0,0,0,0,42688
181479,0,0,0,101,0,0,0,0,42690
181482,0,0,0,101,0,0,0,0,42878
181483,0,0,0,101,0,0,0,0,42879
181484,0,0,0,101,0,0,0,0,42909
181485,0,0,0,101,0,0,0,0,43149
181486,0,12,0,101,0,0,0,0,43150
181489,0,0,0,101,0,0,0,0,43345
181490,0,0,0,101,0,0,0,0,43346
181491,0,0,0,101,0,0,0,0,43347
181492,0,0,0,101,0,0,0,0,43352
181495,0,0,0,101,0,0,0,0,43478
181496,0,0,0,101,0,0,0,0,43479
181497,0,0,0,101,0,0,0,0,43480
181498,0,0,0,101,0,0,0,0,43481
181499,0,0,0,101,0,0,0,0,43623
181501,0,0,0,101,0,0,0,0,43625
181502,0,0,0,101,0,0,0,0,43626
181503,0,0,0,101,0,0,0,0,43627
181504,0,0,0,101,0,0,0,0,41701
181505,0,0,0,101,0,0,0,0,41702
181506,0,0,0,101,0,0,0,0,41703
181507,0,0,0,101,0,0,0,0,41704
181508,0,0,0,101,0,0,0,0,41705
181509,0,0,0,101,0,0,0,0,41781
181510,0,0,0,101,0,0,0,0,41782
181511,0,0,0,101,0,0,0,0,41783
181512,0,0,0,101,0,0,0,0,41784
181513,0,0,0,101,0,0,0,0,41860
181514,0,0,0,101,0,0,0,0,41861
181515,0,0,0,101,0,0,0,0,41862
181516,0,0,0,101,0,0,0,0,41863
181517,0,0,0,101,0,0,0,0,41864
181518,0,0,0,101,0,0,0,0,41940
181520,0,0,0,101,0,0,0,0,41942
181521,0,0,0,101,0,0,0,0,41943
181522,0,0,0,101,0,0,0,0,41944
181523,0,0,0,101,0,0,0,0,42027
181524,0,0,0,101,0,0,0,0,42028
181525,0,0,0,101,0,0,0,0,42029
181526,0,0,0,101,0,0,0,0,42033
181527,0,0,0,101,0,0,0,0,42034
181528,0,0,0,101,0,0,0,0,42113
181529,0,0,0,101,0,0,0,0,42114
181530,0,0,0,101,0,0,0,0,42115
181531,0,0,0,101,0,0,0,0,42116
181533,0,0,0,101,0,0,0,0,42224
181534,0,0,0,101,0,0,0,0,42225
181535,0,0,0,101,0,0,0,0,42226
181536,0,0,0,101,0,0,0,0,42227
181537,0,0,0,101,0,0,0,0,42228
181538,0,0,0,101,0,0,0,0,42229
181539,0,0,0,101,0,0,0,0,42338
181540,0,0,0,101,0,0,0,0,42339
181541,0,0,0,101,0,0,0,0,42340
181542,0,0,0,101,0,0,0,0,42341
181543,0,0,0,101,0,0,0,0,42344
181544,0,0,0,101,0,0,0,0,42345
181545,0,0,0,101,0,0,0,0,42346
181546,0,0,0,101,0,0,0,0,42439
181547,0,0,0,101,0,0,0,0,42440
181548,0,0,0,101,0,0,0,0,42441
181550,0,0,0,101,0,0,0,0,42580
181551,0,0,0,101,0,0,0,0,42581
181552,0,0,0,101,0,0,0,0,42582
181553,0,0,0,101,0,0,0,0,42583
181554,0,0,0,101,0,0,0,0,42584
181555,0,0,0,101,0,0,0,0,42691
181556,0,0,0,101,0,0,0,0,42692
181557,0,0,0,101,0,0,0,0,42693
181558,0,0,0,101,0,0,0,0,42694
181559,0,1,0,101,0,0,0,0,42695
181560,0,0,0,101,0,0,0,0,42910
181561,0,6,0,101,0,0,0,0,42919
181562,0,11,0,101,0,0,0,0,42924
181563,0,0,0,101,0,0,0,0,42929
181564,0,0,0,100,1,0,-2145736024,0,42932
181565,0,0,0,101,0,0,0,0,43154
181566,0,0,0,101,0,0,0,0,43155
181567,0,1,0,101,0,0,0,0,43156
181568,0,0,0,101,0,0,0,0,43158
181569,0,0,0,101,0,0,0,0,43168
181570,0,0,0,101,0,0,0,0,43353
181571,0,0,0,101,0,0,0,0,43356
181572,0,0,0,101,0,0,0,0,43357
181573,0,3,0,101,0,0,0,0,43358
181574,0,0,0,101,0,0,0,0,43482
181577,0,0,0,101,0,0,0,0,43485
181578,0,0,0,101,0,0,0,0,43486
181579,0,0,0,101,0,0,0,0,43487
181580,0,0,0,101,0,0,0,0,43628
181581,0,0,0,101,0,0,0,0,43629
181582,0,0,0,101,0,0,0,0,43630
181583,0,0,0,101,0,0,0,0,43631
181584,0,0,0,101,0,0,0,0,43632
181585,0,0,0,101,0,0,0,0,43633
181586,0,0,0,101,0,0,0,0,41706
181587,0,0,0,101,0,0,0,0,41707
181588,0,0,0,101,0,0,0,0,41708
181589,0,0,0,101,0,0,0,0,41709
181590,0,0,0,101,0,0,0,0,41710
181591,0,0,0,101,0,0,0,0,41785
181592,0,0,0,101,0,0,0,0,41786
181593,0,0,0,101,0,0,0,0,41787
181594,0,0,0,101,0,0,0,0,41788
181595,0,0,0,101,0,0,0,0,41789
181596,0,0,0,101,0,0,0,0,41865
181597,0,0,0,101,0,0,0,0,41866
181598,0,0,0,101,0,0,0,0,41867
181599,0,0,0,101,0,0,0,0,41868
181600,0,0,0,101,0,0,0,0,41869
181601,0,0,0,101,0,0,0,0,41870
181602,0,0,0,101,0,0,0,0,41945
181603,0,0,0,101,0,0,0,0,41946
181604,0,0,0,101,0,0,0,0,41947
181605,0,0,0,101,0,0,0,0,41948
181606,0,0,0,101,0,0,0,0,41949
181607,0,0,0,101,0,0,0,0,41950
181608,0,0,0,101,0,0,0,0,42035
181609,0,0,0,101,0,0,0,0,42036
181611,0,0,0,101,0,0,0,0,42038
181612,0,0,0,101,0,0,0,0,42039
181613,0,0,0,101,0,0,0,0,42040
181614,0,0,0,101,0,0,0,0,42118
181615,0,0,0,101,0,0,0,0,42119
181616,0,0,0,101,0,0,0,0,42120
181617,0,0,0,101,0,0,0,0,42121
181618,0,0,0,101,0,0,0,0,42122
181619,0,0,0,101,0,0,0,0,42230
181620,0,0,0,101,0,0,0,0,42231
181621,0,0,0,101,0,0,0,0,42232
181622,0,0,0,101,0,0,0,0,42233
181623,0,0,0,101,0,0,0,0,42234
181624,0,0,0,101,0,0,0,0,42235
181627,0,0,0,101,0,0,0,0,42348
181628,0,0,0,101,0,0,0,0,42349
181629,0,0,0,101,0,0,0,0,42350
181630,0,0,0,101,0,0,0,0,42448
181631,0,0,0,101,0,0,0,0,42452
181632,0,0,0,101,0,0,0,0,42453
181633,0,0,0,100,0,0,16777216,0,42454
181634,0,0,0,101,0,0,0,0,42455
181635,0,0,0,101,0,0,0,0,42459
181636,0,0,0,101,0,0,0,0,42585
181637,0,0,0,101,0,0,0,0,42586
181638,0,0,0,101,0,0,0,0,42587
181639,0,0,0,101,0,0,0,0,42588
181640,0,0,0,101,0,0,0,0,42589
181641,0,0,0,101,0,0,0,0,42590
181642,0,0,0,101,0,0,0,0,42696
181643,0,0,0,101,0,0,0,0,42706
181644,0,0,0,101,0,0,0,0,42709
181645,0,0,0,101,0,0,0,0,42710
181646,0,0,0,101,0,0,0,0,42711
181647,0,0,0,101,0,0,0,0,42712
181648,0,0,0,101,0,0,0,0,42936
181649,0,0,0,101,0,0,0,0,42943
181650,0,0,0,101,0,0,0,0,42965
181651,0,0,0,101,0,0,0,0,42966
181652,0,0,0,101,0,0,0,0,42967
181653,0,0,0,101,0,0,0,0,43184
181654,0,0,0,101,0,0,0,0,43204
181655,0,0,0,101,0,0,0,0,43205
181656,0,0,0,101,0,0,0,0,43206
181657,0,0,0,101,0,0,0,0,43207
181658,0,0,0,101,0,0,0,0,43359
181660,0,0,0,101,0,0,0,0,43361
181661,0,0,0,101,0,0,0,0,43362
181662,0,0,0,101,0,0,0,0,43492
181663,0,0,0,101,0,0,0,0,43493
181665,0,0,0,101,0,0,0,0,43498
181666,0,0,0,101,0,0,0,0,43501
181667,0,0,0,101,0,0,0,0,43634
181668,0,0,0,101,0,0,0,0,43635
181669,0,0,0,101,0,0,0,0,43636
181670,0,0,0,101,0,0,0,0,43637
181671,0,0,0,101,0,0,0,0,43638
181672,0,0,0,101,0,0,0,0,41711
181673,0,0,0,101,0,0,0,0,41712
181674,0,0,0,101,0,0,0,0,41713
181675,0,0,0,101,0,0,0,0,41714
181676,0,0,0,101,0,0,0,0,41715
181677,0,0,0,101,0,0,0,0,41790
181678,0,0,0,101,0,0,0,0,41791
181679,0,0,0,101,0,0,0,0,41792
181680,0,0,0,101,0,0,0,0,41793
181681,0,0,0,101,0,0,0,0,41794
181682,0,0,0,101,0,0,0,0,41871
181683,0,0,0,101,0,0,0,0,41872
181684,0,0,0,101,0,0,0,0,41873
181685,0,0,0,101,0,0,0,0,41874
181686,0,0,0,101,0,0,0,0,41875
181688,0,0,0,101,0,0,0,0,41952
181689,0,30,0,101,0,0,0,0,41953
181690,0,0,0,101,0,0,0,0,41954
181691,0,0,0,101,0,0,0,0,41955
181692,0,0,0,101,0,0,0,0,42041
181693,0,0,0,101,0,0,0,0,42047
181694,0,0,0,101,0,0,0,0,42048
181695,0,0,0,101,0,0,0,0,42049
181696,0,0,0,101,0,0,0,0,42050
181697,0,0,0,101,0,0,0,0,42051
181699,0,0,0,101,0,0,0,0,42124
181700,0,0,0,101,0,0,0,0,42125
181702,0,0,0,101,0,0,0,0,42127
181708,0,0,0,101,0,0,0,0,42242
181709,0,0,0,101,0,0,0,0,42351
181710,0,0,0,101,0,0,0,0,42352
181711,0,0,0,101,0,0,0,0,42354
181712,0,0,0,101,0,0,0,0,42355
181715,0,0,0,101,0,0,0,0,42463
181716,0,0,0,101,0,0,0,0,42464
181717,0,0,0,101,0,0,0,0,42591
181718,0,0,0,101,0,0,0,0,42592
181719,0,0,0,101,0,0,0,0,42593
181720,0,0,0,101,0,0,0,0,42594
181722,0,0,0,101,0,0,0,0,42596
181723,0,0,0,101,0,0,0,0,42713
181724,0,0,0,101,0,0,0,0,42715
181725,0,0,0,101,0,0,0,0,42716
181726,0,0,0,101,0,0,0,0,42720
181727,0,0,0,101,0,0,0,0,42725
181728,0,0,0,101,0,0,0,0,42726
181729,0,0,0,101,0,0,0,0,42969
181730,0,0,0,101,0,0,0,0,42971
181732,0,0,0,101,0,0,0,0,43208
181733,0,0,0,101,0,0,0,0,43210
181734,0,0,0,101,0,0,0,0,43211
181735,0,0,0,101,0,0,0,0,43213
181736,0,0,0,101,0,0,0,0,43363
181737,0,0,0,101,0,0,0,0,43364
181738,0,0,0,101,0,0,0,0,43382
181739,0,0,0,100,0,0,2,0,43504
181740,0,0,0,101,0,0,0,0,43505
181741,0,0,0,4,0,0,8872,0,43506
181742,0,0,0,101,0,0,0,0,43515
181743,0,0,0,101,0,0,0,0,43517
181744,0,0,0,101,0,0,0,0,43639
181745,0,0,0,101,0,0,0,0,43640
181746,0,0,0,101,0,0,0,0,43641
181747,0,0,0,101,0,0,0,0,43642
181748,0,0,0,101,0,0,0,0,43643
181749,0,0,0,101,0,0,0,0,43647
181750,0,0,0,101,0,0,0,0,41716
181751,0,0,0,101,0,0,0,0,41717
181752,0,0,0,101,0,0,0,0,41718
181753,0,0,0,101,0,0,0,0,41719
181754,0,0,0,101,0,0,0,0,41720
181755,0,0,0,101,0,0,0,0,41795
181756,0,0,0,101,0,0,0,0,41796
181757,0,0,0,101,0,0,0,0,41797
181758,0,0,0,101,0,0,0,0,41798
181759,0,0,0,101,0,0,0,0,41799
181761,0,0,0,101,0,0,0,0,41877
181762,0,0,0,101,0,0,0,0,41878
181763,0,0,0,101,0,0,0,0,41879
181764,0,0,0,101,0,0,0,0,41956
181765,0,0,0,101,0,0,0,0,41957
181766,0,0,0,101,0,0,0,0,41958
181767,0,0,0,101,0,0,0,0,41959
181768,0,0,0,101,0,0,0,0,41960
181769,0,0,0,101,0,0,0,0,42052
181771,0,0,0,101,0,0,0,0,42054
181772,0,0,0,101,0,0,0,0,42055
181773,0,0,0,101,0,0,0,0,42056
181774,0,0,0,101,0,0,0,0,42129
181775,0,0,0,101,0,0,0,0,42130
181776,0,0,0,101,0,0,0,0,42131
181777,0,0,0,101,0,0,0,0,42132
181778,0,0,0,101,0,0,0,0,42243
181779,0,0,0,101,0,0,0,0,42244
181780,0,0,0,101,0,0,0,0,42245
181781,0,0,0,101,0,0,0,0,42246
181782,0,0,0,101,0,0,0,0,42247
181783,0,0,0,101,0,0,0,0,42356
181784,0,0,0,101,0,0,0,0,42357
181785,0,0,0,101,0,0,0,0,42359
181786,0,0,0,101,0,0,0,0,42364
181789,0,0,0,101,0,0,0,0,42466
181790,0,0,0,101,0,0,0,0,42471
181791,0,0,0,101,0,0,0,0,42477
181793,0,0,0,101,0,0,0,0,42598
181797,0,0,0,101,0,0,0,0,42731
181799,0,0,0,101,0,0,0,0,42733
181800,0,0,0,101,0,0,0,0,42734
181801,0,0,0,101,0,0,0,0,42735
181802,0,0,0,101,0,0,0,0,42974
181803,0,0,0,101,0,0,0,0,42976
181804,0,0,0,101,0,0,0,0,42992
181805,0,0,0,101,0,0,0,0,42993
181806,0,0,0,101,0,0,0,0,43215
181807,0,0,0,101,0,0,0,0,43216
181808,0,0,0,101,0,0,0,0,43217
181809,0,0,0,101,0,0,0,0,43218
181810,0,0,0,101,0,0,0,0,43219
181811,0,0,0,101,0,0,0,0,43383
181812,0,0,0,101,0,0,0,0,43396
181813,0,0,0,101,0,0,0,0,43398
181814,0,0,0,101,0,0,0,0,43405
181815,0,0,0,101,0,0,0,0,43406
181816,0,0,0,101,0,0,0,0,43518
181817,0,0,0,101,0,0,0,0,43519
181818,0,0,0,101,0,0,0,0,43520
181819,0,0,0,101,0,0,0,0,43521
181820,0,0,0,101,0,0,0,0,41639
181821,0,0,0,101,0,0,0,0,41640
181822,0,0,0,101,0,0,0,0,41641
181823,0,0,0,101,0,0,0,0,41642
181824,0,0,0,101,0,0,0,0,41643
181825,0,0,0,101,0,0,0,0,41721
181826,0,0,0,101,0,0,0,0,41722
181827,0,0,0,101,0,0,0,0,41723
181828,0,0,0,101,0,0,0,0,41724
181829,0,0,0,101,0,0,0,0,41725
181830,0,0,0,101,0,0,0,0,41800
181831,0,0,0,101,0,0,0,0,41801
181832,0,0,0,101,0,0,0,0,41802
181833,0,0,0,101,0,0,0,0,41803
181834,0,0,0,101,0,0,0,0,41804
181835,0,0,0,101,0,0,0,0,41880
181836,0,0,0,101,0,0,0,0,41881
181837,0,0,0,101,0,0,0,0,41882
181838,0,0,0,101,0,0,0,0,41883
181839,0,0,0,101,0,0,0,0,41884
181840,0,3,0,101,0,0,0,0,41961
181841,0,0,0,101,0,0,0,0,41962
181843,0,0,0,101,0,0,0,0,41964
181844,0,0,0,101,0,0,0,0,42057
181846,0,0,0,101,0,0,0,0,42059
181847,0,0,0,101,0,0,0,0,42060
181848,0,0,0,101,0,0,0,0,42061
181849,0,0,0,101,0,0,0,0,42133
181851,0,0,90000,25,0,0,40,0,42135
181852,0,0,90000,25,0,0,40,0,42136
181854,0,0,0,101,0,0,0,0,42248
181855,0,0,0,101,0,0,0,0,42249
181856,0,0,0,101,0,0,0,0,42250
181857,0,0,0,101,0,0,0,0,42251
181858,0,0,0,101,0,0,0,0,42367
181859,0,0,0,100,0,0,16384,0,42368
181860,0,0,0,100,0,0,4,0,42369
181861,0,0,0,100,0,0,16384,0,42370
181862,0,0,0,101,0,0,0,0,42478
181863,0,0,0,101,0,0,0,0,42479
181864,0,0,0,101,0,0,0,0,42480
181865,0,0,0,101,0,0,0,0,42481
181866,0,0,0,101,0,0,0,0,42483
181868,0,0,0,101,0,0,0,0,42603
181869,0,0,0,101,0,0,0,0,42604
181870,0,0,0,101,0,0,0,0,42605
181871,0,0,0,101,0,0,0,0,42606
181874,0,0,0,101,0,0,0,0,42741
181875,0,0,0,101,0,0,0,0,42744
181876,0,0,0,101,0,0,0,0,42745
181877,0,0,0,101,0,0,0,0,42994
181878,0,0,0,101,0,0,0,0,43005
181879,0,0,0,101,0,0,0,0,43034
181880,0,0,0,101,0,0,0,0,43049
181881,0,0,0,101,0,0,0,0,43050
181882,0,0,0,101,0,0,0,0,43240
181883,0,0,0,101,0,0,0,0,43242
181884,0,10,0,101,0,0,0,0,43243
181885,0,0,0,101,0,0,0,0,43244
181886,0,0,0,101,0,0,0,0,43245
181887,0,0,0,101,0,0,0,0,43411
181888,0,0,0,101,0,0,0,0,43418
181889,0,0,0,101,0,0,0,0,43420
181890,0,0,0,101,0,0,0,0,43421
181891,0,0,0,101,0,0,0,0,43522
181892,0,0,0,101,0,0,0,0,43523
181893,0,0,0,101,0,0,0,0,43524
181894,0,0,0,101,0,0,0,0,43525
181895,0,0,0,101,0,0,0,0,41644
181896,0,0,0,101,0,0,0,0,41645
181897,0,0,0,101,0,0,0,0,41646
181898,0,0,0,101,0,0,0,0,41647
181899,0,0,0,101,0,0,0,0,41648
181900,0,0,0,101,0,0,0,0,41726
181901,0,0,0,101,0,0,0,0,41727
181902,0,0,0,101,0,0,0,0,41728
181903,0,0,0,101,0,0,0,0,41729
181904,0,0,0,101,0,0,0,0,41730
181905,0,0,0,101,0,0,0,0,41805
181906,0,0,0,101,0,0,0,0,41806
181907,0,0,0,101,0,0,0,0,41807
181908,0,0,0,101,0,0,0,0,41808
181909,0,0,0,101,0,0,0,0,41809
181910,0,0,0,101,0,0,0,0,41885
181911,0,0,0,101,0,0,0,0,41886
181912,0,0,0,101,0,0,0,0,41887
181913,0,0,0,101,0,0,0,0,41888
181914,0,0,0,101,0,0,0,0,41889
181915,0,10,0,101,0,0,0,0,41965
181916,0,0,0,101,0,0,0,0,41966
181918,0,0,0,101,0,0,0,0,41968
181919,0,0,0,101,0,0,0,0,41969
181920,0,0,0,101,0,0,0,0,42062
181921,0,0,0,101,0,0,0,0,42063
181922,0,0,0,101,0,0,0,0,42064
181923,0,0,0,101,0,0,0,0,42065
181924,0,0,0,101,0,0,0,0,42066
181925,0,0,0,101,0,0,0,0,42138
181926,0,0,0,101,0,0,0,0,42139
181927,0,0,0,101,0,0,0,0,42140
181928,0,0,0,101,0,0,0,0,42142
181929,0,0,0,101,0,0,0,0,42143
181930,0,0,0,101,0,0,0,0,42254
181931,0,0,0,101,0,0,0,0,42255
181932,0,0,0,101,0,0,0,0,42256
181933,0,0,0,101,0,0,0,0,42257
181934,0,0,0,101,0,0,0,0,42258
181935,0,0,0,100,0,0,4,0,42371
181936,0,0,0,101,0,0,0,0,42372
181937,0,0,0,101,0,0,0,0,42373
181938,0,0,0,101,0,0,0,0,42374
181939,0,0,0,101,0,0,0,0,42375
181940,0,0,0,101,0,0,0,0,42485
181941,0,0,0,101,0,0,0,0,42486
181942,0,0,0,101,0,0,0,0,42488
181943,0,0,0,101,0,0,0,0,42489
181944,0,0,0,101,0,0,0,0,42490
181945,0,0,0,101,0,0,0,0,42491
181946,0,0,0,101,0,0,0,0,42607
181947,0,0,0,101,0,0,0,0,42608
181948,0,0,0,101,0,0,0,0,42609
181949,0,0,0,101,0,0,0,0,42610
181951,0,0,0,101,0,0,0,0,42746
181952,0,0,0,101,0,0,0,0,42747
181953,0,0,0,101,0,0,0,0,42752
181955,0,0,0,101,0,0,0,0,42754
181956,0,101,0,101,0,0,0,0,43052
181957,0,0,0,101,0,0,0,0,43073
181958,0,0,0,101,0,0,0,0,43090
181959,0,0,0,101,0,0,0,0,43093
181960,0,99,0,101,0,0,0,0,43246
181961,0,0,0,101,0,0,0,0,43249
181963,0,0,0,101,0,0,0,0,43255
181964,0,0,0,101,0,0,0,0,43256
181965,0,0,0,101,0,0,0,0,43422
181966,0,0,0,101,0,0,0,0,43423
181967,0,0,0,101,0,0,0,0,43424
181968,0,0,0,101,0,0,0,0,43425
181969,0,0,0,100,0,0,-2146819416,0,43426
181970,0,0,0,101,0,0,0,0,43526
181971,0,0,0,101,0,0,0,0,43527
181972,0,0,0,101,0,0,0,0,43528
181973,0,0,0,101,0,0,0,0,43529
181974,0,0,0,101,0,0,0,0,41649
181975,0,0,0,101,0,0,0,0,41650
181976,0,0,0,101,0,0,0,0,41651
181977,0,0,0,101,0,0,0,0,41652
181978,0,0,0,101,0,0,0,0,41653
181979,0,0,0,101,0,0,0,0,41731
181980,0,0,0,101,0,0,0,0,41732
181981,0,0,0,101,0,0,0,0,41733
181982,0,0,0,101,0,0,0,0,41734
181983,0,0,0,101,0,0,0,0,41736
181984,0,0,0,101,0,0,0,0,41810
181985,0,0,0,101,0,0,0,0,41811
181986,0,0,0,101,0,0,0,0,41812
181987,0,0,0,101,0,0,0,0,41813
181988,0,0,0,101,0,0,0,0,41814
181989,0,0,0,101,0,0,0,0,41890
181990,0,0,0,101,0,0,0,0,41891
181991,0,0,0,101,0,0,0,0,41892
181992,0,0,0,101,0,0,0,0,41893
181993,0,0,0,101,0,0,0,0,41971
181994,0,0,0,101,0,0,0,0,41972
181995,0,0,0,101,0,0,0,0,41973
181996,0,0,0,101,0,0,0,0,41974
181997,0,0,0,101,0,0,0,0,41975
181998,0,0,0,101,0,0,0,0,42067
181999,0,0,0,101,0,0,0,0,42068
182000,0,0,0,101,0,0,0,0,42069
182001,0,0,0,101,0,0,0,0,42070
182002,0,0,0,101,0,0,0,0,42144
182003,0,0,0,101,0,0,0,0,42145
182004,0,0,0,101,0,0,0,0,42146
182006,0,0,0,101,0,0,0,0,42149
182007,0,0,0,101,0,0,0,0,42259
182008,0,0,0,101,0,0,0,0,42260
182009,0,0,0,101,0,0,0,0,42261
182010,0,0,0,101,0,0,0,0,42262
182011,0,0,0,101,0,0,0,0,42263
182012,0,0,0,101,0,0,0,0,42376
182013,0,0,0,101,0,0,0,0,42377
182014,0,0,0,101,0,0,0,0,42379
182015,0,0,0,101,0,0,0,0,42380
182016,0,0,0,101,0,0,0,0,42492
182017,0,0,0,101,0,0,0,0,42493
182018,0,0,0,101,0,0,0,0,42495
182019,0,0,0,101,0,0,0,0,42496
182020,0,0,0,101,0,0,0,0,42613
182022,0,0,0,101,0,0,0,0,42615
182024,0,0,0,101,0,0,0,0,42755
182025,0,0,0,101,0,0,0,0,42757
182026,0,0,0,101,0,0,0,0,42758
182027,0,0,20000,33,0,0,1,0,42760
182028,0,0,0,101,0,0,0,0,42761
182029,0,0,0,101,0,0,0,0,43095
182030,0,0,0,101,0,0,0,0,43096
182031,0,0,0,101,0,0,0,0,43097
182032,0,0,0,101,0,0,0,0,43098
182034,0,0,0,101,0,0,0,0,43257
182035,0,0,0,101,0,0,0,0,43258
182037,0,0,0,101,0,0,0,0,43260
182038,0,0,0,101,0,0,0,0,43261
182039,0,0,0,101,0,0,0,0,43262
182040,0,0,0,101,0,0,0,0,43427
182041,0,0,0,101,0,0,0,0,43428
182042,0,0,0,101,0,0,0,0,43429
182043,0,0,0,101,0,0,0,0,43430
182044,0,0,0,101,0,0,0,0,43530
182045,0,0,0,101,0,0,0,0,43533
182046,0,0,0,101,0,0,0,0,43534
182047,0,20,0,101,0,0,0,0,43535
182049,0,0,0,101,0,0,0,0,41654
182050,0,0,0,101,0,0,0,0,41655
182051,0,0,0,101,0,0,0,0,41656
182052,0,0,0,101,0,0,0,0,41657
182053,0,0,0,101,0,0,0,0,41737
182054,0,0,0,101,0,0,0,0,41738
182055,0,0,0,101,0,0,0,0,41739
182056,0,0,0,101,0,0,0,0,41740
182057,0,0,0,101,0,0,0,0,41741
182058,0,0,0,101,0,0,0,0,41815
182059,0,0,0,101,0,0,0,0,41816
182060,0,0,0,101,0,0,0,0,41817
182061,0,0,0,101,0,0,0,0,41818
182062,0,0,0,101,0,0,0,0,41819
182063,0,0,0,101,0,0,0,0,41894
182064,0,0,0,101,0,0,0,0,41895
182065,0,0,0,101,0,0,0,0,41896
182066,0,0,0,101,0,0,0,0,41897
182067,0,0,0,101,0,0,0,0,41898
182070,0,0,0,101,0,0,0,0,41978
182072,0,0,0,101,0,0,0,0,42071
182073,0,0,0,101,0,0,0,0,42072
182074,0,0,0,101,0,0,0,0,42073
182075,0,0,0,101,0,0,0,0,42074
182076,0,0,0,101,0,0,0,0,42075
182077,0,0,0,101,0,0,0,0,42076
182078,0,0,0,101,0,0,0,0,42150
182079,0,0,0,101,0,0,0,0,42151
182080,0,5,0,101,0,0,0,0,42152
182082,0,0,0,101,0,0,0,0,42154
182083,0,0,0,101,0,0,0,0,42155
182084,0,0,0,101,0,0,0,0,42264
182085,0,0,0,101,0,0,0,0,42265
182086,0,0,0,101,0,0,0,0,42269
182087,0,0,0,101,0,0,0,0,42270
182088,0,0,0,101,0,0,0,0,42271
182089,0,0,0,101,0,0,0,0,42272
182090,0,0,0,101,0,0,0,0,42381
182091,0,0,0,101,0,0,0,0,42382
182092,0,0,0,101,0,0,0,0,42383
182093,0,0,0,101,0,0,0,0,42384
182094,0,0,0,101,0,0,0,0,42385
182095,0,0,0,101,0,0,0,0,42497
182096,0,0,0,101,0,0,0,0,42498
182097,0,0,0,101,0,0,0,0,42499
182098,0,0,0,101,0,0,0,0,42500
182099,0,0,0,101,0,0,0,0,42501
182100,0,0,0,101,0,0,0,0,42620
182101,0,0,0,101,0,0,0,0,42621
182102,0,0,0,101,0,0,0,0,42622
182103,0,0,0,101,0,0,0,0,42623
182104,0,0,0,101,0,0,0,0,42624
182105,0,0,0,101,0,0,0,0,42625
182106,0,0,0,101,0,0,0,0,42762
182107,0,0,0,101,0,0,0,0,42766
182108,0,0,0,101,0,0,0,0,42768
182109,0,0,0,101,0,0,0,0,42773
182110,0,0,0,101,0,0,0,0,42774
182111,0,0,0,101,0,0,0,0,42775
182112,0,0,0,101,0,0,0,0,43100
182113,0,0,0,101,0,0,0,0,43101
182114,0,0,0,101,0,0,0,0,43104
182115,0,0,0,101,0,0,1,0,43105
182116,0,0,0,101,0,0,0,0,43263
182117,0,0,0,101,0,0,0,0,43264
182118,0,0,0,101,0,0,0,0,43265
182119,0,0,0,101,0,0,0,0,43267
182120,0,0,0,101,0,0,0,0,43431
182121,0,0,0,101,0,0,0,0,43432
182122,0,0,0,101,0,0,0,0,43433
182123,0,0,0,101,0,0,0,0,43435
182126,0,0,0,101,0,0,0,0,43541
182127,0,99,0,101,0,0,0,0,43545
182128,0,0,0,101,0,0,0,0,43547
182129,0,0,0,101,0,0,0,0,41658
182130,0,0,0,101,0,0,0,0,41659
182131,0,0,0,101,0,0,0,0,41660
182132,0,0,0,101,0,0,0,0,41661
182133,0,0,0,101,0,0,0,0,41662
182134,0,0,0,101,0,0,0,0,41742
182135,0,0,0,101,0,0,0,0,41743
182136,0,0,0,101,0,0,0,0,41744
182137,0,0,0,101,0,0,0,0,41745
182138,0,0,0,101,0,0,0,0,41746
182139,0,0,0,101,0,0,0,0,41821
182140,0,0,0,101,0,0,0,0,41822
182141,0,0,0,101,0,0,0,0,41823
182143,0,0,0,101,0,0,0,0,41825
182144,0,0,0,101,0,0,0,0,41899
182145,0,0,0,101,0,0,0,0,41900
182146,0,0,0,101,0,0,0,0,41901
182147,0,0,0,101,0,0,0,0,41902
182148,0,0,0,101,0,0,0,0,41903
182149,0,0,0,101,0,0,0,0,41980
182150,0,0,0,101,0,0,0,0,41981
182151,0,0,0,101,0,0,0,0,41982
182152,0,0,0,101,0,0,0,0,41983
182153,0,0,0,101,0,0,0,0,41984
182154,0,0,0,101,0,0,0,0,42077
182155,0,0,0,101,0,0,0,0,42078
182156,0,0,0,101,0,0,0,0,42079
182157,0,0,0,101,0,0,0,0,42080
182158,0,0,0,101,0,0,0,0,42081
182160,0,0,0,101,0,0,0,0,42157
182161,0,0,0,101,0,0,0,0,42158
182162,0,0,0,101,0,0,0,0,42159
182163,0,0,0,101,0,0,0,0,42160
182164,0,0,0,101,0,0,0,0,42273
182165,0,0,0,101,0,0,0,0,42275
182166,0,0,0,101,0,0,0,0,42277
182167,0,0,0,101,0,0,0,0,42280
182168,0,0,0,101,0,0,0,0,42281
182169,0,0,0,101,0,0,0,0,42283
182170,0,0,0,101,0,0,0,0,42386
182171,0,0,0,101,0,0,0,0,42389
182172,0,0,0,101,0,0,0,0,42390
182173,0,0,0,101,0,0,65536,0,42391
182174,0,0,0,101,0,0,0,0,42393
182175,0,0,0,101,0,0,0,0,42502
182176,0,0,0,101,0,0,0,0,42504
182177,0,0,0,101,0,0,0,0,42505
182178,0,0,0,101,0,0,0,0,42507
182179,0,0,0,101,0,0,0,0,42510
182180,0,0,0,101,0,0,0,0,42626
182181,0,0,0,101,0,0,0,0,42627
182182,0,0,0,101,0,0,0,0,42628
182183,0,0,0,101,0,0,0,0,42629
182184,0,0,0,101,0,0,0,0,42630
182185,0,0,0,101,0,0,0,0,42631
182186,0,0,0,101,0,0,0,0,42776
182189,0,0,0,101,0,0,0,0,42781
182190,0,0,0,101,0,0,0,0,43107
182191,0,0,0,101,0,0,0,0,43108
182192,0,0,0,101,0,0,0,0,43110
182193,0,0,0,101,0,0,0,0,43111
182194,0,0,0,101,0,0,0,0,43268
182195,0,0,0,101,0,0,0,0,43271
182196,0,0,0,101,0,0,0,0,43272
182197,0,0,0,101,0,0,0,0,43273
182198,0,0,0,101,0,0,0,0,43274
182199,0,0,0,101,0,0,0,0,43436
182200,0,0,0,101,0,0,0,0,43437
182201,0,0,0,101,0,0,0,0,43438
182202,0,0,0,101,0,0,0,0,43439
182203,0,0,0,101,0,0,0,0,43548
182204,0,0,0,101,0,0,0,0,43549
182205,0,0,0,101,0,0,0,0,43550
182207,0,0,0,101,0,0,0,0,43552
182208,0,0,0,101,0,0,0,0,43561
182209,0,0,0,101,0,0,0,0,41664
182210,0,0,0,101,0,0,0,0,41665
182211,0,0,0,101,0,0,0,0,41666
182212,0,0,0,101,0,0,0,0,41667
182213,0,0,0,101,0,0,0,0,41668
182214,0,0,0,101,0,0,0,0,41747
182215,0,0,0,101,0,0,0,0,41748
182216,0,0,0,101,0,0,0,0,41749
182217,0,0,0,101,0,0,0,0,41750
182218,0,0,0,101,0,0,0,0,41751
182219,0,0,0,101,0,0,0,0,41826
182220,0,0,0,101,0,0,0,0,41827
182221,0,0,0,101,0,0,0,0,41828
182222,0,0,0,101,0,0,0,0,41829
182223,0,0,0,101,0,0,0,0,41904
182224,0,0,0,101,0,0,0,0,41905
182225,0,0,0,101,0,0,0,0,41906
182226,0,0,0,101,0,0,0,0,41907
182227,0,0,0,101,0,0,0,0,41908
182228,0,0,0,101,0,0,0,0,41985
182229,0,0,0,100,0,0,4,0,41986
182230,0,0,0,101,0,0,0,0,41988
182231,0,0,0,100,0,0,20,0,41989
182232,0,0,0,101,0,0,0,0,41990
182233,0,0,0,101,0,0,0,0,42082
182234,0,0,45000,10,0,0,340,0,42083
182235,0,0,0,101,0,0,0,0,42084
182236,0,0,0,101,0,0,0,0,42085
182237,0,0,0,101,0,0,0,0,42161
182239,0,0,0,101,0,0,0,0,42164
182240,0,0,0,101,0,0,0,0,42165
182241,0,0,0,101,0,0,0,0,42169
182242,0,0,0,101,0,0,0,0,42285
182243,0,0,0,101,0,0,0,0,42287
182244,0,0,0,101,0,0,0,0,42288
182245,0,0,0,101,0,0,0,0,42289
182246,0,0,0,101,0,0,0,0,42290
182247,0,0,0,101,0,0,0,0,42291
182248,0,0,0,101,0,0,0,0,42394
182249,0,0,0,101,0,0,0,0,42395
182250,0,0,0,101,0,0,0,0,42396
182251,0,0,0,101,0,0,0,0,42397
182252,0,0,0,101,0,0,0,0,42511
182253,0,0,0,101,0,0,0,0,42512
182254,0,0,0,101,0,0,0,0,42514
182255,0,0,0,101,0,0,0,0,42515
182256,0,0,0,101,0,0,0,0,42516
182257,0,0,0,101,0,0,0,0,42517
182258,0,0,0,101,0,0,0,0,42637
182259,0,0,0,101,0,0,0,0,42638
182260,0,0,0,101,0,0,0,0,42644
182261,0,0,0,101,0,0,0,0,42647
182262,0,0,0,101,0,0,0,0,42648
182263,0,0,0,101,0,0,0,0,42650
182264,0,0,0,101,0,0,0,0,42783
182265,0,0,0,101,0,0,0,0,42784
182266,0,0,0,101,0,0,0,0,42787
182267,0,0,0,101,0,0,0,0,42791
182268,0,0,0,101,0,0,0,0,42792
182269,0,0,0,101,0,0,0,0,43112
182270,0,0,0,101,0,0,0,0,43113
182271,0,0,0,101,0,0,0,0,43114
182272,0,0,0,101,0,0,0,0,43116
182273,0,0,0,101,0,0,0,0,43118
182274,0,0,0,101,0,0,0,0,43119
182275,0,0,0,101,0,0,0,0,43290
182276,0,0,0,101,0,0,0,0,43292
182277,0,0,0,101,0,0,0,0,43293
182278,0,0,0,101,0,0,0,0,43294
182280,0,0,0,101,0,0,0,0,43440
182281,0,0,0,101,0,0,0,0,43441
182282,0,0,0,101,0,0,0,0,43442
182283,0,0,0,101,0,0,0,0,45417
182284,0,0,0,101,0,0,0,0,45418
182285,0,0,0,101,0,0,0,0,45421
182286,0,0,0,101,0,0,0,0,45422
182287,0,0,0,101,0,0,0,0,45423
182288,0,0,0,101,0,0,0,0,45671
182289,0,0,0,101,0,0,0,0,45676
182290,0,0,0,101,0,0,0,0,45679
182291,0,0,0,101,0,0,0,0,45680
182294,0,0,0,101,0,0,0,0,43696
182295,0,0,0,101,0,0,0,0,43697
182296,0,0,0,101,0,0,0,0,43698
182297,0,0,0,101,0,0,0,0,43699
182298,0,0,0,2,0,0,20,0,43816
182299,0,0,0,100,2,0,20,0,43817
182300,0,0,0,2,0,0,65536,0,43818
182301,0,0,0,101,0,0,0,0,43921
182302,0,0,0,101,0,0,0,0,43922
182303,0,0,0,101,0,0,0,0,43923
182304,0,0,0,101,0,0,0,0,43924
182305,0,0,0,101,0,0,0,0,43925
182310,0,0,0,101,0,0,0,0,44053
182311,0,0,0,101,0,0,0,0,44054
182312,0,0,0,100,0,0,-2146819416,0,44141
182313,0,0,0,101,0,0,0,0,44142
182314,0,0,0,101,0,0,0,0,44144
182315,0,0,0,101,0,0,0,0,44271
182316,0,0,0,101,0,0,0,0,44272
182317,0,0,0,101,0,0,0,0,44273
182318,0,0,0,101,0,0,0,0,44274
182320,0,0,0,101,0,0,0,0,44415
182321,0,0,0,101,0,0,0,0,44416
182322,0,0,0,101,0,0,0,0,44417
182324,0,0,0,101,0,0,0,0,44735
182326,0,0,0,101,0,0,0,0,44738
182327,0,0,0,101,0,0,0,0,44740
182328,0,0,0,101,0,0,0,0,44742
182329,0,0,0,101,0,0,0,0,44868
182330,0,0,0,101,0,0,0,0,44869
182332,0,0,0,101,0,0,0,0,44871
182333,0,0,0,101,0,0,0,0,44872
182336,0,0,0,101,0,0,0,0,44953
182337,0,0,0,101,0,0,0,0,44955
182338,0,0,0,101,0,0,0,0,44956
182340,0,0,0,101,0,0,0,0,45036
182341,0,0,0,101,0,0,0,0,45038
182342,0,0,0,101,0,0,0,0,45039
182344,0,0,0,101,0,0,0,0,45119
182345,0,0,0,101,0,0,0,0,45120
182346,0,0,0,101,0,0,0,0,45121
182347,0,0,0,101,0,0,0,0,45122
182348,0,0,0,101,0,0,0,0,45201
182349,0,0,0,101,0,0,0,0,45202
182350,0,0,0,101,0,0,0,0,45203
182351,0,0,0,101,0,0,0,0,45204
182352,0,0,0,40,0,0,40,0,45205
182353,0,0,0,101,0,0,0,0,45290
182354,0,0,0,101,0,0,0,0,45291
182355,0,0,0,101,0,0,0,0,45292
182356,0,0,0,101,0,0,0,0,45293
182357,0,0,0,101,0,0,0,0,45426
182358,0,0,0,101,0,0,0,0,45427
182362,0,0,0,101,0,0,0,0,45431
182364,0,0,0,101,0,0,0,0,45690
182365,0,999,0,101,0,0,0,0,45693
182366,0,0,0,101,0,0,0,0,45694
182367,0,0,0,101,0,0,0,0,45695
182368,0,0,0,101,0,0,0,0,43706
182369,0,0,0,101,0,0,0,0,43707
182371,0,0,0,100,0,0,16384,0,43710
182372,0,0,0,100,1,0,82176,0,43819
182373,0,0,0,2,0,0,16384,0,43820
182374,0,0,0,101,0,0,0,0,43821
182375,0,0,0,2,0,0,40,0,43822
182376,0,0,0,101,0,0,0,0,43926
182377,0,0,0,101,0,0,0,0,43927
182378,0,0,0,101,0,0,0,0,43933
182379,0,0,0,101,0,0,0,0,43941
182380,0,0,0,101,0,0,0,0,43942
182381,0,0,0,101,0,0,0,0,44055
182382,0,0,0,101,0,0,0,0,44056
182383,0,0,0,101,0,0,0,0,44057
182384,0,0,0,101,0,0,0,0,44058
182385,0,0,0,101,0,0,0,0,44059
182386,0,0,0,101,0,0,0,0,44060
182387,0,0,0,101,0,0,0,0,44061
182388,0,0,0,101,0,0,0,0,44151
182389,0,0,0,101,0,0,0,0,44153
182391,0,0,0,101,0,0,0,0,44155
182392,0,0,0,101,0,0,0,0,44276
182394,0,0,0,101,0,0,0,0,44279
182395,0,0,0,101,0,0,0,0,44281
182396,0,0,0,101,0,0,0,0,44285
182397,0,0,0,101,0,0,0,0,44418
182398,0,0,0,101,0,0,0,0,44426
182399,0,0,0,101,0,0,0,0,44429
182400,0,0,0,101,0,0,0,0,44430
182401,0,0,0,101,0,0,0,0,44431
182402,0,0,0,101,0,0,0,0,44432
182403,0,0,0,101,0,0,0,0,44743
182404,0,0,0,101,0,0,0,0,44744
182405,0,0,0,101,0,0,0,0,44750
182406,0,0,0,101,0,0,0,0,44751
182407,0,0,0,101,0,0,0,0,44752
182408,0,0,0,101,0,0,0,0,44873
182409,0,0,0,101,0,0,0,0,44874
182410,0,0,0,101,0,0,0,0,44875
182411,0,0,0,101,0,0,0,0,44876
182412,0,0,0,101,0,0,0,0,44877
182413,0,0,0,101,0,0,0,0,44879
182414,0,0,0,101,0,0,0,0,44957
182415,0,0,0,101,0,0,0,0,44958
182417,0,0,0,101,0,0,0,0,44960
182419,0,0,0,100,0,0,340,0,45040
182420,0,10,0,101,0,0,0,0,45041
182421,0,0,0,101,0,0,0,0,45042
182422,0,0,0,101,0,0,0,0,45123
182423,0,0,0,101,0,0,0,0,45124
182424,0,0,0,101,0,0,0,0,45125
182425,0,0,0,101,0,0,0,0,45126
182426,0,0,0,101,0,0,0,0,45127
182427,0,0,0,101,0,0,0,0,45206
182428,0,0,0,101,0,0,0,0,45207
182429,0,0,0,101,0,0,0,0,45208
182430,0,0,0,101,0,0,0,0,45209
182432,0,0,0,101,0,0,0,0,45211
182433,0,0,0,101,0,0,0,0,45294
182434,0,0,0,101,0,0,0,0,45295
182435,0,0,0,101,0,0,0,0,45296
182436,0,0,0,101,0,0,0,0,45297
182437,0,0,0,101,0,0,0,0,45432
182438,0,0,0,101,0,0,0,0,45437
182439,0,0,0,101,0,0,0,0,45438
182441,0,0,0,101,0,0,0,0,45696
182442,0,0,0,101,0,0,0,0,45697
182443,0,0,0,101,0,0,0,0,45698
182444,0,0,0,101,0,0,0,0,45699
182445,0,0,0,101,0,0,0,0,45714
182446,0,0,0,101,0,0,0,0,45715
182447,0,0,0,101,0,0,0,0,43711
182448,0,0,0,101,0,0,0,0,43712
182449,0,0,0,101,0,0,0,0,43713
182450,0,50,0,101,0,0,0,0,43714
182451,0,0,0,101,0,0,0,0,43715
182452,0,0,0,100,2,0,680,0,43823
182453,0,0,0,101,0,0,0,0,43824
182454,0,0,0,101,0,0,0,0,43825
182455,0,0,0,101,0,0,0,0,43826
182456,0,0,0,101,0,0,0,0,43833
182457,0,0,0,101,0,0,0,0,43943
182459,0,0,0,101,0,0,4,0,43945
182462,0,0,0,101,0,0,0,0,43948
182463,0,0,0,101,0,0,0,0,44062
182464,0,0,0,101,0,0,0,0,44063
182465,0,0,0,101,0,0,0,0,44064
182466,0,0,0,101,0,0,0,0,44065
182467,0,0,0,101,0,0,0,0,44066
182468,0,0,0,101,0,0,0,0,44067
182469,0,0,0,101,0,0,0,0,44068
182470,0,0,0,101,0,0,0,0,44157
182472,0,0,0,101,0,0,0,0,44163
182473,0,0,0,101,0,0,0,0,44164
182474,0,0,0,101,0,0,0,0,44286
182476,0,0,0,101,0,0,0,0,44289
182477,0,0,0,101,0,0,0,0,44290
182478,0,0,0,101,0,0,0,0,44434
182479,0,0,0,101,0,0,0,0,44436
182480,0,0,0,101,0,0,0,0,44447
182481,0,0,0,101,0,0,0,0,44451
182482,0,0,0,101,0,0,0,0,44452
182483,0,0,0,101,0,0,0,0,44753
182484,0,0,0,101,0,0,0,0,44755
182485,0,0,0,101,0,0,0,0,44756
182486,0,0,0,101,0,0,0,0,44757
182487,0,0,0,101,0,0,0,0,44758
182488,0,0,0,101,0,0,0,0,44880
182489,0,0,0,101,0,0,0,0,44881
182490,0,0,0,101,0,0,0,0,44882
182491,0,0,0,101,0,0,0,0,44883
182492,0,0,0,101,0,0,0,0,44884
182493,0,0,0,101,0,0,0,0,44885
182494,0,0,0,101,0,0,0,0,44968
182495,0,0,0,101,0,0,0,0,44969
182496,0,0,0,101,0,0,0,0,44970
182498,0,0,0,101,0,0,0,0,45043
182499,0,0,0,101,0,0,0,0,45044
182500,0,0,0,101,0,0,0,0,45046
182501,0,0,0,101,0,0,0,0,45048
182502,0,0,0,101,0,0,0,0,45049
182503,0,0,0,101,0,0,0,0,45128
182504,0,0,0,101,0,0,0,0,45129
182505,0,0,0,101,0,0,0,0,45130
182506,0,0,0,101,0,0,0,0,45131
182507,0,0,0,101,0,0,0,0,45132
182508,0,0,0,101,0,0,0,0,45212
182509,0,0,0,101,0,0,0,0,45213
182510,0,0,0,101,0,0,0,0,45214
182511,0,0,0,101,0,0,0,0,45215
182512,0,0,0,101,0,0,0,0,45216
182513,0,0,0,101,0,0,0,0,45298
182514,0,0,0,101,0,0,0,0,45299
182515,0,0,0,101,0,0,0,0,45300
182516,0,0,0,101,0,0,0,0,45440
182517,0,0,0,101,0,0,0,0,45442
182518,0,0,0,101,0,0,0,0,45443
182519,0,0,45000,30,0,0,69700,0,45444
182520,0,0,0,101,0,0,0,0,45455
182521,0,0,0,101,0,0,0,0,45716
182522,0,0,0,101,0,0,0,0,45717
182523,0,0,0,101,0,0,0,0,45719
182524,0,0,0,101,0,0,0,0,45720
182525,0,0,0,101,0,0,0,0,45722
182526,0,0,0,101,0,0,0,0,43716
182527,0,0,0,101,0,0,0,0,43717
182528,0,0,0,101,0,0,0,0,43718
182529,0,0,0,101,0,0,0,0,43719
182530,0,0,0,101,0,0,0,0,43720
182531,0,0,0,101,0,0,0,0,43835
182532,0,0,0,100,1,0,16384,0,43837
182534,0,0,0,101,0,0,0,0,43839
182535,0,0,0,101,0,0,0,0,43840
182536,0,0,0,101,0,0,0,0,43949
182537,0,0,0,101,0,0,0,0,43950
182538,0,0,0,101,0,0,0,0,43953
182539,0,0,0,101,0,0,0,0,43954
182540,0,0,0,101,0,0,0,0,43957
182541,0,0,0,101,0,0,0,0,43958
182542,0,0,0,101,0,0,0,0,43959
182543,0,0,0,101,0,0,0,0,44069
182544,0,0,0,101,0,0,0,0,44070
182545,0,0,0,101,0,0,0,0,44071
182546,0,0,0,101,0,0,0,0,44072
182547,0,0,0,101,0,0,0,0,44073
182548,0,0,0,101,0,0,0,0,44166
182549,0,0,0,101,0,0,0,0,44168
182550,0,0,0,101,0,0,0,0,44169
182551,0,0,0,101,0,0,0,0,44170
182552,0,0,0,101,0,0,0,0,44171
182554,0,0,0,101,0,0,0,0,44291
182555,0,0,0,101,0,0,0,0,44292
182556,0,0,0,101,0,0,0,0,44293
182557,0,0,0,101,0,0,0,0,44457
182558,0,0,0,101,0,0,0,0,44459
182559,0,0,0,101,0,0,0,0,44461
182560,0,0,0,101,0,0,0,0,44466
182561,0,0,0,101,0,0,0,0,44759
182562,0,0,0,101,0,0,0,0,44760
182563,0,0,0,101,0,0,0,0,44761
182564,0,0,0,101,0,0,0,0,44762
182567,0,0,0,101,0,0,0,0,44887
182568,0,0,0,101,0,0,0,0,44888
182569,0,0,0,101,0,0,0,0,44889
182570,0,0,0,101,0,0,0,0,44890
182571,0,0,0,101,0,0,0,0,44972
182572,0,0,0,101,0,0,0,0,44973
182573,0,0,0,101,0,0,0,0,44974
182574,0,0,0,101,0,0,0,0,44975
182575,0,0,0,101,0,0,0,0,45050
182576,0,0,0,101,0,0,0,0,45051
182577,0,0,0,101,0,0,0,0,45052
182578,0,0,0,101,0,0,0,0,45053
182579,0,0,0,101,0,0,0,0,45133
182580,0,0,0,101,0,0,0,0,45134
182581,0,0,0,101,0,0,0,0,45135
182582,0,0,0,101,0,0,0,0,45136
182583,0,0,0,101,0,0,0,0,45137
182584,0,0,0,101,0,0,0,0,45217
182585,0,0,0,101,0,0,0,0,45218
182586,0,0,0,101,0,0,0,0,45219
182587,0,0,0,101,0,0,0,0,45220
182588,0,0,0,101,0,0,0,0,45221
182589,0,0,0,101,0,0,0,0,45222
182590,0,0,0,101,0,0,0,0,45301
182591,0,0,0,101,0,0,0,0,45302
182592,0,0,0,101,0,0,0,0,45309
182593,0,0,0,101,0,0,0,0,45311
182594,0,0,0,101,0,0,0,0,45457
182595,0,0,0,101,0,0,0,0,45458
182596,0,0,0,101,0,0,0,0,45461
182597,0,0,0,101,0,0,0,0,45468
182598,0,0,0,101,0,0,0,0,45471
182599,0,0,0,101,0,0,0,0,45723
182600,0,99,0,101,0,0,0,0,45724
182601,0,0,0,101,0,0,0,0,45725
182602,0,0,0,101,0,0,0,0,45726
182603,0,0,0,101,0,0,0,0,45728
182605,0,0,0,101,0,0,0,0,43723
182606,0,0,0,101,0,0,0,0,43724
182607,0,0,0,101,0,0,0,0,43725
182608,0,0,0,101,0,0,0,0,43841
182609,0,0,0,101,0,0,0,0,43842
182610,0,0,0,101,0,0,0,0,43843
182611,0,0,0,101,0,0,0,0,43844
182612,0,0,0,101,0,0,0,0,43960
182613,0,0,0,101,0,0,0,0,43961
182614,0,0,0,101,0,0,0,0,43962
182615,0,0,0,101,0,0,0,0,43963
182616,0,0,0,101,0,0,0,0,43964
182617,0,0,0,101,0,0,0,0,43966
182618,0,0,0,101,0,0,0,0,44074
182619,0,0,0,101,0,0,0,0,44075
182620,0,0,0,101,0,0,0,0,44076
182621,0,0,0,101,0,0,0,0,44077
182622,0,0,0,101,0,0,0,0,44173
182623,0,0,0,101,0,0,0,0,44174
182624,0,0,0,101,0,0,0,0,44175
182625,0,0,0,101,0,0,0,0,44176
182626,0,0,0,101,0,0,0,0,44294
182627,0,0,0,101,0,0,0,0,44295
182628,0,0,0,101,0,0,0,0,44296
182629,0,0,0,101,0,0,0,0,44297
182630,0,0,0,101,0,0,0,0,44467
182631,0,0,0,101,0,0,0,0,44468
182632,0,0,0,101,0,0,0,0,44474
182633,0,0,0,101,0,0,0,0,44475
182634,0,0,0,101,0,0,0,0,44765
182637,0,0,0,101,0,0,0,0,44768
182638,0,0,0,101,0,0,0,0,44891
182639,0,0,0,101,0,0,0,0,44892
182640,0,0,0,101,0,0,0,0,44893
182641,0,0,0,101,0,0,0,0,44894
182642,0,0,0,101,0,0,0,0,44977
182643,0,0,0,101,0,0,0,0,44978
182644,0,0,0,101,0,0,0,0,44979
182645,0,0,0,101,0,0,0,0,44980
182646,0,0,15000,10,0,0,2359296,0,45054
182647,0,0,0,101,0,0,0,0,45055
182648,0,0,0,101,0,0,0,0,45056
182649,0,0,30000,100,0,0,40,0,45057
182651,0,0,0,101,0,0,0,0,45141
182655,0,0,0,101,0,0,0,0,45223
182656,0,0,0,101,0,0,0,0,45224
182657,0,0,0,101,0,0,0,0,45225
182658,0,0,0,101,0,0,0,0,45226
182659,0,0,0,101,0,0,0,0,45227
182660,0,0,0,101,0,0,0,0,45228
182661,0,0,0,101,0,0,0,0,45312
182662,0,0,0,101,0,0,0,0,45313
182663,0,0,0,101,0,0,0,0,45314
182664,0,0,0,101,0,0,0,0,45317
182665,0,0,0,101,0,0,0,0,45320
182666,0,0,0,101,0,0,0,0,45321
182667,0,0,0,101,0,0,0,0,45322
182668,0,0,0,101,0,0,0,0,45473
182669,0,0,0,101,0,0,0,0,45475
182670,0,0,0,101,0,0,0,0,45476
182671,0,0,0,101,0,0,0,0,45478
182672,0,0,0,101,0,0,0,0,45729
182673,0,0,0,101,0,0,0,0,45731
182674,0,0,0,101,0,0,0,0,45732
182675,0,0,0,101,0,0,0,0,45737
182676,0,0,0,101,0,0,0,0,45740
182677,0,0,0,100,0,0,16384,0,43726
182678,0,0,0,100,0,0,4,0,43727
182679,0,0,0,100,0,0,16384,0,43728
182680,0,0,0,100,0,0,4,0,43729
182681,0,0,0,101,0,0,0,0,43845
182682,0,0,0,101,0,0,0,0,43846
182684,0,0,0,101,0,0,0,0,43848
182685,0,0,0,101,0,0,0,0,43849
182686,0,0,0,101,0,0,0,0,43967
182687,0,0,0,101,0,0,0,0,43968
182688,0,0,0,101,0,0,0,0,43974
182689,0,0,0,101,0,0,0,0,43978
182690,0,0,0,101,0,0,0,0,43979
182693,0,0,0,101,0,0,0,0,44080
182694,0,0,0,101,0,0,0,0,44081
182695,0,0,0,101,0,0,0,0,44082
182696,0,0,0,101,0,0,0,0,44083
182697,0,0,0,101,0,0,0,0,44084
182698,0,0,0,101,0,0,0,0,44085
182699,0,0,0,101,0,0,0,0,44086
182700,0,0,0,101,0,0,0,0,44087
182701,0,0,0,100,0,0,-2146819416,0,44177
182702,0,0,0,101,0,0,0,0,44178
182703,0,0,0,101,0,0,0,0,44181
182704,0,0,0,101,0,0,0,0,44182
182705,0,0,0,101,0,0,0,0,44298
182706,0,0,0,101,0,0,0,0,44299
182707,0,0,0,101,0,0,0,0,44300
182708,0,0,0,101,0,0,0,0,44301
182709,0,0,0,101,0,0,0,0,44477
182711,0,0,0,101,0,0,0,0,44479
182712,0,0,100,100,0,0,65604,0,44480
182713,0,0,0,101,0,0,0,0,44481
182714,0,0,0,101,0,0,0,0,44769
182715,0,0,0,101,0,0,0,0,44770
182717,0,0,0,101,0,0,0,0,44776
182718,0,0,0,101,0,0,0,0,44777
182719,0,0,0,101,0,0,0,0,44895
182720,0,0,0,101,0,0,0,0,44896
182721,0,0,0,101,0,0,0,0,44897
182722,0,0,0,101,0,0,0,0,44898
182723,0,0,0,101,0,0,0,0,44981
182724,0,0,0,101,0,0,0,0,44983
182725,0,0,0,101,0,0,0,0,44985
182726,0,0,0,101,0,0,0,0,44986
182727,0,0,0,101,0,0,0,0,45058
182728,0,0,0,100,0,0,16384,0,45059
182730,0,0,0,101,0,0,0,0,45061
182731,0,20,0,101,0,0,0,0,45062
182736,0,0,0,101,0,0,0,0,45149
182737,0,0,0,101,0,0,0,0,45229
182738,0,0,0,101,0,0,0,0,45230
182739,0,0,0,101,0,0,0,0,45232
182740,0,0,0,101,0,0,0,0,45233
182741,0,0,0,101,0,0,0,0,45327
182742,0,0,0,101,0,0,0,0,45329
182744,0,0,0,101,0,0,0,0,45332
182745,0,0,0,101,0,0,0,0,45333
182746,0,0,0,101,0,0,0,0,45479
182747,0,0,0,101,0,0,0,0,45480
182748,0,0,45000,15,0,0,2441216,0,45481
182749,0,0,0,101,0,0,0,0,45741
182750,0,0,0,101,0,0,0,0,45743
182751,0,0,0,101,0,0,0,0,45746
182753,0,0,0,101,0,0,0,0,45765
182754,0,0,10000,100,0,0,1048596,0,43730
182755,0,0,0,101,0,0,0,0,43731
182756,0,0,0,101,0,0,0,0,43732
182757,0,0,0,101,0,0,0,0,43733
182758,0,0,0,101,0,0,0,0,43734
182759,0,0,0,101,0,0,0,0,43850
182760,0,0,0,101,0,0,0,0,43851
182761,0,0,0,101,0,0,0,0,43852
182762,0,0,0,101,0,0,0,0,43854
182763,0,0,500,100,0,0,81920,0,43983
182764,0,0,0,101,0,0,0,0,43985
182765,0,0,0,101,0,0,0,0,43987
182766,0,0,0,101,0,0,0,0,44088
182767,0,0,0,101,0,0,0,0,44089
182768,0,10,0,101,0,0,0,0,44090
182769,0,0,0,101,0,0,0,0,44094
182770,0,0,0,101,0,0,0,0,44096
182771,0,0,0,101,0,0,0,0,44183
182772,0,0,0,101,0,0,0,0,44185
182773,0,0,0,101,0,0,0,0,44186
182774,0,0,0,101,0,0,0,0,44189
182775,0,0,0,101,0,0,0,0,44190
182776,0,0,0,101,0,0,0,0,44302
182777,0,0,0,101,0,0,4,0,44305
182778,0,0,0,101,0,0,0,0,44311
182779,0,0,0,101,0,0,0,0,44312
182780,0,0,0,101,0,0,0,0,44314
182781,0,0,0,101,0,0,0,0,44482
182782,0,0,0,101,0,0,0,0,44501
182783,0,0,0,101,0,0,0,0,44503
182784,0,0,0,101,0,0,0,0,44504
182785,0,0,0,101,0,0,0,0,44779
182787,0,0,0,101,0,0,0,0,44794
182788,0,0,0,101,0,0,0,0,44796
182789,0,0,0,101,0,0,0,0,44797
182790,0,0,0,101,0,0,0,0,44899
182791,0,0,0,101,0,0,0,0,44900
182792,0,0,0,101,0,0,0,0,44901
182793,0,0,0,101,0,0,0,0,44902
182799,0,0,0,101,0,0,0,0,45063
182800,0,0,0,100,0,0,16384,0,45064
182801,0,0,0,101,0,0,0,0,45065
182802,0,0,0,101,0,0,0,0,45066
182803,0,100,0,101,0,0,0,0,45150
182804,0,0,0,101,0,0,0,0,45151
182805,0,0,0,101,0,0,0,0,45152
182806,0,0,0,101,0,0,0,0,45153
182808,0,0,0,100,0,0,139944,0,45234
182809,0,0,0,101,0,0,0,0,45235
182810,0,0,0,101,0,0,0,0,45236
182811,0,3,0,101,0,0,0,0,45237
182813,0,0,0,101,0,0,0,0,45334
182814,0,0,0,101,0,0,0,0,45335
182815,0,0,0,101,0,0,0,0,45336
182816,0,0,0,101,0,0,0,0,45337
182817,0,0,0,101,0,0,0,0,45339
182818,0,0,45000,15,0,0,340,0,45482
182819,0,0,45000,15,0,0,340,0,45483
182820,0,0,0,101,0,0,0,0,45769
182821,0,10,0,101,0,0,0,0,45770
182822,0,0,0,101,0,0,0,0,45772
182823,0,0,0,101,0,0,0,0,43736
182824,0,0,10000,85,0,0,16,0,43737
182825,0,0,0,101,0,0,0,0,43738
182826,0,0,0,50,0,0,65536,0,43739
182827,0,0,0,101,0,0,0,0,43740
182828,0,0,0,101,0,0,0,0,43855
182829,0,0,0,101,0,0,0,0,43856
182830,0,0,0,101,0,0,0,0,43857
182831,0,0,0,101,0,0,0,0,43858
182832,0,0,0,101,0,0,0,0,43988
182834,0,0,0,101,0,0,0,0,43991
182835,0,0,0,101,0,0,0,0,43992
182836,0,0,0,101,0,0,0,0,43993
182837,0,0,0,101,0,0,0,0,44097
182838,0,0,0,101,0,0,0,0,44098
182839,0,0,0,101,0,0,0,0,44099
182840,0,0,0,101,0,0,0,0,44100
182841,0,0,0,101,0,0,0,0,44191
182842,0,0,0,101,0,0,0,0,44192
182843,0,0,0,101,0,0,0,0,44193
182844,0,0,0,101,0,0,0,0,44194
182846,0,0,0,101,0,0,0,0,44196
182847,0,0,0,101,0,0,0,0,44197
182848,0,0,0,101,0,0,0,0,44315
182849,0,0,0,101,0,0,0,0,44317
182850,0,0,0,101,0,0,0,0,44318
182851,0,0,0,101,0,0,0,0,44319
182852,0,0,0,101,0,0,0,0,44505
182853,0,0,0,101,0,0,0,0,44517
182854,0,0,0,101,0,0,0,0,44518
182855,0,5,0,100,1,0,0,0,44519
182856,0,0,0,101,0,0,0,0,44798
182857,0,0,0,101,0,0,0,0,44799
182858,0,0,0,101,0,0,0,0,44800
182859,0,0,0,101,0,0,0,0,44801
182861,0,0,0,101,0,0,0,0,44903
182862,0,0,0,101,0,0,0,0,44904
182863,0,0,0,101,0,0,0,0,44905
182864,0,0,0,101,0,0,0,0,44906
182866,0,0,0,101,0,0,0,0,44993
182869,0,0,0,101,0,0,0,0,45067
182870,0,0,0,101,0,0,0,0,45068
182871,0,0,0,101,0,0,0,0,45069
182872,0,0,0,101,0,0,0,0,45071
182873,0,0,0,101,0,0,0,0,45072
182882,0,3,0,101,0,0,0,0,45241
182883,0,3,0,101,0,0,0,0,45242
182884,0,0,0,101,0,0,0,0,45340
182885,0,0,0,101,0,0,0,0,45342
182886,0,0,1000,100,0,0,-2145771488,0,45343
182887,0,0,0,101,0,0,0,0,45345
182888,0,20,0,101,0,0,0,0,45347
182889,0,0,45000,15,0,0,2375680,0,45484
182890,0,0,0,101,0,0,0,0,45495
182891,0,0,0,101,0,0,0,0,45496
182894,0,0,0,101,0,0,0,0,45779
182895,0,0,0,101,0,0,0,0,45781
182896,0,0,0,101,0,0,0,0,45782
182897,0,0,0,101,0,0,0,0,45783
182898,0,0,0,101,0,0,0,0,45784
182899,0,0,0,101,0,0,0,0,45785
182900,0,0,0,100,0,0,16384,0,43741
182901,0,0,0,101,0,0,0,0,43742
182902,0,0,0,101,0,0,0,0,43743
182903,0,0,0,101,0,0,0,0,43744
182904,0,0,0,101,0,0,0,0,43859
182905,0,0,0,101,0,0,0,0,43860
182906,0,0,0,101,0,0,0,0,43861
182907,0,0,0,101,0,0,0,0,43862
182908,0,0,0,101,0,0,0,0,43995
182909,0,0,0,101,0,0,0,0,43996
182910,0,0,0,101,0,0,0,0,44000
182911,0,0,0,101,0,0,0,0,44001
182912,0,0,0,101,0,0,0,0,44003
182913,0,0,0,101,0,0,0,0,44101
182914,0,0,0,101,0,0,0,0,44102
182917,0,0,0,101,0,0,0,0,44198
182918,0,0,0,101,0,0,0,0,44199
182919,0,0,0,101,0,0,0,0,44200
182920,0,0,0,101,0,0,0,0,44202
182921,0,0,0,101,0,0,0,0,44203
182922,0,0,0,101,0,0,0,0,44204
182923,0,0,0,101,0,0,0,0,44320
182924,0,10,0,101,0,0,0,0,44321
182925,0,99,0,101,0,0,0,0,44322
182926,0,0,10000,100,0,0,1048576,0,44326
182927,0,0,0,101,0,0,0,0,44328
182928,0,0,0,101,0,0,0,0,44329
182929,0,0,0,101,0,0,0,0,44520
182930,0,0,0,101,0,0,0,0,44521
182931,0,0,0,101,0,0,0,0,44533
182933,0,50,0,101,0,0,0,0,44806
182934,0,0,0,101,0,0,0,0,44807
182935,0,0,0,2,0,0,139944,0,44809
182936,0,0,0,101,0,0,0,0,44810
182937,0,0,0,101,0,0,0,0,44907
182938,0,0,0,101,0,0,0,0,44908
182939,0,0,0,101,0,0,0,0,44909
182940,0,0,0,101,0,0,0,0,44910
182942,0,0,0,101,0,0,0,0,44997
182943,0,0,0,101,0,0,0,0,44998
182944,0,0,0,101,0,0,0,0,44999
182945,0,0,0,101,0,0,0,0,45000
182947,0,0,0,101,0,0,0,0,45075
182948,0,0,0,101,0,0,0,0,45076
182950,0,0,0,101,0,0,0,0,45078
182956,0,0,0,100,0,0,139944,0,45243
182957,0,0,0,100,0,0,139944,0,45244
182959,0,0,0,101,0,0,0,0,45246
182960,0,20,0,101,0,0,0,0,45348
182961,0,0,0,101,0,0,0,0,45350
182963,0,0,0,101,0,0,0,0,45352
182964,0,0,0,101,0,0,0,0,45353
182966,0,0,0,101,0,0,0,0,45573
182967,0,0,0,101,0,0,0,0,45574
182968,0,0,0,101,0,0,0,0,45582
182969,0,0,0,101,0,0,0,0,45789
182970,0,0,0,101,0,0,0,0,45792
182971,0,0,0,101,0,0,0,0,45793
182972,0,0,0,101,0,0,0,0,45806
182973,0,0,0,40,0,0,16,0,43745
182974,0,0,0,101,0,0,0,0,43746
182975,0,0,0,101,0,0,0,0,43747
182976,0,0,10000,50,0,0,65536,0,43748
182977,0,0,0,101,0,0,0,0,43749
182978,0,0,0,101,0,0,0,0,43864
182980,0,0,0,101,0,0,0,0,43873
182981,0,0,0,101,0,0,0,0,43876
182982,0,0,0,101,0,0,2,0,43877
182983,0,0,0,101,0,0,0,0,43880
182984,0,0,0,101,0,0,0,0,44004
182985,0,0,0,101,0,0,0,0,44006
182986,0,0,0,101,0,0,0,0,44007
182987,0,10,0,101,0,0,0,0,44008
182988,0,0,0,101,0,0,0,0,44010
182989,0,0,0,101,0,0,0,0,44012
182991,0,0,0,101,0,0,0,0,44107
182992,0,0,0,101,0,0,0,0,44109
182993,0,0,0,101,0,0,0,0,44205
182994,0,0,0,101,0,0,0,0,44206
182995,0,0,0,101,0,0,0,0,44207
182996,0,0,0,101,0,0,0,0,44208
182998,0,0,0,101,0,0,0,0,44210
182999,0,0,0,101,0,0,0,0,44332
183000,0,99,0,101,0,0,0,0,44335
183001,0,0,0,101,0,0,0,0,44336
183002,0,0,0,101,0,0,0,0,44337
183003,0,0,0,101,0,0,0,0,44534
183004,0,0,0,101,0,0,0,0,44535
183005,0,0,0,101,0,0,0,0,44536
183006,0,0,0,40,0,0,4,0,44537
183007,0,0,0,101,0,0,0,0,44811
183008,0,0,0,101,0,0,0,0,44815
183009,0,0,0,101,0,0,0,0,44817
183010,0,0,0,101,0,0,0,0,44818
183011,0,0,0,101,0,0,0,0,44821
183012,0,0,0,101,0,0,0,0,44824
183013,0,0,0,101,0,0,0,0,44911
183014,0,0,0,101,0,0,0,0,44912
183015,0,0,0,101,0,0,0,0,44913
183016,0,0,0,101,0,0,0,0,44914
183017,0,0,0,101,0,0,0,0,45001
183018,0,0,0,101,0,0,0,0,45002
183019,0,0,0,101,0,0,0,0,45003
183020,0,0,0,101,0,0,0,0,45004
183021,0,0,0,101,0,0,0,0,45005
183025,0,0,0,101,0,0,0,0,45082
183026,0,0,0,101,0,0,0,0,45083
183032,0,0,0,101,0,0,0,0,45248
183035,0,0,0,101,0,0,0,0,45251
183036,0,0,0,101,0,0,0,0,45252
183037,0,0,0,101,0,0,0,0,45253
183038,0,0,45000,10,0,0,340,0,45354
183039,0,0,45000,10,0,0,340,0,45355
183040,0,0,0,101,0,0,0,0,45356
183041,0,0,0,101,0,0,0,0,45585
183042,0,0,0,101,0,0,0,0,45586
183043,0,10,0,101,0,0,0,0,45589
183044,0,10,0,101,0,0,0,0,45590
183045,0,0,0,101,0,0,0,0,45591
183046,0,0,0,101,0,0,0,0,43648
183047,0,0,0,101,0,0,0,0,43653
183048,0,0,0,101,0,0,0,0,43654
183049,0,0,0,101,0,0,0,0,43655
183050,0,0,0,101,0,0,0,0,43656
183051,0,0,0,15,0,0,65536,0,43750
183052,0,0,0,101,0,0,0,0,43751
183053,0,0,0,101,0,0,0,0,43752
183054,0,0,0,101,0,0,0,0,43753
183055,0,0,0,101,0,0,0,0,43881
183056,0,0,0,101,0,0,0,0,43883
183057,0,0,0,101,0,0,0,0,43884
183058,0,0,0,101,0,0,0,0,43885
183059,0,0,0,101,0,0,0,0,43886
183060,0,0,0,101,0,0,0,0,44013
183061,0,0,0,101,0,0,0,0,44014
183062,0,0,0,101,0,0,0,0,44015
183063,0,0,0,101,0,0,0,0,44016
183064,0,0,0,101,0,0,0,0,44019
183065,0,0,0,101,0,0,0,0,44021
183066,0,0,0,101,0,0,0,0,44022
183067,0,0,0,101,0,0,0,0,44110
183068,0,0,0,101,0,0,0,0,44111
183069,0,0,0,101,0,0,0,0,44212
183070,0,0,0,101,0,0,0,0,44218
183071,0,0,0,101,0,0,0,0,44219
183072,0,0,0,101,0,0,0,0,44220
183073,0,0,0,101,0,0,0,0,44221
183074,0,0,0,101,0,0,0,0,44222
183075,0,0,0,101,0,0,0,0,44338
183076,0,99,0,101,0,0,0,0,44339
183077,0,0,0,101,0,0,0,0,44342
183078,0,0,0,101,0,0,0,0,44343
183079,0,0,0,101,0,0,0,0,44344
183081,0,0,0,101,0,0,0,0,44538
183082,0,0,0,101,0,0,0,0,44540
183083,0,0,0,101,0,0,0,0,44547
183084,0,0,0,101,0,0,0,0,44573
183085,0,0,0,101,0,0,0,0,44574
183086,0,0,0,101,0,0,0,0,44577
183087,0,0,0,101,0,0,0,0,44825
183088,0,0,0,101,0,0,0,0,44827
183089,0,0,0,101,0,0,0,0,44828
183090,0,0,0,101,0,0,0,0,44829
183092,0,0,0,101,0,0,0,0,44835
183093,0,0,0,101,0,0,0,0,44915
183094,0,0,0,101,0,0,0,0,44916
183095,0,0,0,101,0,0,0,0,44917
183098,0,0,0,101,0,0,0,0,45006
183099,0,0,0,101,0,0,0,0,45009
183100,0,0,0,101,0,0,0,0,45010
183101,0,0,0,101,0,0,0,0,45011
183102,0,0,0,101,0,0,0,0,45012
183103,0,0,0,101,0,0,0,0,45084
183104,0,0,0,101,0,0,0,0,45085
183105,0,0,0,101,0,0,0,0,45086
183106,0,0,0,101,0,0,0,0,45087
183107,0,0,0,101,0,0,0,0,45088
183108,0,0,0,101,0,0,0,0,45089
183109,0,0,0,101,0,0,0,0,45171
183110,0,0,0,101,0,0,0,0,45172
183111,0,0,0,101,0,0,0,0,45173
183112,0,0,0,101,0,0,0,0,45174
183113,0,0,0,101,0,0,0,0,45175
183116,0,0,0,101,0,0,0,0,45255
183117,0,0,0,101,0,0,0,0,45256
183118,0,0,0,101,0,0,0,0,45257
183120,0,0,0,101,0,0,0,0,45366
183122,0,0,0,101,0,0,0,0,45368
183123,0,0,0,101,0,0,0,0,45369
183125,0,0,0,101,0,0,0,0,45371
183126,0,0,0,101,0,0,0,0,45372
183127,0,0,0,101,0,0,0,0,45596
183128,0,0,0,101,0,0,0,0,45618
183130,0,0,0,101,0,0,0,0,45622
183131,0,0,0,101,0,0,0,0,45623
183132,0,0,0,101,0,0,0,0,43657
183133,0,0,0,101,0,0,0,0,43658
183134,0,0,0,101,0,0,0,0,43659
183135,0,0,0,101,0,0,0,0,43660
183136,0,0,0,101,0,0,0,0,43661
183137,0,0,0,101,0,0,0,0,43755
183138,0,0,0,101,0,0,0,0,43756
183139,0,0,0,101,0,0,0,0,43758
183140,0,0,0,101,0,0,0,0,43759
183142,0,0,0,101,0,0,0,0,43761
183143,0,0,0,101,0,0,0,0,43893
183144,0,0,0,101,0,0,0,0,43894
183145,0,0,0,101,0,0,0,0,43896
183146,0,0,0,101,0,0,0,0,43897
183147,0,0,0,101,0,0,0,0,43898
183148,0,0,0,101,0,0,0,0,44023
183149,0,0,0,101,0,0,0,0,44024
183150,0,0,0,101,0,0,0,0,44025
183151,0,0,0,101,0,0,0,0,44026
183152,0,0,0,101,0,0,0,0,44027
183153,0,0,0,101,0,0,0,0,44028
183154,0,0,0,101,0,0,0,0,44029
183155,0,0,0,101,0,0,0,0,44030
183156,0,0,0,101,0,0,0,0,44112
183157,0,0,0,101,0,0,0,0,44113
183158,0,0,0,101,0,0,0,0,44223
183159,0,0,0,101,0,0,0,0,44224
183160,0,0,0,101,0,0,0,0,44226
183161,0,0,0,101,0,0,0,0,44227
183165,0,0,0,101,0,0,0,0,44351
183166,0,0,0,101,0,0,0,0,44352
183167,0,99,0,101,0,0,0,0,44353
183168,0,0,0,101,0,0,0,0,44355
183170,0,0,1000,100,5,0,-2146784600,0,44583
183172,0,0,0,101,0,0,0,0,44836
183173,0,0,0,101,0,0,0,0,44837
183174,0,0,0,101,0,0,0,0,44838
183175,0,0,0,101,0,0,0,0,44839
183176,0,0,0,101,0,0,0,0,44840
183182,0,0,0,101,0,0,0,0,45014
183183,0,0,0,101,0,0,0,0,45015
183184,0,0,0,101,0,0,0,0,45016
183185,0,0,0,101,0,0,0,0,45017
183186,0,50,0,101,0,0,0,0,45018
183187,0,0,0,101,0,0,0,0,45090
183188,0,0,0,100,1,0,-2146819416,0,45091
183189,0,0,0,100,1,0,-2146819416,0,45092
183190,0,0,0,101,0,0,0,0,45093
183191,0,0,0,101,0,0,0,0,45094
183192,0,0,0,101,0,0,0,0,45177
183196,0,0,0,101,0,0,0,0,45259
183197,0,0,0,101,0,0,0,0,45260
183199,0,0,0,101,0,0,0,0,45262
183200,0,0,0,101,0,0,0,0,45263
183201,0,0,0,101,0,0,0,0,45373
183202,0,0,0,101,0,0,0,0,45374
183203,0,0,0,101,0,0,0,0,45385
183204,0,0,0,101,0,0,0,0,45388
183206,0,0,0,101,0,0,0,0,45633
183207,0,0,0,101,0,0,0,0,45635
183208,0,0,0,101,0,0,0,0,45638
183209,0,0,0,101,0,0,0,0,45641
183210,0,0,0,101,0,0,0,0,45642
183211,0,0,0,101,0,0,0,0,45644
183212,0,0,0,101,0,0,0,0,43662
183213,0,50,0,101,0,0,0,0,43663
183214,0,0,0,101,0,0,0,0,43668
183215,0,0,0,101,0,0,0,0,43669
183216,0,0,0,101,0,0,0,0,43670
183218,0,0,0,101,0,0,0,0,43763
183220,0,0,0,101,0,0,0,0,43765
183221,0,0,0,101,0,0,0,0,43899
183222,0,0,0,101,0,0,0,0,43900
183223,0,0,0,101,0,0,0,0,43901
183224,0,0,0,101,0,0,0,0,43902
183225,0,0,0,101,0,0,0,0,44031
183227,0,0,0,101,0,0,0,0,44033
183229,0,0,0,101,0,0,0,0,44114
183230,0,0,0,101,0,0,0,0,44115
183231,0,0,0,101,0,0,0,0,44116
183232,0,0,0,101,0,0,0,0,44231
183233,0,0,0,101,0,0,0,0,44232
183234,0,0,0,101,0,0,0,0,44233
183236,0,0,0,101,0,0,0,0,44237
183238,0,0,0,101,0,0,0,0,44358
183239,0,0,0,101,0,0,0,0,44359
183240,0,0,0,101,0,0,0,0,44360
183241,0,0,0,101,0,0,0,0,44361
183242,0,0,0,101,0,0,0,0,44362
183243,0,0,0,101,0,0,0,0,44368
183244,0,0,0,100,0,0,16917160,0,44587
183245,0,0,0,100,1,0,20,0,44599
183246,0,0,0,101,0,0,0,0,44600
183247,0,0,0,101,0,0,0,0,44601
183248,0,0,0,100,0,0,81920,0,44604
183249,0,0,0,101,0,0,0,0,44841
183250,0,0,0,101,0,0,0,0,44842
183251,0,0,0,101,0,0,0,0,44843
183252,0,0,0,101,0,0,0,0,44844
183253,0,0,0,101,0,0,0,0,44845
183254,0,0,0,101,0,0,0,0,44846
183260,0,0,0,101,0,0,0,0,45019
183261,0,0,0,101,0,0,0,0,45020
183263,0,0,0,101,0,0,0,0,45022
183264,0,0,0,100,0,0,65604,0,45095
183265,0,0,0,101,0,0,0,0,45096
183268,0,0,0,101,0,0,0,0,45100
183270,0,0,0,101,0,0,0,0,45182
183272,0,0,0,101,0,0,0,0,45265
183273,0,0,0,101,0,0,0,0,45266
183274,0,0,0,101,0,0,0,0,45267
183275,0,0,0,101,0,0,0,0,45269
183276,0,0,0,101,0,0,0,0,45270
183277,0,0,0,101,0,0,0,0,45390
183278,0,0,0,101,0,0,0,0,45391
183279,0,0,0,101,0,0,0,0,45392
183281,0,0,0,101,0,0,0,0,45395
183282,0,0,0,101,0,0,0,0,45645
183283,0,0,0,101,0,0,0,0,45646
183284,0,0,0,101,0,0,0,0,45647
183285,0,0,0,101,0,0,0,0,45648
183286,0,0,0,101,0,0,0,0,45649
183287,0,0,0,101,0,0,0,0,45650
183288,0,0,0,101,0,0,0,0,43673
183289,0,0,0,101,0,0,0,0,43674
183290,0,0,0,101,0,0,0,0,43676
183295,0,0,0,101,0,0,0,0,43772
183297,0,0,0,101,0,0,0,0,43774
183298,0,0,0,101,0,0,0,0,43903
183299,0,0,0,101,0,0,0,0,43904
183300,0,0,0,101,0,0,0,0,43905
183301,0,0,0,101,0,0,0,0,43906
183302,0,0,0,101,0,0,0,0,43907
183303,0,0,0,101,0,0,0,0,43908
183304,0,0,0,101,0,0,0,0,44035
183305,0,0,0,101,0,0,0,0,44036
183306,0,0,0,101,0,0,0,0,44037
183307,0,0,0,101,0,0,0,0,44038
183308,0,0,0,101,0,0,0,0,44040
183310,0,5,0,101,0,0,0,0,44120
183311,0,0,0,101,0,0,0,0,44121
183312,0,0,0,101,0,0,0,0,44130
183313,0,0,0,101,0,0,0,0,44241
183314,0,0,0,101,0,0,0,0,44242
183315,0,0,0,101,0,0,0,0,44245
183316,0,0,0,101,0,0,0,0,44246
183317,0,0,0,101,0,0,0,0,44251
183318,0,0,0,101,0,0,0,0,44252
183319,0,0,0,101,0,0,0,0,44369
183320,0,0,0,101,0,0,0,0,44370
183321,0,0,0,101,0,0,0,0,44371
183322,0,0,0,101,0,0,0,0,44372
183323,0,0,0,100,1,0,16,0,44373
183324,0,20,0,101,0,0,0,0,44605
183325,0,0,0,101,0,0,0,0,44606
183326,0,0,0,101,0,0,0,0,44639
183327,0,0,0,101,0,0,0,0,44640
183328,0,0,0,101,0,0,0,0,44847
183329,0,0,0,101,0,0,0,0,44852
183330,0,0,0,101,0,0,0,0,44853
183335,0,0,0,101,0,0,0,0,44933
183336,0,0,0,101,0,0,0,0,44934
183337,0,0,0,101,0,0,0,0,44935
183338,0,0,0,101,0,0,0,0,45023
183339,0,0,0,101,0,0,0,0,45024
183340,0,0,0,101,0,0,0,0,45025
183341,0,0,0,101,0,0,0,0,45026
183342,0,0,0,101,0,0,0,0,45027
183343,0,0,0,101,0,0,0,0,45101
183344,0,0,0,101,0,0,0,0,45102
183345,0,0,0,101,0,0,0,0,45103
183346,0,0,0,101,0,0,0,0,45104
183347,0,0,0,101,0,0,0,0,45105
183349,0,0,0,101,0,0,0,0,45185
183350,0,0,0,101,0,0,0,0,45187
183351,0,0,0,101,0,0,0,0,45188
183352,0,0,0,101,0,0,0,0,45189
183353,0,5,0,101,0,0,0,0,45271
183355,0,0,0,101,0,0,0,0,45273
183356,0,0,0,101,0,0,0,0,45275
183357,0,0,0,101,0,0,0,0,45276
183358,0,0,0,101,0,0,0,0,45277
183360,0,0,0,101,0,0,0,0,45397
183362,0,0,0,101,0,0,0,0,45399
183363,0,0,0,101,0,0,0,0,45400
183364,0,0,0,101,0,0,0,0,45657
183365,0,0,0,101,0,0,0,0,45659
183366,0,0,0,101,0,0,0,0,45660
183371,0,0,0,101,0,0,0,0,43683
183372,0,0,0,101,0,0,0,0,43684
183373,0,0,0,101,0,0,0,0,43685
183374,0,0,0,101,0,0,0,0,43776
183375,0,0,0,101,0,0,0,0,43777
183376,0,0,0,101,0,0,0,0,43778
183377,0,0,0,101,0,0,0,0,43779
183379,0,0,0,101,0,0,0,0,43909
183380,0,0,0,101,0,0,0,0,43910
183381,0,0,0,101,0,0,0,0,43911
183382,0,0,0,101,0,0,0,0,43912
183383,0,0,0,101,0,0,0,0,43913
183384,0,0,0,101,0,0,0,0,43914
183385,0,0,0,101,0,0,0,0,44041
183387,0,0,0,101,0,0,0,0,44043
183388,0,0,0,101,0,0,0,0,44044
183389,0,99999,0,101,0,0,0,0,44131
183390,0,999,0,101,0,0,0,0,44132
183391,0,0,0,101,0,0,0,0,44133
183392,0,0,0,101,0,0,0,0,44136
183393,0,0,0,101,0,0,0,0,44255
183394,0,0,0,101,0,0,0,0,44256
183395,0,0,0,101,0,0,0,0,44257
183396,0,0,0,101,0,0,0,0,44262
183397,0,0,0,101,0,0,0,0,44263
183398,0,0,0,101,0,0,0,0,44374
183400,0,0,0,101,0,0,0,0,44383
183402,0,0,0,101,0,0,0,0,44389
183403,0,0,0,101,0,0,0,0,44644
183404,0,0,0,101,0,0,0,0,44654
183405,0,0,0,101,0,0,0,0,44655
183406,0,0,0,101,0,0,0,0,44657
183407,0,0,0,101,0,0,0,0,44658
183408,0,0,0,100,0,0,0,0,44659
183413,0,0,0,101,0,0,0,0,44936
183414,0,0,0,101,0,0,0,0,44937
183415,0,0,0,101,0,0,0,0,44940
183416,0,0,0,101,0,0,0,0,44941
183417,0,1,0,101,0,0,0,0,44943
183418,0,0,0,101,0,0,0,0,45028
183419,0,0,0,101,0,0,0,0,45029
183420,0,0,0,101,0,0,0,0,45030
183421,0,0,0,101,0,0,0,0,45031
183422,0,0,0,101,0,0,0,0,45106
183424,0,0,0,101,0,0,0,0,45109
183425,0,0,0,101,0,0,0,0,45110
183426,0,0,0,101,0,0,0,0,45111
183427,0,0,0,101,0,0,0,0,45191
183428,0,0,0,101,0,0,0,0,45192
183429,0,0,0,101,0,0,0,0,45193
183431,0,0,0,101,0,0,0,0,45195
183432,0,0,0,101,0,0,0,0,45280
183433,0,3,0,101,0,0,0,0,45281
183434,0,3,0,101,0,0,0,0,45282
183435,0,3,0,101,0,0,0,0,45283
183436,0,0,0,101,0,0,0,0,45284
183437,0,0,0,101,0,0,0,0,45401
183438,0,0,0,101,0,0,0,0,45402
183441,0,0,0,101,0,0,0,0,45406
183442,0,0,0,101,0,0,0,0,45407
183443,0,0,0,101,0,0,0,0,45664
183445,0,0,0,101,0,0,0,0,45666
183446,0,0,0,101,0,0,0,0,45669
183447,0,0,0,101,0,0,0,0,45670
183449,0,0,0,101,0,0,0,0,43688
183450,0,0,0,101,0,0,0,0,43689
183451,0,0,0,101,0,0,0,0,43690
183452,0,0,0,101,0,0,0,0,43691
183454,0,0,0,101,0,0,0,0,43782
183455,0,0,0,101,0,0,0,0,43783
183456,0,0,0,101,0,0,0,0,43805
183457,0,0,0,101,0,0,0,0,43808
183458,0,0,0,101,0,0,0,0,43809
183459,0,0,0,101,0,0,0,0,43915
183460,0,0,0,101,0,0,0,0,43916
183461,0,0,0,101,0,0,0,0,43917
183462,0,0,0,101,0,0,0,0,43918
183463,0,0,0,101,0,0,0,0,43919
183465,0,0,0,101,0,0,0,0,44045
183466,0,0,0,101,0,0,0,0,44046
183467,0,0,0,101,0,0,0,0,44047
183469,0,0,0,101,0,0,0,0,44137
183470,0,0,0,101,0,0,0,0,44138
183471,0,0,0,101,0,0,0,0,44139
183472,0,0,0,101,0,0,0,0,44264
183473,0,0,0,101,0,0,0,0,44265
183474,0,0,0,101,0,0,0,0,44267
183477,0,0,0,101,0,0,0,0,44391
183478,0,25,0,101,0,0,0,0,44406
183479,0,0,0,101,0,0,0,0,44410
183480,0,0,0,101,0,0,0,0,44411
183481,0,0,0,101,0,0,0,0,44670
183482,0,0,0,101,0,0,0,0,44683
183483,0,0,0,101,0,0,0,0,44684
183484,0,0,0,101,0,0,0,0,44689
183485,0,0,0,101,0,0,0,0,44732
183486,0,0,0,101,0,0,0,0,44733
183487,0,0,0,101,0,0,0,0,44863
183488,0,0,0,101,0,0,0,0,44864
183489,0,0,0,101,0,0,0,0,44865
183490,0,0,0,101,0,0,0,0,44866
183491,0,0,0,101,0,0,0,0,44867
183492,0,10,0,101,0,0,0,0,44944
183493,0,0,0,101,0,0,0,0,44945
183494,0,0,0,101,0,0,0,0,44947
183495,0,0,0,101,0,0,0,0,44948
183497,0,0,0,101,0,0,0,0,44950
183498,0,0,0,101,0,0,0,0,45032
183499,0,0,0,101,0,0,0,0,45033
183500,0,0,0,101,0,0,0,0,45034
183501,0,0,0,101,0,0,0,0,45112
183502,0,0,0,101,0,0,0,0,45113
183503,0,0,0,101,0,0,0,0,45114
183504,0,0,0,101,0,0,0,0,45115
183506,0,0,0,101,0,0,0,0,45117
183508,0,0,0,101,0,0,0,0,45197
183510,0,0,0,101,0,0,0,0,45199
183511,0,0,0,101,0,0,0,0,45200
183512,0,0,0,101,0,0,0,0,45286
183513,0,0,0,101,0,0,0,0,45287
183514,0,0,0,101,0,0,0,0,45288
183515,0,0,0,101,0,0,0,0,45289
183516,0,0,0,101,0,0,0,0,45409
183517,0,0,0,101,0,0,0,0,45410
183518,0,0,0,101,0,0,0,0,45411
183520,0,0,0,101,0,0,0,0,45415
183521,0,0,0,101,0,0,0,0,45416
183522,0,0,0,101,0,0,0,0,50986
183523,0,0,0,101,0,0,0,0,51010
183524,0,0,0,101,0,0,0,0,51149
183525,0,0,0,101,0,0,0,0,51171
183526,0,0,0,101,0,0,0,0,45856
183527,0,0,0,101,0,0,0,0,45858
183528,0,0,0,101,0,0,0,0,45859
183529,0,0,100,100,0,0,65604,0,46030
183530,0,0,0,101,0,0,0,0,46031
183531,0,0,0,101,0,0,0,0,46033
183532,0,0,0,101,0,0,0,0,46035
183533,0,0,0,101,0,0,0,0,46036
183534,0,0,0,101,0,0,0,0,46138
183535,0,0,0,101,0,0,0,0,46139
183536,0,0,0,101,0,0,0,0,46140
183537,0,0,0,101,0,0,0,0,46141
183538,0,0,0,101,0,0,0,0,46142
183540,0,0,0,101,0,0,0,0,46227
183541,0,0,0,101,0,0,0,0,46228
183542,0,0,0,101,0,0,0,0,46229
183543,0,0,0,101,0,0,0,0,46230
183544,0,0,0,101,0,0,0,0,46235
183545,0,0,0,101,0,0,0,0,46321
183546,0,0,0,101,0,0,0,0,46322
183547,0,0,0,101,0,0,0,0,46323
183548,0,0,0,101,0,0,0,0,46325
183549,0,0,0,101,0,0,0,0,46326
183550,0,0,0,101,0,0,0,0,46327
183551,0,0,0,101,0,0,0,0,46328
183552,0,0,0,101,0,0,0,0,46459
183553,0,0,0,101,0,0,0,0,46460
183554,0,0,0,101,0,0,0,0,46461
183555,0,0,0,101,0,0,0,0,46462
183556,0,0,0,101,0,0,0,0,46522
183558,0,0,0,101,0,0,0,0,46524
183559,0,0,0,101,0,0,0,0,46525
183560,0,0,0,101,0,0,0,0,46596
183561,0,0,0,101,0,0,0,0,46597
183562,0,0,0,101,0,0,0,0,46599
183563,0,0,0,101,0,0,0,0,46600
183564,0,0,0,101,0,0,0,0,46601
183565,0,0,0,101,0,0,0,0,46603
183566,0,0,0,101,0,0,0,0,46745
183567,0,0,0,101,0,0,0,0,46747
183568,0,0,0,101,0,0,0,0,46750
183569,0,0,0,101,0,0,0,0,46751
183570,0,0,0,101,0,0,0,0,46752
183571,0,0,0,101,0,0,0,0,46755
183572,0,0,0,101,0,0,0,0,46891
183573,0,0,0,101,0,0,0,0,46892
183576,0,0,0,101,0,0,0,0,46896
183577,0,0,0,101,0,0,0,0,47104
183578,0,0,0,101,0,0,0,0,47106
183579,0,0,0,101,0,0,0,0,47107
183580,0,0,0,101,0,0,0,0,47108
183581,0,0,0,101,0,0,0,0,47109
183582,0,0,0,101,0,0,0,0,47113
183583,0,0,0,101,0,0,0,0,47676
183584,0,0,0,101,0,0,0,0,47690
183585,0,0,0,101,0,0,0,0,47691
183586,0,0,0,101,0,0,0,0,47718
183587,0,0,0,101,0,0,0,0,47759
183588,0,0,0,101,0,0,0,0,47760
183589,0,0,0,101,0,0,0,0,49214
183592,0,0,0,101,0,0,0,0,49297
183593,0,0,0,101,0,0,0,0,49298
183594,0,0,0,101,0,0,0,0,49299
183595,0,0,0,101,0,0,0,0,50009
183596,0,0,0,101,0,0,0,0,50010
183597,0,0,0,101,0,0,0,0,50048
183598,0,0,0,101,0,0,0,0,50049
183599,0,0,0,101,0,0,0,0,50050
183600,0,0,0,100,0,0,2,0,50051
183601,0,0,0,101,0,0,0,0,51342
183602,0,0,0,101,0,0,0,0,51412
183603,0,0,0,101,0,0,0,0,51413
183604,0,0,45000,15,0,0,40,0,51414
183605,0,0,0,101,0,0,0,0,51415
183606,0,0,0,101,0,0,0,0,45860
183607,0,0,0,101,0,0,0,0,45862
183608,0,0,0,101,0,0,0,0,45866
183609,0,0,0,101,0,0,0,0,45884
183610,0,0,0,101,0,0,0,0,46037
183611,0,0,0,101,0,0,0,0,46038
183614,0,0,0,101,0,0,0,0,46041
183615,0,0,0,101,0,0,0,0,46143
183616,0,0,0,101,0,0,0,0,46144
183617,0,0,0,101,0,0,0,0,46145
183618,0,0,0,101,0,0,4,0,46146
183619,0,0,0,101,0,0,0,0,46149
183620,0,0,0,101,0,0,0,0,46150
183621,0,0,0,101,0,0,0,0,46236
183622,0,0,0,101,0,0,0,0,46238
183623,0,0,0,101,0,0,0,0,46239
183624,0,0,0,101,0,0,0,0,46240
183625,0,0,0,101,0,0,0,0,46241
183626,0,0,0,101,0,0,0,0,46330
183628,0,0,0,101,0,0,0,0,46332
183629,0,0,0,101,0,0,0,0,46333
183630,0,0,0,101,0,0,0,0,46334
183631,0,0,0,101,0,0,0,0,46336
183632,0,0,0,101,0,0,0,0,46463
183633,0,0,0,101,0,0,0,0,46464
183634,0,26,0,101,0,0,0,0,46465
183635,0,0,0,101,0,0,0,0,46466
183636,0,0,0,101,0,0,0,0,46467
183637,0,0,0,101,0,0,0,0,46526
183638,0,0,0,101,0,0,0,0,46527
183639,0,0,0,101,0,0,0,0,46528
183640,0,0,0,101,0,0,0,0,46529
183641,0,0,0,101,0,0,0,0,46604
183643,0,0,0,101,0,0,0,0,46607
183645,0,0,0,101,0,0,0,0,46757
183646,0,0,0,101,0,0,0,0,46758
183647,0,0,0,100,1,0,-2146819416,0,46761
183648,0,0,0,101,0,0,0,0,46762
183649,0,0,0,101,0,0,0,0,46898
183650,0,0,0,101,0,0,0,0,46899
183651,0,0,0,101,0,0,0,0,46901
183652,0,0,0,101,0,0,0,0,46903
183653,0,0,0,101,0,0,0,0,46904
183654,0,500,0,101,0,0,0,0,47114
183655,0,0,0,101,0,0,0,0,47115
183656,0,0,0,101,0,0,0,0,47120
183657,0,0,0,101,0,0,0,0,47123
183658,0,0,0,101,0,0,0,0,47127
183659,0,0,0,101,0,0,0,0,47768
183660,0,0,0,101,0,0,0,0,47771
183661,0,0,0,101,0,0,0,0,47775
183662,0,0,0,101,0,0,0,0,47977
183663,0,0,0,101,0,0,0,0,48023
183664,0,0,0,101,0,0,0,0,49302
183665,0,0,0,101,0,0,0,0,49318
183666,0,0,0,101,0,0,0,0,49322
183667,0,0,0,101,0,0,0,0,49324
183668,0,0,0,101,0,0,0,0,49325
183669,0,0,0,101,0,0,0,0,49326
183670,0,0,0,101,0,0,0,0,50052
183671,0,0,0,101,0,0,0,0,50055
183672,0,0,0,101,0,0,0,0,50056
183673,0,0,0,101,0,0,0,0,50059
183675,0,0,0,101,0,0,0,0,50063
183676,0,0,0,101,0,0,0,0,51452
183677,0,0,0,101,0,0,0,0,51453
183678,0,0,0,101,0,0,0,0,51495
183679,0,0,0,101,0,0,0,0,51508
183680,0,0,0,101,0,0,0,0,51510
183681,0,0,0,101,0,0,0,0,51581
183683,0,0,0,101,0,0,0,0,45887
183684,0,0,0,101,0,0,0,0,45888
183685,0,0,0,101,0,0,0,0,45889
183686,0,0,0,101,0,0,0,0,45890
183687,0,0,0,101,0,0,0,0,45891
183688,0,0,0,101,0,0,0,0,46042
183689,0,5,0,100,1,0,0,0,46043
183690,0,0,0,101,0,0,0,0,46044
183691,0,0,1000,100,5,0,-2146784600,0,46045
183692,0,0,0,101,0,0,0,0,46151
183693,0,0,0,101,0,0,0,0,46153
183694,0,99,0,101,0,0,0,0,46154
183695,0,0,0,101,0,0,0,0,46242
183696,0,0,0,101,0,0,0,0,46243
183699,0,0,0,101,0,0,0,0,46247
183701,0,0,0,100,2,0,17408,0,46337
183702,0,0,0,101,0,0,0,0,46339
183703,0,0,0,101,0,0,0,0,46341
183704,0,0,0,101,0,0,0,0,46343
183705,0,0,0,101,0,0,0,0,46468
183706,0,5,0,35,0,0,20,0,46469
183707,0,0,0,101,0,0,0,0,46470
183708,0,0,0,101,0,0,0,0,46530
183709,0,0,0,101,0,0,0,0,46531
183710,0,0,0,101,0,0,0,0,46532
183711,0,0,0,101,0,0,0,0,46608
183712,0,0,0,101,0,0,0,0,46609
183713,0,0,0,101,0,0,0,0,46610
183714,0,0,0,101,0,0,0,0,46611
183715,0,0,0,101,0,0,0,0,46612
183716,0,0,0,101,0,0,0,0,46613
183717,0,0,0,101,0,0,0,0,46614
183718,0,0,0,101,0,0,0,0,46763
183719,0,0,0,101,0,0,0,0,46768
183720,0,0,0,101,0,0,0,0,46771
183721,0,0,0,101,0,0,0,0,46775
183722,0,0,0,101,0,0,0,0,46776
183723,0,0,0,101,0,0,0,0,46905
183724,0,0,0,101,0,0,0,0,46907
183725,0,0,0,101,0,0,0,0,46925
183726,0,0,0,101,0,0,0,0,46926
183727,0,0,0,101,0,0,0,0,46927
183728,0,0,0,101,0,0,0,0,46929
183729,0,0,0,101,0,0,0,0,47129
183730,0,0,0,101,0,0,0,0,47131
183732,0,0,0,101,0,0,0,0,47133
183733,0,0,0,101,0,0,0,0,47134
183735,0,0,0,101,0,0,0,0,48024
183736,0,0,0,101,0,0,0,0,48025
183737,0,0,0,101,0,0,0,0,48027
183738,0,0,0,101,0,0,0,0,48032
183739,0,0,0,101,0,0,0,0,48033
183740,0,0,0,101,0,0,0,0,49327
183741,0,0,0,101,0,0,0,0,49328
183742,0,0,0,101,0,0,0,0,49336
183743,0,0,0,101,0,0,0,0,49337
183744,0,0,0,101,0,0,0,0,49338
183745,0,0,0,101,0,0,0,0,50066
183746,0,0,0,101,0,0,0,0,50067
183747,0,0,0,101,0,0,0,0,50070
183748,0,0,0,101,0,0,0,0,50071
183749,0,0,0,101,0,0,0,0,50072
183750,0,0,0,101,0,0,0,0,50093
183751,0,0,0,101,0,0,0,0,51582
183752,0,0,0,101,0,0,0,0,51617
183753,0,0,0,101,0,0,0,0,51621
183754,0,0,0,101,0,0,0,0,51640
183755,0,0,0,101,0,0,0,0,51646
183756,0,0,0,101,0,0,0,0,45892
183757,0,0,0,101,0,0,0,0,45893
183758,0,0,0,101,0,0,0,0,45895
183759,0,0,0,101,0,0,0,0,45896
183760,0,0,0,100,1,0,20,0,46046
183761,0,0,0,101,0,0,0,0,46047
183762,0,0,0,40,0,0,4,0,46048
183763,0,0,0,101,0,0,0,0,46049
183764,0,0,0,101,0,0,0,0,46155
183766,0,99,0,101,0,0,0,0,46159
183767,0,0,0,101,0,0,0,0,46160
183768,0,0,0,101,0,0,0,0,46161
183775,0,0,0,101,0,0,0,0,46345
183776,0,0,0,101,0,0,0,0,46350
183777,0,0,0,101,0,0,40,0,46352
183778,0,0,0,101,0,0,0,0,46353
183779,0,0,0,101,0,0,0,0,46354
183780,0,0,0,101,0,0,0,0,46355
183781,0,0,0,101,0,0,0,0,46471
183782,0,0,0,101,0,0,0,0,46472
183783,0,0,0,101,0,0,0,0,46473
183784,0,0,0,101,0,0,0,0,46474
183785,0,0,0,101,0,0,0,0,46533
183786,0,0,0,101,0,0,0,0,46534
183787,0,0,0,101,0,0,0,0,46535
183788,0,0,0,101,0,0,0,0,46536
183789,0,0,0,101,0,0,0,0,46615
183790,0,0,0,101,0,0,0,0,46616
183791,0,0,0,101,0,0,0,0,46617
183792,0,0,0,101,0,0,0,0,46618
183793,0,0,0,101,0,0,0,0,46622
183794,0,0,0,101,0,0,0,0,46623
183795,0,0,0,101,0,0,0,0,46625
183796,0,0,0,101,0,0,0,0,46777
183797,0,0,0,101,0,0,0,0,46778
183798,0,0,0,101,0,0,0,0,46779
183801,0,0,0,101,0,0,0,0,46931
183802,0,0,0,101,0,0,0,0,46932
183803,0,0,0,101,0,0,0,0,46936
183804,0,0,0,101,0,0,0,0,46937
183809,0,0,0,101,0,0,0,0,47143
183810,0,0,0,101,0,0,0,0,47168
183813,0,0,0,101,0,0,0,0,48056
183814,0,0,0,101,0,0,0,0,48057
183815,0,0,0,101,0,0,0,0,49352
183816,0,0,0,101,0,0,0,0,49353
183817,0,0,0,101,0,0,0,0,49357
183818,0,0,0,101,0,0,0,0,49358
183819,0,0,0,101,0,0,0,0,49359
183820,0,0,0,101,0,0,0,0,50095
183821,0,0,0,101,0,0,0,0,50098
183822,0,1,0,101,0,0,0,0,50099
183823,0,0,0,101,0,0,0,0,50101
183825,0,0,0,101,0,0,0,0,50180
183826,0,0,0,101,0,0,0,0,51655
183827,0,0,0,101,0,0,0,0,51657
183828,0,0,0,101,0,0,0,0,51661
183829,0,0,0,101,0,0,0,0,51694
183830,0,0,0,101,0,0,0,0,51695
183831,0,0,0,101,0,0,0,0,51697
183832,0,0,0,101,0,0,0,0,45897
183833,0,0,0,101,0,0,0,0,45898
183834,0,0,0,101,0,0,0,0,45899
183835,0,0,0,101,0,0,0,0,45900
183836,0,0,0,101,0,0,0,0,46050
183837,0,0,0,101,0,0,0,0,46051
183838,0,0,0,101,0,0,0,0,46052
183839,0,0,0,101,0,0,0,0,46053
183840,0,0,0,101,0,0,0,0,46162
183841,0,0,0,101,0,0,0,0,46163
183842,0,0,0,101,0,0,0,0,46164
183843,0,0,0,101,0,0,0,0,46165
183849,0,0,0,101,0,0,0,0,46261
183850,0,0,0,101,0,0,0,0,46356
183851,0,0,0,101,0,0,0,0,46359
183852,0,0,0,101,0,0,0,0,46360
183853,0,0,0,101,0,0,0,0,46363
183854,0,0,45000,30,0,0,69700,0,46364
183855,0,0,0,101,0,0,0,0,46365
183856,0,0,0,101,0,0,0,0,46475
183857,0,0,0,101,0,0,0,0,46476
183858,0,0,1000,50,0,0,4,0,46478
183859,0,0,0,101,0,0,0,0,46479
183860,0,0,0,101,0,0,0,0,46480
183861,0,0,0,101,0,0,0,0,46537
183862,0,0,0,101,0,0,0,0,46538
183863,0,0,0,101,0,0,0,0,46539
183864,0,0,0,101,0,0,0,0,46626
183865,0,0,0,101,0,0,0,0,46627
183866,0,0,0,101,0,0,0,0,46628
183867,0,0,0,101,0,0,0,0,46629
183868,0,0,0,101,0,0,0,0,46630
183869,0,0,0,101,0,0,0,0,46783
183870,0,0,0,101,0,0,0,0,46784
183871,0,0,0,101,0,0,0,0,46785
183872,0,0,0,101,0,0,0,0,46786
183873,0,0,0,101,0,0,0,0,46787
183874,0,0,0,100,0,0,320,0,46939
183875,0,0,0,101,0,0,0,0,46956
183878,0,0,0,101,0,0,0,0,46961
183879,0,0,0,101,0,0,0,0,47171
183880,0,0,0,101,0,0,0,0,47173
183881,0,0,0,101,0,0,0,0,47175
183882,0,0,0,101,0,0,0,0,47179
183883,0,0,0,101,0,0,0,0,48098
183884,0,0,0,101,0,0,0,0,48145
183885,0,0,0,101,0,0,0,0,48148
183886,0,0,0,101,0,0,0,0,48149
183887,0,0,0,101,0,0,0,0,48163
183888,0,0,0,101,0,0,0,0,49360
183889,0,0,0,101,0,0,0,0,49361
183890,0,0,0,101,0,0,0,0,49362
183891,0,0,0,101,0,0,0,0,49363
183892,0,0,0,101,0,0,0,0,49368
183893,0,0,0,101,0,0,0,0,50186
183894,0,0,0,101,0,0,0,0,50194
183895,0,0,0,101,0,0,0,0,50200
183896,0,0,0,101,0,0,0,0,50209
183897,0,0,0,101,0,0,0,0,50210
183898,0,0,0,101,0,0,0,0,50211
183899,0,0,0,101,0,0,0,0,50242
183900,0,0,0,101,0,0,0,0,51702
183901,0,0,0,101,0,0,0,0,51716
183902,0,0,0,101,0,0,0,0,51778
183903,0,0,0,101,0,0,0,0,51798
183905,0,0,0,101,0,0,0,0,45905
183906,0,0,0,101,0,0,0,0,45906
183907,0,0,0,101,0,0,0,0,45907
183908,0,0,0,101,0,0,0,0,45909
183909,0,0,0,101,0,0,0,0,45910
183910,0,0,0,101,0,0,0,0,45911
183911,0,0,0,101,0,0,0,0,46054
183912,0,0,0,101,0,0,0,0,46055
183913,0,0,0,101,0,0,0,0,46059
183914,0,0,0,101,0,0,0,0,46060
183915,0,0,0,101,0,0,0,0,46070
183917,0,0,0,101,0,0,0,0,46168
183918,0,0,0,101,0,0,0,0,46172
183919,0,0,0,101,0,0,0,0,46173
183920,0,0,0,101,0,0,0,0,46174
183921,0,0,0,101,0,0,0,0,46262
183922,0,0,0,101,0,0,0,0,46263
183923,0,0,0,101,0,0,0,0,46264
183924,0,0,0,101,0,0,0,0,46265
183925,0,0,0,101,0,0,0,0,46266
183926,0,0,0,101,0,0,0,0,46366
183927,0,0,0,101,0,0,0,0,46367
183928,0,0,0,101,0,0,0,0,46369
183929,0,0,0,101,0,0,0,0,46370
183930,0,0,0,101,0,0,0,0,46371
183931,0,0,0,101,0,0,0,0,46372
183932,0,5,0,101,0,0,0,0,46481
183933,0,0,0,101,0,0,-2146959360,0,46483
183934,0,0,0,101,0,0,0,0,46484
183935,0,0,0,101,0,0,0,0,46540
183936,0,0,0,101,0,0,0,0,46541
183937,0,0,0,101,0,0,0,0,46542
183938,0,0,0,101,0,0,0,0,46543
183939,0,0,0,101,0,0,0,0,46632
183940,0,0,0,101,0,0,0,0,46637
183941,0,0,0,101,0,0,0,0,46638
183942,0,0,0,101,0,0,0,0,46642
183943,0,0,0,101,0,0,0,0,46643
183944,0,0,0,101,0,0,0,0,46648
183946,0,0,0,101,0,0,0,0,46794
183947,0,0,0,101,0,0,0,0,46795
183948,0,0,0,101,0,0,0,0,46801
183949,0,0,0,101,0,0,0,0,46803
183950,0,0,0,101,0,0,0,0,46804
183951,0,0,0,101,0,0,0,0,46962
183952,0,0,0,101,0,0,0,0,46964
183953,0,0,0,101,0,0,0,0,46965
183955,0,0,0,101,0,0,0,0,46969
183956,0,0,0,101,0,0,0,0,47180
183957,0,0,0,101,0,0,0,0,47227
183958,0,0,0,101,0,0,0,0,47248
183959,0,0,0,101,0,0,0,0,47250
183960,0,0,0,101,0,0,0,0,48164
183961,0,0,0,101,0,0,0,0,48186
183962,0,0,0,101,0,0,0,0,48208
183964,0,0,0,101,0,0,0,0,48249
183965,0,0,0,101,0,0,0,0,49378
183966,0,0,0,101,0,0,0,0,49379
183967,0,0,0,101,0,0,0,0,49384
183968,0,0,0,101,0,0,0,0,49387
183969,0,0,0,101,0,0,0,0,49411
183970,0,0,0,101,0,0,0,0,50243
183971,0,0,0,101,0,0,0,0,50244
183972,0,0,0,101,0,0,0,0,50246
183975,0,0,0,101,0,0,0,0,50276
183976,0,0,0,101,0,0,0,0,51926
183977,0,0,0,101,0,0,0,0,51952
183978,0,0,0,101,0,0,0,0,51953
183979,0,0,0,100,0,0,16384,0,51954
183980,0,0,0,101,0,0,0,0,45912
183981,0,0,0,101,0,0,0,0,45914
183982,0,0,0,101,0,0,0,0,45915
183983,0,0,0,101,0,0,0,0,45917
183984,0,0,0,101,0,0,0,0,45918
183985,0,0,0,101,0,0,0,0,45919
183986,0,0,0,101,0,0,0,0,46071
183987,0,0,0,101,0,0,0,0,46074
183988,0,0,0,101,0,0,0,0,46080
183989,0,0,0,101,0,0,0,0,46081
183990,0,0,0,101,0,0,0,0,46082
183991,0,0,0,101,0,0,0,0,46083
183992,0,0,0,101,0,0,0,0,46175
183993,0,0,0,101,0,0,0,0,46176
183994,0,0,0,101,0,0,0,0,46177
183995,0,0,0,101,0,0,0,0,46178
183997,0,0,0,101,0,0,0,0,46180
183998,0,0,0,100,0,0,20,0,46267
183999,0,0,0,101,0,0,0,0,46268
184000,0,0,0,101,0,0,0,0,46269
184001,0,0,0,101,0,0,0,0,46270
184002,0,0,0,101,0,0,0,0,46271
184003,0,0,0,101,0,0,0,0,46375
184004,0,0,0,101,0,0,0,0,46380
184005,0,0,0,101,0,0,0,0,46381
184006,0,0,0,101,0,0,0,0,46382
184007,0,0,0,101,0,0,0,0,46490
184008,0,0,0,101,0,0,0,0,46491
184009,0,0,0,101,0,0,0,0,46492
184010,0,0,0,101,0,0,0,0,46544
184011,0,0,0,101,0,0,0,0,46546
184012,0,0,0,100,0,0,4,0,46548
184013,0,0,0,101,0,0,0,0,46549
184014,0,0,0,101,0,0,0,0,46551
184015,0,0,0,101,0,0,0,0,46649
184016,0,0,0,101,0,0,0,0,46650
184017,0,0,0,101,0,0,0,0,46651
184018,0,0,0,101,0,0,0,0,46652
184019,0,0,0,101,0,0,0,0,46654
184020,0,0,0,101,0,0,0,0,46660
184021,0,0,0,101,0,0,0,0,46808
184022,0,0,0,101,0,0,0,0,46809
184023,0,0,7000,101,0,0,1048576,0,46810
184024,0,0,0,101,0,0,0,0,46811
184025,0,0,0,101,0,0,0,0,46812
184026,0,0,0,101,0,0,0,0,46818
184027,0,0,0,101,0,0,0,0,46970
184028,0,0,0,101,0,0,0,0,46971
184029,0,0,0,101,0,0,0,0,46972
184030,0,0,0,101,0,0,0,0,46974
184031,0,0,0,101,0,0,0,0,46975
184032,0,0,0,101,0,0,0,0,47251
184034,0,0,0,101,0,0,0,0,47287
184035,0,0,0,101,0,0,0,0,47290
184036,0,0,1000,100,0,0,-2145771488,0,47300
184037,0,0,0,101,0,0,0,0,47310
184038,0,0,0,101,0,0,0,0,48305
184039,0,0,0,101,0,0,0,0,48320
184040,0,0,0,101,0,0,0,0,48342
184041,0,0,0,101,0,0,0,0,48348
184042,0,0,0,101,0,0,0,0,48349
184043,0,0,0,101,0,0,0,0,48350
184044,0,0,0,101,0,0,0,0,48360
184045,0,0,0,101,0,0,0,0,49439
184046,0,0,0,101,0,0,0,0,49440
184047,0,100,0,101,0,0,0,0,49444
184048,0,0,0,101,0,0,0,0,49446
184049,0,0,0,101,0,0,0,0,49466
184050,0,0,0,101,0,0,0,0,49468
184051,0,0,0,101,0,0,0,0,50278
184052,0,0,0,101,0,0,0,0,50279
184053,0,0,0,101,0,0,0,0,50313
184054,0,0,0,101,0,0,0,0,50314
184055,0,0,0,101,0,0,0,0,50315
184056,0,0,0,101,0,0,0,0,51955
184057,0,0,0,101,0,0,0,0,52009
184059,0,0,0,101,0,0,0,0,52052
184060,0,0,0,101,0,0,0,0,52172
184061,0,0,0,101,0,0,0,0,45921
184062,0,0,0,101,0,0,0,0,45926
184063,0,0,0,101,0,0,0,0,45927
184064,0,0,0,101,0,0,0,0,45928
184065,0,0,0,101,0,0,0,0,45929
184066,0,0,0,101,0,0,0,0,45930
184067,0,0,0,101,0,0,0,0,46084
184068,0,0,0,101,0,0,0,0,46086
184069,0,0,0,101,0,0,0,0,46087
184070,0,0,0,101,0,0,0,0,46088
184071,0,0,0,101,0,0,0,0,46089
184072,0,0,0,101,0,0,0,0,46090
184073,0,0,0,101,0,0,0,0,46181
184074,0,0,0,101,0,0,0,0,46182
184075,0,0,0,101,0,0,0,0,46183
184076,0,0,0,100,2,0,1048576,0,46184
184077,0,0,0,101,0,0,0,0,46272
184078,0,0,0,101,0,0,0,0,46273
184079,0,0,0,101,0,0,0,0,46276
184080,0,0,0,100,0,0,20,0,46277
184081,0,40,0,101,0,0,0,0,46278
184082,0,0,0,101,0,0,0,0,46386
184083,0,0,0,101,0,0,0,0,46388
184084,0,0,0,101,0,0,0,0,46389
184085,0,0,0,101,0,0,0,0,46493
184086,0,0,0,101,0,0,0,0,46494
184087,0,0,0,101,0,0,0,0,46495
184088,0,0,0,101,0,0,0,0,46496
184089,0,0,0,101,0,0,0,0,46553
184090,0,0,0,101,0,0,0,0,46555
184091,0,0,0,101,0,0,0,0,46556
184093,0,0,0,101,0,0,0,0,46558
184094,0,0,0,101,0,0,0,0,46661
184095,0,0,25000,50,0,0,2424832,0,46662
184097,0,0,0,101,0,0,0,0,46668
184098,0,0,0,101,0,0,0,0,46671
184099,0,0,0,101,0,0,0,0,46672
184100,0,0,0,101,0,0,0,0,46819
184101,0,0,0,101,0,0,0,0,46821
184102,0,0,0,101,0,0,0,0,46822
184103,0,0,0,101,0,0,0,0,46825
184104,0,0,0,101,0,0,0,0,46826
184105,0,0,0,101,0,0,0,0,46827
184106,0,0,0,101,0,0,0,0,46981
184107,0,0,0,101,0,0,0,0,46983
184108,0,0,0,101,0,0,0,0,46984
184109,0,0,0,101,0,0,0,0,46987
184110,0,0,0,101,0,0,0,0,47314
184111,0,0,0,101,0,0,0,0,47327
184112,0,0,0,101,0,0,0,0,47331
184113,0,0,0,101,0,0,0,0,47333
184114,0,0,0,101,0,0,0,0,47339
184115,0,0,0,101,0,0,0,0,47340
184116,0,0,0,101,0,0,0,0,48383
184117,0,0,0,101,0,0,0,0,48401
184118,0,0,0,101,0,0,0,0,48402
184119,0,0,0,101,0,0,0,0,48403
184120,0,0,0,101,0,0,0,0,49469
184121,0,0,0,101,0,0,0,0,49472
184123,0,0,0,101,0,0,0,0,49476
184124,0,0,0,101,0,0,0,0,49493
184125,0,0,0,101,0,0,0,0,49494
184126,0,0,0,101,0,0,0,0,50317
184127,0,0,0,101,0,0,0,0,50368
184128,0,0,0,101,0,0,0,0,50369
184129,0,0,0,101,0,0,0,0,50398
184130,0,0,0,101,0,0,0,0,50399
184131,0,0,0,101,0,0,0,0,52173
184132,0,0,0,101,0,0,0,0,52195
184133,0,0,0,101,0,0,0,0,52236
184134,0,0,0,101,0,0,0,0,52605
184135,0,0,0,101,0,0,0,0,52845
184136,0,0,0,101,0,0,0,0,52850
184137,0,0,0,101,0,0,0,0,45934
184138,0,0,0,101,0,0,0,0,45936
184139,0,0,0,101,0,0,0,0,45937
184140,0,0,0,101,0,0,0,0,45938
184141,0,0,0,101,0,0,0,0,45939
184142,0,0,0,101,0,0,0,0,45941
184143,0,0,0,101,0,0,0,0,45943
184144,0,0,0,101,0,0,0,0,46091
184145,0,0,0,100,0,0,16384,0,46092
184146,0,0,0,100,0,0,4,0,46093
184147,0,0,0,101,0,0,0,0,46095
184148,0,0,0,101,0,0,0,0,46185
184149,0,0,0,101,0,0,0,0,46186
184150,0,0,0,101,0,0,0,0,46187
184151,0,10,0,101,0,0,0,0,46279
184152,0,0,0,101,0,0,0,0,46280
184153,0,0,0,101,0,0,0,0,46281
184154,0,0,0,101,0,0,0,0,46390
184155,0,0,0,101,0,0,0,0,46391
184156,0,0,0,101,0,0,0,0,46392
184157,0,0,0,101,0,0,0,0,46497
184158,0,0,0,101,0,0,0,0,46498
184159,0,0,0,101,0,0,0,0,46499
184160,0,0,0,101,0,0,0,0,46559
184161,0,0,0,100,0,0,0,0,46560
184162,0,0,0,101,0,0,0,0,46561
184163,0,0,0,101,0,0,0,0,46680
184164,0,0,0,101,0,0,0,0,46681
184165,0,0,0,101,0,0,0,0,46682
184166,0,0,0,101,0,0,0,0,46683
184167,0,0,0,101,0,0,0,0,46828
184168,0,0,0,101,0,0,0,0,46829
184169,0,0,0,101,0,0,0,0,46830
184170,0,0,15000,15,0,0,65536,0,46832
184171,0,0,0,100,1,0,65536,0,46833
184172,0,0,0,101,0,0,0,0,46988
184175,0,0,0,101,0,0,0,0,47001
184176,0,0,0,101,0,0,0,0,47002
184177,0,0,0,101,0,0,0,0,47344
184178,0,0,0,101,0,0,0,0,47345
184179,0,0,0,101,0,0,0,0,47347
184180,0,0,0,101,0,0,0,0,47348
184181,0,0,0,101,0,0,0,0,47349
184182,0,0,0,101,0,0,0,0,47350
184183,0,0,0,101,0,0,0,0,48406
184184,0,0,0,101,0,0,0,0,48408
184185,0,0,0,100,0,0,2,0,48473
184186,0,0,0,101,0,0,0,0,48534
184187,0,0,0,101,0,0,0,0,48555
184188,0,0,0,101,0,0,0,0,49512
184189,0,0,0,101,0,0,0,0,49516
184190,0,0,0,101,0,0,0,0,49615
184191,0,0,0,101,0,0,0,0,49672
184192,0,0,0,101,0,0,0,0,49673
184193,0,0,0,101,0,0,0,0,50425
184195,0,0,0,101,0,0,0,0,50477
184196,0,0,0,101,0,0,0,0,50478
184197,0,0,0,101,0,0,0,0,52970
184198,0,0,0,101,0,0,0,0,53082
184199,0,0,0,101,0,0,0,0,53085
184200,0,0,0,101,0,0,0,0,45944
184201,0,0,0,101,0,0,0,0,45945
184202,0,0,0,101,0,0,0,0,45946
184203,0,0,0,101,0,0,0,0,45947
184204,0,0,0,101,0,0,0,0,45951
184205,0,0,0,101,0,0,0,0,45952
184206,0,0,0,101,0,0,0,0,46096
184207,0,0,0,101,0,0,0,0,46097
184208,0,0,0,100,0,0,16384,0,46098
184209,0,0,0,100,0,0,4,0,46099
184210,0,0,0,101,0,0,0,0,46188
184211,0,0,0,101,0,0,0,0,46189
184212,0,0,0,101,0,0,0,0,46190
184213,0,0,0,101,0,0,0,0,46191
184214,0,0,0,101,0,0,0,0,46282
184215,0,0,0,101,0,0,0,0,46283
184216,0,0,0,101,0,0,0,0,46284
184217,0,0,0,101,0,0,0,0,46285
184218,0,0,0,101,0,0,0,0,46286
184219,0,0,0,101,0,0,0,0,46393
184220,0,0,0,101,0,0,0,0,46394
184221,0,0,0,101,0,0,0,0,46396
184222,0,0,0,101,0,0,0,0,46397
184223,0,0,0,101,0,0,0,0,46398
184224,0,0,0,101,0,0,0,0,46402
184225,0,0,0,101,0,0,0,0,46500
184226,0,0,0,101,0,0,0,0,46501
184227,0,0,0,101,0,0,0,0,46502
184228,0,0,0,101,0,0,0,0,46562
184229,0,0,0,101,0,0,0,0,46563
184230,0,0,0,101,0,0,0,0,46564
184231,0,0,0,101,0,0,0,0,46684
184232,0,0,0,101,0,0,0,0,46686
184233,0,0,0,101,0,0,0,0,46687
184234,0,0,0,101,0,0,0,0,46688
184235,0,0,0,101,0,0,0,0,46689
184236,0,0,0,101,0,0,0,0,46690
184237,0,0,15000,15,0,0,65536,0,46834
184238,0,0,0,101,0,0,0,0,46835
184239,0,0,0,101,0,0,0,0,46836
184240,0,0,0,101,0,0,0,0,47004
184241,0,0,0,101,0,0,0,0,47008
184242,0,0,0,101,0,0,0,0,47015
184243,0,0,0,101,0,0,0,0,47016
184244,0,0,0,101,0,0,0,0,47017
184245,0,0,0,101,0,0,0,0,47351
184246,0,0,0,101,0,0,0,0,47352
184247,0,0,0,101,0,0,0,0,47353
184248,0,0,0,101,0,0,0,0,47354
184249,0,0,0,101,0,0,0,0,47355
184250,0,0,0,101,0,0,0,0,47356
184251,0,0,0,101,0,0,0,0,47357
184252,0,0,0,101,0,0,0,0,48556
184253,0,0,0,101,0,0,0,0,48557
184255,0,0,0,101,0,0,0,0,48684
184256,0,0,0,101,0,0,0,0,49677
184257,0,0,0,101,0,0,0,0,49725
184258,0,0,0,101,0,0,0,0,49737
184259,0,0,0,101,0,0,0,0,49738
184260,0,0,0,101,0,0,0,0,49750
184261,0,0,0,101,0,0,0,0,49754
184262,0,0,0,101,0,0,0,0,50487
184263,0,0,0,101,0,0,0,0,50492
184264,0,0,0,101,0,0,0,0,50493
184265,0,0,0,101,0,0,0,0,50499
184266,0,0,0,101,0,0,0,0,50517
184267,0,0,0,101,0,0,0,0,50530
184269,0,0,0,101,0,0,0,0,45816
184270,0,0,0,101,0,0,0,0,45817
184271,0,0,0,101,0,0,0,0,45818
184272,0,0,0,101,0,0,0,0,45819
184273,0,0,0,101,0,0,0,0,45953
184274,0,0,0,101,0,0,0,0,45954
184275,0,0,0,101,0,0,0,0,45955
184276,0,0,0,101,0,0,0,0,45959
184277,0,0,0,101,0,0,0,0,45960
184278,0,0,0,101,0,0,0,0,45964
184279,0,0,0,101,0,0,0,0,46100
184280,0,0,0,101,0,0,0,0,46101
184281,0,0,0,100,5,0,2441216,0,46102
184282,0,0,0,101,0,0,0,0,46103
184283,0,0,0,101,0,0,0,0,46105
184284,0,0,0,101,0,0,0,0,46106
184285,0,0,0,101,0,0,0,0,46192
184286,0,0,0,101,0,0,0,0,46193
184287,0,0,0,101,0,0,0,0,46194
184288,0,0,0,101,0,0,0,0,46287
184289,0,0,0,101,0,0,0,0,46288
184290,0,0,0,101,0,0,0,0,46289
184291,0,0,0,101,0,0,0,0,46290
184292,0,0,0,101,0,0,0,0,46403
184293,0,0,0,101,0,0,0,0,46404
184294,0,0,0,101,0,0,0,0,46405
184295,0,0,0,101,0,0,0,0,46406
184296,0,0,0,101,0,0,0,0,46408
184297,0,0,0,101,0,0,0,0,46410
184298,0,0,0,101,0,0,0,0,46503
184299,0,0,0,101,0,0,0,0,46504
184300,0,0,0,101,0,0,0,0,46505
184301,0,0,0,101,0,0,0,0,46565
184302,0,0,0,101,0,0,0,0,46566
184303,0,0,0,101,0,0,0,0,46567
184304,0,0,0,101,0,0,0,0,46568
184305,0,0,0,101,0,0,0,0,46697
184306,0,0,0,101,0,0,0,0,46699
184307,0,0,0,100,0,0,-2146819416,0,46705
184308,0,0,0,101,0,0,0,0,46706
184309,0,0,0,100,0,0,0,0,46707
184310,0,0,0,101,0,0,0,0,46837
184311,0,0,0,101,0,0,0,0,46838
184312,0,0,0,101,0,0,0,0,47030
184313,0,0,0,101,0,0,0,0,47037
184314,0,0,0,101,0,0,0,0,47038
184315,0,0,0,101,0,0,0,0,47041
184316,0,0,0,101,0,0,0,0,47043
184317,0,0,0,101,0,0,0,0,47046
184318,0,0,0,101,0,0,0,0,47358
184319,0,0,0,101,0,0,0,0,47359
184320,0,0,0,101,0,0,0,0,47360
184321,0,0,0,101,0,0,0,0,47361
184322,0,0,0,101,0,0,0,0,47362
184323,0,0,0,101,0,0,0,0,47363
184325,0,0,0,101,0,0,0,0,48704
184326,0,0,0,101,0,0,0,0,48709
184328,0,0,0,101,0,0,0,0,48722
184329,0,0,0,101,0,0,0,0,49757
184330,0,0,0,101,0,0,0,0,49764
184331,0,0,0,101,0,0,0,0,49798
184332,0,20,0,101,0,0,0,0,49801
184333,0,0,0,101,0,0,0,0,49818
184334,0,0,0,101,0,0,0,0,49822
184335,0,0,0,101,0,0,0,0,50531
184336,0,0,0,101,0,0,0,0,50532
184337,0,20,0,101,0,0,0,0,50551
184338,0,0,0,101,0,0,0,0,50552
184339,0,0,0,101,0,0,0,0,50555
184340,0,0,0,101,0,0,0,0,50558
184341,0,0,0,101,0,0,0,0,50631
184342,0,0,0,101,0,0,0,0,45821
184343,0,0,0,101,0,0,0,0,45822
184344,0,0,0,101,0,0,0,0,45823
184345,0,0,0,101,0,0,0,0,45976
184346,0,0,0,101,0,0,0,0,45977
184347,0,0,0,101,0,0,0,0,45978
184348,0,0,0,101,0,0,0,0,45988
184349,0,0,0,101,0,0,0,0,45989
184350,0,0,0,101,0,0,0,0,45994
184351,0,0,0,101,0,0,0,0,46107
184352,0,0,0,101,0,0,0,0,46108
184353,0,0,0,101,0,0,0,0,46109
184354,0,0,0,101,0,0,0,0,46110
184355,0,0,0,101,0,0,0,0,46111
184356,0,0,0,101,0,0,0,0,46112
184357,0,0,0,101,0,0,0,0,46195
184358,0,0,0,101,0,0,0,0,46196
184359,0,0,0,101,0,0,0,0,46197
184360,0,0,0,101,0,0,0,0,46198
184361,0,0,0,101,0,0,0,0,46199
184362,0,0,0,101,0,0,0,0,46291
184363,0,0,0,101,0,0,0,0,46292
184364,0,0,0,101,0,0,0,0,46293
184365,0,0,0,101,0,0,0,0,46411
184366,0,0,0,101,0,0,0,0,46412
184367,0,0,0,101,0,0,0,0,46413
184368,0,0,0,101,0,0,0,0,46414
184369,0,0,0,101,0,0,0,0,46415
184370,0,0,0,101,0,0,0,0,46506
184371,0,0,0,101,0,0,0,0,46507
184372,0,0,0,101,0,0,0,0,46508
184373,0,0,45000,15,0,0,81920,0,46569
184374,0,12,0,101,0,0,0,0,46570
184375,0,0,0,101,0,0,0,0,46571
184376,0,0,0,101,0,0,0,0,46572
184377,0,0,0,101,0,0,0,0,46709
184378,0,0,0,101,0,0,0,0,46711
184379,0,0,0,101,0,0,0,0,46713
184380,0,0,0,101,0,0,0,0,46714
184381,0,0,0,101,0,0,0,0,46715
184382,0,0,0,101,0,0,0,0,46839
184383,0,0,0,101,0,0,0,0,46840
184384,0,0,0,101,0,0,0,0,47048
184385,0,0,0,101,0,0,0,0,47049
184386,0,0,0,101,0,0,0,0,47050
184387,0,0,0,101,0,0,0,0,47051
184388,0,0,0,101,0,0,0,0,47053
184389,0,0,0,101,0,0,0,0,47364
184390,0,0,0,101,0,0,0,0,47365
184391,0,0,0,101,0,0,0,0,47366
184392,0,0,0,101,0,0,0,0,47367
184393,0,0,0,101,0,0,0,0,47368
184394,0,0,0,101,0,0,0,0,47369
184395,0,0,0,101,0,0,0,0,47370
184396,0,0,0,101,0,0,0,0,48776
184397,0,0,0,101,0,0,0,0,48777
184398,0,0,0,101,0,0,0,0,48789
184399,0,0,0,101,0,0,0,0,48802
184400,0,0,0,101,0,0,0,0,48807
184401,0,0,0,101,0,0,0,0,49823
184402,0,0,0,101,0,0,0,0,49826
184403,0,0,0,101,0,0,0,0,49827
184404,0,20,0,101,0,0,0,0,49828
184405,0,20,0,101,0,0,0,0,49830
184406,0,1,0,101,0,0,0,0,49837
184407,0,0,0,101,0,0,0,0,50644
184408,0,0,0,101,0,0,0,0,50647
184409,0,0,0,101,0,0,0,0,50650
184410,0,0,0,101,0,0,0,0,50651
184411,0,0,0,101,0,0,0,0,50682
184412,0,0,0,101,0,0,0,0,50696
184413,0,0,0,101,0,0,0,0,45824
184414,0,0,0,101,0,0,0,0,45825
184415,0,0,0,101,0,0,0,0,45826
184416,0,0,0,101,0,0,0,0,45996
184417,0,0,0,101,0,0,0,0,45998
184418,0,0,0,101,0,0,0,0,45999
184419,0,0,0,101,0,0,0,0,46000
184420,0,0,0,101,0,0,0,0,46001
184421,0,0,0,101,0,0,0,0,46002
184422,0,0,0,101,0,0,0,0,46113
184423,0,0,0,101,0,0,0,0,46114
184424,0,0,0,101,0,0,0,0,46115
184425,0,0,0,101,0,0,0,0,46116
184426,0,0,0,101,0,0,0,0,46117
184427,0,0,0,101,0,0,0,0,46118
184428,0,0,0,101,0,0,0,0,46202
184429,0,0,0,101,0,0,0,0,46203
184430,0,0,0,101,0,0,0,0,46204
184431,0,0,0,101,0,0,0,0,46205
184432,0,0,0,101,0,0,0,0,46206
184433,0,0,0,101,0,0,0,0,46294
184434,0,0,0,101,0,0,0,0,46295
184435,0,0,0,101,0,0,0,0,46296
184436,0,0,0,101,0,0,0,0,46297
184437,0,0,0,101,0,0,0,0,46416
184438,0,0,0,101,0,0,0,0,46420
184439,0,0,0,101,0,0,0,0,46421
184440,0,0,0,101,0,0,0,0,46422
184441,0,0,0,101,0,0,0,0,46423
184442,0,0,0,101,0,0,0,0,46425
184443,0,0,0,101,0,0,0,0,46509
184444,0,0,0,101,0,0,0,0,46510
184445,0,0,0,101,0,0,0,0,46511
184446,0,0,0,101,0,0,0,0,46573
184447,0,0,0,101,0,0,0,0,46576
184448,0,0,0,101,0,0,0,0,46577
184449,0,0,0,101,0,0,0,0,46578
184457,0,0,0,101,0,0,0,0,46841
184458,0,0,0,101,0,0,0,0,46842
184459,0,0,0,101,0,0,0,0,46843
184460,0,0,0,101,0,0,0,0,46847
184461,0,0,0,101,0,0,0,0,46850
184462,0,0,0,101,0,0,0,0,46851
184463,0,0,0,101,0,0,0,0,47054
184464,0,0,0,101,0,0,0,0,47055
184465,0,0,0,101,0,0,0,0,47056
184466,0,0,0,101,0,0,0,0,47057
184467,0,0,0,101,0,0,0,0,47061
184468,0,0,0,101,0,0,0,0,47065
184469,0,0,0,101,0,0,0,0,47371
184470,0,0,0,101,0,0,0,0,47372
184471,0,0,0,101,0,0,0,0,47375
184472,0,0,0,101,0,0,0,0,47376
184473,0,0,0,101,0,0,0,0,47377
184474,0,4,0,101,0,0,0,0,48889
184475,0,4,0,101,0,0,0,0,48890
184476,0,4,0,101,0,0,0,0,48891
184477,0,4,0,101,0,0,0,0,48892
184478,0,0,0,101,0,0,0,0,49844
184479,0,0,0,101,0,0,0,0,49846
184480,0,0,0,101,0,0,0,0,49858
184481,0,1,0,101,0,0,0,0,49860
184482,0,1,0,101,0,0,0,0,49862
184483,0,0,0,101,0,0,0,0,49864
184484,0,0,0,101,0,0,0,0,50700
184485,0,0,0,101,0,0,0,0,50733
184486,0,0,0,101,0,0,0,0,50736
184487,0,0,0,101,0,0,0,0,50738
184488,0,0,0,101,0,0,0,0,45828
184489,0,0,0,101,0,0,0,0,45829
184490,0,0,0,101,0,0,0,0,45830
184491,0,0,0,101,0,0,0,0,46003
184492,0,0,0,101,0,0,0,0,46004
184493,0,0,0,101,0,0,0,0,46005
184494,0,0,0,101,0,0,0,0,46006
184495,0,0,0,101,0,0,0,0,46007
184497,0,0,0,101,0,0,0,0,46009
184498,0,0,0,101,0,0,0,0,46120
184499,0,0,0,101,0,0,0,0,46121
184500,0,0,0,101,0,0,0,0,46122
184501,0,0,0,101,0,0,0,0,46123
184502,0,0,0,101,0,0,0,0,46124
184503,0,0,0,101,0,0,0,0,46125
184505,0,0,0,101,0,0,0,0,46208
184510,0,0,0,101,0,0,0,0,46298
184511,0,0,0,101,0,0,0,0,46299
184512,0,0,0,101,0,0,0,0,46300
184513,0,0,0,101,0,0,0,0,46426
184514,0,0,0,101,0,0,0,0,46427
184516,0,0,0,101,0,0,0,0,46433
184517,0,0,0,101,0,0,0,0,46434
184518,0,0,0,101,0,0,0,0,46512
184519,0,0,0,101,0,0,0,0,46513
184520,0,0,0,101,0,0,0,0,46514
184521,0,0,0,101,0,0,0,0,46579
184522,0,0,0,101,0,0,0,0,46580
184523,0,0,0,101,0,0,0,0,46581
184525,0,0,0,101,0,0,0,0,46583
184526,0,0,0,101,0,0,0,0,46586
184534,0,0,0,101,0,0,0,0,46852
184535,0,0,1000,101,1,0,1,0,46873
184536,0,0,0,101,0,0,0,0,46874
184537,0,0,0,101,0,0,0,0,46875
184538,0,0,0,101,0,0,0,0,46876
184539,0,0,0,101,0,0,0,0,46877
184541,0,0,0,101,0,0,0,0,47068
184542,0,0,0,101,0,0,0,0,47069
184543,0,0,0,101,0,0,0,0,47070
184544,0,0,0,101,0,0,0,0,47071
184545,0,0,0,101,0,0,0,0,47399
184546,0,0,0,101,0,0,0,0,47407
184547,0,10,0,101,0,0,0,0,47409
184548,0,0,0,101,0,0,0,0,47411
184549,0,0,0,101,0,0,0,0,47442
184550,0,0,0,101,0,0,0,0,47445
184551,0,0,0,101,0,0,0,0,47489
184552,0,0,0,101,0,0,0,0,48917
184553,0,0,0,101,0,0,0,0,48954
184554,0,0,0,101,0,0,0,0,48955
184555,0,0,0,101,0,0,0,0,48956
184556,0,0,0,101,0,0,0,0,48983
184558,0,1,0,101,0,0,0,0,49867
184559,0,0,0,101,0,0,0,0,49869
184560,0,1,0,101,0,0,0,0,49870
184562,0,0,0,101,0,0,0,0,49886
184563,0,0,0,101,0,0,0,0,50739
184564,0,0,0,101,0,0,0,0,50749
184565,0,0,0,101,0,0,0,0,50762
184566,0,0,0,101,0,0,0,0,50775
184567,0,0,0,101,0,0,0,0,50847
184568,0,0,0,101,0,0,0,0,50848
184569,0,0,0,101,0,0,0,0,45831
184570,0,0,0,101,0,0,0,0,45832
184571,0,0,0,101,0,0,0,0,45833
184572,0,0,0,101,0,0,0,0,45836
184573,0,0,0,101,0,0,0,0,45838
184574,0,0,0,101,0,0,0,0,46019
184575,0,0,0,101,0,0,0,0,46020
184576,0,0,0,101,0,0,0,0,46021
184577,0,0,0,100,2,0,1048576,0,46024
184578,0,0,0,101,0,0,0,0,46126
184579,0,0,0,101,0,0,0,0,46127
184580,0,0,0,101,0,0,0,0,46128
184581,0,0,0,101,0,0,0,0,46129
184582,0,0,0,101,0,0,0,0,46130
184583,0,0,0,101,0,0,0,0,46131
184585,0,0,0,101,0,0,0,0,46214
184588,0,0,0,101,0,0,0,0,46217
184589,0,0,0,101,0,0,0,0,46218
184590,0,0,0,101,0,0,0,0,46302
184591,0,99,0,101,0,0,0,0,46305
184592,0,0,0,101,0,0,0,0,46306
184593,0,0,0,101,0,0,0,0,46307
184594,0,0,0,101,0,0,0,0,46308
184595,0,0,0,101,0,0,0,0,46435
184596,0,0,0,101,0,0,0,0,46436
184597,0,0,0,101,0,0,0,0,46437
184598,0,0,0,101,0,0,0,0,46438
184599,0,0,0,101,0,0,0,0,46442
184600,0,0,0,101,0,0,0,0,46453
184601,0,0,0,101,0,0,0,0,46515
184602,0,0,0,101,0,0,0,0,46516
184603,0,0,0,101,0,0,0,0,46517
184604,0,0,0,101,0,0,0,0,46587
184605,0,0,0,101,0,0,0,0,46588
184606,0,0,0,101,0,0,0,0,46589
184607,0,0,0,101,0,0,0,0,46590
184609,0,0,0,101,0,0,0,0,46732
184610,0,0,0,101,0,0,0,0,46733
184611,0,0,0,101,0,0,0,0,46734
184612,0,0,0,101,0,0,0,0,46735
184613,0,0,0,101,0,0,0,0,46736
184614,0,0,0,101,0,0,0,0,46878
184615,0,0,0,101,0,0,0,0,46879
184616,0,0,0,101,0,0,0,0,46880
184617,0,0,0,101,0,0,0,0,46881
184618,0,0,0,101,0,0,0,0,46883
184619,0,0,0,101,0,0,0,0,47072
184620,0,0,0,101,0,0,0,0,47074
184621,0,0,0,101,0,0,0,0,47075
184622,0,0,0,101,0,0,0,0,47076
184623,0,0,0,101,0,0,0,0,47077
184624,0,0,0,101,0,0,0,0,47512
184626,0,0,0,101,0,0,0,0,47514
184627,0,0,0,101,0,0,0,0,47521
184628,0,0,0,101,0,0,0,0,47523
184629,0,0,0,101,0,0,0,0,49007
184635,0,0,0,101,0,0,0,0,49888
184636,0,0,0,101,0,0,0,0,49908
184637,0,0,0,101,0,0,0,0,49949
184638,0,0,0,101,0,0,0,0,49950
184639,0,0,0,101,0,0,0,0,49954
184640,0,0,0,101,0,0,0,0,50849
184641,0,0,0,101,0,0,0,0,50850
184642,0,0,0,101,0,0,0,0,50851
184643,0,0,0,101,0,0,0,0,50852
184644,0,0,0,101,0,0,0,0,50869
184645,0,0,0,101,0,0,0,0,45839
184646,0,0,0,101,0,0,0,0,45840
184647,0,0,0,101,0,0,0,0,45848
184648,0,0,0,101,0,0,0,0,45855
184649,0,0,0,10,0,0,87376,0,46025
184650,0,0,0,101,0,0,0,0,46026
184651,0,0,0,101,0,0,0,0,46028
184652,0,0,0,101,0,0,0,0,46029
184653,0,0,0,101,0,0,0,0,46132
184654,0,0,0,101,0,0,0,0,46133
184655,0,0,0,101,0,0,0,0,46134
184656,0,0,0,101,0,0,0,0,46135
184657,0,0,0,101,0,0,0,0,46136
184658,0,0,0,101,0,0,0,0,46137
184659,0,0,0,101,0,0,0,0,46219
184661,0,0,0,101,0,0,0,0,46223
184662,0,0,0,101,0,0,0,0,46224
184663,0,0,0,101,0,0,0,0,46225
184664,0,0,0,101,0,0,0,0,46309
184665,0,0,0,101,0,0,0,0,46313
184666,0,0,0,101,0,0,0,0,46314
184667,0,0,0,101,0,0,0,0,46318
184668,0,0,0,101,0,0,0,0,46319
184669,0,0,0,101,0,0,0,0,46320
184670,0,0,0,101,0,0,0,0,46454
184671,0,0,0,101,0,0,0,0,46455
184672,0,0,0,101,0,0,0,0,46456
184673,0,0,0,101,0,0,0,0,46457
184674,0,100,0,101,0,0,0,0,46458
184675,0,0,0,101,0,0,0,0,46518
184676,0,0,0,101,0,0,0,0,46519
184677,0,0,0,101,0,0,0,0,46520
184678,0,0,0,101,0,0,0,0,46591
184679,0,0,0,101,0,0,0,0,46592
184680,0,0,0,101,0,0,0,0,46593
184681,0,0,0,101,0,0,0,0,46594
184682,0,0,0,101,0,0,0,0,46595
184683,0,0,0,101,0,0,0,0,46737
184684,0,0,0,101,0,0,0,0,46738
184685,0,0,0,101,0,0,0,0,46739
184686,0,0,0,101,0,0,0,0,46740
184688,0,0,0,30,0,0,4,0,46744
184689,0,0,0,101,0,0,0,0,46884
184690,0,0,0,101,0,0,0,0,46885
184691,0,0,0,101,0,0,0,0,46887
184692,0,0,0,101,0,0,0,0,46888
184693,0,0,0,101,0,0,0,0,46889
184694,0,0,0,101,0,0,0,0,46890
184695,0,0,0,101,0,0,0,0,47079
184696,0,0,0,101,0,0,0,0,47080
184697,0,0,0,101,0,0,0,0,47081
184698,0,0,0,101,0,0,0,0,47103
184699,0,0,0,101,0,0,0,0,47524
184702,0,0,0,101,0,0,0,0,47653
184703,0,0,0,101,0,0,0,0,47673
184704,0,0,0,101,0,0,0,0,47674
184707,0,0,0,101,0,0,0,0,49193
184710,0,0,0,101,0,0,0,0,49962
184711,0,0,0,101,0,0,0,0,49963
184712,0,0,0,101,0,0,0,0,49964
184713,0,0,0,101,0,0,0,0,49965
184714,0,0,0,101,0,0,0,0,50008
184715,0,0,0,101,0,0,0,0,50870
184716,0,0,0,101,0,0,0,0,50874
184717,0,0,0,101,0,0,0,0,50876
184718,0,0,0,101,0,0,0,0,50934
184719,0,0,0,101,0,0,0,0,50976
185119,0,10,0,101,0,0,0,0,348005
185189,0,0,0,100,0,0,4,0,348700
185193,0,0,0,100,0,0,4,0,348704
185202,0,0,0,100,0,0,20,0,348779
185203,0,0,0,100,0,0,20,0,348780
185394,0,0,0,101,0,0,0,0,349981
185448,0,0,0,100,0,0,-2146819416,0,351357
185526,0,0,0,101,0,0,1,0,352341
185549,174,10,0,101,0,0,0,0,31464
185550,173,10,0,101,0,0,0,0,31464
185742,175,5,0,101,0,0,0,0,30210
185743,175,4,0,101,0,0,0,0,30127
185772,175,0,12000,100,0,0,131072,0,29315
185805,0,0,0,101,0,0,0,0,355363
185806,0,0,0,101,0,0,0,0,355365
185807,0,0,0,101,0,0,0,0,355366
185897,0,5,0,0,0,0,0,0,356110
185898,0,0,0,101,0,0,0,0,356111
185899,0,0,0,101,0,0,0,0,356112
186218,0,99,0,101,0,0,0,0,351655
186303,176,0,0,100,2,0,0,0,37120
186304,0,0,0,101,0,0,0,0,37120
186324,176,0,0,25,20,0,139944,0,39067
186522,0,0,0,101,0,0,-2146820096,0,38714
186524,0,0,0,101,0,0,-2146820096,0,38715
186525,0,0,0,101,0,0,-2146820096,0,38717
186791,0,0,300000,2,0,0,0,0,364226
186798,0,0,300000,2,0,0,1,0,364001
220234,0,0,0,101,0,0,139808,0,378027
220235,0,0,0,101,0,0,139808,0,378033
220236,0,0,0,101,0,0,139808,0,378034
220237,0,0,0,101,0,0,139808,0,378035
220238,0,0,0,101,0,0,139808,0,378036
