Class,SkillLineID,SkillLine,SpellID,SpellName,UsageTag,PlaystyleTags,AcquireMethod,ClassMask,RaceMask
Paladin,184,Retribution,67,Vindication,utility-or-rank,utility,0,2,0
Paladin,184,Retribution,7294,Retribution Aura,utility-or-rank,utility,0,2,0
Paladin,184,Retribution,9452,Vindication,utility-or-rank,utility,0,2,0
Paladin,184,Retribution,9799,Eye for an Eye,utility-or-rank,utility,0,2,0
Paladin,184,Retribution,10298,Retribution Aura,utility-or-rank,utility,0,2,0
Paladin,184,Retribution,10299,Retribution Aura,utility-or-rank,utility,0,2,0
Paladin,184,Retribution,10300,Retribution Aura,utility-or-rank,utility,0,2,0
Paladin,184,Retribution,10301,Retribution Aura,utility-or-rank,utility,0,2,0
Paladin,184,Retribution,19740,Blessing of Might,utility-or-rank,utility,0,2,0
Paladin,184,Retribution,19834,Blessing of Might,utility-or-rank,utility,0,2,0
Paladin,184,Retribution,19835,Blessing of Might,utility-or-rank,utility,0,2,0
Paladin,184,Retribution,19836,Blessing of Might,utility-or-rank,utility,0,2,0
Paladin,184,Retribution,19837,Blessing of Might,utility-or-rank,utility,0,2,0
Paladin,184,Retribution,19838,Blessing of Might,utility-or-rank,utility,0,2,0
Paladin,184,Retribution,20042,Improved Blessing of Might,talent-passive,utility,0,0,0
Paladin,184,Retribution,20045,Improved Blessing of Might,talent-passive,utility,0,0,0
Paladin,184,Retribution,20046,Improved Blessing of Might,talent-passive,utility,0,0,0
Paladin,184,Retribution,20047,Improved Blessing of Might,talent-passive,utility,0,0,0
Paladin,184,Retribution,20048,Improved Blessing of Might,talent-passive,utility,0,0,0
Paladin,184,Retribution,20049,Vengeance,utility-or-rank,utility,0,0,0
Paladin,184,Retribution,20056,Vengeance,utility-or-rank,utility,0,0,0
Paladin,184,Retribution,20057,Vengeance,utility-or-rank,utility,0,0,0
Paladin,184,Retribution,20058,Vengeance,utility-or-rank,utility,0,0,0
Paladin,184,Retribution,20059,Vengeance,utility-or-rank,utility,0,0,0
Paladin,184,Retribution,20060,Deflection,utility-or-rank,utility,0,0,0
Paladin,184,Retribution,20061,Deflection,utility-or-rank,utility,0,0,0
Paladin,184,Retribution,20062,Deflection,utility-or-rank,utility,0,0,0
Paladin,184,Retribution,20063,Deflection,utility-or-rank,utility,0,0,0
Paladin,184,Retribution,20064,Deflection,utility-or-rank,utility,0,0,0
Paladin,184,Retribution,20066,Repentance,utility-or-rank,utility,0,2,0
Paladin,184,Retribution,20091,Improved Retribution Aura,talent-passive,utility,0,0,0
Paladin,184,Retribution,20092,Improved Retribution Aura,talent-passive,utility,0,0,0
Paladin,184,Retribution,20101,Benediction,utility-or-rank,utility,0,0,0
Paladin,184,Retribution,20102,Benediction,utility-or-rank,utility,0,0,0
Paladin,184,Retribution,20103,Benediction,utility-or-rank,utility,0,0,0
Paladin,184,Retribution,20104,Benediction,utility-or-rank,utility,0,0,0
Paladin,184,Retribution,20105,Benediction,utility-or-rank,utility,0,0,0
Paladin,184,Retribution,20111,Two-Handed Weapon Specialization,talent-passive,utility,0,0,0
Paladin,184,Retribution,20112,Two-Handed Weapon Specialization,talent-passive,utility,0,0,0
Paladin,184,Retribution,20113,Two-Handed Weapon Specialization,talent-passive,utility,0,0,0
Paladin,184,Retribution,20117,Conviction,utility-or-rank,utility,0,0,0
Paladin,184,Retribution,20118,Conviction,utility-or-rank,utility,0,0,0
Paladin,184,Retribution,20119,Conviction,utility-or-rank,utility,0,0,0
Paladin,184,Retribution,20120,Conviction,utility-or-rank,utility,0,0,0
Paladin,184,Retribution,20121,Conviction,utility-or-rank,utility,0,0,0
Paladin,184,Retribution,20162,Seal of the Crusader,damage,single-target;state-maintenance,0,2,0
Paladin,184,Retribution,20188,Judgement of the Crusader,damage,single-target,0,2,0
Paladin,184,Retribution,20218,Sanctity Aura,utility-or-rank,utility,0,2,0
Paladin,184,Retribution,20271,Judgement,damage,single-target,0,2,0
Paladin,184,Retribution,20300,Judgement of the Crusader,damage,single-target,0,2,0
Paladin,184,Retribution,20301,Judgement of the Crusader,damage,single-target,0,2,0
Paladin,184,Retribution,20302,Judgement of the Crusader,damage,single-target,0,2,0
Paladin,184,Retribution,20303,Judgement of the Crusader,damage,single-target,0,2,0
Paladin,184,Retribution,20305,Seal of the Crusader,damage,single-target;state-maintenance,0,2,0
Paladin,184,Retribution,20306,Seal of the Crusader,damage,single-target;state-maintenance,0,2,0
Paladin,184,Retribution,20307,Seal of the Crusader,damage,single-target;state-maintenance,0,2,0
Paladin,184,Retribution,20308,Seal of the Crusader,damage,single-target;state-maintenance,0,2,0
Paladin,184,Retribution,20335,Improved Seal of the Crusader,damage,single-target;state-maintenance,0,0,0
Paladin,184,Retribution,20336,Improved Seal of the Crusader,damage,single-target;state-maintenance,0,0,0
Paladin,184,Retribution,20337,Improved Seal of the Crusader,damage,single-target;state-maintenance,0,0,0
Paladin,184,Retribution,20375,Seal of Command,damage,single-target;state-maintenance,0,0,0
Paladin,184,Retribution,20425,Judgement of Command,damage,single-target,0,0,0
Paladin,184,Retribution,20467,Judgement of Command,damage,single-target,0,0,0
Paladin,184,Retribution,20915,Seal of Command,damage,single-target;state-maintenance,0,0,0
Paladin,184,Retribution,20918,Seal of Command,damage,single-target;state-maintenance,0,0,0
Paladin,184,Retribution,20919,Seal of Command,damage,single-target;state-maintenance,0,0,0
Paladin,184,Retribution,20920,Seal of Command,damage,single-target;state-maintenance,0,0,0
Paladin,184,Retribution,20961,Judgement of Command,damage,single-target,0,0,0
Paladin,184,Retribution,20962,Judgement of Command,damage,single-target,0,0,0
Paladin,184,Retribution,20963,Judgement of Command,damage,single-target,0,0,0
Paladin,184,Retribution,20964,Judgement of Command,damage,single-target,0,0,0
Paladin,184,Retribution,20965,Judgement of Command,damage,single-target,0,0,0
Paladin,184,Retribution,20966,Judgement of Command,damage,single-target,0,0,0
Paladin,184,Retribution,20967,Judgement of Command,damage,single-target,0,0,0
Paladin,184,Retribution,20968,Judgement of Command,damage,single-target,0,0,0
Paladin,184,Retribution,21082,Seal of the Crusader,damage,single-target;state-maintenance,0,2,0
Paladin,184,Retribution,21183,Judgement of the Crusader,damage,single-target,0,2,0
Paladin,184,Retribution,25291,Blessing of Might,utility-or-rank,utility,0,2,0
Paladin,184,Retribution,25782,Greater Blessing of Might,utility-or-rank,utility,0,2,0
Paladin,184,Retribution,25916,Greater Blessing of Might,utility-or-rank,utility,0,2,0
Paladin,184,Retribution,25956,Improved Judgement,damage,single-target,0,2,0
Paladin,184,Retribution,25957,Improved Judgement,damage,single-target,0,2,0
Paladin,184,Retribution,25988,Eye for an Eye,utility-or-rank,utility,0,2,0
Paladin,184,Retribution,25997,Eye for an Eye,utility-or-rank,utility,0,2,0
Paladin,184,Retribution,26016,Vindication,utility-or-rank,utility,0,2,0
Paladin,184,Retribution,26017,Vindication,utility-or-rank,utility,0,2,0
Paladin,184,Retribution,26018,Vindication,utility-or-rank,utility,0,2,0
Paladin,184,Retribution,26021,Vindication,utility-or-rank,utility,0,2,0
Paladin,184,Retribution,26022,Pursuit of Justice,utility-or-rank,utility,0,2,0
Paladin,184,Retribution,26023,Pursuit of Justice,utility-or-rank,utility,0,2,0
Paladin,184,Retribution,27140,Blessing of Might,utility-or-rank,utility,0,2,0
Paladin,184,Retribution,27141,Greater Blessing of Might,utility-or-rank,utility,0,2,0
Paladin,184,Retribution,27150,Retribution Aura,utility-or-rank,utility,0,2,0
Paladin,184,Retribution,27158,Seal of the Crusader,damage,single-target;state-maintenance,0,2,0
Paladin,184,Retribution,27159,Judgement of the Crusader,damage,single-target,0,2,0
Paladin,184,Retribution,27170,Seal of Command,damage,single-target;state-maintenance,0,2,0
Paladin,184,Retribution,27171,Judgement of Command,damage,single-target,0,0,0
Paladin,184,Retribution,27172,Judgement of Command,damage,single-target,0,0,0
Paladin,184,Retribution,31801,Seal of Vengeance,damage,single-target;state-maintenance,0,2,1029
Paladin,184,Retribution,31803,Holy Vengeance,utility-or-rank,utility,0,2,1541
Paladin,184,Retribution,31804,Judgement of Vengeance,damage,single-target,0,2,1029
Paladin,184,Retribution,31866,Crusade,utility-or-rank,utility,0,2,0
Paladin,184,Retribution,31867,Crusade,utility-or-rank,utility,0,2,0
Paladin,184,Retribution,31868,Crusade,utility-or-rank,utility,0,2,0
Paladin,184,Retribution,31869,Improved Sanctity Aura,talent-passive,utility,0,2,0
Paladin,184,Retribution,31870,Improved Sanctity Aura,talent-passive,utility,0,2,0
Paladin,184,Retribution,31871,Divine Purpose,utility-or-rank,utility,0,2,0
Paladin,184,Retribution,31872,Divine Purpose,utility-or-rank,utility,0,2,0
Paladin,184,Retribution,31873,Divine Purpose,utility-or-rank,utility,0,2,0
Paladin,184,Retribution,31876,Sanctified Judgement,damage,single-target,0,2,0
Paladin,184,Retribution,31877,Sanctified Judgement,damage,single-target,0,2,0
Paladin,184,Retribution,31878,Sanctified Judgement,damage,single-target,0,2,0
Paladin,184,Retribution,31879,Fanaticism,utility-or-rank,utility,0,2,0
Paladin,184,Retribution,31880,Fanaticism,utility-or-rank,utility,0,2,0
Paladin,184,Retribution,31881,Fanaticism,utility-or-rank,utility,0,2,0
Paladin,184,Retribution,31882,Fanaticism,utility-or-rank,utility,0,2,0
Paladin,184,Retribution,31883,Fanaticism,utility-or-rank,utility,0,2,0
Paladin,184,Retribution,31884,Avenging Wrath,damage,single-target,0,2,0
Paladin,184,Retribution,31892,Seal of Blood,damage,single-target;state-maintenance,0,2,512
Paladin,184,Retribution,31893,Seal of Blood,damage,single-target;state-maintenance,0,2,512
Paladin,184,Retribution,31898,Judgement of Blood,damage,single-target,0,2,512
Paladin,184,Retribution,32043,Sanctified Seals,damage,single-target;state-maintenance,0,2,0
Paladin,184,Retribution,32223,Crusader Aura,utility-or-rank,utility,0,2,0
Paladin,184,Retribution,35395,Crusader Strike,damage,single-target,0,2,0
Paladin,184,Retribution,35396,Sanctified Seals,damage,single-target;state-maintenance,0,2,0
Paladin,184,Retribution,35397,Sanctified Seals,damage,single-target;state-maintenance,0,2,0
Paladin,184,Retribution,44414,Pursuit of Justice,utility-or-rank,utility,0,2,0
Paladin,184,Retribution,348700,Seal of the Martyr,damage,single-target;state-maintenance,0,2,1029
Paladin,184,Retribution,348701,Seal of the Martyr,damage,single-target;state-maintenance,0,2,1029
Paladin,184,Retribution,348704,Seal of Corruption,damage,single-target;state-maintenance,0,2,512
Paladin,184,Retribution,356110,Blood Corruption,damage,single-target,0,2,512
Paladin,184,Retribution,356112,Judgement of Corruption,damage,single-target,0,2,512
Paladin,267,Protection,465,Devotion Aura,utility-or-rank,utility,0,2,0
Paladin,267,Protection,498,Divine Protection,utility-or-rank,utility,0,2,0
Paladin,267,Protection,642,Divine Shield,healing,healing,0,2,0
Paladin,267,Protection,643,Devotion Aura,utility-or-rank,utility,0,2,0
Paladin,267,Protection,853,Hammer of Justice,utility-or-rank,utility,0,2,0
Paladin,267,Protection,1020,Divine Shield,healing,healing,0,2,0
Paladin,267,Protection,1022,Blessing of Protection,utility-or-rank,utility,0,2,0
Paladin,267,Protection,1032,Devotion Aura,utility-or-rank,utility,0,2,0
Paladin,267,Protection,1038,Blessing of Salvation,utility-or-rank,utility,0,2,0
Paladin,267,Protection,1044,Blessing of Freedom,utility-or-rank,utility,0,2,0
Paladin,267,Protection,5573,Divine Protection,utility-or-rank,utility,0,2,0
Paladin,267,Protection,5588,Hammer of Justice,utility-or-rank,utility,0,2,0
Paladin,267,Protection,5589,Hammer of Justice,utility-or-rank,utility,0,2,0
Paladin,267,Protection,5599,Blessing of Protection,utility-or-rank,utility,0,2,0
Paladin,267,Protection,6940,Blessing of Sacrifice,utility-or-rank,utility,0,2,0
Paladin,267,Protection,10278,Blessing of Protection,utility-or-rank,utility,0,2,0
Paladin,267,Protection,10290,Devotion Aura,utility-or-rank,utility,0,2,0
Paladin,267,Protection,10291,Devotion Aura,utility-or-rank,utility,0,2,0
Paladin,267,Protection,10292,Devotion Aura,utility-or-rank,utility,0,2,0
Paladin,267,Protection,10293,Devotion Aura,utility-or-rank,utility,0,2,0
Paladin,267,Protection,10308,Hammer of Justice,utility-or-rank,utility,0,2,0
Paladin,267,Protection,19746,Concentration Aura,utility-or-rank,utility,0,2,0
Paladin,267,Protection,19752,Divine Intervention,utility-or-rank,utility,0,2,0
Paladin,267,Protection,19876,Shadow Resistance Aura,utility-or-rank,state-maintenance,0,2,0
Paladin,267,Protection,19888,Frost Resistance Aura,utility-or-rank,state-maintenance,0,2,0
Paladin,267,Protection,19891,Fire Resistance Aura,utility-or-rank,state-maintenance,0,2,0
Paladin,267,Protection,19895,Shadow Resistance Aura,utility-or-rank,state-maintenance,0,2,0
Paladin,267,Protection,19896,Shadow Resistance Aura,utility-or-rank,state-maintenance,0,2,0
Paladin,267,Protection,19897,Frost Resistance Aura,utility-or-rank,state-maintenance,0,2,0
Paladin,267,Protection,19898,Frost Resistance Aura,utility-or-rank,state-maintenance,0,2,0
Paladin,267,Protection,19899,Fire Resistance Aura,utility-or-rank,state-maintenance,0,2,0
Paladin,267,Protection,19900,Fire Resistance Aura,utility-or-rank,state-maintenance,0,2,0
Paladin,267,Protection,20096,Anticipation,utility-or-rank,utility,0,2,0
Paladin,267,Protection,20097,Anticipation,utility-or-rank,utility,0,2,0
Paladin,267,Protection,20098,Anticipation,utility-or-rank,utility,0,2,0
Paladin,267,Protection,20099,Anticipation,utility-or-rank,utility,0,2,0
Paladin,267,Protection,20100,Anticipation,utility-or-rank,utility,0,2,0
Paladin,267,Protection,20127,Redoubt,utility-or-rank,utility,0,0,0
Paladin,267,Protection,20130,Redoubt,utility-or-rank,utility,0,0,0
Paladin,267,Protection,20135,Redoubt,utility-or-rank,utility,0,0,0
Paladin,267,Protection,20136,Redoubt,utility-or-rank,utility,0,0,0
Paladin,267,Protection,20137,Redoubt,utility-or-rank,utility,0,0,0
Paladin,267,Protection,20138,Improved Devotion Aura,talent-passive,utility,0,0,0
Paladin,267,Protection,20139,Improved Devotion Aura,talent-passive,utility,0,0,0
Paladin,267,Protection,20140,Improved Devotion Aura,talent-passive,utility,0,0,0
Paladin,267,Protection,20141,Improved Devotion Aura,talent-passive,utility,0,0,0
Paladin,267,Protection,20142,Improved Devotion Aura,talent-passive,utility,0,0,0
Paladin,267,Protection,20143,Toughness,utility-or-rank,utility,0,0,0
Paladin,267,Protection,20144,Toughness,utility-or-rank,utility,0,0,0
Paladin,267,Protection,20145,Toughness,utility-or-rank,utility,0,0,0
Paladin,267,Protection,20146,Toughness,utility-or-rank,utility,0,0,0
Paladin,267,Protection,20147,Toughness,utility-or-rank,utility,0,0,0
Paladin,267,Protection,20148,Shield Specialization,healing,healing,0,0,0
Paladin,267,Protection,20149,Shield Specialization,healing,healing,0,0,0
Paladin,267,Protection,20150,Shield Specialization,healing,healing,0,0,0
Paladin,267,Protection,20164,Seal of Justice,damage,single-target;state-maintenance,0,2,0
Paladin,267,Protection,20174,Guardian's Favor,utility-or-rank,utility,0,0,0
Paladin,267,Protection,20175,Guardian's Favor,utility-or-rank,utility,0,0,0
Paladin,267,Protection,20177,Reckoning,utility-or-rank,utility,0,0,0
Paladin,267,Protection,20179,Reckoning,utility-or-rank,utility,0,0,0
Paladin,267,Protection,20180,Reckoning,utility-or-rank,utility,0,0,0
Paladin,267,Protection,20181,Reckoning,utility-or-rank,utility,0,0,0
Paladin,267,Protection,20182,Reckoning,utility-or-rank,utility,0,0,0
Paladin,267,Protection,20184,Judgement of Justice,damage,single-target,0,2,0
Paladin,267,Protection,20189,Precision,talent-passive,utility,0,2,0
Paladin,267,Protection,20192,Precision,talent-passive,utility,0,2,0
Paladin,267,Protection,20193,Precision,talent-passive,utility,0,2,0
Paladin,267,Protection,20196,One-Handed Weapon Specialization,talent-passive,utility,0,0,0
Paladin,267,Protection,20197,One-Handed Weapon Specialization,talent-passive,utility,0,0,0
Paladin,267,Protection,20198,One-Handed Weapon Specialization,talent-passive,utility,0,0,0
Paladin,267,Protection,20199,One-Handed Weapon Specialization,talent-passive,utility,0,0,0
Paladin,267,Protection,20200,One-Handed Weapon Specialization,talent-passive,utility,0,0,0
Paladin,267,Protection,20217,Blessing of Kings,utility-or-rank,utility,0,2,0
Paladin,267,Protection,20254,Improved Concentration Aura,talent-passive,utility,0,2,0
Paladin,267,Protection,20255,Improved Concentration Aura,talent-passive,utility,0,2,0
Paladin,267,Protection,20256,Improved Concentration Aura,talent-passive,utility,0,2,0
Paladin,267,Protection,20468,Improved Righteous Fury,tanking,tanking,0,0,0
Paladin,267,Protection,20469,Improved Righteous Fury,tanking,tanking,0,0,0
Paladin,267,Protection,20470,Improved Righteous Fury,tanking,tanking,0,0,0
Paladin,267,Protection,20487,Improved Hammer of Justice,talent-passive,utility,0,0,0
Paladin,267,Protection,20488,Improved Hammer of Justice,talent-passive,utility,0,0,0
Paladin,267,Protection,20489,Improved Hammer of Justice,talent-passive,utility,0,0,0
Paladin,267,Protection,20729,Blessing of Sacrifice,utility-or-rank,utility,0,2,0
Paladin,267,Protection,20911,Blessing of Sanctuary,utility-or-rank,utility,0,2,0
Paladin,267,Protection,20912,Blessing of Sanctuary,utility-or-rank,utility,0,2,0
Paladin,267,Protection,20913,Blessing of Sanctuary,utility-or-rank,utility,0,2,0
Paladin,267,Protection,20914,Blessing of Sanctuary,utility-or-rank,utility,0,2,0
Paladin,267,Protection,20925,Holy Shield,healing,healing,0,0,0
Paladin,267,Protection,20927,Holy Shield,healing,healing,0,0,0
Paladin,267,Protection,20928,Holy Shield,healing,healing,0,0,0
Paladin,267,Protection,25780,Righteous Fury,tanking,tanking,0,2,0
Paladin,267,Protection,25781,Righteous Fury,tanking,tanking,0,2,0
Paladin,267,Protection,25895,Greater Blessing of Salvation,utility-or-rank,utility,0,2,0
Paladin,267,Protection,25898,Greater Blessing of Kings,utility-or-rank,utility,0,2,0
Paladin,267,Protection,25899,Greater Blessing of Sanctuary,utility-or-rank,utility,0,2,0
Paladin,267,Protection,27147,Blessing of Sacrifice,utility-or-rank,utility,0,2,0
Paladin,267,Protection,27148,Blessing of Sacrifice,utility-or-rank,utility,0,2,0
Paladin,267,Protection,27149,Devotion Aura,utility-or-rank,utility,0,2,0
Paladin,267,Protection,27151,Shadow Resistance Aura,utility-or-rank,state-maintenance,0,2,0
Paladin,267,Protection,27152,Frost Resistance Aura,utility-or-rank,state-maintenance,0,2,0
Paladin,267,Protection,27153,Fire Resistance Aura,utility-or-rank,state-maintenance,0,2,0
Paladin,267,Protection,27168,Blessing of Sanctuary,utility-or-rank,utility,0,2,0
Paladin,267,Protection,27169,Greater Blessing of Sanctuary,utility-or-rank,utility,0,2,0
Paladin,267,Protection,27179,Holy Shield,healing,healing,0,2,0
Paladin,267,Protection,31785,Spiritual Attunement,utility-or-rank,utility,0,2,0
Paladin,267,Protection,31789,Righteous Defense,utility-or-rank,utility,0,2,0
Paladin,267,Protection,31844,Stoicism,utility-or-rank,utility,0,2,0
Paladin,267,Protection,31845,Stoicism,utility-or-rank,utility,0,2,0
Paladin,267,Protection,31846,Spell Warding,utility-or-rank,utility,0,2,0
Paladin,267,Protection,31847,Spell Warding,utility-or-rank,utility,0,2,0
Paladin,267,Protection,31848,Sacred Duty,utility-or-rank,utility,0,2,0
Paladin,267,Protection,31849,Sacred Duty,utility-or-rank,utility,0,2,0
Paladin,267,Protection,31850,Ardent Defender,utility-or-rank,utility,0,2,0
Paladin,267,Protection,31851,Ardent Defender,utility-or-rank,utility,0,2,0
Paladin,267,Protection,31852,Ardent Defender,utility-or-rank,utility,0,2,0
Paladin,267,Protection,31853,Ardent Defender,utility-or-rank,utility,0,2,0
Paladin,267,Protection,31854,Ardent Defender,utility-or-rank,utility,0,2,0
Paladin,267,Protection,31858,Combat Expertise,utility-or-rank,utility,0,2,0
Paladin,267,Protection,31859,Combat Expertise,utility-or-rank,utility,0,2,0
Paladin,267,Protection,31860,Combat Expertise,utility-or-rank,utility,0,2,0
Paladin,267,Protection,31861,Combat Expertise,utility-or-rank,utility,0,2,0
Paladin,267,Protection,31862,Combat Expertise,utility-or-rank,utility,0,2,0
Paladin,267,Protection,31895,Seal of Justice,damage,single-target;state-maintenance,0,2,0
Paladin,267,Protection,31896,Judgement of Justice,damage,single-target,0,2,0
Paladin,267,Protection,31935,Avenger's Shield,healing,healing,0,2,0
Paladin,267,Protection,32699,Avenger's Shield,healing,healing,0,2,0
Paladin,267,Protection,32700,Avenger's Shield,healing,healing,0,2,0
Paladin,267,Protection,33776,Spiritual Attunement,utility-or-rank,utility,0,2,0
Paladin,267,Protection,41021,Improved Holy Shield,healing,healing,0,2,0
Paladin,267,Protection,41026,Improved Holy Shield,healing,healing,0,2,0
Pet,270,Pet - Generic,1742,Cower,utility-or-rank,utility,0,0,0
Pet,270,Pet - Generic,1753,Cower,utility-or-rank,utility,0,0,0
Pet,270,Pet - Generic,1754,Cower,utility-or-rank,utility,0,0,0
Pet,270,Pet - Generic,1755,Cower,utility-or-rank,utility,0,0,0
Pet,270,Pet - Generic,1756,Cower,utility-or-rank,utility,0,0,0
Pet,270,Pet - Generic,2649,Growl,tanking,tanking,0,0,0
Pet,270,Pet - Generic,4187,Great Stamina,utility-or-rank,utility,0,0,0
Pet,270,Pet - Generic,4188,Great Stamina,utility-or-rank,utility,0,0,0
Pet,270,Pet - Generic,4189,Great Stamina,utility-or-rank,utility,0,0,0
Pet,270,Pet - Generic,4190,Great Stamina,utility-or-rank,utility,0,0,0
Pet,270,Pet - Generic,4191,Great Stamina,utility-or-rank,utility,0,0,0
Pet,270,Pet - Generic,4192,Great Stamina,utility-or-rank,utility,0,0,0
Pet,270,Pet - Generic,4193,Great Stamina,utility-or-rank,utility,0,0,0
Pet,270,Pet - Generic,4194,Great Stamina,utility-or-rank,utility,0,0,0
Pet,270,Pet - Generic,5041,Great Stamina,utility-or-rank,utility,0,0,0
Pet,270,Pet - Generic,5042,Great Stamina,utility-or-rank,utility,0,0,0
Pet,270,Pet - Generic,6280,Pet Hardiness,utility-or-rank,utility,0,0,0
Pet,270,Pet - Generic,6281,Pet Hardiness,utility-or-rank,utility,0,0,0
Pet,270,Pet - Generic,6282,Pet Hardiness,utility-or-rank,utility,0,0,0
Pet,270,Pet - Generic,6283,Pet Hardiness,utility-or-rank,utility,0,0,0
Pet,270,Pet - Generic,6286,Pet Hardiness,utility-or-rank,utility,0,0,0
Pet,270,Pet - Generic,6311,Pet Aggression,utility-or-rank,utility,0,0,0
Pet,270,Pet - Generic,6314,Pet Aggression,utility-or-rank,utility,0,0,0
Pet,270,Pet - Generic,6315,Pet Aggression,utility-or-rank,utility,0,0,0
Pet,270,Pet - Generic,6316,Pet Aggression,utility-or-rank,utility,0,0,0
Pet,270,Pet - Generic,6317,Pet Aggression,utility-or-rank,utility,0,0,0
Pet,270,Pet - Generic,6328,Pet Recovery,utility-or-rank,utility,0,0,0
Pet,270,Pet - Generic,6331,Pet Recovery,utility-or-rank,utility,0,0,0
Pet,270,Pet - Generic,6332,Pet Recovery,utility-or-rank,utility,0,0,0
Pet,270,Pet - Generic,6333,Pet Recovery,utility-or-rank,utility,0,0,0
Pet,270,Pet - Generic,6334,Pet Recovery,utility-or-rank,utility,0,0,0
Pet,270,Pet - Generic,6443,Pet Resistance,utility-or-rank,state-maintenance,0,0,0
Pet,270,Pet - Generic,6444,Pet Resistance,utility-or-rank,state-maintenance,0,0,0
Pet,270,Pet - Generic,6445,Pet Resistance,utility-or-rank,state-maintenance,0,0,0
Pet,270,Pet - Generic,6446,Pet Resistance,utility-or-rank,state-maintenance,0,0,0
Pet,270,Pet - Generic,6447,Pet Resistance,utility-or-rank,state-maintenance,0,0,0
Pet,270,Pet - Generic,8875,Tamed Pet Passive (DND),utility-or-rank,utility,2,0,0
Pet,270,Pet - Generic,14916,Growl,tanking,tanking,0,0,0
Pet,270,Pet - Generic,14917,Growl,tanking,tanking,0,0,0
Pet,270,Pet - Generic,14918,Growl,tanking,tanking,0,0,0
Pet,270,Pet - Generic,14919,Growl,tanking,tanking,0,0,0
Pet,270,Pet - Generic,14920,Growl,tanking,tanking,0,0,0
Pet,270,Pet - Generic,14921,Growl,tanking,tanking,0,0,0
Pet,270,Pet - Generic,16697,Cower,utility-or-rank,utility,0,0,0
Pet,270,Pet - Generic,19577,Intimidation,utility-or-rank,utility,0,0,0
Pet,270,Pet - Generic,19580,Tamed Pet Passive (DND),utility-or-rank,utility,2,0,0
Pet,270,Pet - Generic,19581,Tamed Pet Passive (DND),utility-or-rank,utility,2,0,0
Pet,270,Pet - Generic,19582,Tamed Pet Passive (DND),utility-or-rank,utility,2,0,0
Pet,270,Pet - Generic,19589,Tamed Pet Passive (DND),utility-or-rank,utility,2,0,0
Pet,270,Pet - Generic,19591,Tamed Pet Passive (DND),utility-or-rank,utility,2,0,0
Pet,270,Pet - Generic,20782,Tamed Pet Passive (DND),utility-or-rank,utility,2,0,0
Pet,270,Pet - Generic,20784,Tamed Pet Passive (DND),utility-or-rank,utility,2,0,0
Pet,270,Pet - Generic,23992,Fire Resistance,utility-or-rank,state-maintenance,0,0,0
Pet,270,Pet - Generic,24394,Intimidation,utility-or-rank,utility,0,0,0
Pet,270,Pet - Generic,24439,Fire Resistance,utility-or-rank,state-maintenance,0,0,0
Pet,270,Pet - Generic,24444,Fire Resistance,utility-or-rank,state-maintenance,0,0,0
Pet,270,Pet - Generic,24445,Fire Resistance,utility-or-rank,state-maintenance,0,0,0
Pet,270,Pet - Generic,24446,Frost Resistance,utility-or-rank,state-maintenance,0,0,0
Pet,270,Pet - Generic,24447,Frost Resistance,utility-or-rank,state-maintenance,0,0,0
Pet,270,Pet - Generic,24448,Frost Resistance,utility-or-rank,state-maintenance,0,0,0
Pet,270,Pet - Generic,24449,Frost Resistance,utility-or-rank,state-maintenance,0,0,0
Pet,270,Pet - Generic,24488,Shadow Resistance,utility-or-rank,state-maintenance,0,0,0
Pet,270,Pet - Generic,24492,Nature Resistance,utility-or-rank,state-maintenance,0,0,0
Pet,270,Pet - Generic,24493,Arcane Resistance,utility-or-rank,state-maintenance,0,0,0
Pet,270,Pet - Generic,24497,Arcane Resistance,utility-or-rank,state-maintenance,0,0,0
Pet,270,Pet - Generic,24500,Arcane Resistance,utility-or-rank,state-maintenance,0,0,0
Pet,270,Pet - Generic,24501,Arcane Resistance,utility-or-rank,state-maintenance,0,0,0
Pet,270,Pet - Generic,24502,Nature Resistance,utility-or-rank,state-maintenance,0,0,0
Pet,270,Pet - Generic,24503,Nature Resistance,utility-or-rank,state-maintenance,0,0,0
Pet,270,Pet - Generic,24504,Nature Resistance,utility-or-rank,state-maintenance,0,0,0
Pet,270,Pet - Generic,24505,Shadow Resistance,utility-or-rank,state-maintenance,0,0,0
Pet,270,Pet - Generic,24506,Shadow Resistance,utility-or-rank,state-maintenance,0,0,0
Pet,270,Pet - Generic,24507,Shadow Resistance,utility-or-rank,state-maintenance,0,0,0
Pet,270,Pet - Generic,24545,Natural Armor,utility-or-rank,utility,0,4,0
Pet,270,Pet - Generic,24549,Natural Armor,utility-or-rank,utility,0,4,0
Pet,270,Pet - Generic,24550,Natural Armor,utility-or-rank,utility,0,4,0
Pet,270,Pet - Generic,24551,Natural Armor,utility-or-rank,utility,0,4,0
Pet,270,Pet - Generic,24552,Natural Armor,utility-or-rank,utility,0,4,0
Pet,270,Pet - Generic,24553,Natural Armor,utility-or-rank,utility,0,4,0
Pet,270,Pet - Generic,24554,Natural Armor,utility-or-rank,utility,0,4,0
Pet,270,Pet - Generic,24555,Natural Armor,utility-or-rank,utility,0,4,0
Pet,270,Pet - Generic,24629,Natural Armor,utility-or-rank,utility,0,0,0
Pet,270,Pet - Generic,24630,Natural Armor,utility-or-rank,utility,0,0,0
Pet,270,Pet - Generic,25076,Cobra Reflexes,utility-or-rank,utility,0,0,0
Pet,270,Pet - Generic,27047,Growl,tanking,tanking,0,0,0
Pet,270,Pet - Generic,27048,Cower,utility-or-rank,utility,0,0,0
Pet,270,Pet - Generic,27052,Arcane Resistance,utility-or-rank,state-maintenance,0,0,0
Pet,270,Pet - Generic,27053,Fire Resistance,utility-or-rank,state-maintenance,0,0,0
Pet,270,Pet - Generic,27054,Frost Resistance,utility-or-rank,state-maintenance,0,0,0
Pet,270,Pet - Generic,27055,Nature Resistance,utility-or-rank,state-maintenance,0,0,0
Pet,270,Pet - Generic,27056,Shadow Resistance,utility-or-rank,state-maintenance,0,0,0
Pet,270,Pet - Generic,27061,Natural Armor,utility-or-rank,utility,0,0,0
Pet,270,Pet - Generic,27062,Great Stamina,utility-or-rank,utility,0,0,0
Pet,270,Pet - Generic,34457,Ferocious Inspiration,utility-or-rank,utility,2,0,0
Pet,270,Pet - Generic,34666,Tamed Pet Passive (DND),utility-or-rank,utility,2,0,0
Pet,270,Pet - Generic,34667,Tamed Pet Passive (DND),utility-or-rank,utility,2,0,0
Pet,270,Pet - Generic,34675,Tamed Pet Passive (DND),utility-or-rank,utility,2,0,0
Pet,270,Pet - Generic,34902,Hunter Pet Scaling 01,utility-or-rank,utility,2,0,0
Pet,270,Pet - Generic,34903,Hunter Pet Scaling 02,utility-or-rank,utility,2,0,0
Pet,270,Pet - Generic,34904,Hunter Pet Scaling 03,utility-or-rank,utility,2,0,0
Pet,270,Pet - Generic,35694,Avoidance,utility-or-rank,utility,0,0,0
Pet,270,Pet - Generic,35698,Avoidance,utility-or-rank,utility,0,0,0
Paladin,594,Holy,633,Lay on Hands,utility-or-rank,utility,0,2,0
Paladin,594,Holy,635,Holy Light,healing,healing,2,2,0
Paladin,594,Holy,639,Holy Light,healing,healing,0,2,0
Paladin,594,Holy,647,Holy Light,healing,healing,0,2,0
Paladin,594,Holy,879,Exorcism,utility-or-rank,utility,0,2,0
Paladin,594,Holy,1026,Holy Light,healing,healing,0,2,0
Paladin,594,Holy,1042,Holy Light,healing,healing,0,0,0
Paladin,594,Holy,1152,Purify,utility-or-rank,utility,0,2,0
Paladin,594,Holy,2800,Lay on Hands,utility-or-rank,utility,0,2,0
Paladin,594,Holy,2812,Holy Wrath,damage,single-target,0,2,0
Paladin,594,Holy,2878,Turn Undead,utility-or-rank,utility,0,2,0
Paladin,594,Holy,3472,Holy Light,healing,healing,0,2,0
Paladin,594,Holy,4987,Cleanse,utility-or-rank,dispel-cleanse,0,2,0
Paladin,594,Holy,5502,Sense Undead,utility-or-rank,utility,0,2,0
Paladin,594,Holy,5614,Exorcism,utility-or-rank,utility,0,2,0
Paladin,594,Holy,5615,Exorcism,utility-or-rank,utility,0,2,0
Paladin,594,Holy,5627,Turn Undead,utility-or-rank,utility,0,2,0
Paladin,594,Holy,5923,Holy Power,talent-passive,utility,0,2,0
Paladin,594,Holy,5924,Holy Power,talent-passive,utility,0,2,0
Paladin,594,Holy,5925,Holy Power,talent-passive,utility,0,2,0
Paladin,594,Holy,5926,Holy Power,talent-passive,utility,0,2,0
Paladin,594,Holy,7328,Redemption,utility-or-rank,utility,0,2,0
Paladin,594,Holy,9453,Unyielding Faith,utility-or-rank,utility,0,2,0
Paladin,594,Holy,10310,Lay on Hands,utility-or-rank,utility,0,2,0
Paladin,594,Holy,10312,Exorcism,utility-or-rank,utility,0,2,0
Paladin,594,Holy,10313,Exorcism,utility-or-rank,utility,0,2,0
Paladin,594,Holy,10314,Exorcism,utility-or-rank,utility,0,2,0
Paladin,594,Holy,10318,Holy Wrath,damage,single-target,0,2,0
Paladin,594,Holy,10322,Redemption,utility-or-rank,utility,0,2,0
Paladin,594,Holy,10324,Redemption,utility-or-rank,utility,0,2,0
Paladin,594,Holy,10326,Turn Evil,utility-or-rank,utility,0,2,0
Paladin,594,Holy,10328,Holy Light,healing,healing,0,2,0
Paladin,594,Holy,10329,Holy Light,healing,healing,0,2,0
Paladin,594,Holy,13819,Summon Warhorse,utility-or-rank,utility,0,2,1029
Paladin,594,Holy,19742,Blessing of Wisdom,utility-or-rank,utility,0,2,0
Paladin,594,Holy,19750,Flash of Light,healing,healing,0,2,0
Paladin,594,Holy,19850,Blessing of Wisdom,utility-or-rank,utility,0,2,0
Paladin,594,Holy,19852,Blessing of Wisdom,utility-or-rank,utility,0,2,0
Paladin,594,Holy,19853,Blessing of Wisdom,utility-or-rank,utility,0,2,0
Paladin,594,Holy,19854,Blessing of Wisdom,utility-or-rank,utility,0,2,0
Paladin,594,Holy,19939,Flash of Light,healing,healing,0,2,0
Paladin,594,Holy,19940,Flash of Light,healing,healing,0,2,0
Paladin,594,Holy,19941,Flash of Light,healing,healing,0,2,0
Paladin,594,Holy,19942,Flash of Light,healing,healing,0,2,0
Paladin,594,Holy,19943,Flash of Light,healing,healing,0,2,0
Paladin,594,Holy,19977,Blessing of Light,utility-or-rank,utility,0,2,0
Paladin,594,Holy,19978,Blessing of Light,utility-or-rank,utility,0,2,0
Paladin,594,Holy,19979,Blessing of Light,utility-or-rank,utility,0,2,0
Paladin,594,Holy,20116,Consecration,utility-or-rank,multi-target,0,2,0
Paladin,594,Holy,20154,Seal of Righteousness,damage,single-target;state-maintenance,2,2,0
Paladin,594,Holy,20165,Seal of Light,damage,single-target;state-maintenance,0,2,0
Paladin,594,Holy,20166,Seal of Wisdom,damage,single-target;state-maintenance,0,2,0
Paladin,594,Holy,20185,Judgement of Light,damage,single-target,0,2,0
Paladin,594,Holy,20186,Judgement of Wisdom,damage,single-target,0,2,0
Paladin,594,Holy,20187,Judgement of Righteousness,damage,single-target,0,2,0
Paladin,594,Holy,20205,Spiritual Focus,talent-passive,utility,0,0,0
Paladin,594,Holy,20206,Spiritual Focus,talent-passive,utility,0,0,0
Paladin,594,Holy,20207,Spiritual Focus,talent-passive,utility,0,0,0
Paladin,594,Holy,20208,Spiritual Focus,talent-passive,utility,0,0,0
Paladin,594,Holy,20209,Spiritual Focus,talent-passive,utility,0,0,0
Paladin,594,Holy,20210,Illumination,utility-or-rank,utility,0,0,0
Paladin,594,Holy,20212,Illumination,utility-or-rank,utility,0,0,0
Paladin,594,Holy,20213,Illumination,utility-or-rank,utility,0,0,0
Paladin,594,Holy,20214,Illumination,utility-or-rank,utility,0,0,0
Paladin,594,Holy,20215,Illumination,utility-or-rank,utility,0,0,0
Paladin,594,Holy,20216,Divine Favor,utility-or-rank,utility,0,0,0
Paladin,594,Holy,20224,Improved Seal of Righteousness,damage,single-target;state-maintenance,0,0,0
Paladin,594,Holy,20225,Improved Seal of Righteousness,damage,single-target;state-maintenance,0,0,0
Paladin,594,Holy,20234,Improved Lay on Hands,talent-passive,utility,0,0,0
Paladin,594,Holy,20235,Improved Lay on Hands,talent-passive,utility,0,0,0
Paladin,594,Holy,20237,Healing Light,healing,healing,0,0,0
Paladin,594,Holy,20238,Healing Light,healing,healing,0,0,0
Paladin,594,Holy,20239,Healing Light,healing,healing,0,0,0
Paladin,594,Holy,20244,Improved Blessing of Wisdom,talent-passive,utility,0,0,0
Paladin,594,Holy,20245,Improved Blessing of Wisdom,talent-passive,utility,0,0,0
Paladin,594,Holy,20249,Improved Flash of Light,healing,healing,0,0,0
Paladin,594,Holy,20250,Improved Flash of Light,healing,healing,0,0,0
Paladin,594,Holy,20251,Improved Flash of Light,healing,healing,0,0,0
Paladin,594,Holy,20257,Divine Intellect,utility-or-rank,utility,0,0,0
Paladin,594,Holy,20258,Divine Intellect,utility-or-rank,utility,0,0,0
Paladin,594,Holy,20259,Divine Intellect,utility-or-rank,utility,0,0,0
Paladin,594,Holy,20260,Divine Intellect,utility-or-rank,utility,0,0,0
Paladin,594,Holy,20261,Divine Intellect,utility-or-rank,utility,0,0,0
Paladin,594,Holy,20262,Divine Strength,utility-or-rank,utility,0,0,0
Paladin,594,Holy,20263,Divine Strength,utility-or-rank,utility,0,0,0
Paladin,594,Holy,20264,Divine Strength,utility-or-rank,utility,0,0,0
Paladin,594,Holy,20265,Divine Strength,utility-or-rank,utility,0,0,0
Paladin,594,Holy,20266,Divine Strength,utility-or-rank,utility,0,0,0
Paladin,594,Holy,20280,Judgement of Righteousness,damage,single-target,0,2,0
Paladin,594,Holy,20281,Judgement of Righteousness,damage,single-target,0,2,0
Paladin,594,Holy,20282,Judgement of Righteousness,damage,single-target,0,2,0
Paladin,594,Holy,20283,Judgement of Righteousness,damage,single-target,0,2,0
Paladin,594,Holy,20284,Judgement of Righteousness,damage,single-target,0,2,0
Paladin,594,Holy,20285,Judgement of Righteousness,damage,single-target,0,2,0
Paladin,594,Holy,20286,Judgement of Righteousness,damage,single-target,0,2,0
Paladin,594,Holy,20287,Seal of Righteousness,damage,single-target;state-maintenance,0,2,0
Paladin,594,Holy,20288,Seal of Righteousness,damage,single-target;state-maintenance,0,2,0
Paladin,594,Holy,20289,Seal of Righteousness,damage,single-target;state-maintenance,0,2,0
Paladin,594,Holy,20290,Seal of Righteousness,damage,single-target;state-maintenance,0,2,0
Paladin,594,Holy,20291,Seal of Righteousness,damage,single-target;state-maintenance,0,2,0
Paladin,594,Holy,20292,Seal of Righteousness,damage,single-target;state-maintenance,0,2,0
Paladin,594,Holy,20293,Seal of Righteousness,damage,single-target;state-maintenance,0,2,0
Paladin,594,Holy,20330,Improved Seal of Righteousness,damage,single-target;state-maintenance,0,0,0
Paladin,594,Holy,20331,Improved Seal of Righteousness,damage,single-target;state-maintenance,0,0,0
Paladin,594,Holy,20332,Improved Seal of Righteousness,damage,single-target;state-maintenance,0,0,0
Paladin,594,Holy,20344,Judgement of Light,damage,single-target,0,2,0
Paladin,594,Holy,20345,Judgement of Light,damage,single-target,0,2,0
Paladin,594,Holy,20346,Judgement of Light,damage,single-target,0,2,0
Paladin,594,Holy,20347,Seal of Light,damage,single-target;state-maintenance,0,2,0
Paladin,594,Holy,20348,Seal of Light,damage,single-target;state-maintenance,0,2,0
Paladin,594,Holy,20349,Seal of Light,damage,single-target;state-maintenance,0,2,0
Paladin,594,Holy,20354,Judgement of Wisdom,damage,single-target,0,2,0
Paladin,594,Holy,20355,Judgement of Wisdom,damage,single-target,0,2,0
Paladin,594,Holy,20356,Seal of Wisdom,damage,single-target;state-maintenance,0,2,0
Paladin,594,Holy,20357,Seal of Wisdom,damage,single-target;state-maintenance,0,2,0
Paladin,594,Holy,20359,Sanctified Light,utility-or-rank,utility,0,2,0
Paladin,594,Holy,20360,Sanctified Light,utility-or-rank,utility,0,2,0
Paladin,594,Holy,20361,Sanctified Light,utility-or-rank,utility,0,2,0
Paladin,594,Holy,20473,Holy Shock,utility-or-rank,utility,0,2,0
Paladin,594,Holy,20772,Redemption,utility-or-rank,utility,0,2,0
Paladin,594,Holy,20773,Redemption,utility-or-rank,utility,0,2,0
Paladin,594,Holy,20922,Consecration,utility-or-rank,multi-target,0,2,0
Paladin,594,Holy,20923,Consecration,utility-or-rank,multi-target,0,2,0
Paladin,594,Holy,20924,Consecration,utility-or-rank,multi-target,0,2,0
Paladin,594,Holy,20929,Holy Shock,utility-or-rank,utility,0,2,0
Paladin,594,Holy,20930,Holy Shock,utility-or-rank,utility,0,2,0
Paladin,594,Holy,21084,Seal of Righteousness,damage,single-target;state-maintenance,0,2,0
Paladin,594,Holy,23214,Summon Charger,utility-or-rank,utility,0,2,1029
Paladin,594,Holy,24239,Hammer of Wrath,damage,single-target,0,2,0
Paladin,594,Holy,24274,Hammer of Wrath,damage,single-target,0,2,0
Paladin,594,Holy,24275,Hammer of Wrath,damage,single-target,0,2,0
Paladin,594,Holy,25290,Blessing of Wisdom,utility-or-rank,utility,0,2,0
Paladin,594,Holy,25292,Holy Light,healing,healing,0,2,0
Paladin,594,Holy,25829,Holy Power,talent-passive,utility,0,2,0
Paladin,594,Holy,25836,Unyielding Faith,utility-or-rank,utility,0,2,0
Paladin,594,Holy,25890,Greater Blessing of Light,utility-or-rank,utility,0,2,0
Paladin,594,Holy,25894,Greater Blessing of Wisdom,utility-or-rank,utility,0,2,0
Paladin,594,Holy,25902,Holy Shock,utility-or-rank,utility,0,2,0
Paladin,594,Holy,25903,Holy Shock,utility-or-rank,utility,0,2,0
Paladin,594,Holy,25911,Holy Shock,utility-or-rank,utility,0,2,0
Paladin,594,Holy,25912,Holy Shock,utility-or-rank,utility,0,2,0
Paladin,594,Holy,25913,Holy Shock,utility-or-rank,utility,0,2,0
Paladin,594,Holy,25914,Holy Shock,utility-or-rank,utility,0,2,0
Paladin,594,Holy,25918,Greater Blessing of Wisdom,utility-or-rank,utility,0,2,0
Paladin,594,Holy,26573,Consecration,utility-or-rank,multi-target,0,2,0
Paladin,594,Holy,27135,Holy Light,healing,healing,0,2,0
Paladin,594,Holy,27136,Holy Light,healing,healing,0,2,0
Paladin,594,Holy,27137,Flash of Light,healing,healing,0,2,0
Paladin,594,Holy,27138,Exorcism,utility-or-rank,utility,0,2,0
Paladin,594,Holy,27139,Holy Wrath,damage,single-target,0,2,0
Paladin,594,Holy,27142,Blessing of Wisdom,utility-or-rank,utility,0,2,0
Paladin,594,Holy,27143,Greater Blessing of Wisdom,utility-or-rank,utility,0,2,0
Paladin,594,Holy,27144,Blessing of Light,utility-or-rank,utility,0,2,0
Paladin,594,Holy,27145,Greater Blessing of Light,utility-or-rank,utility,0,2,0
Paladin,594,Holy,27154,Lay on Hands,utility-or-rank,utility,0,2,0
Paladin,594,Holy,27155,Seal of Righteousness,damage,single-target;state-maintenance,0,2,0
Paladin,594,Holy,27157,Judgement of Righteousness,damage,single-target,0,2,0
Paladin,594,Holy,27160,Seal of Light,damage,single-target;state-maintenance,0,2,0
Paladin,594,Holy,27162,Judgement of Light,damage,single-target,0,2,0
Paladin,594,Holy,27164,Judgement of Wisdom,damage,single-target,0,2,0
Paladin,594,Holy,27166,Seal of Wisdom,damage,single-target;state-maintenance,0,2,0
Paladin,594,Holy,27173,Consecration,utility-or-rank,multi-target,0,2,0
Paladin,594,Holy,27174,Holy Shock,utility-or-rank,utility,0,2,0
Paladin,594,Holy,27175,Holy Shock,utility-or-rank,utility,0,2,0
Paladin,594,Holy,27176,Holy Shock,utility-or-rank,utility,0,2,0
Paladin,594,Holy,27180,Hammer of Wrath,damage,single-target,0,2,0
Paladin,594,Holy,31821,Aura Mastery,talent-passive,utility,0,2,0
Paladin,594,Holy,31822,Pure of Heart,utility-or-rank,utility,0,2,0
Paladin,594,Holy,31823,Pure of Heart,utility-or-rank,utility,0,2,0
Paladin,594,Holy,31824,Pure of Heart,utility-or-rank,utility,0,2,0
Paladin,594,Holy,31825,Purifying Power,talent-passive,utility,0,2,0
Paladin,594,Holy,31826,Purifying Power,talent-passive,utility,0,2,0
Paladin,594,Holy,31828,Blessed Life,utility-or-rank,utility,0,2,0
Paladin,594,Holy,31829,Blessed Life,utility-or-rank,utility,0,2,0
Paladin,594,Holy,31830,Blessed Life,utility-or-rank,utility,0,2,0
Paladin,594,Holy,31833,Light's Grace,utility-or-rank,utility,0,2,0
Paladin,594,Holy,31834,Light's Grace,utility-or-rank,utility,0,2,0
Paladin,594,Holy,31835,Light's Grace,utility-or-rank,utility,0,2,0
Paladin,594,Holy,31836,Light's Grace,utility-or-rank,utility,0,2,0
Paladin,594,Holy,31837,Holy Guidance,talent-passive,utility,0,2,0
Paladin,594,Holy,31838,Holy Guidance,talent-passive,utility,0,2,0
Paladin,594,Holy,31839,Holy Guidance,talent-passive,utility,0,2,0
Paladin,594,Holy,31840,Holy Guidance,talent-passive,utility,0,2,0
Paladin,594,Holy,31841,Holy Guidance,talent-passive,utility,0,2,0
Paladin,594,Holy,31842,Divine Illumination,utility-or-rank,utility,0,2,0
Paladin,594,Holy,32841,Mass Resurrection,utility-or-rank,utility,0,16,0
Paladin,594,Holy,33072,Holy Shock,utility-or-rank,utility,0,2,0
Paladin,594,Holy,33073,Holy Shock,utility-or-rank,utility,0,2,0
Paladin,594,Holy,33074,Holy Shock,utility-or-rank,utility,0,2,0
Paladin,594,Holy,34767,Summon Charger,utility-or-rank,utility,0,2,512
Paladin,594,Holy,34769,Summon Warhorse,utility-or-rank,utility,0,2,512
Druid,134,Feral Combat,99,Demoralizing Roar,utility-or-rank,utility,0,1024,0
Druid,134,Feral Combat,768,Cat Form,utility-or-rank,state-maintenance,0,1024,0
Druid,134,Feral Combat,769,Swipe,tanking,tanking,0,1024,0
Druid,134,Feral Combat,779,Swipe,tanking,tanking,0,1024,0
Druid,134,Feral Combat,780,Swipe,tanking,tanking,0,1024,0
Druid,134,Feral Combat,783,Travel Form,utility-or-rank,state-maintenance,0,1024,0
Druid,134,Feral Combat,1066,Aquatic Form,utility-or-rank,state-maintenance,0,1024,0
Druid,134,Feral Combat,1079,Rip,utility-or-rank,utility,0,1024,0
Druid,134,Feral Combat,1082,Claw,utility-or-rank,utility,0,1024,0
Druid,134,Feral Combat,1178,Bear Form (Passive),utility-or-rank,state-maintenance,0,1024,0
Druid,134,Feral Combat,1735,Demoralizing Roar,utility-or-rank,utility,0,1024,0
Druid,134,Feral Combat,1822,Rake,utility-or-rank,utility,0,1024,0
Druid,134,Feral Combat,1823,Rake,utility-or-rank,utility,0,1024,0
Druid,134,Feral Combat,1824,Rake,utility-or-rank,utility,0,1024,0
Druid,134,Feral Combat,1850,Dash,utility-or-rank,utility,0,1024,0
Druid,134,Feral Combat,3025,Cat Form (Passive),utility-or-rank,state-maintenance,0,1024,0
Druid,134,Feral Combat,3029,Claw,utility-or-rank,utility,0,1024,0
Druid,134,Feral Combat,5201,Claw,utility-or-rank,utility,0,1024,0
Druid,134,Feral Combat,5209,Challenging Roar,utility-or-rank,utility,0,1024,0
Druid,134,Feral Combat,5211,Bash,utility-or-rank,utility,0,1024,0
Druid,134,Feral Combat,5215,Prowl,utility-or-rank,utility,0,1024,0
Druid,134,Feral Combat,5217,Tiger's Fury,talent-passive,utility,0,1024,0
Druid,134,Feral Combat,5221,Shred,damage,single-target,0,1024,0
Druid,134,Feral Combat,5225,Track Humanoids,utility-or-rank,utility,0,1024,0
Druid,134,Feral Combat,5229,Enrage,utility-or-rank,utility,0,1024,0
Druid,134,Feral Combat,5421,Aquatic Form (Passive),utility-or-rank,state-maintenance,0,1024,0
Druid,134,Feral Combat,5487,Bear Form,utility-or-rank,state-maintenance,0,1024,0
Druid,134,Feral Combat,6542,Enraged Defense,utility-or-rank,utility,0,1024,0
Druid,134,Feral Combat,6783,Prowl,utility-or-rank,utility,0,1024,0
Druid,134,Feral Combat,6785,Ravage,utility-or-rank,utility,0,1024,0
Druid,134,Feral Combat,6787,Ravage,utility-or-rank,utility,0,1024,0
Druid,134,Feral Combat,6793,Tiger's Fury,talent-passive,utility,0,1024,0
Druid,134,Feral Combat,6795,Growl,tanking,tanking,0,1024,0
Druid,134,Feral Combat,6798,Bash,utility-or-rank,utility,0,1024,0
Druid,134,Feral Combat,6800,Shred,damage,single-target,0,1024,0
Druid,134,Feral Combat,6807,Maul,tanking,tanking,0,1024,0
Druid,134,Feral Combat,6808,Maul,tanking,tanking,0,1024,0
Druid,134,Feral Combat,6809,Maul,tanking,tanking,0,1024,0
Druid,134,Feral Combat,8972,Maul,tanking,tanking,0,1024,0
Druid,134,Feral Combat,8983,Bash,utility-or-rank,utility,0,1024,0
Druid,134,Feral Combat,8992,Shred,damage,single-target,0,1024,0
Druid,134,Feral Combat,8998,Cower,utility-or-rank,utility,0,1024,0
Druid,134,Feral Combat,9000,Cower,utility-or-rank,utility,0,1024,0
Druid,134,Feral Combat,9005,Pounce,utility-or-rank,utility,0,1024,0
Druid,134,Feral Combat,9007,Pounce Bleed,utility-or-rank,utility,0,1024,0
Druid,134,Feral Combat,9490,Demoralizing Roar,utility-or-rank,utility,0,1024,0
Druid,134,Feral Combat,9492,Rip,utility-or-rank,utility,0,1024,0
Druid,134,Feral Combat,9493,Rip,utility-or-rank,utility,0,1024,0
Druid,134,Feral Combat,9634,Dire Bear Form,utility-or-rank,state-maintenance,0,1024,0
Druid,134,Feral Combat,9635,Dire Bear Form (Passive),utility-or-rank,state-maintenance,0,1024,0
Druid,134,Feral Combat,9745,Maul,tanking,tanking,0,1024,0
Druid,134,Feral Combat,9747,Demoralizing Roar,utility-or-rank,utility,0,1024,0
Druid,134,Feral Combat,9752,Rip,utility-or-rank,utility,0,1024,0
Druid,134,Feral Combat,9754,Swipe,tanking,tanking,0,1024,0
Druid,134,Feral Combat,9821,Dash,utility-or-rank,utility,0,1024,0
Druid,134,Feral Combat,9823,Pounce,utility-or-rank,utility,0,1024,0
Druid,134,Feral Combat,9824,Pounce Bleed,utility-or-rank,utility,0,1024,0
Druid,134,Feral Combat,9826,Pounce Bleed,utility-or-rank,utility,0,1024,0
Druid,134,Feral Combat,9827,Pounce,utility-or-rank,utility,0,1024,0
Druid,134,Feral Combat,9829,Shred,damage,single-target,0,1024,0
Druid,134,Feral Combat,9830,Shred,damage,single-target,0,1024,0
Druid,134,Feral Combat,9845,Tiger's Fury,talent-passive,utility,0,1024,0
Druid,134,Feral Combat,9846,Tiger's Fury,talent-passive,utility,0,1024,0
Druid,134,Feral Combat,9849,Claw,utility-or-rank,utility,0,1024,0
Druid,134,Feral Combat,9850,Claw,utility-or-rank,utility,0,1024,0
Druid,134,Feral Combat,9866,Ravage,utility-or-rank,utility,0,1024,0
Druid,134,Feral Combat,9867,Ravage,utility-or-rank,utility,0,1024,0
Druid,134,Feral Combat,9880,Maul,tanking,tanking,0,1024,0
Druid,134,Feral Combat,9881,Maul,tanking,tanking,0,1024,0
Druid,134,Feral Combat,9892,Cower,utility-or-rank,utility,0,1024,0
Druid,134,Feral Combat,9894,Rip,utility-or-rank,utility,0,1024,0
Druid,134,Feral Combat,9896,Rip,utility-or-rank,utility,0,1024,0
Druid,134,Feral Combat,9898,Demoralizing Roar,utility-or-rank,utility,0,1024,0
Druid,134,Feral Combat,9904,Rake,utility-or-rank,utility,0,1024,0
Druid,134,Feral Combat,9908,Swipe,tanking,tanking,0,1024,0
Druid,134,Feral Combat,9913,Prowl,utility-or-rank,utility,0,1024,0
Druid,134,Feral Combat,16857,Faerie Fire (Feral),utility-or-rank,utility,0,1024,0
Druid,134,Feral Combat,16858,Feral Aggression,utility-or-rank,utility,0,0,0
Druid,134,Feral Combat,16859,Feral Aggression,utility-or-rank,utility,0,0,0
Druid,134,Feral Combat,16860,Feral Aggression,utility-or-rank,utility,0,0,0
Druid,134,Feral Combat,16861,Feral Aggression,utility-or-rank,utility,0,0,0
Druid,134,Feral Combat,16862,Feral Aggression,utility-or-rank,utility,0,0,0
Druid,134,Feral Combat,16929,Thick Hide,utility-or-rank,utility,0,0,0
Druid,134,Feral Combat,16930,Thick Hide,utility-or-rank,utility,0,0,0
Druid,134,Feral Combat,16931,Thick Hide,utility-or-rank,utility,0,0,0
Druid,134,Feral Combat,16934,Ferocity,utility-or-rank,utility,0,0,0
Druid,134,Feral Combat,16935,Ferocity,utility-or-rank,utility,0,0,0
Druid,134,Feral Combat,16936,Ferocity,utility-or-rank,utility,0,0,0
Druid,134,Feral Combat,16937,Ferocity,utility-or-rank,utility,0,0,0
Druid,134,Feral Combat,16938,Ferocity,utility-or-rank,utility,0,0,0
Druid,134,Feral Combat,16940,Brutal Impact,utility-or-rank,utility,0,0,0
Druid,134,Feral Combat,16941,Brutal Impact,utility-or-rank,utility,0,0,0
Druid,134,Feral Combat,16942,Sharpened Claws,utility-or-rank,utility,0,0,0
Druid,134,Feral Combat,16943,Sharpened Claws,utility-or-rank,utility,0,0,0
Druid,134,Feral Combat,16944,Sharpened Claws,utility-or-rank,utility,0,0,0
Druid,134,Feral Combat,16947,Feral Instinct,talent-passive,utility,0,0,0
Druid,134,Feral Combat,16948,Feral Instinct,talent-passive,utility,0,0,0
Druid,134,Feral Combat,16949,Feral Instinct,talent-passive,utility,0,0,0
Druid,134,Feral Combat,16952,Blood Frenzy,utility-or-rank,utility,0,0,0
Druid,134,Feral Combat,16954,Blood Frenzy,utility-or-rank,utility,0,0,0
Druid,134,Feral Combat,16958,Primal Fury,talent-passive,utility,0,0,0
Druid,134,Feral Combat,16961,Primal Fury,talent-passive,utility,0,0,0
Druid,134,Feral Combat,16966,Shredding Attacks,damage,single-target,0,0,0
Druid,134,Feral Combat,16968,Shredding Attacks,damage,single-target,0,0,0
Druid,134,Feral Combat,16972,Predatory Strikes,damage,single-target,0,0,0
Druid,134,Feral Combat,16974,Predatory Strikes,damage,single-target,0,0,0
Druid,134,Feral Combat,16975,Predatory Strikes,damage,single-target,0,0,0
Druid,134,Feral Combat,16979,Feral Charge,utility-or-rank,utility,0,0,0
Druid,134,Feral Combat,16998,Savage Fury,talent-passive,utility,0,0,0
Druid,134,Feral Combat,16999,Savage Fury,talent-passive,utility,0,0,0
Druid,134,Feral Combat,17002,Feral Swiftness,utility-or-rank,utility,0,0,0
Druid,134,Feral Combat,17003,Heart of the Wild,utility-or-rank,utility,0,0,0
Druid,134,Feral Combat,17004,Heart of the Wild,utility-or-rank,utility,0,0,0
Druid,134,Feral Combat,17005,Heart of the Wild,utility-or-rank,utility,0,0,0
Druid,134,Feral Combat,17006,Heart of the Wild,utility-or-rank,utility,0,0,0
Druid,134,Feral Combat,17007,Leader of the Pack,utility-or-rank,utility,0,1024,0
Druid,134,Feral Combat,17390,Faerie Fire (Feral),utility-or-rank,utility,0,1024,0
Druid,134,Feral Combat,17391,Faerie Fire (Feral),utility-or-rank,utility,0,1024,0
Druid,134,Feral Combat,17392,Faerie Fire (Feral),utility-or-rank,utility,0,1024,0
Druid,134,Feral Combat,20719,Feline Grace,utility-or-rank,utility,0,1024,0
Druid,134,Feral Combat,21178,Bear Form (Passive2),utility-or-rank,state-maintenance,0,1024,0
Druid,134,Feral Combat,22568,Ferocious Bite,utility-or-rank,utility,0,1024,0
Druid,134,Feral Combat,22570,Maim,utility-or-rank,utility,0,1024,0
Druid,134,Feral Combat,22827,Ferocious Bite,utility-or-rank,utility,0,1024,0
Druid,134,Feral Combat,22828,Ferocious Bite,utility-or-rank,utility,0,1024,0
Druid,134,Feral Combat,22829,Ferocious Bite,utility-or-rank,utility,0,1024,0
Druid,134,Feral Combat,22842,Frenzied Regeneration,utility-or-rank,utility,0,1024,0
Druid,134,Feral Combat,22845,Frenzied Regeneration,utility-or-rank,utility,0,1024,0
Druid,134,Feral Combat,22895,Frenzied Regeneration,utility-or-rank,utility,0,1024,0
Druid,134,Feral Combat,22896,Frenzied Regeneration,utility-or-rank,utility,0,1024,0
Druid,134,Feral Combat,24248,Ferocious Bite,utility-or-rank,utility,0,1024,0
Druid,134,Feral Combat,24866,Feral Swiftness,utility-or-rank,utility,0,0,0
Druid,134,Feral Combat,24894,Heart of the Wild,utility-or-rank,utility,0,0,0
Druid,134,Feral Combat,26996,Maul,tanking,tanking,0,1024,0
Druid,134,Feral Combat,26997,Swipe,tanking,tanking,0,1024,0
Druid,134,Feral Combat,26998,Demoralizing Roar,utility-or-rank,utility,0,1024,0
Druid,134,Feral Combat,26999,Frenzied Regeneration,utility-or-rank,utility,0,1024,0
Druid,134,Feral Combat,27000,Claw,utility-or-rank,utility,0,1024,0
Druid,134,Feral Combat,27001,Shred,damage,single-target,0,1024,0
Druid,134,Feral Combat,27002,Shred,damage,single-target,0,1024,0
Druid,134,Feral Combat,27003,Rake,utility-or-rank,utility,0,1024,0
Druid,134,Feral Combat,27004,Cower,utility-or-rank,utility,0,1024,0
Druid,134,Feral Combat,27005,Ravage,utility-or-rank,utility,0,1024,0
Druid,134,Feral Combat,27006,Pounce,utility-or-rank,utility,0,1024,0
Druid,134,Feral Combat,27007,Pounce Bleed,utility-or-rank,utility,0,1024,0
Druid,134,Feral Combat,27008,Rip,utility-or-rank,utility,0,1024,0
Druid,134,Feral Combat,27011,Faerie Fire (Feral),utility-or-rank,utility,0,1024,0
Druid,134,Feral Combat,31018,Ferocious Bite,utility-or-rank,utility,0,1024,0
Druid,134,Feral Combat,31709,Cower,utility-or-rank,utility,0,1024,0
Druid,134,Feral Combat,33357,Dash,utility-or-rank,utility,0,1024,0
Druid,134,Feral Combat,33745,Lacerate,tanking,tanking,0,1024,0
Druid,134,Feral Combat,33851,Primal Tenacity,utility-or-rank,utility,0,1024,0
Druid,134,Feral Combat,33852,Primal Tenacity,utility-or-rank,utility,0,1024,0
Druid,134,Feral Combat,33853,Survival of the Fittest,utility-or-rank,utility,0,1024,0
Druid,134,Feral Combat,33855,Survival of the Fittest,utility-or-rank,utility,0,1024,0
Druid,134,Feral Combat,33856,Survival of the Fittest,utility-or-rank,utility,0,1024,0
Druid,134,Feral Combat,33859,Predatory Instincts,talent-passive,utility,0,1024,0
Druid,134,Feral Combat,33866,Predatory Instincts,talent-passive,utility,0,1024,0
Druid,134,Feral Combat,33867,Predatory Instincts,talent-passive,utility,0,1024,0
Druid,134,Feral Combat,33868,Predatory Instincts,talent-passive,utility,0,1024,0
Druid,134,Feral Combat,33869,Predatory Instincts,talent-passive,utility,0,1024,0
Druid,134,Feral Combat,33872,Nurturing Instinct,talent-passive,utility,0,1024,0
Druid,134,Feral Combat,33873,Nurturing Instinct,talent-passive,utility,0,1024,0
Druid,134,Feral Combat,33876,Mangle (Cat),damage,single-target,0,1024,0
Druid,134,Feral Combat,33878,Mangle (Bear),damage,single-target,0,1024,0
Druid,134,Feral Combat,33917,Mangle,damage,single-target,0,1024,0
Druid,134,Feral Combat,33943,Flight Form,utility-or-rank,state-maintenance,0,1024,0
Druid,134,Feral Combat,33957,Primal Tenacity,utility-or-rank,utility,0,1024,0
Druid,134,Feral Combat,33982,Mangle (Cat),damage,single-target,0,1024,0
Druid,134,Feral Combat,33983,Mangle (Cat),damage,single-target,0,1024,0
Druid,134,Feral Combat,33986,Mangle (Bear),damage,single-target,0,1024,0
Druid,134,Feral Combat,33987,Mangle (Bear),damage,single-target,0,1024,0
Druid,134,Feral Combat,34297,Improved Leader of the Pack,talent-passive,utility,0,1024,0
Druid,134,Feral Combat,34299,Improved Leader of the Pack,talent-passive,utility,0,1024,0
Druid,134,Feral Combat,34300,Improved Leader of the Pack,talent-passive,utility,0,1024,0
Druid,134,Feral Combat,37116,Primal Fury,talent-passive,utility,0,1024,0
Druid,134,Feral Combat,37117,Primal Fury,talent-passive,utility,0,1024,0
Druid,134,Feral Combat,40120,Swift Flight Form,utility-or-rank,state-maintenance,0,1024,0
Druid,573,Restoration,740,Tranquility,utility-or-rank,utility,0,1024,0
Druid,573,Restoration,774,Rejuvenation,healing,healing,0,1024,0
Druid,573,Restoration,1058,Rejuvenation,healing,healing,0,1024,0
Druid,573,Restoration,1126,Mark of the Wild,utility-or-rank,utility,0,1024,0
Druid,573,Restoration,1430,Rejuvenation,healing,healing,0,1024,0
Druid,573,Restoration,2090,Rejuvenation,healing,healing,0,1024,0
Druid,573,Restoration,2091,Rejuvenation,healing,healing,0,1024,0
Druid,573,Restoration,2782,Remove Curse,damage,single-target;dispel-cleanse,0,1024,0
Druid,573,Restoration,2893,Abolish Poison,utility-or-rank,dispel-cleanse;state-maintenance,0,1024,0
Druid,573,Restoration,3137,Abolish Poison Effect,utility-or-rank,dispel-cleanse;state-maintenance,0,1024,0
Druid,573,Restoration,3627,Rejuvenation,healing,healing,0,1024,0
Druid,573,Restoration,5185,Healing Touch,healing,healing,2,1024,0
Druid,573,Restoration,5186,Healing Touch,healing,healing,0,1024,0
Druid,573,Restoration,5187,Healing Touch,healing,healing,0,1024,0
Druid,573,Restoration,5188,Healing Touch,healing,healing,0,1024,0
Druid,573,Restoration,5189,Healing Touch,healing,healing,0,1024,0
Druid,573,Restoration,5232,Mark of the Wild,utility-or-rank,utility,0,1024,0
Druid,573,Restoration,5234,Mark of the Wild,utility-or-rank,utility,0,1024,0
Druid,573,Restoration,6756,Mark of the Wild,utility-or-rank,utility,0,1024,0
Druid,573,Restoration,6778,Healing Touch,healing,healing,0,1024,0
Druid,573,Restoration,8903,Healing Touch,healing,healing,0,1024,0
Druid,573,Restoration,8907,Mark of the Wild,utility-or-rank,utility,0,1024,0
Druid,573,Restoration,8910,Rejuvenation,healing,healing,0,1024,0
Druid,573,Restoration,8918,Tranquility,utility-or-rank,utility,0,1024,0
Druid,573,Restoration,8936,Regrowth,healing,healing,0,1024,0
Druid,573,Restoration,8938,Regrowth,healing,healing,0,1024,0
Druid,573,Restoration,8939,Regrowth,healing,healing,0,1024,0
Druid,573,Restoration,8940,Regrowth,healing,healing,0,1024,0
Druid,573,Restoration,8941,Regrowth,healing,healing,0,1024,0
Druid,573,Restoration,8946,Cure Poison,utility-or-rank,dispel-cleanse;state-maintenance,0,1024,0
Druid,573,Restoration,9750,Regrowth,healing,healing,0,1024,0
Druid,573,Restoration,9758,Healing Touch,healing,healing,0,1024,0
Druid,573,Restoration,9839,Rejuvenation,healing,healing,0,1024,0
Druid,573,Restoration,9840,Rejuvenation,healing,healing,0,1024,0
Druid,573,Restoration,9841,Rejuvenation,healing,healing,0,1024,0
Druid,573,Restoration,9856,Regrowth,healing,healing,0,1024,0
Druid,573,Restoration,9857,Regrowth,healing,healing,0,1024,0
Druid,573,Restoration,9858,Regrowth,healing,healing,0,1024,0
Druid,573,Restoration,9862,Tranquility,utility-or-rank,utility,0,1024,0
Druid,573,Restoration,9863,Tranquility,utility-or-rank,utility,0,1024,0
Druid,573,Restoration,9884,Mark of the Wild,utility-or-rank,utility,0,1024,0
Druid,573,Restoration,9885,Mark of the Wild,utility-or-rank,utility,0,1024,0
Druid,573,Restoration,9888,Healing Touch,healing,healing,0,1024,0
Druid,573,Restoration,9889,Healing Touch,healing,healing,0,1024,0
Druid,573,Restoration,16833,Natural Shapeshifter,utility-or-rank,utility,0,1024,0
Druid,573,Restoration,16834,Natural Shapeshifter,utility-or-rank,utility,0,1024,0
Druid,573,Restoration,16835,Natural Shapeshifter,utility-or-rank,utility,0,1024,0
Druid,573,Restoration,16864,Omen of Clarity,utility-or-rank,utility,0,1024,0
Druid,573,Restoration,17050,Improved Mark of the Wild,talent-passive,utility,0,0,0
Druid,573,Restoration,17051,Improved Mark of the Wild,talent-passive,utility,0,0,0
Druid,573,Restoration,17053,Improved Mark of the Wild,talent-passive,utility,0,0,0
Druid,573,Restoration,17054,Improved Mark of the Wild,talent-passive,utility,0,0,0
Druid,573,Restoration,17055,Improved Mark of the Wild,talent-passive,utility,0,0,0
Druid,573,Restoration,17056,Furor,utility-or-rank,utility,0,0,0
Druid,573,Restoration,17058,Furor,utility-or-rank,utility,0,0,0
Druid,573,Restoration,17059,Furor,utility-or-rank,utility,0,0,0
Druid,573,Restoration,17060,Furor,utility-or-rank,utility,0,0,0
Druid,573,Restoration,17061,Furor,utility-or-rank,utility,0,0,0
Druid,573,Restoration,17063,Nature's Focus,talent-passive,utility,0,0,0
Druid,573,Restoration,17065,Nature's Focus,talent-passive,utility,0,0,0
Druid,573,Restoration,17066,Nature's Focus,talent-passive,utility,0,0,0
Druid,573,Restoration,17067,Nature's Focus,talent-passive,utility,0,0,0
Druid,573,Restoration,17068,Nature's Focus,talent-passive,utility,0,0,0
Druid,573,Restoration,17069,Naturalist,utility-or-rank,utility,0,0,0
Druid,573,Restoration,17070,Naturalist,utility-or-rank,utility,0,0,0
Druid,573,Restoration,17071,Naturalist,utility-or-rank,utility,0,0,0
Druid,573,Restoration,17072,Naturalist,utility-or-rank,utility,0,0,0
Druid,573,Restoration,17073,Naturalist,utility-or-rank,utility,0,0,0
Druid,573,Restoration,17074,Improved Regrowth,healing,healing,0,0,0
Druid,573,Restoration,17075,Improved Regrowth,healing,healing,0,0,0
Druid,573,Restoration,17076,Improved Regrowth,healing,healing,0,0,0
Druid,573,Restoration,17077,Improved Regrowth,healing,healing,0,0,0
Druid,573,Restoration,17078,Improved Regrowth,healing,healing,0,0,0
Druid,573,Restoration,17104,Gift of Nature,utility-or-rank,utility,0,1024,0
Druid,573,Restoration,17106,Intensity,utility-or-rank,utility,0,0,0
Druid,573,Restoration,17107,Intensity,utility-or-rank,utility,0,0,0
Druid,573,Restoration,17108,Intensity,utility-or-rank,utility,0,0,0
Druid,573,Restoration,17111,Improved Rejuvenation,healing,healing,0,0,0
Druid,573,Restoration,17112,Improved Rejuvenation,healing,healing,0,0,0
Druid,573,Restoration,17113,Improved Rejuvenation,healing,healing,0,0,0
Druid,573,Restoration,17116,Nature's Swiftness,utility-or-rank,utility,0,0,0
Druid,573,Restoration,17118,Subtlety,talent-passive,utility,0,0,0
Druid,573,Restoration,17119,Subtlety,talent-passive,utility,0,0,0
Druid,573,Restoration,17120,Subtlety,talent-passive,utility,0,0,0
Druid,573,Restoration,17121,Subtlety,talent-passive,utility,0,0,0
Druid,573,Restoration,17122,Subtlety,talent-passive,utility,0,0,0
Druid,573,Restoration,17123,Improved Tranquility,talent-passive,utility,0,0,0
Druid,573,Restoration,17124,Improved Tranquility,talent-passive,utility,0,0,0
Druid,573,Restoration,18562,Swiftmend,utility-or-rank,utility,0,0,0
Druid,573,Restoration,20484,Rebirth,utility-or-rank,utility,0,1024,0
Druid,573,Restoration,20739,Rebirth,utility-or-rank,utility,0,1024,0
Druid,573,Restoration,20742,Rebirth,utility-or-rank,utility,0,1024,0
Druid,573,Restoration,20747,Rebirth,utility-or-rank,utility,0,1024,0
Druid,573,Restoration,20748,Rebirth,utility-or-rank,utility,0,1024,0
Druid,573,Restoration,21849,Gift of the Wild,utility-or-rank,utility,0,1024,0
Druid,573,Restoration,21850,Gift of the Wild,utility-or-rank,utility,0,1024,0
Druid,573,Restoration,24943,Gift of Nature,utility-or-rank,utility,0,1024,0
Druid,573,Restoration,24944,Gift of Nature,utility-or-rank,utility,0,1024,0
Druid,573,Restoration,24945,Gift of Nature,utility-or-rank,utility,0,1024,0
Druid,573,Restoration,24946,Gift of Nature,utility-or-rank,utility,0,1024,0
Druid,573,Restoration,24968,Tranquil Spirit,utility-or-rank,utility,0,1024,0
Druid,573,Restoration,24969,Tranquil Spirit,utility-or-rank,utility,0,1024,0
Druid,573,Restoration,24970,Tranquil Spirit,utility-or-rank,utility,0,1024,0
Druid,573,Restoration,24971,Tranquil Spirit,utility-or-rank,utility,0,1024,0
Druid,573,Restoration,24972,Tranquil Spirit,utility-or-rank,utility,0,1024,0
Druid,573,Restoration,25297,Healing Touch,healing,healing,0,1024,0
Druid,573,Restoration,25299,Rejuvenation,healing,healing,0,1024,0
Druid,573,Restoration,26978,Healing Touch,healing,healing,0,1024,0
Druid,573,Restoration,26979,Healing Touch,healing,healing,0,1024,0
Druid,573,Restoration,26980,Regrowth,healing,healing,0,1024,0
Druid,573,Restoration,26981,Rejuvenation,healing,healing,0,1024,0
Druid,573,Restoration,26982,Rejuvenation,healing,healing,0,1024,0
Druid,573,Restoration,26983,Tranquility,utility-or-rank,utility,0,1024,0
Druid,573,Restoration,26990,Mark of the Wild,utility-or-rank,utility,0,1024,0
Druid,573,Restoration,26991,Gift of the Wild,utility-or-rank,utility,0,1024,0
Druid,573,Restoration,26994,Rebirth,utility-or-rank,utility,0,1024,0
Druid,573,Restoration,33763,Lifebloom,healing,healing,0,1024,0
Druid,573,Restoration,33879,Empowered Touch,talent-passive,utility,0,1024,0
Druid,573,Restoration,33880,Empowered Touch,talent-passive,utility,0,1024,0
Druid,573,Restoration,33881,Natural Perfection,utility-or-rank,utility,0,1024,0
Druid,573,Restoration,33882,Natural Perfection,utility-or-rank,utility,0,1024,0
Druid,573,Restoration,33883,Natural Perfection,utility-or-rank,utility,0,1024,0
Druid,573,Restoration,33886,Empowered Rejuvenation,healing,healing,0,1024,0
Druid,573,Restoration,33887,Empowered Rejuvenation,healing,healing,0,1024,0
Druid,573,Restoration,33888,Empowered Rejuvenation,healing,healing,0,1024,0
Druid,573,Restoration,33889,Empowered Rejuvenation,healing,healing,0,1024,0
Druid,573,Restoration,33890,Empowered Rejuvenation,healing,healing,0,1024,0
Druid,573,Restoration,33891,Tree of Life,utility-or-rank,utility,0,1024,0
Druid,573,Restoration,34151,Living Spirit,utility-or-rank,utility,0,1024,0
Druid,573,Restoration,34152,Living Spirit,utility-or-rank,utility,0,1024,0
Druid,573,Restoration,34153,Living Spirit,utility-or-rank,utility,0,1024,0
Druid,574,Balance,339,Entangling Roots,utility-or-rank,utility,0,1024,0
Druid,574,Balance,467,Thorns,utility-or-rank,utility,0,1024,0
Druid,574,Balance,770,Faerie Fire,utility-or-rank,utility,0,1024,0
Druid,574,Balance,778,Faerie Fire,utility-or-rank,utility,0,1024,0
Druid,574,Balance,782,Thorns,utility-or-rank,utility,0,1024,0
Druid,574,Balance,1062,Entangling Roots,utility-or-rank,utility,0,1024,0
Druid,574,Balance,1075,Thorns,utility-or-rank,utility,0,1024,0
Druid,574,Balance,2637,Hibernate,utility-or-rank,utility,0,1024,0
Druid,574,Balance,2908,Soothe Animal,utility-or-rank,utility,0,1024,0
Druid,574,Balance,2912,Starfire,damage,single-target,0,1024,0
Druid,574,Balance,5176,Wrath,damage,single-target,2,1024,0
Druid,574,Balance,5177,Wrath,damage,single-target,0,1024,0
Druid,574,Balance,5178,Wrath,damage,single-target,0,1024,0
Druid,574,Balance,5179,Wrath,damage,single-target,0,1024,0
Druid,574,Balance,5180,Wrath,damage,single-target,0,1024,0
Druid,574,Balance,5195,Entangling Roots,utility-or-rank,utility,0,1024,0
Druid,574,Balance,5196,Entangling Roots,utility-or-rank,utility,0,1024,0
Druid,574,Balance,5570,Insect Swarm,utility-or-rank,utility,0,1024,0
Druid,574,Balance,6780,Wrath,damage,single-target,0,1024,0
Druid,574,Balance,8905,Wrath,damage,single-target,0,1024,0
Druid,574,Balance,8914,Thorns,utility-or-rank,utility,0,1024,0
Druid,574,Balance,8921,Moonfire,utility-or-rank,utility,0,1024,0
Druid,574,Balance,8924,Moonfire,utility-or-rank,utility,0,1024,0
Druid,574,Balance,8925,Moonfire,utility-or-rank,utility,0,1024,0
Druid,574,Balance,8926,Moonfire,utility-or-rank,utility,0,1024,0
Druid,574,Balance,8927,Moonfire,utility-or-rank,utility,0,1024,0
Druid,574,Balance,8928,Moonfire,utility-or-rank,utility,0,1024,0
Druid,574,Balance,8929,Moonfire,utility-or-rank,utility,0,1024,0
Druid,574,Balance,8949,Starfire,damage,single-target,0,1024,0
Druid,574,Balance,8950,Starfire,damage,single-target,0,1024,0
Druid,574,Balance,8951,Starfire,damage,single-target,0,1024,0
Druid,574,Balance,8955,Soothe Animal,utility-or-rank,utility,0,1024,0
Druid,574,Balance,9749,Faerie Fire,utility-or-rank,utility,0,1024,0
Druid,574,Balance,9756,Thorns,utility-or-rank,utility,0,1024,0
Druid,574,Balance,9833,Moonfire,utility-or-rank,utility,0,1024,0
Druid,574,Balance,9834,Moonfire,utility-or-rank,utility,0,1024,0
Druid,574,Balance,9835,Moonfire,utility-or-rank,utility,0,1024,0
Druid,574,Balance,9852,Entangling Roots,utility-or-rank,utility,0,1024,0
Druid,574,Balance,9853,Entangling Roots,utility-or-rank,utility,0,1024,0
Druid,574,Balance,9875,Starfire,damage,single-target,0,1024,0
Druid,574,Balance,9876,Starfire,damage,single-target,0,1024,0
Druid,574,Balance,9901,Soothe Animal,utility-or-rank,utility,0,1024,0
Druid,574,Balance,9907,Faerie Fire,utility-or-rank,utility,0,1024,0
Druid,574,Balance,9910,Thorns,utility-or-rank,utility,0,1024,0
Druid,574,Balance,9912,Wrath,damage,single-target,0,1024,0
Druid,574,Balance,16689,Nature's Grasp,utility-or-rank,utility,0,1024,0
Druid,574,Balance,16810,Nature's Grasp,utility-or-rank,utility,0,1024,0
Druid,574,Balance,16811,Nature's Grasp,utility-or-rank,utility,0,1024,0
Druid,574,Balance,16812,Nature's Grasp,utility-or-rank,utility,0,1024,0
Druid,574,Balance,16813,Nature's Grasp,utility-or-rank,utility,0,1024,0
Druid,574,Balance,16814,Starlight Wrath,damage,single-target,0,0,0
Druid,574,Balance,16815,Starlight Wrath,damage,single-target,0,0,0
Druid,574,Balance,16816,Starlight Wrath,damage,single-target,0,0,0
Druid,574,Balance,16817,Starlight Wrath,damage,single-target,0,0,0
Druid,574,Balance,16818,Starlight Wrath,damage,single-target,0,0,0
Druid,574,Balance,16819,Nature's Reach,utility-or-rank,utility,0,0,0
Druid,574,Balance,16820,Nature's Reach,utility-or-rank,utility,0,0,0
Druid,574,Balance,16821,Improved Moonfire,talent-passive,utility,0,0,0
Druid,574,Balance,16822,Improved Moonfire,talent-passive,utility,0,0,0
Druid,574,Balance,16836,Brambles,utility-or-rank,utility,0,0,0
Druid,574,Balance,16839,Brambles,utility-or-rank,utility,0,0,0
Druid,574,Balance,16840,Brambles,utility-or-rank,utility,0,0,0
Druid,574,Balance,16845,Moonglow,utility-or-rank,utility,0,0,0
Druid,574,Balance,16846,Moonglow,utility-or-rank,utility,0,0,0
Druid,574,Balance,16847,Moonglow,utility-or-rank,utility,0,0,0
Druid,574,Balance,16850,Celestial Focus,talent-passive,utility,0,0,0
Druid,574,Balance,16880,Nature's Grace,utility-or-rank,utility,0,0,0
Druid,574,Balance,16896,Moonfury,talent-passive,utility,0,0,0
Druid,574,Balance,16897,Moonfury,talent-passive,utility,0,0,0
Druid,574,Balance,16899,Moonfury,talent-passive,utility,0,0,0
Druid,574,Balance,16900,Moonfury,talent-passive,utility,0,0,0
Druid,574,Balance,16901,Moonfury,talent-passive,utility,0,0,0
Druid,574,Balance,16909,Vengeance,utility-or-rank,utility,0,0,0
Druid,574,Balance,16910,Vengeance,utility-or-rank,utility,0,0,0
Druid,574,Balance,16911,Vengeance,utility-or-rank,utility,0,0,0
Druid,574,Balance,16912,Vengeance,utility-or-rank,utility,0,0,0
Druid,574,Balance,16913,Vengeance,utility-or-rank,utility,0,0,0
Druid,574,Balance,16914,Hurricane,utility-or-rank,multi-target,0,1024,0
Druid,574,Balance,16918,Control of Nature,utility-or-rank,utility,0,0,0
Druid,574,Balance,16919,Control of Nature,utility-or-rank,utility,0,0,0
Druid,574,Balance,16920,Control of Nature,utility-or-rank,utility,0,0,0
Druid,574,Balance,16923,Celestial Focus,talent-passive,utility,0,0,0
Druid,574,Balance,16924,Celestial Focus,talent-passive,utility,0,0,0
Druid,574,Balance,17245,Improved Nature's Grasp,talent-passive,utility,0,0,0
Druid,574,Balance,17247,Improved Nature's Grasp,talent-passive,utility,0,0,0
Druid,574,Balance,17248,Improved Nature's Grasp,talent-passive,utility,0,0,0
Druid,574,Balance,17249,Improved Nature's Grasp,talent-passive,utility,0,0,0
Druid,574,Balance,17329,Nature's Grasp,utility-or-rank,utility,0,1024,0
Druid,574,Balance,17401,Hurricane,utility-or-rank,multi-target,0,1024,0
Druid,574,Balance,17402,Hurricane,utility-or-rank,multi-target,0,1024,0
Druid,574,Balance,18657,Hibernate,utility-or-rank,utility,0,1024,0
Druid,574,Balance,18658,Hibernate,utility-or-rank,utility,0,1024,0
Druid,574,Balance,18960,Teleport: Moonglade,utility-or-rank,utility,0,1024,0
Druid,574,Balance,22812,Barkskin,utility-or-rank,utility,0,1024,0
Druid,574,Balance,24858,Moonkin Form,utility-or-rank,state-maintenance,0,1024,0
Druid,574,Balance,24905,Moonkin Form (Passive),utility-or-rank,state-maintenance,0,1024,0
Druid,574,Balance,24907,Moonkin Aura,utility-or-rank,utility,0,1024,0
Druid,574,Balance,24974,Insect Swarm,utility-or-rank,utility,0,1024,0
Druid,574,Balance,24975,Insect Swarm,utility-or-rank,utility,0,1024,0
Druid,574,Balance,24976,Insect Swarm,utility-or-rank,utility,0,1024,0
Druid,574,Balance,24977,Insect Swarm,utility-or-rank,utility,0,1024,0
Druid,574,Balance,25298,Starfire,damage,single-target,0,1024,0
Druid,574,Balance,26984,Wrath,damage,single-target,0,1024,0
Druid,574,Balance,26985,Wrath,damage,single-target,0,1024,0
Druid,574,Balance,26986,Starfire,damage,single-target,0,1024,0
Druid,574,Balance,26987,Moonfire,utility-or-rank,utility,0,1024,0
Druid,574,Balance,26988,Moonfire,utility-or-rank,utility,0,1024,0
Druid,574,Balance,26989,Entangling Roots,utility-or-rank,utility,0,1024,0
Druid,574,Balance,26992,Thorns,utility-or-rank,utility,0,1024,0
Druid,574,Balance,26993,Faerie Fire,utility-or-rank,utility,0,1024,0
Druid,574,Balance,26995,Soothe Animal,utility-or-rank,utility,0,1024,0
Druid,574,Balance,27009,Nature's Grasp,utility-or-rank,utility,0,1024,0
Druid,574,Balance,27012,Hurricane,utility-or-rank,multi-target,0,1024,0
Druid,574,Balance,27013,Insect Swarm,utility-or-rank,utility,0,1024,0
Druid,574,Balance,29166,Innervate,utility-or-rank,utility,0,1024,0
Druid,574,Balance,33589,Lunar Guidance,talent-passive,utility,0,1024,0
Druid,574,Balance,33590,Lunar Guidance,talent-passive,utility,0,1024,0
Druid,574,Balance,33591,Lunar Guidance,talent-passive,utility,0,1024,0
Druid,574,Balance,33592,Balance of Power,talent-passive,utility,0,1024,0
Druid,574,Balance,33596,Balance of Power,talent-passive,utility,0,1024,0
Druid,574,Balance,33597,Dreamstate,utility-or-rank,utility,0,1024,0
Druid,574,Balance,33599,Dreamstate,utility-or-rank,utility,0,1024,0
Druid,574,Balance,33600,Improved Faerie Fire,talent-passive,utility,0,1024,0
Druid,574,Balance,33601,Improved Faerie Fire,talent-passive,utility,0,1024,0
Druid,574,Balance,33602,Improved Faerie Fire,talent-passive,utility,0,1024,0
Druid,574,Balance,33603,Wrath of Cenarius,damage,single-target,0,1024,0
Druid,574,Balance,33604,Wrath of Cenarius,damage,single-target,0,1024,0
Druid,574,Balance,33605,Wrath of Cenarius,damage,single-target,0,1024,0
Druid,574,Balance,33606,Wrath of Cenarius,damage,single-target,0,1024,0
Druid,574,Balance,33607,Wrath of Cenarius,damage,single-target,0,1024,0
Druid,574,Balance,33786,Cyclone,pvp-control,pvp,0,1024,0
Druid,574,Balance,33831,Force of Nature,utility-or-rank,utility,0,1024,0
Druid,574,Balance,33956,Dreamstate,utility-or-rank,utility,0,1024,0
Druid,574,Balance,35363,Focused Starlight,talent-passive,utility,0,1024,0
Druid,574,Balance,35364,Focused Starlight,talent-passive,utility,0,1024,0
Druid,574,Balance,42230,Hurricane,utility-or-rank,multi-target,0,1024,0
Druid,574,Balance,42231,Hurricane,utility-or-rank,multi-target,0,1024,0
Druid,574,Balance,42232,Hurricane,utility-or-rank,multi-target,0,1024,0
Druid,574,Balance,42233,Hurricane,utility-or-rank,multi-target,0,1024,0
Hunter,50,Beast Mastery,136,Mend Pet,utility-or-rank,utility,0,4,0
Hunter,50,Beast Mastery,883,Call Pet,utility-or-rank,utility,0,4,0
Hunter,50,Beast Mastery,982,Revive Pet,utility-or-rank,utility,0,4,0
Hunter,50,Beast Mastery,1002,Eyes of the Beast,utility-or-rank,utility,0,4,0
Hunter,50,Beast Mastery,1462,Beast Lore,utility-or-rank,utility,0,4,0
Hunter,50,Beast Mastery,1513,Scare Beast,utility-or-rank,utility,0,4,0
Hunter,50,Beast Mastery,1515,Tame Beast,utility-or-rank,utility,0,4,0
Hunter,50,Beast Mastery,2641,Dismiss Pet,utility-or-rank,utility,0,4,0
Hunter,50,Beast Mastery,3111,Mend Pet,utility-or-rank,utility,0,4,0
Hunter,50,Beast Mastery,3661,Mend Pet,utility-or-rank,utility,0,4,0
Hunter,50,Beast Mastery,3662,Mend Pet,utility-or-rank,utility,0,4,0
Hunter,50,Beast Mastery,5118,Aspect of the Cheetah,utility-or-rank,state-maintenance,0,4,0
Hunter,50,Beast Mastery,6197,Eagle Eye,utility-or-rank,utility,0,4,0
Hunter,50,Beast Mastery,6991,Feed Pet,utility-or-rank,utility,0,4,0
Hunter,50,Beast Mastery,13159,Aspect of the Pack,utility-or-rank,state-maintenance,0,4,0
Hunter,50,Beast Mastery,13161,Aspect of the Beast,utility-or-rank,state-maintenance,0,4,0
Hunter,50,Beast Mastery,13163,Aspect of the Monkey,utility-or-rank,state-maintenance,0,4,0
Hunter,50,Beast Mastery,13165,Aspect of the Hawk,utility-or-rank,state-maintenance,0,4,0
Hunter,50,Beast Mastery,13481,Tame Beast,utility-or-rank,utility,0,4,0
Hunter,50,Beast Mastery,13542,Mend Pet,utility-or-rank,utility,0,4,0
Hunter,50,Beast Mastery,13543,Mend Pet,utility-or-rank,utility,0,4,0
Hunter,50,Beast Mastery,13544,Mend Pet,utility-or-rank,utility,0,4,0
Hunter,50,Beast Mastery,14318,Aspect of the Hawk,utility-or-rank,state-maintenance,0,4,0
Hunter,50,Beast Mastery,14319,Aspect of the Hawk,utility-or-rank,state-maintenance,0,4,0
Hunter,50,Beast Mastery,14320,Aspect of the Hawk,utility-or-rank,state-maintenance,0,4,0
Hunter,50,Beast Mastery,14321,Aspect of the Hawk,utility-or-rank,state-maintenance,0,4,0
Hunter,50,Beast Mastery,14322,Aspect of the Hawk,utility-or-rank,state-maintenance,0,4,0
Hunter,50,Beast Mastery,14326,Scare Beast,utility-or-rank,utility,0,4,0
Hunter,50,Beast Mastery,14327,Scare Beast,utility-or-rank,utility,0,4,0
Hunter,50,Beast Mastery,19549,Improved Aspect of the Monkey,talent-passive,state-maintenance,0,4,0
Hunter,50,Beast Mastery,19550,Improved Aspect of the Monkey,talent-passive,state-maintenance,0,4,0
Hunter,50,Beast Mastery,19551,Improved Aspect of the Monkey,talent-passive,state-maintenance,0,4,0
Hunter,50,Beast Mastery,19552,Improved Aspect of the Hawk,talent-passive,state-maintenance,0,0,0
Hunter,50,Beast Mastery,19553,Improved Aspect of the Hawk,talent-passive,state-maintenance,0,0,0
Hunter,50,Beast Mastery,19554,Improved Aspect of the Hawk,talent-passive,state-maintenance,0,0,0
Hunter,50,Beast Mastery,19555,Improved Aspect of the Hawk,talent-passive,state-maintenance,0,0,0
Hunter,50,Beast Mastery,19556,Improved Aspect of the Hawk,talent-passive,state-maintenance,0,0,0
Hunter,50,Beast Mastery,19559,Pathfinding,utility-or-rank,utility,0,0,0
Hunter,50,Beast Mastery,19560,Pathfinding,utility-or-rank,utility,0,0,0
Hunter,50,Beast Mastery,19572,Improved Mend Pet,talent-passive,utility,0,0,0
Hunter,50,Beast Mastery,19573,Improved Mend Pet,talent-passive,utility,0,0,0
Hunter,50,Beast Mastery,19574,Bestial Wrath,damage,single-target,0,0,0
Hunter,50,Beast Mastery,19575,Improved Revive Pet,talent-passive,utility,0,4,0
Hunter,50,Beast Mastery,19577,Intimidation,utility-or-rank,utility,0,0,0
Hunter,50,Beast Mastery,19578,Spirit Bond,utility-or-rank,utility,0,4,0
Hunter,50,Beast Mastery,19579,Spirit Bond,utility-or-rank,utility,0,0,0
Hunter,50,Beast Mastery,19583,Endurance Training,utility-or-rank,utility,0,0,0
Hunter,50,Beast Mastery,19584,Endurance Training,utility-or-rank,utility,0,0,0
Hunter,50,Beast Mastery,19585,Endurance Training,utility-or-rank,utility,0,0,0
Hunter,50,Beast Mastery,19586,Endurance Training,utility-or-rank,utility,0,0,0
Hunter,50,Beast Mastery,19587,Endurance Training,utility-or-rank,utility,0,0,0
Hunter,50,Beast Mastery,19590,Bestial Discipline,utility-or-rank,utility,0,0,0
Hunter,50,Beast Mastery,19592,Bestial Discipline,utility-or-rank,utility,0,0,0
Hunter,50,Beast Mastery,19596,Bestial Swiftness,utility-or-rank,utility,0,0,0
Hunter,50,Beast Mastery,19598,Ferocity,utility-or-rank,utility,0,0,0
Hunter,50,Beast Mastery,19599,Ferocity,utility-or-rank,utility,0,0,0
Hunter,50,Beast Mastery,19600,Ferocity,utility-or-rank,utility,0,0,0
Hunter,50,Beast Mastery,19601,Ferocity,utility-or-rank,utility,0,0,0
Hunter,50,Beast Mastery,19602,Ferocity,utility-or-rank,utility,0,0,0
Hunter,50,Beast Mastery,19609,Thick Hide,utility-or-rank,utility,0,0,0
Hunter,50,Beast Mastery,19610,Thick Hide,utility-or-rank,utility,0,0,0
Hunter,50,Beast Mastery,19612,Thick Hide,utility-or-rank,utility,0,0,0
Hunter,50,Beast Mastery,19616,Unleashed Fury,talent-passive,utility,0,0,0
Hunter,50,Beast Mastery,19617,Unleashed Fury,talent-passive,utility,0,0,0
Hunter,50,Beast Mastery,19618,Unleashed Fury,talent-passive,utility,0,0,0
Hunter,50,Beast Mastery,19619,Unleashed Fury,talent-passive,utility,0,0,0
Hunter,50,Beast Mastery,19620,Unleashed Fury,talent-passive,utility,0,0,0
Hunter,50,Beast Mastery,19621,Frenzy,utility-or-rank,utility,0,0,0
Hunter,50,Beast Mastery,19622,Frenzy,utility-or-rank,utility,0,0,0
Hunter,50,Beast Mastery,19623,Frenzy,utility-or-rank,utility,0,0,0
Hunter,50,Beast Mastery,19624,Frenzy,utility-or-rank,utility,0,0,0
Hunter,50,Beast Mastery,19625,Frenzy,utility-or-rank,utility,0,0,0
Hunter,50,Beast Mastery,20043,Aspect of the Wild,utility-or-rank,state-maintenance,0,4,0
Hunter,50,Beast Mastery,20190,Aspect of the Wild,utility-or-rank,state-maintenance,0,4,0
Hunter,50,Beast Mastery,20895,Spirit Bond,utility-or-rank,utility,0,4,0
Hunter,50,Beast Mastery,24395,Bestial Wrath,damage,single-target,0,0,0
Hunter,50,Beast Mastery,24396,Bestial Wrath,damage,single-target,0,0,0
Hunter,50,Beast Mastery,24397,Bestial Wrath,damage,single-target,0,0,0
Hunter,50,Beast Mastery,24406,Improved Mend Pet,talent-passive,utility,0,0,0
Hunter,50,Beast Mastery,24443,Improved Revive Pet,talent-passive,utility,0,4,0
Hunter,50,Beast Mastery,24529,Spirit Bond,utility-or-rank,utility,0,0,0
Hunter,50,Beast Mastery,25296,Aspect of the Hawk,utility-or-rank,state-maintenance,0,4,0
Hunter,50,Beast Mastery,27044,Aspect of the Hawk,utility-or-rank,state-maintenance,0,4,0
Hunter,50,Beast Mastery,27045,Aspect of the Wild,utility-or-rank,state-maintenance,0,4,0
Hunter,50,Beast Mastery,27046,Mend Pet,utility-or-rank,utility,0,4,0
Hunter,50,Beast Mastery,34026,Kill Command,utility-or-rank,utility,0,4,0
Hunter,50,Beast Mastery,34074,Aspect of the Viper,pvp-control,pvp;state-maintenance,0,4,0
Hunter,50,Beast Mastery,34453,Animal Handler,utility-or-rank,utility,0,4,0
Hunter,50,Beast Mastery,34454,Animal Handler,utility-or-rank,utility,0,4,0
Hunter,50,Beast Mastery,34455,Ferocious Inspiration,utility-or-rank,utility,0,4,0
Hunter,50,Beast Mastery,34459,Ferocious Inspiration,utility-or-rank,utility,0,4,0
Hunter,50,Beast Mastery,34460,Ferocious Inspiration,utility-or-rank,utility,0,4,0
Hunter,50,Beast Mastery,34462,Catlike Reflexes,utility-or-rank,utility,0,4,0
Hunter,50,Beast Mastery,34464,Catlike Reflexes,utility-or-rank,utility,0,4,0
Hunter,50,Beast Mastery,34465,Catlike Reflexes,utility-or-rank,utility,0,4,0
Hunter,50,Beast Mastery,34466,Serpent's Swiftness,utility-or-rank,utility,0,4,0
Hunter,50,Beast Mastery,34467,Serpent's Swiftness,utility-or-rank,utility,0,4,0
Hunter,50,Beast Mastery,34468,Serpent's Swiftness,utility-or-rank,utility,0,4,0
Hunter,50,Beast Mastery,34469,Serpent's Swiftness,utility-or-rank,utility,0,4,0
Hunter,50,Beast Mastery,34470,Serpent's Swiftness,utility-or-rank,utility,0,4,0
Hunter,50,Beast Mastery,34471,The Beast Within,utility-or-rank,utility,0,4,0
Hunter,50,Beast Mastery,34692,The Beast Within,utility-or-rank,utility,0,4,0
Hunter,50,Beast Mastery,35029,Focused Fire,talent-passive,utility,0,4,0
Hunter,50,Beast Mastery,35030,Focused Fire,talent-passive,utility,0,4,0
Hunter,51,Survival,781,Disengage,utility-or-rank,utility,0,4,0
Hunter,51,Survival,1494,Track Beasts,utility-or-rank,utility,0,4,0
Hunter,51,Survival,1495,Mongoose Bite,utility-or-rank,utility,0,4,0
Hunter,51,Survival,1499,Freezing Trap,pvp-control,pvp,0,4,0
Hunter,51,Survival,2973,Raptor Strike,damage,single-target,2,4,0
Hunter,51,Survival,2974,Wing Clip,utility-or-rank,utility,0,4,0
Hunter,51,Survival,5384,Feign Death,utility-or-rank,utility,0,4,0
Hunter,51,Survival,13795,Immolation Trap,pvp-control,pvp,0,4,0
Hunter,51,Survival,13797,Immolation Trap Effect,pvp-control,pvp,0,4,0
Hunter,51,Survival,13809,Frost Trap,pvp-control,pvp,0,4,0
Hunter,51,Survival,13812,Explosive Trap Effect,pvp-control,pvp,0,4,0
Hunter,51,Survival,13813,Explosive Trap,pvp-control,pvp,0,4,0
Hunter,51,Survival,14260,Raptor Strike,damage,single-target,0,4,0
Hunter,51,Survival,14261,Raptor Strike,damage,single-target,0,4,0
Hunter,51,Survival,14262,Raptor Strike,damage,single-target,0,4,0
Hunter,51,Survival,14263,Raptor Strike,damage,single-target,0,4,0
Hunter,51,Survival,14264,Raptor Strike,damage,single-target,0,4,0
Hunter,51,Survival,14265,Raptor Strike,damage,single-target,0,4,0
Hunter,51,Survival,14266,Raptor Strike,damage,single-target,0,4,0
Hunter,51,Survival,14267,Wing Clip,utility-or-rank,utility,0,4,0
Hunter,51,Survival,14268,Wing Clip,utility-or-rank,utility,0,4,0
Hunter,51,Survival,14269,Mongoose Bite,utility-or-rank,utility,0,4,0
Hunter,51,Survival,14270,Mongoose Bite,utility-or-rank,utility,0,4,0
Hunter,51,Survival,14271,Mongoose Bite,utility-or-rank,utility,0,4,0
Hunter,51,Survival,14272,Disengage,utility-or-rank,utility,0,4,0
Hunter,51,Survival,14273,Disengage,utility-or-rank,utility,0,4,0
Hunter,51,Survival,14298,Immolation Trap Effect,pvp-control,pvp,0,4,0
Hunter,51,Survival,14299,Immolation Trap Effect,pvp-control,pvp,0,4,0
Hunter,51,Survival,14300,Immolation Trap Effect,pvp-control,pvp,0,4,0
Hunter,51,Survival,14301,Immolation Trap Effect,pvp-control,pvp,0,4,0
Hunter,51,Survival,14302,Immolation Trap,pvp-control,pvp,0,4,0
Hunter,51,Survival,14303,Immolation Trap,pvp-control,pvp,0,4,0
Hunter,51,Survival,14304,Immolation Trap,pvp-control,pvp,0,4,0
Hunter,51,Survival,14305,Immolation Trap,pvp-control,pvp,0,4,0
Hunter,51,Survival,14310,Freezing Trap,pvp-control,pvp,0,4,0
Hunter,51,Survival,14311,Freezing Trap,pvp-control,pvp,0,4,0
Hunter,51,Survival,14314,Explosive Trap Effect,pvp-control,pvp,0,4,0
Hunter,51,Survival,14315,Explosive Trap Effect,pvp-control,pvp,0,4,0
Hunter,51,Survival,14316,Explosive Trap,pvp-control,pvp,0,4,0
Hunter,51,Survival,14317,Explosive Trap,pvp-control,pvp,0,4,0
Hunter,51,Survival,19151,Humanoid Slaying,utility-or-rank,utility,0,4,0
Hunter,51,Survival,19152,Humanoid Slaying,utility-or-rank,utility,0,4,0
Hunter,51,Survival,19153,Humanoid Slaying,utility-or-rank,utility,0,4,0
Hunter,51,Survival,19159,Savage Strikes,damage,single-target,0,0,0
Hunter,51,Survival,19160,Savage Strikes,damage,single-target,0,0,0
Hunter,51,Survival,19168,Lightning Reflexes,utility-or-rank,utility,0,4,0
Hunter,51,Survival,19180,Lightning Reflexes,utility-or-rank,utility,0,4,0
Hunter,51,Survival,19181,Lightning Reflexes,utility-or-rank,utility,0,4,0
Hunter,51,Survival,19184,Entrapment,pvp-control,pvp,0,0,0
Hunter,51,Survival,19185,Entrapment,pvp-control,pvp,0,0,0
Hunter,51,Survival,19228,Improved Wing Clip,talent-passive,utility,0,0,0
Hunter,51,Survival,19232,Improved Wing Clip,talent-passive,utility,0,0,0
Hunter,51,Survival,19233,Improved Wing Clip,talent-passive,utility,0,0,0
Hunter,51,Survival,19239,Clever Traps,pvp-control,pvp,0,0,0
Hunter,51,Survival,19245,Clever Traps,pvp-control,pvp,0,0,0
Hunter,51,Survival,19255,Survivalist,utility-or-rank,utility,0,0,0
Hunter,51,Survival,19256,Survivalist,utility-or-rank,utility,0,0,0
Hunter,51,Survival,19257,Survivalist,utility-or-rank,utility,0,0,0
Hunter,51,Survival,19258,Survivalist,utility-or-rank,utility,0,4,0
Hunter,51,Survival,19259,Survivalist,utility-or-rank,utility,0,4,0
Hunter,51,Survival,19263,Deterrence,utility-or-rank,utility,0,0,0
Hunter,51,Survival,19286,Improved Feign Death,talent-passive,utility,0,0,0
Hunter,51,Survival,19287,Improved Feign Death,talent-passive,utility,0,0,0
Hunter,51,Survival,19290,Surefooted,utility-or-rank,utility,0,4,0
Hunter,51,Survival,19294,Surefooted,utility-or-rank,utility,0,4,0
Hunter,51,Survival,19295,Deflection,utility-or-rank,utility,0,0,0
Hunter,51,Survival,19297,Deflection,utility-or-rank,utility,0,0,0
Hunter,51,Survival,19298,Deflection,utility-or-rank,utility,0,0,0
Hunter,51,Survival,19300,Deflection,utility-or-rank,utility,0,0,0
Hunter,51,Survival,19301,Deflection,utility-or-rank,utility,0,0,0
Hunter,51,Survival,19306,Counterattack,utility-or-rank,utility,0,4,0
Hunter,51,Survival,19370,Killer Instinct,talent-passive,utility,0,0,0
Hunter,51,Survival,19371,Killer Instinct,talent-passive,utility,0,0,0
Hunter,51,Survival,19373,Killer Instinct,talent-passive,utility,0,0,0
Hunter,51,Survival,19376,Trap Mastery,pvp-control,pvp,0,4,0
Hunter,51,Survival,19377,Trap Mastery,pvp-control,pvp,0,4,0
Hunter,51,Survival,19381,Melee Specialization,talent-passive,utility,0,0,0
Hunter,51,Survival,19382,Melee Specialization,talent-passive,utility,0,0,0
Hunter,51,Survival,19383,Melee Specialization,talent-passive,utility,0,0,0
Hunter,51,Survival,19384,Melee Specialization,talent-passive,utility,0,0,0
Hunter,51,Survival,19385,Melee Specialization,talent-passive,utility,0,0,0
Hunter,51,Survival,19386,Wyvern Sting,utility-or-rank,utility,0,4,0
Hunter,51,Survival,19387,Entrapment,pvp-control,pvp,0,0,0
Hunter,51,Survival,19388,Entrapment,pvp-control,pvp,0,0,0
Hunter,51,Survival,19498,Hawk Eye,utility-or-rank,utility,0,4,0
Hunter,51,Survival,19499,Hawk Eye,utility-or-rank,utility,0,4,0
Hunter,51,Survival,19500,Hawk Eye,utility-or-rank,utility,0,4,0
Hunter,51,Survival,19878,Track Demons,utility-or-rank,utility,0,4,0
Hunter,51,Survival,19879,Track Dragonkin,utility-or-rank,utility,0,4,0
Hunter,51,Survival,19880,Track Elementals,utility-or-rank,utility,0,4,0
Hunter,51,Survival,19882,Track Giants,utility-or-rank,utility,0,4,0
Hunter,51,Survival,19883,Track Humanoids,utility-or-rank,utility,0,4,0
Hunter,51,Survival,19884,Track Undead,utility-or-rank,utility,0,4,0
Hunter,51,Survival,19885,Track Hidden,utility-or-rank,utility,0,4,0
Hunter,51,Survival,20909,Counterattack,utility-or-rank,utility,0,4,0
Hunter,51,Survival,20910,Counterattack,utility-or-rank,utility,0,4,0
Hunter,51,Survival,23989,Readiness,utility-or-rank,utility,0,4,0
Hunter,51,Survival,24131,Wyvern Sting,utility-or-rank,utility,0,4,0
Hunter,51,Survival,24132,Wyvern Sting,utility-or-rank,utility,0,4,0
Hunter,51,Survival,24133,Wyvern Sting,utility-or-rank,utility,0,4,0
Hunter,51,Survival,24134,Wyvern Sting,utility-or-rank,utility,0,4,0
Hunter,51,Survival,24135,Wyvern Sting,utility-or-rank,utility,0,4,0
Hunter,51,Survival,24283,Surefooted,utility-or-rank,utility,0,4,0
Hunter,51,Survival,24293,Monster Slaying,utility-or-rank,utility,0,4,0
Hunter,51,Survival,24294,Monster Slaying,utility-or-rank,utility,0,4,0
Hunter,51,Survival,24295,Monster Slaying,utility-or-rank,utility,0,4,0
Hunter,51,Survival,24296,Lightning Reflexes,utility-or-rank,utility,0,4,0
Hunter,51,Survival,24297,Lightning Reflexes,utility-or-rank,utility,0,4,0
Hunter,51,Survival,27014,Raptor Strike,damage,single-target,0,4,0
Hunter,51,Survival,27015,Disengage,utility-or-rank,utility,0,4,0
Hunter,51,Survival,27023,Immolation Trap,pvp-control,pvp,0,4,0
Hunter,51,Survival,27024,Immolation Trap Effect,pvp-control,pvp,0,4,0
Hunter,51,Survival,27025,Explosive Trap,pvp-control,pvp,0,4,0
Hunter,51,Survival,27067,Counterattack,utility-or-rank,utility,0,4,0
Hunter,51,Survival,27068,Wyvern Sting,utility-or-rank,utility,0,4,0
Hunter,51,Survival,27069,Wyvern Sting,utility-or-rank,utility,0,4,0
Hunter,51,Survival,27340,,utility-or-rank,utility,0,0,0
Hunter,51,Survival,34477,Misdirection,utility-or-rank,utility,0,4,0
Hunter,51,Survival,34491,Resourcefulness,utility-or-rank,utility,0,4,0
Hunter,51,Survival,34492,Resourcefulness,utility-or-rank,utility,0,4,0
Hunter,51,Survival,34493,Resourcefulness,utility-or-rank,utility,0,4,0
Hunter,51,Survival,34494,Survival Instincts,talent-passive,utility,0,4,0
Hunter,51,Survival,34496,Survival Instincts,talent-passive,utility,0,4,0
Hunter,51,Survival,34497,Thrill of the Hunt,utility-or-rank,utility,0,4,0
Hunter,51,Survival,34498,Thrill of the Hunt,utility-or-rank,utility,0,4,0
Hunter,51,Survival,34499,Thrill of the Hunt,utility-or-rank,utility,0,4,0
Hunter,51,Survival,34500,Expose Weakness,utility-or-rank,utility,0,4,0
Hunter,51,Survival,34501,Expose Weakness,utility-or-rank,utility,0,4,0
Hunter,51,Survival,34502,Expose Weakness,utility-or-rank,utility,0,4,0
Hunter,51,Survival,34503,Expose Weakness,utility-or-rank,utility,0,4,0
Hunter,51,Survival,34506,Master Tactician,utility-or-rank,utility,0,4,0
Hunter,51,Survival,34507,Master Tactician,utility-or-rank,utility,0,4,0
Hunter,51,Survival,34508,Master Tactician,utility-or-rank,utility,0,4,0
Hunter,51,Survival,34600,Snake Trap,pvp-control,pvp,0,4,0
Hunter,51,Survival,34833,Master Tactician,utility-or-rank,utility,0,4,0
Hunter,51,Survival,34834,Master Tactician,utility-or-rank,utility,0,4,0
Hunter,51,Survival,34835,Master Tactician,utility-or-rank,utility,0,4,0
Hunter,51,Survival,34836,Master Tactician,utility-or-rank,utility,0,4,0
Hunter,51,Survival,34837,Master Tactician,utility-or-rank,utility,0,4,0
Hunter,51,Survival,34838,Master Tactician,utility-or-rank,utility,0,4,0
Hunter,51,Survival,34839,Master Tactician,utility-or-rank,utility,0,4,0
Hunter,51,Survival,36916,Mongoose Bite,utility-or-rank,utility,0,4,0
Hunter,163,Marksmanship,75,Auto Shot,damage,single-target,2,4,0
Hunter,163,Marksmanship,1130,Hunter's Mark,utility-or-rank,utility,0,4,0
Hunter,163,Marksmanship,1510,Volley,utility-or-rank,multi-target,0,4,0
Hunter,163,Marksmanship,1543,Flare,utility-or-rank,utility,0,4,0
Hunter,163,Marksmanship,1978,Serpent Sting,utility-or-rank,utility,0,4,0
Hunter,163,Marksmanship,2643,Multi-Shot,damage,single-target;multi-target,0,4,0
Hunter,163,Marksmanship,3034,Viper Sting,pvp-control,pvp,0,4,0
Hunter,163,Marksmanship,3043,Scorpid Sting,utility-or-rank,utility,0,4,0
Hunter,163,Marksmanship,3044,Arcane Shot,damage,single-target,0,4,0
Hunter,163,Marksmanship,3045,Rapid Fire,utility-or-rank,utility,0,4,0
Hunter,163,Marksmanship,3674,Black Arrow,utility-or-rank,utility,0,4,0
Hunter,163,Marksmanship,5116,Concussive Shot,damage,single-target,0,4,0
Hunter,163,Marksmanship,13549,Serpent Sting,utility-or-rank,utility,0,4,0
Hunter,163,Marksmanship,13550,Serpent Sting,utility-or-rank,utility,0,4,0
Hunter,163,Marksmanship,13551,Serpent Sting,utility-or-rank,utility,0,4,0
Hunter,163,Marksmanship,13552,Serpent Sting,utility-or-rank,utility,0,4,0
Hunter,163,Marksmanship,13553,Serpent Sting,utility-or-rank,utility,0,4,0
Hunter,163,Marksmanship,13554,Serpent Sting,utility-or-rank,utility,0,4,0
Hunter,163,Marksmanship,13555,Serpent Sting,utility-or-rank,utility,0,4,0
Hunter,163,Marksmanship,14274,Distracting Shot,damage,single-target,0,4,0
Hunter,163,Marksmanship,14279,Viper Sting,pvp-control,pvp,0,4,0
Hunter,163,Marksmanship,14280,Viper Sting,pvp-control,pvp,0,4,0
Hunter,163,Marksmanship,14281,Arcane Shot,damage,single-target,0,4,0
Hunter,163,Marksmanship,14282,Arcane Shot,damage,single-target,0,4,0
Hunter,163,Marksmanship,14283,Arcane Shot,damage,single-target,0,4,0
Hunter,163,Marksmanship,14284,Arcane Shot,damage,single-target,0,4,0
Hunter,163,Marksmanship,14285,Arcane Shot,damage,single-target,0,4,0
Hunter,163,Marksmanship,14286,Arcane Shot,damage,single-target,0,4,0
Hunter,163,Marksmanship,14287,Arcane Shot,damage,single-target,0,4,0
Hunter,163,Marksmanship,14288,Multi-Shot,damage,single-target;multi-target,0,4,0
Hunter,163,Marksmanship,14289,Multi-Shot,damage,single-target;multi-target,0,4,0
Hunter,163,Marksmanship,14290,Multi-Shot,damage,single-target;multi-target,0,4,0
Hunter,163,Marksmanship,14294,Volley,utility-or-rank,multi-target,0,4,0
Hunter,163,Marksmanship,14295,Volley,utility-or-rank,multi-target,0,4,0
Hunter,163,Marksmanship,14296,Black Arrow,utility-or-rank,utility,0,4,0
Hunter,163,Marksmanship,14323,Hunter's Mark,utility-or-rank,utility,0,4,0
Hunter,163,Marksmanship,14324,Hunter's Mark,utility-or-rank,utility,0,4,0
Hunter,163,Marksmanship,14325,Hunter's Mark,utility-or-rank,utility,0,4,0
Hunter,163,Marksmanship,15629,Distracting Shot,damage,single-target,0,4,0
Hunter,163,Marksmanship,15630,Distracting Shot,damage,single-target,0,4,0
Hunter,163,Marksmanship,15631,Distracting Shot,damage,single-target,0,4,0
Hunter,163,Marksmanship,15632,Distracting Shot,damage,single-target,0,4,0
Hunter,163,Marksmanship,19407,Improved Concussive Shot,damage,single-target,0,0,0
Hunter,163,Marksmanship,19412,Improved Concussive Shot,damage,single-target,0,0,0
Hunter,163,Marksmanship,19413,Improved Concussive Shot,damage,single-target,0,0,0
Hunter,163,Marksmanship,19414,Improved Concussive Shot,damage,single-target,0,0,0
Hunter,163,Marksmanship,19415,Improved Concussive Shot,damage,single-target,0,0,0
Hunter,163,Marksmanship,19416,Efficiency,utility-or-rank,utility,0,0,0
Hunter,163,Marksmanship,19417,Efficiency,utility-or-rank,utility,0,0,0
Hunter,163,Marksmanship,19418,Efficiency,utility-or-rank,utility,0,0,0
Hunter,163,Marksmanship,19419,Efficiency,utility-or-rank,utility,0,0,0
Hunter,163,Marksmanship,19420,Efficiency,utility-or-rank,utility,0,0,0
Hunter,163,Marksmanship,19421,Improved Hunter's Mark,talent-passive,utility,0,0,0
Hunter,163,Marksmanship,19422,Improved Hunter's Mark,talent-passive,utility,0,0,0
Hunter,163,Marksmanship,19423,Improved Hunter's Mark,talent-passive,utility,0,0,0
Hunter,163,Marksmanship,19424,Improved Hunter's Mark,talent-passive,utility,0,0,0
Hunter,163,Marksmanship,19425,Improved Hunter's Mark,talent-passive,utility,0,0,0
Hunter,163,Marksmanship,19426,Lethal Shots,damage,single-target,0,0,0
Hunter,163,Marksmanship,19427,Lethal Shots,damage,single-target,0,0,0
Hunter,163,Marksmanship,19429,Lethal Shots,damage,single-target,0,0,0
Hunter,163,Marksmanship,19430,Lethal Shots,damage,single-target,0,0,0
Hunter,163,Marksmanship,19431,Lethal Shots,damage,single-target,0,0,0
Hunter,163,Marksmanship,19434,Aimed Shot,damage,single-target,0,0,0
Hunter,163,Marksmanship,19454,Improved Arcane Shot,damage,single-target,0,0,0
Hunter,163,Marksmanship,19455,Improved Arcane Shot,damage,single-target,0,0,0
Hunter,163,Marksmanship,19456,Improved Arcane Shot,damage,single-target,0,0,0
Hunter,163,Marksmanship,19457,Improved Arcane Shot,damage,single-target,0,0,0
Hunter,163,Marksmanship,19458,Improved Arcane Shot,damage,single-target,0,0,0
Hunter,163,Marksmanship,19461,Barrage,utility-or-rank,utility,0,0,0
Hunter,163,Marksmanship,19462,Barrage,utility-or-rank,utility,0,0,0
Hunter,163,Marksmanship,19464,Improved Stings,talent-passive,utility,0,0,0
Hunter,163,Marksmanship,19465,Improved Stings,talent-passive,utility,0,0,0
Hunter,163,Marksmanship,19466,Improved Stings,talent-passive,utility,0,0,0
Hunter,163,Marksmanship,19467,Improved Stings,talent-passive,utility,0,0,0
Hunter,163,Marksmanship,19468,Improved Stings,talent-passive,utility,0,0,0
Hunter,163,Marksmanship,19485,Mortal Shots,damage,single-target,0,0,0
Hunter,163,Marksmanship,19487,Mortal Shots,damage,single-target,0,0,0
Hunter,163,Marksmanship,19488,Mortal Shots,damage,single-target,0,0,0
Hunter,163,Marksmanship,19489,Mortal Shots,damage,single-target,0,0,0
Hunter,163,Marksmanship,19490,Mortal Shots,damage,single-target,0,0,0
Hunter,163,Marksmanship,19503,Scatter Shot,damage,single-target,0,0,0
Hunter,163,Marksmanship,19506,Trueshot Aura,damage,single-target,0,0,0
Hunter,163,Marksmanship,19507,Ranged Weapon Specialization,talent-passive,utility,0,0,0
Hunter,163,Marksmanship,19508,Ranged Weapon Specialization,talent-passive,utility,0,0,0
Hunter,163,Marksmanship,19509,Ranged Weapon Specialization,talent-passive,utility,0,0,0
Hunter,163,Marksmanship,19510,Ranged Weapon Specialization,talent-passive,utility,0,0,0
Hunter,163,Marksmanship,19511,Ranged Weapon Specialization,talent-passive,utility,0,0,0
Hunter,163,Marksmanship,19801,Tranquilizing Shot,damage,single-target,0,4,0
Hunter,163,Marksmanship,20736,Distracting Shot,damage,single-target,0,4,0
Hunter,163,Marksmanship,20900,Aimed Shot,damage,single-target,0,0,0
Hunter,163,Marksmanship,20901,Aimed Shot,damage,single-target,0,0,0
Hunter,163,Marksmanship,20902,Aimed Shot,damage,single-target,0,0,0
Hunter,163,Marksmanship,20903,Aimed Shot,damage,single-target,0,0,0
Hunter,163,Marksmanship,20904,Aimed Shot,damage,single-target,0,0,0
Hunter,163,Marksmanship,20905,Trueshot Aura,damage,single-target,0,0,0
Hunter,163,Marksmanship,20906,Trueshot Aura,damage,single-target,0,0,0
Hunter,163,Marksmanship,24691,Barrage,utility-or-rank,utility,0,0,0
Hunter,163,Marksmanship,25294,Multi-Shot,damage,single-target;multi-target,0,4,0
Hunter,163,Marksmanship,25295,Serpent Sting,utility-or-rank,utility,0,4,0
Hunter,163,Marksmanship,27016,Serpent Sting,utility-or-rank,utility,0,4,0
Hunter,163,Marksmanship,27018,Viper Sting,pvp-control,pvp,0,4,0
Hunter,163,Marksmanship,27019,Arcane Shot,damage,single-target,0,4,0
Hunter,163,Marksmanship,27020,Distracting Shot,damage,single-target,0,4,0
Hunter,163,Marksmanship,27021,Multi-Shot,damage,single-target;multi-target,0,4,0
Hunter,163,Marksmanship,27022,Volley,utility-or-rank,multi-target,0,4,0
Hunter,163,Marksmanship,27065,Aimed Shot,damage,single-target,0,4,0
Hunter,163,Marksmanship,27066,Trueshot Aura,damage,single-target,0,0,0
Hunter,163,Marksmanship,34120,Steady Shot,damage,single-target,0,0,0
Hunter,163,Marksmanship,34475,Combat Experience,utility-or-rank,utility,0,4,0
Hunter,163,Marksmanship,34476,Combat Experience,utility-or-rank,utility,0,4,0
Hunter,163,Marksmanship,34482,Careful Aim,utility-or-rank,utility,0,4,0
Hunter,163,Marksmanship,34483,Careful Aim,utility-or-rank,utility,0,4,0
Hunter,163,Marksmanship,34484,Careful Aim,utility-or-rank,utility,0,4,0
Hunter,163,Marksmanship,34485,Master Marksman,utility-or-rank,utility,0,4,0
Hunter,163,Marksmanship,34486,Master Marksman,utility-or-rank,utility,0,4,0
Hunter,163,Marksmanship,34487,Master Marksman,utility-or-rank,utility,0,4,0
Hunter,163,Marksmanship,34488,Master Marksman,utility-or-rank,utility,0,4,0
Hunter,163,Marksmanship,34489,Master Marksman,utility-or-rank,utility,0,4,0
Hunter,163,Marksmanship,34490,Silencing Shot,damage,single-target,0,4,0
Hunter,163,Marksmanship,34948,Rapid Killing,utility-or-rank,utility,0,4,0
Hunter,163,Marksmanship,34949,Rapid Killing,utility-or-rank,utility,0,4,0
Hunter,163,Marksmanship,34950,Go for the Throat,utility-or-rank,utility,0,4,0
Hunter,163,Marksmanship,34954,Go for the Throat,utility-or-rank,utility,0,4,0
Hunter,163,Marksmanship,35098,Rapid Killing,utility-or-rank,utility,0,4,0
Hunter,163,Marksmanship,35099,Rapid Killing,utility-or-rank,utility,0,4,0
Hunter,163,Marksmanship,35100,Concussive Barrage,utility-or-rank,utility,0,4,0
Hunter,163,Marksmanship,35101,Concussive Barrage,utility-or-rank,utility,0,4,0
Hunter,163,Marksmanship,35102,Concussive Barrage,utility-or-rank,utility,0,4,0
Hunter,163,Marksmanship,35103,Concussive Barrage,utility-or-rank,utility,0,4,0
Hunter,163,Marksmanship,35104,Improved Barrage,talent-passive,utility,0,4,0
Hunter,163,Marksmanship,35110,Improved Barrage,talent-passive,utility,0,4,0
Hunter,163,Marksmanship,35111,Improved Barrage,talent-passive,utility,0,4,0
Hunter,163,Marksmanship,42234,Volley,utility-or-rank,multi-target,0,4,0
Hunter,163,Marksmanship,42243,Volley,utility-or-rank,multi-target,0,4,0
Hunter,163,Marksmanship,42244,Volley,utility-or-rank,multi-target,0,4,0
Hunter,163,Marksmanship,42245,Volley,utility-or-rank,multi-target,0,4,0
Hunter,203,Pet - Spider,17219,Tamed Pet Passive (DND),utility-or-rank,utility,2,0,0
Hunter,203,Pet - Spider,17253,Bite,utility-or-rank,utility,0,0,0
Hunter,203,Pet - Spider,17255,Bite,utility-or-rank,utility,0,0,0
Hunter,203,Pet - Spider,17256,Bite,utility-or-rank,utility,0,0,0
Hunter,203,Pet - Spider,17257,Bite,utility-or-rank,utility,0,0,0
Hunter,203,Pet - Spider,17258,Bite,utility-or-rank,utility,0,0,0
Hunter,203,Pet - Spider,17259,Bite,utility-or-rank,utility,0,0,0
Hunter,203,Pet - Spider,17260,Bite,utility-or-rank,utility,0,0,0
Hunter,203,Pet - Spider,17261,Bite,utility-or-rank,utility,0,0,0
Hunter,203,Pet - Spider,27050,Bite,utility-or-rank,utility,0,0,0
Hunter,208,Pet - Wolf,17223,Tamed Pet Passive (DND),utility-or-rank,utility,2,0,0
Hunter,208,Pet - Wolf,17253,Bite,utility-or-rank,utility,0,0,0
Hunter,208,Pet - Wolf,17255,Bite,utility-or-rank,utility,0,0,0
Hunter,208,Pet - Wolf,17256,Bite,utility-or-rank,utility,0,0,0
Hunter,208,Pet - Wolf,17257,Bite,utility-or-rank,utility,0,0,0
Hunter,208,Pet - Wolf,17258,Bite,utility-or-rank,utility,0,0,0
Hunter,208,Pet - Wolf,17259,Bite,utility-or-rank,utility,0,0,0
Hunter,208,Pet - Wolf,17260,Bite,utility-or-rank,utility,0,0,0
Hunter,208,Pet - Wolf,17261,Bite,utility-or-rank,utility,0,0,0
Hunter,208,Pet - Wolf,23099,Dash,utility-or-rank,utility,0,0,0
Hunter,208,Pet - Wolf,23109,Dash,utility-or-rank,utility,0,0,0
Hunter,208,Pet - Wolf,23110,Dash,utility-or-rank,utility,0,0,0
Hunter,208,Pet - Wolf,24597,Furious Howl,utility-or-rank,utility,0,0,0
Hunter,208,Pet - Wolf,24603,Furious Howl,utility-or-rank,utility,0,0,0
Hunter,208,Pet - Wolf,24604,Furious Howl,utility-or-rank,utility,0,0,0
Hunter,208,Pet - Wolf,24605,Furious Howl,utility-or-rank,utility,0,0,0
Hunter,208,Pet - Wolf,27050,Bite,utility-or-rank,utility,0,0,0
Hunter,209,Pet - Cat,3009,Claw,utility-or-rank,utility,0,0,0
Hunter,209,Pet - Cat,3010,Claw,utility-or-rank,utility,0,0,0
Hunter,209,Pet - Cat,16827,Claw,utility-or-rank,utility,0,0,0
Hunter,209,Pet - Cat,16828,Claw,utility-or-rank,utility,0,0,0
Hunter,209,Pet - Cat,16829,Claw,utility-or-rank,utility,0,0,0
Hunter,209,Pet - Cat,16830,Claw,utility-or-rank,utility,0,0,0
Hunter,209,Pet - Cat,16831,Claw,utility-or-rank,utility,0,0,0
Hunter,209,Pet - Cat,16832,Claw,utility-or-rank,utility,0,0,0
Hunter,209,Pet - Cat,17210,Tamed Pet Passive (DND),utility-or-rank,utility,2,0,0
Hunter,209,Pet - Cat,17253,Bite,utility-or-rank,utility,0,0,0
Hunter,209,Pet - Cat,17255,Bite,utility-or-rank,utility,0,0,0
Hunter,209,Pet - Cat,17256,Bite,utility-or-rank,utility,0,0,0
Hunter,209,Pet - Cat,17257,Bite,utility-or-rank,utility,0,0,0
Hunter,209,Pet - Cat,17258,Bite,utility-or-rank,utility,0,0,0
Hunter,209,Pet - Cat,17259,Bite,utility-or-rank,utility,0,0,0
Hunter,209,Pet - Cat,17260,Bite,utility-or-rank,utility,0,0,0
Hunter,209,Pet - Cat,17261,Bite,utility-or-rank,utility,0,0,0
Hunter,209,Pet - Cat,23099,Dash,utility-or-rank,utility,0,0,0
Hunter,209,Pet - Cat,23109,Dash,utility-or-rank,utility,0,0,0
Hunter,209,Pet - Cat,23110,Dash,utility-or-rank,utility,0,0,0
Hunter,209,Pet - Cat,24450,Prowl,utility-or-rank,utility,0,0,0
Hunter,209,Pet - Cat,24452,Prowl,utility-or-rank,utility,0,0,0
Hunter,209,Pet - Cat,24453,Prowl,utility-or-rank,utility,0,0,0
Hunter,209,Pet - Cat,27049,Claw,utility-or-rank,utility,0,0,0
Hunter,209,Pet - Cat,27050,Bite,utility-or-rank,utility,0,0,0
Hunter,210,Pet - Bear,3009,Claw,utility-or-rank,utility,0,0,0
Hunter,210,Pet - Bear,3010,Claw,utility-or-rank,utility,0,0,0
Hunter,210,Pet - Bear,16827,Claw,utility-or-rank,utility,0,0,0
Hunter,210,Pet - Bear,16828,Claw,utility-or-rank,utility,0,0,0
Hunter,210,Pet - Bear,16829,Claw,utility-or-rank,utility,0,0,0
Hunter,210,Pet - Bear,16830,Claw,utility-or-rank,utility,0,0,0
Hunter,210,Pet - Bear,16831,Claw,utility-or-rank,utility,0,0,0
Hunter,210,Pet - Bear,16832,Claw,utility-or-rank,utility,0,0,0
Hunter,210,Pet - Bear,17208,Tamed Pet Passive (DND),utility-or-rank,utility,2,0,0
Hunter,210,Pet - Bear,17253,Bite,utility-or-rank,utility,0,0,0
Hunter,210,Pet - Bear,17255,Bite,utility-or-rank,utility,0,0,0
Hunter,210,Pet - Bear,17256,Bite,utility-or-rank,utility,0,0,0
Hunter,210,Pet - Bear,17257,Bite,utility-or-rank,utility,0,0,0
Hunter,210,Pet - Bear,17258,Bite,utility-or-rank,utility,0,0,0
Hunter,210,Pet - Bear,17259,Bite,utility-or-rank,utility,0,0,0
Hunter,210,Pet - Bear,17260,Bite,utility-or-rank,utility,0,0,0
Hunter,210,Pet - Bear,17261,Bite,utility-or-rank,utility,0,0,0
Hunter,210,Pet - Bear,27049,Claw,utility-or-rank,utility,0,0,0
Hunter,210,Pet - Bear,27050,Bite,utility-or-rank,utility,0,0,0
Hunter,211,Pet - Boar,7000,Tamed Pet Passive (DND),utility-or-rank,utility,2,0,0
Hunter,211,Pet - Boar,7371,Charge,utility-or-rank,utility,0,0,0
Hunter,211,Pet - Boar,17253,Bite,utility-or-rank,utility,0,0,0
Hunter,211,Pet - Boar,17255,Bite,utility-or-rank,utility,0,0,0
Hunter,211,Pet - Boar,17256,Bite,utility-or-rank,utility,0,0,0
Hunter,211,Pet - Boar,17257,Bite,utility-or-rank,utility,0,0,0
Hunter,211,Pet - Boar,17258,Bite,utility-or-rank,utility,0,0,0
Hunter,211,Pet - Boar,17259,Bite,utility-or-rank,utility,0,0,0
Hunter,211,Pet - Boar,17260,Bite,utility-or-rank,utility,0,0,0
Hunter,211,Pet - Boar,17261,Bite,utility-or-rank,utility,0,0,0
Hunter,211,Pet - Boar,23099,Dash,utility-or-rank,utility,0,0,0
Hunter,211,Pet - Boar,23109,Dash,utility-or-rank,utility,0,0,0
Hunter,211,Pet - Boar,23110,Dash,utility-or-rank,utility,0,0,0
Hunter,211,Pet - Boar,26177,Charge,utility-or-rank,utility,0,0,0
Hunter,211,Pet - Boar,26178,Charge,utility-or-rank,utility,0,0,0
Hunter,211,Pet - Boar,26179,Charge,utility-or-rank,utility,0,0,0
Hunter,211,Pet - Boar,26201,Charge,utility-or-rank,utility,0,0,0
Hunter,211,Pet - Boar,27050,Bite,utility-or-rank,utility,0,0,0
Hunter,211,Pet - Boar,27685,Charge,utility-or-rank,utility,0,0,0
Hunter,211,Pet - Boar,35290,Gore,utility-or-rank,utility,0,0,0
Hunter,211,Pet - Boar,35291,Gore,utility-or-rank,utility,0,0,0
Hunter,211,Pet - Boar,35292,Gore,utility-or-rank,utility,0,0,0
Hunter,211,Pet - Boar,35293,Gore,utility-or-rank,utility,0,0,0
Hunter,211,Pet - Boar,35294,Gore,utility-or-rank,utility,0,0,0
Hunter,211,Pet - Boar,35295,Gore,utility-or-rank,utility,0,0,0
Hunter,211,Pet - Boar,35296,Gore,utility-or-rank,utility,0,0,0
Hunter,211,Pet - Boar,35297,Gore,utility-or-rank,utility,0,0,0
Hunter,211,Pet - Boar,35298,Gore,utility-or-rank,utility,0,0,0
Hunter,212,Pet - Crocilisk,17212,Tamed Pet Passive (DND),utility-or-rank,utility,2,0,0
Hunter,212,Pet - Crocilisk,17253,Bite,utility-or-rank,utility,0,0,0
Hunter,212,Pet - Crocilisk,17255,Bite,utility-or-rank,utility,0,0,0
Hunter,212,Pet - Crocilisk,17256,Bite,utility-or-rank,utility,0,0,0
Hunter,212,Pet - Crocilisk,17257,Bite,utility-or-rank,utility,0,0,0
Hunter,212,Pet - Crocilisk,17258,Bite,utility-or-rank,utility,0,0,0
Hunter,212,Pet - Crocilisk,17259,Bite,utility-or-rank,utility,0,0,0
Hunter,212,Pet - Crocilisk,17260,Bite,utility-or-rank,utility,0,0,0
Hunter,212,Pet - Crocilisk,17261,Bite,utility-or-rank,utility,0,0,0
Hunter,212,Pet - Crocilisk,27050,Bite,utility-or-rank,utility,0,0,0
Hunter,213,Pet - Carrion Bird,3009,Claw,utility-or-rank,utility,0,0,0
Hunter,213,Pet - Carrion Bird,3010,Claw,utility-or-rank,utility,0,0,0
Hunter,213,Pet - Carrion Bird,16827,Claw,utility-or-rank,utility,0,0,0
Hunter,213,Pet - Carrion Bird,16828,Claw,utility-or-rank,utility,0,0,0
Hunter,213,Pet - Carrion Bird,16829,Claw,utility-or-rank,utility,0,0,0
Hunter,213,Pet - Carrion Bird,16830,Claw,utility-or-rank,utility,0,0,0
Hunter,213,Pet - Carrion Bird,16831,Claw,utility-or-rank,utility,0,0,0
Hunter,213,Pet - Carrion Bird,16832,Claw,utility-or-rank,utility,0,0,0
Hunter,213,Pet - Carrion Bird,17209,Tamed Pet Passive (DND),utility-or-rank,utility,2,0,0
Hunter,213,Pet - Carrion Bird,17253,Bite,utility-or-rank,utility,0,0,0
Hunter,213,Pet - Carrion Bird,17255,Bite,utility-or-rank,utility,0,0,0
Hunter,213,Pet - Carrion Bird,17256,Bite,utility-or-rank,utility,0,0,0
Hunter,213,Pet - Carrion Bird,17257,Bite,utility-or-rank,utility,0,0,0
Hunter,213,Pet - Carrion Bird,17258,Bite,utility-or-rank,utility,0,0,0
Hunter,213,Pet - Carrion Bird,17259,Bite,utility-or-rank,utility,0,0,0
Hunter,213,Pet - Carrion Bird,17260,Bite,utility-or-rank,utility,0,0,0
Hunter,213,Pet - Carrion Bird,17261,Bite,utility-or-rank,utility,0,0,0
Hunter,213,Pet - Carrion Bird,23145,Dive,utility-or-rank,utility,0,0,0
Hunter,213,Pet - Carrion Bird,23147,Dive,utility-or-rank,utility,0,0,0
Hunter,213,Pet - Carrion Bird,23148,Dive,utility-or-rank,utility,0,0,0
Hunter,213,Pet - Carrion Bird,24423,Screech,utility-or-rank,utility,0,0,0
Hunter,213,Pet - Carrion Bird,24577,Screech,utility-or-rank,utility,0,0,0
Hunter,213,Pet - Carrion Bird,24578,Screech,utility-or-rank,utility,0,0,0
Hunter,213,Pet - Carrion Bird,24579,Screech,utility-or-rank,utility,0,0,0
Hunter,213,Pet - Carrion Bird,27049,Claw,utility-or-rank,utility,0,0,0
Hunter,213,Pet - Carrion Bird,27050,Bite,utility-or-rank,utility,0,0,0
Hunter,213,Pet - Carrion Bird,27051,Screech,utility-or-rank,utility,0,0,0
Hunter,214,Pet - Crab,3009,Claw,utility-or-rank,utility,0,0,0
Hunter,214,Pet - Crab,3010,Claw,utility-or-rank,utility,0,0,0
Hunter,214,Pet - Crab,16827,Claw,utility-or-rank,utility,0,0,0
Hunter,214,Pet - Crab,16828,Claw,utility-or-rank,utility,0,0,0
Hunter,214,Pet - Crab,16829,Claw,utility-or-rank,utility,0,0,0
Hunter,214,Pet - Crab,16830,Claw,utility-or-rank,utility,0,0,0
Hunter,214,Pet - Crab,16831,Claw,utility-or-rank,utility,0,0,0
Hunter,214,Pet - Crab,16832,Claw,utility-or-rank,utility,0,0,0
Hunter,214,Pet - Crab,17211,Tamed Pet Passive (DND),utility-or-rank,utility,2,0,0
Hunter,214,Pet - Crab,27049,Claw,utility-or-rank,utility,0,0,0
Hunter,215,Pet - Gorilla,17214,Tamed Pet Passive (DND),utility-or-rank,utility,2,0,0
Hunter,215,Pet - Gorilla,17253,Bite,utility-or-rank,utility,0,0,0
Hunter,215,Pet - Gorilla,17255,Bite,utility-or-rank,utility,0,0,0
Hunter,215,Pet - Gorilla,17256,Bite,utility-or-rank,utility,0,0,0
Hunter,215,Pet - Gorilla,17257,Bite,utility-or-rank,utility,0,0,0
Hunter,215,Pet - Gorilla,17258,Bite,utility-or-rank,utility,0,0,0
Hunter,215,Pet - Gorilla,17259,Bite,utility-or-rank,utility,0,0,0
Hunter,215,Pet - Gorilla,17260,Bite,utility-or-rank,utility,0,0,0
Hunter,215,Pet - Gorilla,17261,Bite,utility-or-rank,utility,0,0,0
Hunter,215,Pet - Gorilla,26090,Thunderstomp,utility-or-rank,utility,0,0,0
Hunter,215,Pet - Gorilla,26187,Thunderstomp,utility-or-rank,utility,0,0,0
Hunter,215,Pet - Gorilla,26188,Thunderstomp,utility-or-rank,utility,0,0,0
Hunter,215,Pet - Gorilla,27050,Bite,utility-or-rank,utility,0,0,0
Hunter,215,Pet - Gorilla,27063,Thunderstomp,utility-or-rank,utility,0,0,0
Hunter,217,Pet - Raptor,3009,Claw,utility-or-rank,utility,0,0,0
Hunter,217,Pet - Raptor,3010,Claw,utility-or-rank,utility,0,0,0
Hunter,217,Pet - Raptor,16827,Claw,utility-or-rank,utility,0,0,0
Hunter,217,Pet - Raptor,16828,Claw,utility-or-rank,utility,0,0,0
Hunter,217,Pet - Raptor,16829,Claw,utility-or-rank,utility,0,0,0
Hunter,217,Pet - Raptor,16830,Claw,utility-or-rank,utility,0,0,0
Hunter,217,Pet - Raptor,16831,Claw,utility-or-rank,utility,0,0,0
Hunter,217,Pet - Raptor,16832,Claw,utility-or-rank,utility,0,0,0
Hunter,217,Pet - Raptor,17217,Tamed Pet Passive (DND),utility-or-rank,utility,2,0,0
Hunter,217,Pet - Raptor,17253,Bite,utility-or-rank,utility,0,0,0
Hunter,217,Pet - Raptor,17255,Bite,utility-or-rank,utility,0,0,0
Hunter,217,Pet - Raptor,17256,Bite,utility-or-rank,utility,0,0,0
Hunter,217,Pet - Raptor,17257,Bite,utility-or-rank,utility,0,0,0
Hunter,217,Pet - Raptor,17258,Bite,utility-or-rank,utility,0,0,0
Hunter,217,Pet - Raptor,17259,Bite,utility-or-rank,utility,0,0,0
Hunter,217,Pet - Raptor,17260,Bite,utility-or-rank,utility,0,0,0
Hunter,217,Pet - Raptor,17261,Bite,utility-or-rank,utility,0,0,0
Hunter,217,Pet - Raptor,23099,Dash,utility-or-rank,utility,0,0,0
Hunter,217,Pet - Raptor,23109,Dash,utility-or-rank,utility,0,0,0
Hunter,217,Pet - Raptor,23110,Dash,utility-or-rank,utility,0,0,0
Hunter,217,Pet - Raptor,27049,Claw,utility-or-rank,utility,0,0,0
Hunter,217,Pet - Raptor,27050,Bite,utility-or-rank,utility,0,0,0
Hunter,218,Pet - Tallstrider,17220,Tamed Pet Passive (DND),utility-or-rank,utility,2,0,0
Hunter,218,Pet - Tallstrider,17253,Bite,utility-or-rank,utility,0,0,0
Hunter,218,Pet - Tallstrider,17255,Bite,utility-or-rank,utility,0,0,0
Hunter,218,Pet - Tallstrider,17256,Bite,utility-or-rank,utility,0,0,0
Hunter,218,Pet - Tallstrider,17257,Bite,utility-or-rank,utility,0,0,0
Hunter,218,Pet - Tallstrider,17258,Bite,utility-or-rank,utility,0,0,0
Hunter,218,Pet - Tallstrider,17259,Bite,utility-or-rank,utility,0,0,0
Hunter,218,Pet - Tallstrider,17260,Bite,utility-or-rank,utility,0,0,0
Hunter,218,Pet - Tallstrider,17261,Bite,utility-or-rank,utility,0,0,0
Hunter,218,Pet - Tallstrider,23099,Dash,utility-or-rank,utility,0,0,0
Hunter,218,Pet - Tallstrider,23109,Dash,utility-or-rank,utility,0,0,0
Hunter,218,Pet - Tallstrider,23110,Dash,utility-or-rank,utility,0,0,0
Hunter,218,Pet - Tallstrider,27050,Bite,utility-or-rank,utility,0,0,0
Hunter,236,Pet - Scorpid,3009,Claw,utility-or-rank,utility,0,0,0
Hunter,236,Pet - Scorpid,3010,Claw,utility-or-rank,utility,0,0,0
Hunter,236,Pet - Scorpid,16827,Claw,utility-or-rank,utility,0,0,0
Hunter,236,Pet - Scorpid,16828,Claw,utility-or-rank,utility,0,0,0
Hunter,236,Pet - Scorpid,16829,Claw,utility-or-rank,utility,0,0,0
Hunter,236,Pet - Scorpid,16830,Claw,utility-or-rank,utility,0,0,0
Hunter,236,Pet - Scorpid,16831,Claw,utility-or-rank,utility,0,0,0
Hunter,236,Pet - Scorpid,16832,Claw,utility-or-rank,utility,0,0,0
Hunter,236,Pet - Scorpid,17218,Tamed Pet Passive (DND),utility-or-rank,utility,2,0,0
Hunter,236,Pet - Scorpid,24583,Scorpid Poison,utility-or-rank,dispel-cleanse;state-maintenance,0,0,0
Hunter,236,Pet - Scorpid,24586,Scorpid Poison,utility-or-rank,dispel-cleanse;state-maintenance,0,0,0
Hunter,236,Pet - Scorpid,24587,Scorpid Poison,utility-or-rank,dispel-cleanse;state-maintenance,0,0,0
Hunter,236,Pet - Scorpid,24640,Scorpid Poison,utility-or-rank,dispel-cleanse;state-maintenance,0,0,0
Hunter,236,Pet - Scorpid,27049,Claw,utility-or-rank,utility,0,0,0
Hunter,236,Pet - Scorpid,27060,Scorpid Poison,utility-or-rank,dispel-cleanse;state-maintenance,0,0,0
Hunter,251,Pet - Turtle,17221,Tamed Pet Passive (DND),utility-or-rank,utility,2,0,0
Hunter,251,Pet - Turtle,17253,Bite,utility-or-rank,utility,0,0,0
Hunter,251,Pet - Turtle,17255,Bite,utility-or-rank,utility,0,0,0
Hunter,251,Pet - Turtle,17256,Bite,utility-or-rank,utility,0,0,0
Hunter,251,Pet - Turtle,17257,Bite,utility-or-rank,utility,0,0,0
Hunter,251,Pet - Turtle,17258,Bite,utility-or-rank,utility,0,0,0
Hunter,251,Pet - Turtle,17259,Bite,utility-or-rank,utility,0,0,0
Hunter,251,Pet - Turtle,17260,Bite,utility-or-rank,utility,0,0,0
Hunter,251,Pet - Turtle,17261,Bite,utility-or-rank,utility,0,0,0
Hunter,251,Pet - Turtle,26064,Shell Shield,healing,healing,0,0,0
Hunter,251,Pet - Turtle,27050,Bite,utility-or-rank,utility,0,0,0
Hunter,261,Beast Training,1747,Cower,utility-or-rank,utility,0,4,0
Hunter,261,Beast Training,1748,Cower,utility-or-rank,utility,0,4,0
Hunter,261,Beast Training,1749,Cower,utility-or-rank,utility,0,4,0
Hunter,261,Beast Training,1750,Cower,utility-or-rank,utility,0,4,0
Hunter,261,Beast Training,1751,Cower,utility-or-rank,utility,0,4,0
Hunter,261,Beast Training,1853,Growl,tanking,tanking,1,4,0
Hunter,261,Beast Training,2975,Claw,utility-or-rank,utility,0,4,0
Hunter,261,Beast Training,2976,Claw,utility-or-rank,utility,0,4,0
Hunter,261,Beast Training,2977,Claw,utility-or-rank,utility,0,4,0
Hunter,261,Beast Training,2980,Claw,utility-or-rank,utility,0,4,0
Hunter,261,Beast Training,2981,Claw,utility-or-rank,utility,0,4,0
Hunter,261,Beast Training,2982,Claw,utility-or-rank,utility,0,4,0
Hunter,261,Beast Training,3666,Claw,utility-or-rank,utility,0,4,0
Hunter,261,Beast Training,3667,Claw,utility-or-rank,utility,0,4,0
Hunter,261,Beast Training,4195,Great Stamina,utility-or-rank,utility,0,4,0
Hunter,261,Beast Training,4196,Great Stamina,utility-or-rank,utility,0,4,0
Hunter,261,Beast Training,4197,Great Stamina,utility-or-rank,utility,0,4,0
Hunter,261,Beast Training,4198,Great Stamina,utility-or-rank,utility,0,4,0
Hunter,261,Beast Training,4199,Great Stamina,utility-or-rank,utility,0,4,0
Hunter,261,Beast Training,4200,Great Stamina,utility-or-rank,utility,0,4,0
Hunter,261,Beast Training,4201,Great Stamina,utility-or-rank,utility,0,4,0
Hunter,261,Beast Training,4202,Great Stamina,utility-or-rank,utility,0,4,0
Hunter,261,Beast Training,5048,Great Stamina,utility-or-rank,utility,0,4,0
Hunter,261,Beast Training,5049,Great Stamina,utility-or-rank,utility,0,4,0
Hunter,261,Beast Training,5149,Beast Training,utility-or-rank,utility,0,4,0
Hunter,261,Beast Training,7370,Charge,utility-or-rank,utility,0,4,0
Hunter,261,Beast Training,14922,Growl,tanking,tanking,1,4,0
Hunter,261,Beast Training,14923,Growl,tanking,tanking,0,4,0
Hunter,261,Beast Training,14924,Growl,tanking,tanking,0,4,0
Hunter,261,Beast Training,14925,Growl,tanking,tanking,0,4,0
Hunter,261,Beast Training,14926,Growl,tanking,tanking,0,4,0
Hunter,261,Beast Training,14927,Growl,tanking,tanking,0,4,0
Hunter,261,Beast Training,16698,Cower,utility-or-rank,utility,0,4,0
Hunter,261,Beast Training,17254,Bite,utility-or-rank,utility,0,4,0
Hunter,261,Beast Training,17262,Bite,utility-or-rank,utility,0,4,0
Hunter,261,Beast Training,17263,Bite,utility-or-rank,utility,0,4,0
Hunter,261,Beast Training,17264,Bite,utility-or-rank,utility,0,4,0
Hunter,261,Beast Training,17265,Bite,utility-or-rank,utility,0,4,0
Hunter,261,Beast Training,17266,Bite,utility-or-rank,utility,0,4,0
Hunter,261,Beast Training,17267,Bite,utility-or-rank,utility,0,4,0
Hunter,261,Beast Training,17268,Bite,utility-or-rank,utility,0,4,0
Hunter,261,Beast Training,23100,Dash,utility-or-rank,utility,0,4,0
Hunter,261,Beast Training,23111,Dash,utility-or-rank,utility,0,4,0
Hunter,261,Beast Training,23112,Dash,utility-or-rank,utility,0,4,0
Hunter,261,Beast Training,23146,Dive,utility-or-rank,utility,0,4,0
Hunter,261,Beast Training,23149,Dive,utility-or-rank,utility,0,4,0
Hunter,261,Beast Training,23150,Dive,utility-or-rank,utility,0,4,0
Hunter,261,Beast Training,24424,Screech,utility-or-rank,utility,0,4,0
Hunter,261,Beast Training,24440,Fire Resistance,utility-or-rank,state-maintenance,0,4,0
Hunter,261,Beast Training,24441,Fire Resistance,utility-or-rank,state-maintenance,0,4,0
Hunter,261,Beast Training,24451,Prowl,utility-or-rank,utility,0,4,0
Hunter,261,Beast Training,24454,Prowl,utility-or-rank,utility,0,4,0
Hunter,261,Beast Training,24455,Prowl,utility-or-rank,utility,0,4,0
Hunter,261,Beast Training,24463,Fire Resistance,utility-or-rank,state-maintenance,0,4,0
Hunter,261,Beast Training,24464,Fire Resistance,utility-or-rank,state-maintenance,0,4,0
Hunter,261,Beast Training,24475,Frost Resistance,utility-or-rank,state-maintenance,0,4,0
Hunter,261,Beast Training,24476,Frost Resistance,utility-or-rank,state-maintenance,0,4,0
Hunter,261,Beast Training,24477,Frost Resistance,utility-or-rank,state-maintenance,0,4,0
Hunter,261,Beast Training,24478,Frost Resistance,utility-or-rank,state-maintenance,0,4,0
Hunter,261,Beast Training,24490,Shadow Resistance,utility-or-rank,state-maintenance,0,4,0
Hunter,261,Beast Training,24494,Nature Resistance,utility-or-rank,state-maintenance,0,4,0
Hunter,261,Beast Training,24495,Arcane Resistance,utility-or-rank,state-maintenance,0,4,0
Hunter,261,Beast Training,24508,Arcane Resistance,utility-or-rank,state-maintenance,0,4,0
Hunter,261,Beast Training,24509,Arcane Resistance,utility-or-rank,state-maintenance,0,4,0
Hunter,261,Beast Training,24510,Arcane Resistance,utility-or-rank,state-maintenance,0,4,0
Hunter,261,Beast Training,24511,Nature Resistance,utility-or-rank,state-maintenance,0,4,0
Hunter,261,Beast Training,24512,Nature Resistance,utility-or-rank,state-maintenance,0,4,0
Hunter,261,Beast Training,24513,Nature Resistance,utility-or-rank,state-maintenance,0,4,0
Hunter,261,Beast Training,24514,Shadow Resistance,utility-or-rank,state-maintenance,0,4,0
Hunter,261,Beast Training,24515,Shadow Resistance,utility-or-rank,state-maintenance,0,4,0
Hunter,261,Beast Training,24516,Shadow Resistance,utility-or-rank,state-maintenance,0,4,0
Hunter,261,Beast Training,24547,Natural Armor,utility-or-rank,utility,0,4,0
Hunter,261,Beast Training,24556,Natural Armor,utility-or-rank,utility,0,4,0
Hunter,261,Beast Training,24557,Natural Armor,utility-or-rank,utility,0,4,0
Hunter,261,Beast Training,24558,Natural Armor,utility-or-rank,utility,0,4,0
Hunter,261,Beast Training,24559,Natural Armor,utility-or-rank,utility,0,4,0
Hunter,261,Beast Training,24560,Natural Armor,utility-or-rank,utility,0,4,0
Hunter,261,Beast Training,24561,Natural Armor,utility-or-rank,utility,0,4,0
Hunter,261,Beast Training,24562,Natural Armor,utility-or-rank,utility,0,4,0
Hunter,261,Beast Training,24580,Screech,utility-or-rank,utility,0,4,0
Hunter,261,Beast Training,24581,Screech,utility-or-rank,utility,0,4,0
Hunter,261,Beast Training,24582,Screech,utility-or-rank,utility,0,4,0
Hunter,261,Beast Training,24584,Scorpid Poison,utility-or-rank,dispel-cleanse;state-maintenance,0,4,0
Hunter,261,Beast Training,24588,Scorpid Poison,utility-or-rank,dispel-cleanse;state-maintenance,0,4,0
Hunter,261,Beast Training,24589,Scorpid Poison,utility-or-rank,dispel-cleanse;state-maintenance,0,4,0
Hunter,261,Beast Training,24599,Furious Howl,utility-or-rank,utility,0,4,0
Hunter,261,Beast Training,24607,Furious Howl,utility-or-rank,utility,0,0,0
Hunter,261,Beast Training,24608,Furious Howl,utility-or-rank,utility,0,0,0
Hunter,261,Beast Training,24609,Furious Howl,utility-or-rank,utility,0,0,0
Hunter,261,Beast Training,24631,Natural Armor,utility-or-rank,utility,0,4,0
Hunter,261,Beast Training,24632,Natural Armor,utility-or-rank,utility,0,4,0
Hunter,261,Beast Training,24641,Scorpid Poison,utility-or-rank,dispel-cleanse;state-maintenance,0,4,0
Hunter,261,Beast Training,24845,Lightning Breath,utility-or-rank,utility,0,4,0
Hunter,261,Beast Training,25013,Lightning Breath,utility-or-rank,utility,0,4,0
Hunter,261,Beast Training,25014,Lightning Breath,utility-or-rank,utility,0,4,0
Hunter,261,Beast Training,25015,Lightning Breath,utility-or-rank,utility,0,4,0
Hunter,261,Beast Training,25016,Lightning Breath,utility-or-rank,utility,0,4,0
Hunter,261,Beast Training,25017,Lightning Breath,utility-or-rank,utility,0,4,0
Hunter,261,Beast Training,25077,Cobra Reflexes,utility-or-rank,utility,0,4,0
Hunter,261,Beast Training,26065,Shell Shield,healing,healing,0,4,0
Hunter,261,Beast Training,26094,Thunderstomp,utility-or-rank,utility,0,4,0
Hunter,261,Beast Training,26184,Charge,utility-or-rank,utility,0,4,0
Hunter,261,Beast Training,26185,Charge,utility-or-rank,utility,0,4,0
Hunter,261,Beast Training,26186,Charge,utility-or-rank,utility,0,4,0
Hunter,261,Beast Training,26189,Thunderstomp,utility-or-rank,utility,0,4,0
Hunter,261,Beast Training,26190,Thunderstomp,utility-or-rank,utility,0,4,0
Hunter,261,Beast Training,26202,Charge,utility-or-rank,utility,0,4,0
Hunter,261,Beast Training,27344,Growl,tanking,tanking,0,4,0
Hunter,261,Beast Training,27346,Cower,utility-or-rank,utility,0,4,0
Hunter,261,Beast Training,27347,Claw,utility-or-rank,utility,0,4,0
Hunter,261,Beast Training,27348,Bite,utility-or-rank,utility,0,4,0
Hunter,261,Beast Training,27349,Screech,utility-or-rank,utility,0,4,0
Hunter,261,Beast Training,27350,Arcane Resistance,utility-or-rank,state-maintenance,0,4,0
Hunter,261,Beast Training,27351,Fire Resistance,utility-or-rank,state-maintenance,0,4,0
Hunter,261,Beast Training,27352,Frost Resistance,utility-or-rank,state-maintenance,0,4,0
Hunter,261,Beast Training,27353,Shadow Resistance,utility-or-rank,state-maintenance,0,4,0
Hunter,261,Beast Training,27354,Nature Resistance,utility-or-rank,state-maintenance,0,4,0
Hunter,261,Beast Training,27361,Scorpid Poison,utility-or-rank,dispel-cleanse;state-maintenance,0,4,0
Hunter,261,Beast Training,27362,Natural Armor,utility-or-rank,utility,0,4,0
Hunter,261,Beast Training,27364,Great Stamina,utility-or-rank,utility,0,4,0
Hunter,261,Beast Training,27366,Thunderstomp,utility-or-rank,utility,0,4,0
Hunter,261,Beast Training,28343,Charge,utility-or-rank,utility,0,4,0
Hunter,261,Beast Training,34890,Fire Breath,utility-or-rank,utility,0,4,0
Hunter,261,Beast Training,35299,Gore,utility-or-rank,utility,0,4,0
Hunter,261,Beast Training,35300,Gore,utility-or-rank,utility,0,4,0
Hunter,261,Beast Training,35302,Gore,utility-or-rank,utility,0,4,0
Hunter,261,Beast Training,35303,Gore,utility-or-rank,utility,0,4,0
Hunter,261,Beast Training,35304,Gore,utility-or-rank,utility,0,4,0
Hunter,261,Beast Training,35305,Gore,utility-or-rank,utility,0,4,0
Hunter,261,Beast Training,35306,Gore,utility-or-rank,utility,0,4,0
Hunter,261,Beast Training,35307,Gore,utility-or-rank,utility,0,4,0
Hunter,261,Beast Training,35308,Gore,utility-or-rank,utility,0,4,0
Hunter,261,Beast Training,35324,Fire Breath,utility-or-rank,utility,0,4,0
Hunter,261,Beast Training,35348,Warp,utility-or-rank,utility,0,4,0
Hunter,261,Beast Training,35388,Poison Spit,utility-or-rank,dispel-cleanse;state-maintenance,0,4,0
Hunter,261,Beast Training,35390,Poison Spit,utility-or-rank,dispel-cleanse;state-maintenance,0,4,0
Hunter,261,Beast Training,35391,Poison Spit,utility-or-rank,dispel-cleanse;state-maintenance,0,4,0
Hunter,261,Beast Training,35699,Avoidance,utility-or-rank,utility,0,4,0
Hunter,261,Beast Training,35700,Avoidance,utility-or-rank,utility,0,4,0
Hunter,653,Pet - Bat,17206,Tamed Pet Passive (DND),utility-or-rank,utility,2,0,0
Hunter,653,Pet - Bat,17253,Bite,utility-or-rank,utility,0,0,0
Hunter,653,Pet - Bat,17255,Bite,utility-or-rank,utility,0,0,0
Hunter,653,Pet - Bat,17256,Bite,utility-or-rank,utility,0,0,0
Hunter,653,Pet - Bat,17257,Bite,utility-or-rank,utility,0,0,0
Hunter,653,Pet - Bat,17258,Bite,utility-or-rank,utility,0,0,0
Hunter,653,Pet - Bat,17259,Bite,utility-or-rank,utility,0,0,0
Hunter,653,Pet - Bat,17260,Bite,utility-or-rank,utility,0,0,0
Hunter,653,Pet - Bat,17261,Bite,utility-or-rank,utility,0,0,0
Hunter,653,Pet - Bat,23145,Dive,utility-or-rank,utility,0,0,0
Hunter,653,Pet - Bat,23147,Dive,utility-or-rank,utility,0,0,0
Hunter,653,Pet - Bat,23148,Dive,utility-or-rank,utility,0,0,0
Hunter,653,Pet - Bat,24423,Screech,utility-or-rank,utility,0,0,0
Hunter,653,Pet - Bat,24577,Screech,utility-or-rank,utility,0,0,0
Hunter,653,Pet - Bat,24578,Screech,utility-or-rank,utility,0,0,0
Hunter,653,Pet - Bat,24579,Screech,utility-or-rank,utility,0,0,0
Hunter,653,Pet - Bat,27050,Bite,utility-or-rank,utility,0,0,0
Hunter,653,Pet - Bat,27051,Screech,utility-or-rank,utility,0,0,0
Hunter,654,Pet - Hyena,17215,Tamed Pet Passive (DND),utility-or-rank,utility,2,0,0
Hunter,654,Pet - Hyena,17253,Bite,utility-or-rank,utility,0,0,0
Hunter,654,Pet - Hyena,17255,Bite,utility-or-rank,utility,0,0,0
Hunter,654,Pet - Hyena,17256,Bite,utility-or-rank,utility,0,0,0
Hunter,654,Pet - Hyena,17257,Bite,utility-or-rank,utility,0,0,0
Hunter,654,Pet - Hyena,17258,Bite,utility-or-rank,utility,0,0,0
Hunter,654,Pet - Hyena,17259,Bite,utility-or-rank,utility,0,0,0
Hunter,654,Pet - Hyena,17260,Bite,utility-or-rank,utility,0,0,0
Hunter,654,Pet - Hyena,17261,Bite,utility-or-rank,utility,0,0,0
Hunter,654,Pet - Hyena,23099,Dash,utility-or-rank,utility,0,0,0
Hunter,654,Pet - Hyena,23109,Dash,utility-or-rank,utility,0,0,0
Hunter,654,Pet - Hyena,23110,Dash,utility-or-rank,utility,0,0,0
Hunter,654,Pet - Hyena,27050,Bite,utility-or-rank,utility,0,0,0
Hunter,655,Pet - Owl,3009,Claw,utility-or-rank,utility,0,0,0
Hunter,655,Pet - Owl,3010,Claw,utility-or-rank,utility,0,0,0
Hunter,655,Pet - Owl,16827,Claw,utility-or-rank,utility,0,0,0
Hunter,655,Pet - Owl,16828,Claw,utility-or-rank,utility,0,0,0
Hunter,655,Pet - Owl,16829,Claw,utility-or-rank,utility,0,0,0
Hunter,655,Pet - Owl,16830,Claw,utility-or-rank,utility,0,0,0
Hunter,655,Pet - Owl,16831,Claw,utility-or-rank,utility,0,0,0
Hunter,655,Pet - Owl,16832,Claw,utility-or-rank,utility,0,0,0
Hunter,655,Pet - Owl,17216,Tamed Pet Passive (DND),utility-or-rank,utility,2,0,0
Hunter,655,Pet - Owl,23145,Dive,utility-or-rank,utility,0,0,0
Hunter,655,Pet - Owl,23147,Dive,utility-or-rank,utility,0,0,0
Hunter,655,Pet - Owl,23148,Dive,utility-or-rank,utility,0,0,0
Hunter,655,Pet - Owl,24423,Screech,utility-or-rank,utility,0,0,0
Hunter,655,Pet - Owl,24577,Screech,utility-or-rank,utility,0,0,0
Hunter,655,Pet - Owl,24578,Screech,utility-or-rank,utility,0,0,0
Hunter,655,Pet - Owl,24579,Screech,utility-or-rank,utility,0,0,0
Hunter,655,Pet - Owl,27049,Claw,utility-or-rank,utility,0,0,0
Hunter,655,Pet - Owl,27051,Screech,utility-or-rank,utility,0,0,0
Hunter,656,Pet - Wind Serpent,17222,Tamed Pet Passive (DND),utility-or-rank,utility,2,0,0
Hunter,656,Pet - Wind Serpent,17253,Bite,utility-or-rank,utility,0,0,0
Hunter,656,Pet - Wind Serpent,17255,Bite,utility-or-rank,utility,0,0,0
Hunter,656,Pet - Wind Serpent,17256,Bite,utility-or-rank,utility,0,0,0
Hunter,656,Pet - Wind Serpent,17257,Bite,utility-or-rank,utility,0,0,0
Hunter,656,Pet - Wind Serpent,17258,Bite,utility-or-rank,utility,0,0,0
Hunter,656,Pet - Wind Serpent,17259,Bite,utility-or-rank,utility,0,0,0
Hunter,656,Pet - Wind Serpent,17260,Bite,utility-or-rank,utility,0,0,0
Hunter,656,Pet - Wind Serpent,17261,Bite,utility-or-rank,utility,0,0,0
Hunter,656,Pet - Wind Serpent,23145,Dive,utility-or-rank,utility,0,0,0
Hunter,656,Pet - Wind Serpent,23147,Dive,utility-or-rank,utility,0,0,0
Hunter,656,Pet - Wind Serpent,23148,Dive,utility-or-rank,utility,0,0,0
Hunter,656,Pet - Wind Serpent,24844,Lightning Breath,utility-or-rank,utility,0,0,0
Hunter,656,Pet - Wind Serpent,25008,Lightning Breath,utility-or-rank,utility,0,0,0
Hunter,656,Pet - Wind Serpent,25009,Lightning Breath,utility-or-rank,utility,0,0,0
Hunter,656,Pet - Wind Serpent,25010,Lightning Breath,utility-or-rank,utility,0,0,0
Hunter,656,Pet - Wind Serpent,25011,Lightning Breath,utility-or-rank,utility,0,0,0
Hunter,656,Pet - Wind Serpent,25012,Lightning Breath,utility-or-rank,utility,0,0,0
Hunter,656,Pet - Wind Serpent,27050,Bite,utility-or-rank,utility,0,0,0
Hunter,763,Pet - Dragonhawk,17253,Bite,utility-or-rank,utility,0,0,0
Hunter,763,Pet - Dragonhawk,17255,Bite,utility-or-rank,utility,0,0,0
Hunter,763,Pet - Dragonhawk,17256,Bite,utility-or-rank,utility,0,0,0
Hunter,763,Pet - Dragonhawk,17257,Bite,utility-or-rank,utility,0,0,0
Hunter,763,Pet - Dragonhawk,17258,Bite,utility-or-rank,utility,0,0,0
Hunter,763,Pet - Dragonhawk,17259,Bite,utility-or-rank,utility,0,0,0
Hunter,763,Pet - Dragonhawk,17260,Bite,utility-or-rank,utility,0,0,0
Hunter,763,Pet - Dragonhawk,17261,Bite,utility-or-rank,utility,0,0,0
Hunter,763,Pet - Dragonhawk,23145,Dive,utility-or-rank,utility,0,0,0
Hunter,763,Pet - Dragonhawk,23147,Dive,utility-or-rank,utility,0,0,0
Hunter,763,Pet - Dragonhawk,23148,Dive,utility-or-rank,utility,0,0,0
Hunter,763,Pet - Dragonhawk,27050,Bite,utility-or-rank,utility,0,0,0
Hunter,763,Pet - Dragonhawk,34887,Tamed Pet Passive (DND),utility-or-rank,utility,2,0,0
Hunter,763,Pet - Dragonhawk,34889,Fire Breath,utility-or-rank,utility,0,0,0
Hunter,763,Pet - Dragonhawk,35323,Fire Breath,utility-or-rank,utility,0,0,0
Hunter,764,Pet - Nether Ray,17253,Bite,utility-or-rank,utility,0,0,0
Hunter,764,Pet - Nether Ray,17255,Bite,utility-or-rank,utility,0,0,0
Hunter,764,Pet - Nether Ray,17256,Bite,utility-or-rank,utility,0,0,0
Hunter,764,Pet - Nether Ray,17257,Bite,utility-or-rank,utility,0,0,0
Hunter,764,Pet - Nether Ray,17258,Bite,utility-or-rank,utility,0,0,0
Hunter,764,Pet - Nether Ray,17259,Bite,utility-or-rank,utility,0,0,0
Hunter,764,Pet - Nether Ray,17260,Bite,utility-or-rank,utility,0,0,0
Hunter,764,Pet - Nether Ray,17261,Bite,utility-or-rank,utility,0,0,0
Hunter,764,Pet - Nether Ray,23145,Dive,utility-or-rank,utility,0,0,0
Hunter,764,Pet - Nether Ray,23147,Dive,utility-or-rank,utility,0,0,0
Hunter,764,Pet - Nether Ray,23148,Dive,utility-or-rank,utility,0,0,0
Hunter,764,Pet - Nether Ray,27050,Bite,utility-or-rank,utility,0,0,0
Hunter,764,Pet - Nether Ray,35253,Tamed Pet Passive (DND),utility-or-rank,utility,2,0,0
Hunter,765,Pet - Sporebat,35258,Tamed Pet Passive (DND),utility-or-rank,utility,2,0,0
Hunter,766,Pet - Warp Stalker,3009,Claw,utility-or-rank,utility,0,0,0
Hunter,766,Pet - Warp Stalker,3010,Claw,utility-or-rank,utility,0,0,0
Hunter,766,Pet - Warp Stalker,16827,Claw,utility-or-rank,utility,0,0,0
Hunter,766,Pet - Warp Stalker,16828,Claw,utility-or-rank,utility,0,0,0
Hunter,766,Pet - Warp Stalker,16829,Claw,utility-or-rank,utility,0,0,0
Hunter,766,Pet - Warp Stalker,16830,Claw,utility-or-rank,utility,0,0,0
Hunter,766,Pet - Warp Stalker,16831,Claw,utility-or-rank,utility,0,0,0
Hunter,766,Pet - Warp Stalker,16832,Claw,utility-or-rank,utility,0,0,0
Hunter,766,Pet - Warp Stalker,17253,Bite,utility-or-rank,utility,0,0,0
Hunter,766,Pet - Warp Stalker,17255,Bite,utility-or-rank,utility,0,0,0
Hunter,766,Pet - Warp Stalker,17256,Bite,utility-or-rank,utility,0,0,0
Hunter,766,Pet - Warp Stalker,17257,Bite,utility-or-rank,utility,0,0,0
Hunter,766,Pet - Warp Stalker,17258,Bite,utility-or-rank,utility,0,0,0
Hunter,766,Pet - Warp Stalker,17259,Bite,utility-or-rank,utility,0,0,0
Hunter,766,Pet - Warp Stalker,17260,Bite,utility-or-rank,utility,0,0,0
Hunter,766,Pet - Warp Stalker,17261,Bite,utility-or-rank,utility,0,0,0
Hunter,766,Pet - Warp Stalker,27049,Claw,utility-or-rank,utility,0,0,0
Hunter,766,Pet - Warp Stalker,27050,Bite,utility-or-rank,utility,0,0,0
Hunter,766,Pet - Warp Stalker,35254,Tamed Pet Passive (DND),utility-or-rank,utility,2,0,0
Hunter,766,Pet - Warp Stalker,35346,Warp,utility-or-rank,utility,0,0,0
Hunter,768,Pet - Serpent,17253,Bite,utility-or-rank,utility,0,0,0
Hunter,768,Pet - Serpent,17255,Bite,utility-or-rank,utility,0,0,0
Hunter,768,Pet - Serpent,17256,Bite,utility-or-rank,utility,0,0,0
Hunter,768,Pet - Serpent,17257,Bite,utility-or-rank,utility,0,0,0
Hunter,768,Pet - Serpent,17258,Bite,utility-or-rank,utility,0,0,0
Hunter,768,Pet - Serpent,17259,Bite,utility-or-rank,utility,0,0,0
Hunter,768,Pet - Serpent,17260,Bite,utility-or-rank,utility,0,0,0
Hunter,768,Pet - Serpent,17261,Bite,utility-or-rank,utility,0,0,0
Hunter,768,Pet - Serpent,27050,Bite,utility-or-rank,utility,0,0,0
Hunter,768,Pet - Serpent,35386,Tamed Pet Passive (DND),utility-or-rank,utility,2,0,0
Hunter,768,Pet - Serpent,35387,Poison Spit,utility-or-rank,dispel-cleanse;state-maintenance,0,0,0
Hunter,768,Pet - Serpent,35389,Poison Spit,utility-or-rank,dispel-cleanse;state-maintenance,0,0,0
Hunter,768,Pet - Serpent,35392,Poison Spit,utility-or-rank,dispel-cleanse;state-maintenance,0,0,0
Mage,6,Frost,10,Blizzard,utility-or-rank,multi-target,0,128,0
Mage,6,Frost,116,Frostbolt,damage,single-target,0,128,0
Mage,6,Frost,120,Cone of Cold,utility-or-rank,utility,0,128,0
Mage,6,Frost,122,Frost Nova,utility-or-rank,utility,0,128,0
Mage,6,Frost,168,Frost Armor,utility-or-rank,utility,2,128,0
Mage,6,Frost,205,Frostbolt,damage,single-target,0,128,0
Mage,6,Frost,837,Frostbolt,damage,single-target,0,128,0
Mage,6,Frost,865,Frost Nova,utility-or-rank,utility,0,128,0
Mage,6,Frost,6131,Frost Nova,utility-or-rank,utility,0,128,0
Mage,6,Frost,6141,Blizzard,utility-or-rank,multi-target,0,128,0
Mage,6,Frost,6143,Frost Ward,utility-or-rank,utility,0,128,0
Mage,6,Frost,7300,Frost Armor,utility-or-rank,utility,0,128,0
Mage,6,Frost,7301,Frost Armor,utility-or-rank,utility,0,128,0
Mage,6,Frost,7302,Ice Armor,utility-or-rank,utility,0,128,0
Mage,6,Frost,7320,Ice Armor,utility-or-rank,utility,0,128,0
Mage,6,Frost,7322,Frostbolt,damage,single-target,0,128,0
Mage,6,Frost,8406,Frostbolt,damage,single-target,0,128,0
Mage,6,Frost,8407,Frostbolt,damage,single-target,0,128,0
Mage,6,Frost,8408,Frostbolt,damage,single-target,0,128,0
Mage,6,Frost,8427,Blizzard,utility-or-rank,multi-target,0,128,0
Mage,6,Frost,8461,Frost Ward,utility-or-rank,utility,0,128,0
Mage,6,Frost,8462,Frost Ward,utility-or-rank,utility,0,128,0
Mage,6,Frost,8492,Cone of Cold,utility-or-rank,utility,0,128,0
Mage,6,Frost,10159,Cone of Cold,utility-or-rank,utility,0,128,0
Mage,6,Frost,10160,Cone of Cold,utility-or-rank,utility,0,128,0
Mage,6,Frost,10161,Cone of Cold,utility-or-rank,utility,0,128,0
Mage,6,Frost,10177,Frost Ward,utility-or-rank,utility,0,128,0
Mage,6,Frost,10179,Frostbolt,damage,single-target,0,128,0
Mage,6,Frost,10180,Frostbolt,damage,single-target,0,128,0
Mage,6,Frost,10181,Frostbolt,damage,single-target,0,128,0
Mage,6,Frost,10185,Blizzard,utility-or-rank,multi-target,0,128,0
Mage,6,Frost,10186,Blizzard,utility-or-rank,multi-target,0,128,0
Mage,6,Frost,10187,Blizzard,utility-or-rank,multi-target,0,128,0
Mage,6,Frost,10219,Ice Armor,utility-or-rank,utility,0,128,0
Mage,6,Frost,10220,Ice Armor,utility-or-rank,utility,0,128,0
Mage,6,Frost,10230,Frost Nova,utility-or-rank,utility,0,128,0
Mage,6,Frost,11070,Improved Frostbolt,damage,single-target,0,128,0
Mage,6,Frost,11071,Frostbite,utility-or-rank,utility,0,128,0
Mage,6,Frost,11151,Piercing Ice,utility-or-rank,utility,0,128,0
Mage,6,Frost,11160,Frost Channeling,utility-or-rank,utility,0,128,0
Mage,6,Frost,11165,Improved Frost Nova,talent-passive,utility,0,128,0
Mage,6,Frost,11170,Shatter,utility-or-rank,utility,0,128,0
Mage,6,Frost,11175,Permafrost,utility-or-rank,utility,0,128,0
Mage,6,Frost,11180,Winter's Chill,utility-or-rank,utility,0,128,0
Mage,6,Frost,11185,Improved Blizzard,talent-passive,multi-target,0,128,0
Mage,6,Frost,11189,Frost Warding,utility-or-rank,utility,0,128,0
Mage,6,Frost,11190,Improved Cone of Cold,talent-passive,utility,0,128,0
Mage,6,Frost,11207,Ice Shards,utility-or-rank,utility,0,128,0
Mage,6,Frost,11426,Ice Barrier,utility-or-rank,utility,0,128,0
Mage,6,Frost,11958,Cold Snap,utility-or-rank,utility,0,128,0
Mage,6,Frost,12472,Icy Veins,utility-or-rank,utility,0,128,0
Mage,6,Frost,12473,Improved Frostbolt,damage,single-target,0,128,0
Mage,6,Frost,12475,Improved Frost Nova,talent-passive,utility,0,128,0
Mage,6,Frost,12484,Chilled,utility-or-rank,utility,0,128,0
Mage,6,Frost,12485,Chilled,utility-or-rank,utility,0,128,0
Mage,6,Frost,12486,Chilled,utility-or-rank,utility,0,128,0
Mage,6,Frost,12487,Improved Blizzard,talent-passive,multi-target,0,128,0
Mage,6,Frost,12488,Improved Blizzard,talent-passive,multi-target,0,128,0
Mage,6,Frost,12489,Improved Cone of Cold,talent-passive,utility,0,128,0
Mage,6,Frost,12490,Improved Cone of Cold,talent-passive,utility,0,128,0
Mage,6,Frost,12494,Frostbite,utility-or-rank,utility,0,128,0
Mage,6,Frost,12496,Frostbite,utility-or-rank,utility,0,128,0
Mage,6,Frost,12497,Frostbite,utility-or-rank,utility,0,128,0
Mage,6,Frost,12518,Frost Channeling,utility-or-rank,utility,0,128,0
Mage,6,Frost,12519,Frost Channeling,utility-or-rank,utility,0,128,0
Mage,6,Frost,12569,Permafrost,utility-or-rank,utility,0,128,0
Mage,6,Frost,12571,Permafrost,utility-or-rank,utility,0,128,0
Mage,6,Frost,12672,Ice Shards,utility-or-rank,utility,0,128,0
Mage,6,Frost,12952,Piercing Ice,utility-or-rank,utility,0,128,0
Mage,6,Frost,12953,Piercing Ice,utility-or-rank,utility,0,128,0
Mage,6,Frost,12982,Shatter,utility-or-rank,utility,0,128,0
Mage,6,Frost,12983,Shatter,utility-or-rank,utility,0,128,0
Mage,6,Frost,12984,Shatter,utility-or-rank,utility,0,128,0
Mage,6,Frost,12985,Shatter,utility-or-rank,utility,0,128,0
Mage,6,Frost,13031,Ice Barrier,utility-or-rank,utility,0,128,0
Mage,6,Frost,13032,Ice Barrier,utility-or-rank,utility,0,128,0
Mage,6,Frost,13033,Ice Barrier,utility-or-rank,utility,0,128,0
Mage,6,Frost,15047,Ice Shards,utility-or-rank,utility,0,0,0
Mage,6,Frost,15052,Ice Shards,utility-or-rank,utility,0,0,0
Mage,6,Frost,15053,Ice Shards,utility-or-rank,utility,0,0,0
Mage,6,Frost,16757,Arctic Reach,utility-or-rank,utility,0,0,0
Mage,6,Frost,16758,Arctic Reach,utility-or-rank,utility,0,0,0
Mage,6,Frost,16763,Improved Frostbolt,damage,single-target,0,0,0
Mage,6,Frost,16765,Improved Frostbolt,damage,single-target,0,0,0
Mage,6,Frost,16766,Improved Frostbolt,damage,single-target,0,0,0
Mage,6,Frost,25304,Frostbolt,damage,single-target,0,128,0
Mage,6,Frost,27071,Frostbolt,damage,single-target,0,128,0
Mage,6,Frost,27072,Frostbolt,damage,single-target,0,128,0
Mage,6,Frost,27085,Blizzard,utility-or-rank,multi-target,0,128,0
Mage,6,Frost,27087,Cone of Cold,utility-or-rank,utility,0,128,0
Mage,6,Frost,27088,Frost Nova,utility-or-rank,utility,0,128,0
Mage,6,Frost,27124,Ice Armor,utility-or-rank,utility,0,128,0
Mage,6,Frost,27134,Ice Barrier,utility-or-rank,utility,0,128,0
Mage,6,Frost,28332,Frost Warding,utility-or-rank,utility,0,128,0
Mage,6,Frost,28592,Winter's Chill,utility-or-rank,utility,0,128,0
Mage,6,Frost,28593,Winter's Chill,utility-or-rank,utility,0,128,0
Mage,6,Frost,28594,Winter's Chill,utility-or-rank,utility,0,128,0
Mage,6,Frost,28595,Winter's Chill,utility-or-rank,utility,0,128,0
Mage,6,Frost,28609,Frost Ward,utility-or-rank,utility,0,128,0
Mage,6,Frost,29438,Elemental Precision,talent-passive,utility,0,128,0
Mage,6,Frost,29439,Elemental Precision,talent-passive,utility,0,128,0
Mage,6,Frost,29440,Elemental Precision,talent-passive,utility,0,128,0
Mage,6,Frost,30455,Ice Lance,utility-or-rank,utility,0,0,0
Mage,6,Frost,31667,Frozen Core,utility-or-rank,utility,0,128,0
Mage,6,Frost,31668,Frozen Core,utility-or-rank,utility,0,128,0
Mage,6,Frost,31669,Frozen Core,utility-or-rank,utility,0,128,0
Mage,6,Frost,31670,Ice Floes,utility-or-rank,utility,0,128,0
Mage,6,Frost,31672,Ice Floes,utility-or-rank,utility,0,128,0
Mage,6,Frost,31674,Arctic Winds,utility-or-rank,utility,0,128,0
Mage,6,Frost,31675,Arctic Winds,utility-or-rank,utility,0,128,0
Mage,6,Frost,31676,Arctic Winds,utility-or-rank,utility,0,128,0
Mage,6,Frost,31677,Arctic Winds,utility-or-rank,utility,0,128,0
Mage,6,Frost,31678,Arctic Winds,utility-or-rank,utility,0,128,0
Mage,6,Frost,31682,Empowered Frostbolt,damage,single-target,0,128,0
Mage,6,Frost,31683,Empowered Frostbolt,damage,single-target,0,128,0
Mage,6,Frost,31684,Empowered Frostbolt,damage,single-target,0,128,0
Mage,6,Frost,31685,Empowered Frostbolt,damage,single-target,0,128,0
Mage,6,Frost,31686,Empowered Frostbolt,damage,single-target,0,128,0
Mage,6,Frost,31687,Summon Water Elemental,utility-or-rank,utility,0,128,0
Mage,6,Frost,32796,Frost Ward,utility-or-rank,utility,0,128,0
Mage,6,Frost,33405,Ice Barrier,utility-or-rank,utility,0,128,0
Mage,6,Frost,38697,Frostbolt,damage,single-target,0,128,0
Mage,6,Frost,42198,Blizzard,utility-or-rank,multi-target,0,128,0
Mage,6,Frost,42208,Blizzard,utility-or-rank,multi-target,0,128,0
Mage,6,Frost,42209,Blizzard,utility-or-rank,multi-target,0,128,0
Mage,6,Frost,42210,Blizzard,utility-or-rank,multi-target,0,128,0
Mage,6,Frost,42211,Blizzard,utility-or-rank,multi-target,0,128,0
Mage,6,Frost,42212,Blizzard,utility-or-rank,multi-target,0,128,0
Mage,6,Frost,42213,Blizzard,utility-or-rank,multi-target,0,128,0
Mage,6,Frost,45438,Ice Block,utility-or-rank,utility,0,128,0
Mage,8,Fire,133,Fireball,damage,single-target,2,128,0
Mage,8,Fire,143,Fireball,damage,single-target,0,128,0
Mage,8,Fire,145,Fireball,damage,single-target,0,128,0
Mage,8,Fire,543,Fire Ward,utility-or-rank,utility,0,128,0
Mage,8,Fire,2120,Flamestrike,damage,single-target,0,128,0
Mage,8,Fire,2121,Flamestrike,damage,single-target,0,128,0
Mage,8,Fire,2136,Fire Blast,damage,single-target,0,128,0
Mage,8,Fire,2137,Fire Blast,damage,single-target,0,128,0
Mage,8,Fire,2138,Fire Blast,damage,single-target,0,128,0
Mage,8,Fire,2948,Scorch,utility-or-rank,utility,0,128,0
Mage,8,Fire,3140,Fireball,damage,single-target,0,128,0
Mage,8,Fire,8400,Fireball,damage,single-target,0,128,0
Mage,8,Fire,8401,Fireball,damage,single-target,0,128,0
Mage,8,Fire,8402,Fireball,damage,single-target,0,128,0
Mage,8,Fire,8412,Fire Blast,damage,single-target,0,128,0
Mage,8,Fire,8413,Fire Blast,damage,single-target,0,128,0
Mage,8,Fire,8422,Flamestrike,damage,single-target,0,128,0
Mage,8,Fire,8423,Flamestrike,damage,single-target,0,128,0
Mage,8,Fire,8444,Scorch,utility-or-rank,utility,0,128,0
Mage,8,Fire,8445,Scorch,utility-or-rank,utility,0,128,0
Mage,8,Fire,8446,Scorch,utility-or-rank,utility,0,128,0
Mage,8,Fire,8457,Fire Ward,utility-or-rank,utility,0,128,0
Mage,8,Fire,8458,Fire Ward,utility-or-rank,utility,0,128,0
Mage,8,Fire,10148,Fireball,damage,single-target,0,128,0
Mage,8,Fire,10149,Fireball,damage,single-target,0,128,0
Mage,8,Fire,10150,Fireball,damage,single-target,0,128,0
Mage,8,Fire,10151,Fireball,damage,single-target,0,128,0
Mage,8,Fire,10197,Fire Blast,damage,single-target,0,128,0
Mage,8,Fire,10199,Fire Blast,damage,single-target,0,128,0
Mage,8,Fire,10205,Scorch,utility-or-rank,utility,0,128,0
Mage,8,Fire,10206,Scorch,utility-or-rank,utility,0,128,0
Mage,8,Fire,10207,Scorch,utility-or-rank,utility,0,128,0
Mage,8,Fire,10215,Flamestrike,damage,single-target,0,128,0
Mage,8,Fire,10216,Flamestrike,damage,single-target,0,128,0
Mage,8,Fire,10223,Fire Ward,utility-or-rank,utility,0,128,0
Mage,8,Fire,10225,Fire Ward,utility-or-rank,utility,0,128,0
Mage,8,Fire,11069,Improved Fireball,damage,single-target,0,128,0
Mage,8,Fire,11078,Improved Fire Blast,damage,single-target,0,128,0
Mage,8,Fire,11080,Improved Fire Blast,damage,single-target,0,128,0
Mage,8,Fire,11083,Burning Soul,utility-or-rank,utility,0,128,0
Mage,8,Fire,11094,Molten Shields,healing,healing,0,0,0
Mage,8,Fire,11095,Improved Scorch,talent-passive,utility,0,128,0
Mage,8,Fire,11100,Flame Throwing,utility-or-rank,utility,0,128,0
Mage,8,Fire,11103,Impact,utility-or-rank,utility,0,128,0
Mage,8,Fire,11108,Improved Flamestrike,damage,single-target,0,128,0
Mage,8,Fire,11113,Blast Wave,damage,single-target,0,128,0
Mage,8,Fire,11115,Critical Mass,utility-or-rank,utility,0,128,0
Mage,8,Fire,11119,Ignite,utility-or-rank,utility,0,0,0
Mage,8,Fire,11120,Ignite,utility-or-rank,utility,0,0,0
Mage,8,Fire,11124,Fire Power,talent-passive,utility,0,128,0
Mage,8,Fire,11129,Combustion,utility-or-rank,utility,0,128,0
Mage,8,Fire,11366,Pyroblast,damage,single-target,0,128,0
Mage,8,Fire,11367,Critical Mass,utility-or-rank,utility,0,128,0
Mage,8,Fire,11368,Critical Mass,utility-or-rank,utility,0,128,0
Mage,8,Fire,12338,Improved Fireball,damage,single-target,0,128,0
Mage,8,Fire,12339,Improved Fireball,damage,single-target,0,128,0
Mage,8,Fire,12340,Improved Fireball,damage,single-target,0,128,0
Mage,8,Fire,12341,Improved Fireball,damage,single-target,0,128,0
Mage,8,Fire,12342,Improved Fire Blast,damage,single-target,0,128,0
Mage,8,Fire,12349,Improved Flamestrike,damage,single-target,0,128,0
Mage,8,Fire,12350,Improved Flamestrike,damage,single-target,0,128,0
Mage,8,Fire,12351,Burning Soul,utility-or-rank,utility,0,128,0
Mage,8,Fire,12353,Flame Throwing,utility-or-rank,utility,0,128,0
Mage,8,Fire,12355,Impact,utility-or-rank,utility,0,128,0
Mage,8,Fire,12357,Impact,utility-or-rank,utility,0,128,0
Mage,8,Fire,12358,Impact,utility-or-rank,utility,0,128,0
Mage,8,Fire,12359,Impact,utility-or-rank,utility,0,128,0
Mage,8,Fire,12360,Impact,utility-or-rank,utility,0,128,0
Mage,8,Fire,12378,Fire Power,talent-passive,utility,0,128,0
Mage,8,Fire,12398,Fire Power,talent-passive,utility,0,128,0
Mage,8,Fire,12399,Fire Power,talent-passive,utility,0,128,0
Mage,8,Fire,12400,Fire Power,talent-passive,utility,0,128,0
Mage,8,Fire,12505,Pyroblast,damage,single-target,0,128,0
Mage,8,Fire,12522,Pyroblast,damage,single-target,0,128,0
Mage,8,Fire,12523,Pyroblast,damage,single-target,0,128,0
Mage,8,Fire,12524,Pyroblast,damage,single-target,0,128,0
Mage,8,Fire,12525,Pyroblast,damage,single-target,0,128,0
Mage,8,Fire,12526,Pyroblast,damage,single-target,0,128,0
Mage,8,Fire,12654,Ignite,utility-or-rank,utility,0,0,0
Mage,8,Fire,12846,Ignite,utility-or-rank,utility,0,0,0
Mage,8,Fire,12847,Ignite,utility-or-rank,utility,0,0,0
Mage,8,Fire,12848,Ignite,utility-or-rank,utility,0,0,0
Mage,8,Fire,12872,Improved Scorch,talent-passive,utility,0,128,0
Mage,8,Fire,12873,Improved Scorch,talent-passive,utility,0,128,0
Mage,8,Fire,13018,Blast Wave,damage,single-target,0,128,0
Mage,8,Fire,13019,Blast Wave,damage,single-target,0,128,0
Mage,8,Fire,13020,Blast Wave,damage,single-target,0,128,0
Mage,8,Fire,13021,Blast Wave,damage,single-target,0,128,0
Mage,8,Fire,13043,Molten Shields,healing,healing,0,0,0
Mage,8,Fire,18459,Incineration,utility-or-rank,utility,0,0,0
Mage,8,Fire,18460,Incineration,utility-or-rank,utility,0,0,0
Mage,8,Fire,18809,Pyroblast,damage,single-target,0,128,0
Mage,8,Fire,22959,Fire Vulnerability,utility-or-rank,utility,0,128,0
Mage,8,Fire,24530,Felfire,utility-or-rank,utility,0,0,0
Mage,8,Fire,25306,Fireball,damage,single-target,0,128,0
Mage,8,Fire,27070,Fireball,damage,single-target,0,128,0
Mage,8,Fire,27073,Scorch,utility-or-rank,utility,0,128,0
Mage,8,Fire,27074,Scorch,utility-or-rank,utility,0,128,0
Mage,8,Fire,27078,Fire Blast,damage,single-target,0,128,0
Mage,8,Fire,27079,Fire Blast,damage,single-target,0,128,0
Mage,8,Fire,27086,Flamestrike,damage,single-target,0,128,0
Mage,8,Fire,27128,Fire Ward,utility-or-rank,utility,0,128,0
Mage,8,Fire,27132,Pyroblast,damage,single-target,0,128,0
Mage,8,Fire,27133,Blast Wave,damage,single-target,0,128,0
Mage,8,Fire,29074,Master of Elements,utility-or-rank,utility,0,128,0
Mage,8,Fire,29075,Master of Elements,utility-or-rank,utility,0,128,0
Mage,8,Fire,29076,Master of Elements,utility-or-rank,utility,0,128,0
Mage,8,Fire,29077,Master of Elements,utility-or-rank,utility,0,128,0
Mage,8,Fire,30482,Molten Armor,utility-or-rank,utility,0,128,0
Mage,8,Fire,31638,Playing with Fire,utility-or-rank,utility,0,128,0
Mage,8,Fire,31639,Playing with Fire,utility-or-rank,utility,0,128,0
Mage,8,Fire,31640,Playing with Fire,utility-or-rank,utility,0,128,0
Mage,8,Fire,31641,Blazing Speed,utility-or-rank,utility,0,128,0
Mage,8,Fire,31642,Blazing Speed,utility-or-rank,utility,0,128,0
Mage,8,Fire,31643,Blazing Speed,utility-or-rank,utility,0,128,0
Mage,8,Fire,31656,Empowered Fireball,damage,single-target,0,128,0
Mage,8,Fire,31657,Empowered Fireball,damage,single-target,0,128,0
Mage,8,Fire,31658,Empowered Fireball,damage,single-target,0,128,0
Mage,8,Fire,31659,Empowered Fireball,damage,single-target,0,128,0
Mage,8,Fire,31660,Empowered Fireball,damage,single-target,0,128,0
Mage,8,Fire,31661,Dragon's Breath,utility-or-rank,utility,0,128,0
Mage,8,Fire,31679,Molten Fury,talent-passive,utility,0,128,0
Mage,8,Fire,31680,Molten Fury,talent-passive,utility,0,128,0
Mage,8,Fire,33041,Dragon's Breath,utility-or-rank,utility,0,128,0
Mage,8,Fire,33042,Dragon's Breath,utility-or-rank,utility,0,128,0
Mage,8,Fire,33043,Dragon's Breath,utility-or-rank,utility,0,128,0
Mage,8,Fire,33933,Blast Wave,damage,single-target,0,128,0
Mage,8,Fire,33938,Pyroblast,damage,single-target,0,128,0
Mage,8,Fire,34293,Pyromaniac,utility-or-rank,utility,0,128,0
Mage,8,Fire,34295,Pyromaniac,utility-or-rank,utility,0,128,0
Mage,8,Fire,34296,Pyromaniac,utility-or-rank,utility,0,128,0
Mage,8,Fire,38692,Fireball,damage,single-target,0,128,0
Mage,237,Arcane,66,Invisibility,utility-or-rank,utility,0,0,0
Mage,237,Arcane,118,Polymorph,pvp-control,pvp,0,128,0
Mage,237,Arcane,130,Slow Fall,utility-or-rank,utility,0,128,0
Mage,237,Arcane,475,Remove Lesser Curse,damage,single-target;dispel-cleanse,0,128,0
Mage,237,Arcane,587,Conjure Food,utility-or-rank,utility,0,128,0
Mage,237,Arcane,597,Conjure Food,utility-or-rank,utility,0,128,0
Mage,237,Arcane,604,Dampen Magic,utility-or-rank,utility,0,128,0
Mage,237,Arcane,759,Conjure Mana Agate,utility-or-rank,utility,0,128,0
Mage,237,Arcane,990,Conjure Food,utility-or-rank,utility,0,128,0
Mage,237,Arcane,1008,Amplify Magic,utility-or-rank,utility,0,128,0
Mage,237,Arcane,1449,Arcane Explosion,utility-or-rank,multi-target,0,128,0
Mage,237,Arcane,1459,Arcane Intellect,utility-or-rank,utility,0,128,0
Mage,237,Arcane,1460,Arcane Intellect,utility-or-rank,utility,0,128,0
Mage,237,Arcane,1461,Arcane Intellect,utility-or-rank,utility,0,128,0
Mage,237,Arcane,1463,Mana Shield,healing,healing,0,128,0
Mage,237,Arcane,1953,Blink,utility-or-rank,utility,0,128,0
Mage,237,Arcane,2139,Counterspell,pvp-control,pvp,0,128,0
Mage,237,Arcane,3552,Conjure Mana Jade,utility-or-rank,utility,0,128,0
Mage,237,Arcane,3561,Teleport: Stormwind,utility-or-rank,utility,0,128,1101
Mage,237,Arcane,3562,Teleport: Ironforge,utility-or-rank,utility,0,128,1101
Mage,237,Arcane,3563,Teleport: Undercity,utility-or-rank,utility,0,128,690
Mage,237,Arcane,3565,Teleport: Darnassus,utility-or-rank,utility,0,128,1101
Mage,237,Arcane,3566,Teleport: Thunder Bluff,utility-or-rank,utility,0,128,690
Mage,237,Arcane,3567,Teleport: Orgrimmar,utility-or-rank,utility,0,128,690
Mage,237,Arcane,5143,Arcane Missiles,utility-or-rank,utility,0,128,0
Mage,237,Arcane,5144,Arcane Missiles,utility-or-rank,utility,0,128,0
Mage,237,Arcane,5145,Arcane Missiles,utility-or-rank,utility,0,128,0
Mage,237,Arcane,5504,Conjure Water,utility-or-rank,utility,0,128,0
Mage,237,Arcane,5505,Conjure Water,utility-or-rank,utility,0,128,0
Mage,237,Arcane,5506,Conjure Water,utility-or-rank,utility,0,128,0
Mage,237,Arcane,6057,Wand Specialization,talent-passive,utility,0,0,0
Mage,237,Arcane,6085,Wand Specialization,talent-passive,utility,0,0,0
Mage,237,Arcane,6117,Mage Armor,utility-or-rank,utility,0,128,0
Mage,237,Arcane,6127,Conjure Water,utility-or-rank,utility,0,128,0
Mage,237,Arcane,6129,Conjure Food,utility-or-rank,utility,0,128,0
Mage,237,Arcane,7268,Arcane Missile,utility-or-rank,utility,0,0,0
Mage,237,Arcane,7269,Arcane Missiles,utility-or-rank,utility,0,0,0
Mage,237,Arcane,7270,Arcane Missiles,utility-or-rank,utility,0,0,0
Mage,237,Arcane,8416,Arcane Missiles,utility-or-rank,utility,0,128,0
Mage,237,Arcane,8417,Arcane Missiles,utility-or-rank,utility,0,128,0
Mage,237,Arcane,8418,Arcane Missiles,utility-or-rank,utility,0,0,0
Mage,237,Arcane,8419,Arcane Missiles,utility-or-rank,utility,0,0,0
Mage,237,Arcane,8437,Arcane Explosion,utility-or-rank,multi-target,0,128,0
Mage,237,Arcane,8438,Arcane Explosion,utility-or-rank,multi-target,0,128,0
Mage,237,Arcane,8439,Arcane Explosion,utility-or-rank,multi-target,0,128,0
Mage,237,Arcane,8450,Dampen Magic,utility-or-rank,utility,0,128,0
Mage,237,Arcane,8451,Dampen Magic,utility-or-rank,utility,0,128,0
Mage,237,Arcane,8455,Amplify Magic,utility-or-rank,utility,0,128,0
Mage,237,Arcane,8494,Mana Shield,healing,healing,0,128,0
Mage,237,Arcane,8495,Mana Shield,healing,healing,0,128,0
Mage,237,Arcane,10053,Conjure Mana Citrine,utility-or-rank,utility,0,128,0
Mage,237,Arcane,10054,Conjure Mana Ruby,utility-or-rank,utility,0,128,0
Mage,237,Arcane,10059,Portal: Stormwind,utility-or-rank,utility,0,128,1101
Mage,237,Arcane,10138,Conjure Water,utility-or-rank,utility,0,128,0
Mage,237,Arcane,10139,Conjure Water,utility-or-rank,utility,0,128,0
Mage,237,Arcane,10140,Conjure Water,utility-or-rank,utility,0,128,0
Mage,237,Arcane,10144,Conjure Food,utility-or-rank,utility,0,128,0
Mage,237,Arcane,10145,Conjure Food,utility-or-rank,utility,0,128,0
Mage,237,Arcane,10156,Arcane Intellect,utility-or-rank,utility,0,128,0
Mage,237,Arcane,10157,Arcane Intellect,utility-or-rank,utility,0,128,0
Mage,237,Arcane,10169,Amplify Magic,utility-or-rank,utility,0,128,0
Mage,237,Arcane,10170,Amplify Magic,utility-or-rank,utility,0,128,0
Mage,237,Arcane,10173,Dampen Magic,utility-or-rank,utility,0,128,0
Mage,237,Arcane,10174,Dampen Magic,utility-or-rank,utility,0,128,0
Mage,237,Arcane,10191,Mana Shield,healing,healing,0,128,0
Mage,237,Arcane,10192,Mana Shield,healing,healing,0,128,0
Mage,237,Arcane,10193,Mana Shield,healing,healing,0,128,0
Mage,237,Arcane,10201,Arcane Explosion,utility-or-rank,multi-target,0,128,0
Mage,237,Arcane,10202,Arcane Explosion,utility-or-rank,multi-target,0,128,0
Mage,237,Arcane,10211,Arcane Missiles,utility-or-rank,utility,0,128,0
Mage,237,Arcane,10212,Arcane Missiles,utility-or-rank,utility,0,128,0
Mage,237,Arcane,10273,Arcane Missiles,utility-or-rank,utility,0,0,0
Mage,237,Arcane,10274,Arcane Missiles,utility-or-rank,utility,0,0,0
Mage,237,Arcane,11210,Arcane Subtlety,talent-passive,utility,0,128,0
Mage,237,Arcane,11213,Arcane Concentration,utility-or-rank,utility,0,0,0
Mage,237,Arcane,11222,Arcane Focus,talent-passive,utility,0,0,0
Mage,237,Arcane,11232,Arcane Mind,damage,single-target,0,0,0
Mage,237,Arcane,11237,Improved Arcane Missiles,talent-passive,utility,0,0,0
Mage,237,Arcane,11242,Arcane Impact,utility-or-rank,utility,0,0,0
Mage,237,Arcane,11247,Magic Attunement,utility-or-rank,utility,0,0,0
Mage,237,Arcane,11252,Improved Mana Shield,healing,healing,0,0,0
Mage,237,Arcane,11255,Improved Counterspell,pvp-control,pvp,0,0,0
Mage,237,Arcane,11416,Portal: Ironforge,utility-or-rank,utility,0,128,1101
Mage,237,Arcane,11417,Portal: Orgrimmar,utility-or-rank,utility,0,128,690
Mage,237,Arcane,11418,Portal: Undercity,utility-or-rank,utility,0,128,690
Mage,237,Arcane,11419,Portal: Darnassus,utility-or-rank,utility,0,128,1101
Mage,237,Arcane,11420,Portal: Thunder Bluff,utility-or-rank,utility,0,128,690
Mage,237,Arcane,12042,Arcane Power,talent-passive,utility,0,0,0
Mage,237,Arcane,12043,Presence of Mind,damage,single-target,0,0,0
Mage,237,Arcane,12051,Evocation,utility-or-rank,utility,0,0,0
Mage,237,Arcane,12463,Improved Arcane Missiles,talent-passive,utility,0,0,0
Mage,237,Arcane,12464,Improved Arcane Missiles,talent-passive,utility,0,0,0
Mage,237,Arcane,12467,Arcane Impact,utility-or-rank,utility,0,0,0
Mage,237,Arcane,12469,Arcane Impact,utility-or-rank,utility,0,0,0
Mage,237,Arcane,12500,Arcane Mind,damage,single-target,0,0,0
Mage,237,Arcane,12501,Arcane Mind,damage,single-target,0,0,0
Mage,237,Arcane,12502,Arcane Mind,damage,single-target,0,0,0
Mage,237,Arcane,12503,Arcane Mind,damage,single-target,0,0,0
Mage,237,Arcane,12536,Clearcasting,utility-or-rank,utility,0,0,0
Mage,237,Arcane,12574,Arcane Concentration,utility-or-rank,utility,0,0,0
Mage,237,Arcane,12575,Arcane Concentration,utility-or-rank,utility,0,0,0
Mage,237,Arcane,12576,Arcane Concentration,utility-or-rank,utility,0,0,0
Mage,237,Arcane,12577,Arcane Concentration,utility-or-rank,utility,0,0,0
Mage,237,Arcane,12592,Arcane Subtlety,talent-passive,utility,0,128,0
Mage,237,Arcane,12598,Improved Counterspell,pvp-control,pvp,0,0,0
Mage,237,Arcane,12605,Improved Mana Shield,healing,healing,0,0,0
Mage,237,Arcane,12606,Magic Attunement,utility-or-rank,utility,0,0,0
Mage,237,Arcane,12824,Polymorph,pvp-control,pvp,0,128,0
Mage,237,Arcane,12825,Polymorph,pvp-control,pvp,0,128,0
Mage,237,Arcane,12826,Polymorph,pvp-control,pvp,0,128,0
Mage,237,Arcane,12839,Arcane Focus,talent-passive,utility,0,0,0
Mage,237,Arcane,12840,Arcane Focus,talent-passive,utility,0,0,0
Mage,237,Arcane,12841,Arcane Focus,talent-passive,utility,0,0,0
Mage,237,Arcane,12842,Arcane Focus,talent-passive,utility,0,0,0
Mage,237,Arcane,15058,Arcane Instability,utility-or-rank,utility,0,0,0
Mage,237,Arcane,15059,Arcane Instability,utility-or-rank,utility,0,0,0
Mage,237,Arcane,15060,Arcane Instability,utility-or-rank,utility,0,0,0
Mage,237,Arcane,16769,Improved Arcane Missiles,talent-passive,utility,0,0,0
Mage,237,Arcane,16770,Improved Arcane Missiles,talent-passive,utility,0,0,0
Mage,237,Arcane,18462,Arcane Meditation,utility-or-rank,utility,0,0,0
Mage,237,Arcane,18463,Arcane Meditation,utility-or-rank,utility,0,0,0
Mage,237,Arcane,18464,Arcane Meditation,utility-or-rank,utility,0,0,0
Mage,237,Arcane,22782,Mage Armor,utility-or-rank,utility,0,128,0
Mage,237,Arcane,22783,Mage Armor,utility-or-rank,utility,0,128,0
Mage,237,Arcane,23028,Arcane Brilliance,utility-or-rank,utility,0,128,0
Mage,237,Arcane,25345,Arcane Missiles,utility-or-rank,utility,0,128,0
Mage,237,Arcane,25346,Arcane Missiles,utility-or-rank,utility,0,0,0
Mage,237,Arcane,27075,Arcane Missiles,utility-or-rank,utility,0,128,0
Mage,237,Arcane,27076,Arcane Missiles,utility-or-rank,utility,0,0,0
Mage,237,Arcane,27080,Arcane Explosion,utility-or-rank,multi-target,0,128,0
Mage,237,Arcane,27082,Arcane Explosion,utility-or-rank,multi-target,0,128,0
Mage,237,Arcane,27090,Conjure Water,utility-or-rank,utility,0,128,0
Mage,237,Arcane,27101,Conjure Mana Emerald,utility-or-rank,utility,0,128,0
Mage,237,Arcane,27125,Mage Armor,utility-or-rank,utility,0,128,0
Mage,237,Arcane,27126,Arcane Intellect,utility-or-rank,utility,0,128,0
Mage,237,Arcane,27127,Arcane Brilliance,utility-or-rank,utility,0,128,0
Mage,237,Arcane,27130,Amplify Magic,utility-or-rank,utility,0,128,0
Mage,237,Arcane,27131,Mana Shield,healing,healing,0,128,0
Mage,237,Arcane,28271,Polymorph,pvp-control,pvp,0,128,0
Mage,237,Arcane,28272,Polymorph,pvp-control,pvp,0,128,0
Mage,237,Arcane,28574,Arcane Fortitude,utility-or-rank,utility,0,128,0
Mage,237,Arcane,28612,Conjure Food,utility-or-rank,utility,0,128,0
Mage,237,Arcane,29441,Magic Absorption,utility-or-rank,utility,0,128,0
Mage,237,Arcane,29442,Magic Absorption,utility-or-rank,utility,0,128,0
Mage,237,Arcane,29444,Magic Absorption,utility-or-rank,utility,0,128,0
Mage,237,Arcane,29445,Magic Absorption,utility-or-rank,utility,0,128,0
Mage,237,Arcane,29446,Magic Absorption,utility-or-rank,utility,0,128,0
Mage,237,Arcane,29447,Magic Absorption,utility-or-rank,utility,0,128,0
Mage,237,Arcane,30449,Spellsteal,utility-or-rank,utility,0,0,0
Mage,237,Arcane,30451,Arcane Blast,damage,single-target,0,0,0
Mage,237,Arcane,31569,Improved Blink,talent-passive,utility,0,128,0
Mage,237,Arcane,31570,Improved Blink,talent-passive,utility,0,128,0
Mage,237,Arcane,31571,Arcane Potency,utility-or-rank,utility,0,128,0
Mage,237,Arcane,31572,Arcane Potency,utility-or-rank,utility,0,128,0
Mage,237,Arcane,31573,Arcane Potency,utility-or-rank,utility,0,128,0
Mage,237,Arcane,31574,Prismatic Cloak,utility-or-rank,utility,0,128,0
Mage,237,Arcane,31575,Prismatic Cloak,utility-or-rank,utility,0,128,0
Mage,237,Arcane,31579,Empowered Arcane Missiles,talent-passive,utility,0,128,0
Mage,237,Arcane,31582,Empowered Arcane Missiles,talent-passive,utility,0,128,0
Mage,237,Arcane,31583,Empowered Arcane Missiles,talent-passive,utility,0,128,0
Mage,237,Arcane,31584,Mind Mastery,damage,single-target,0,128,0
Mage,237,Arcane,31585,Mind Mastery,damage,single-target,0,128,0
Mage,237,Arcane,31586,Mind Mastery,damage,single-target,0,128,0
Mage,237,Arcane,31587,Mind Mastery,damage,single-target,0,128,0
Mage,237,Arcane,31588,Mind Mastery,damage,single-target,0,128,0
Mage,237,Arcane,31589,Slow,utility-or-rank,utility,0,128,0
Mage,237,Arcane,32266,Portal: Exodar,utility-or-rank,utility,0,128,1101
Mage,237,Arcane,32267,Portal: Silvermoon,utility-or-rank,utility,0,128,690
Mage,237,Arcane,32271,Teleport: Exodar,utility-or-rank,utility,0,128,1101
Mage,237,Arcane,32272,Teleport: Silvermoon,utility-or-rank,utility,0,128,690
Mage,237,Arcane,33690,Teleport: Shattrath,utility-or-rank,utility,0,128,1101
Mage,237,Arcane,33691,Portal: Shattrath,utility-or-rank,utility,0,128,1101
Mage,237,Arcane,33717,Conjure Food,utility-or-rank,utility,0,128,0
Mage,237,Arcane,33944,Dampen Magic,utility-or-rank,utility,0,128,0
Mage,237,Arcane,33946,Amplify Magic,utility-or-rank,utility,0,128,0
Mage,237,Arcane,35578,Spell Power,talent-passive,utility,0,128,0
Mage,237,Arcane,35581,Spell Power,talent-passive,utility,0,128,0
Mage,237,Arcane,35715,Teleport: Shattrath,utility-or-rank,utility,0,128,690
Mage,237,Arcane,35717,Portal: Shattrath,utility-or-rank,utility,0,128,690
Mage,237,Arcane,37420,Conjure Water,utility-or-rank,utility,0,128,0
Mage,237,Arcane,38699,Arcane Missiles,utility-or-rank,utility,0,128,0
Mage,237,Arcane,38700,Arcane Missiles,utility-or-rank,utility,0,0,0
Mage,237,Arcane,38703,Arcane Missiles,utility-or-rank,utility,0,0,0
Mage,237,Arcane,38704,Arcane Missiles,utility-or-rank,utility,0,128,0
Mage,237,Arcane,43987,Ritual of Refreshment,utility-or-rank,utility,0,128,0
Mage,237,Arcane,49358,Teleport: Stonard,utility-or-rank,utility,0,128,690
Mage,237,Arcane,49359,Teleport: Theramore,utility-or-rank,utility,0,128,1101
Mage,237,Arcane,49360,Portal: Theramore,utility-or-rank,utility,0,128,1101
Mage,237,Arcane,49361,Portal: Stonard,utility-or-rank,utility,0,128,690
Priest,56,Holy,139,Renew,healing,healing,0,16,0
Priest,56,Holy,528,Cure Disease,utility-or-rank,dispel-cleanse,0,16,0
Priest,56,Holy,552,Abolish Disease,utility-or-rank,dispel-cleanse,0,16,0
Priest,56,Holy,585,Smite,utility-or-rank,utility,2,16,0
Priest,56,Holy,591,Smite,utility-or-rank,utility,0,16,0
Priest,56,Holy,596,Prayer of Healing,healing,healing,0,16,0
Priest,56,Holy,598,Smite,utility-or-rank,utility,0,16,0
Priest,56,Holy,724,Lightwell,utility-or-rank,utility,0,16,0
Priest,56,Holy,984,Smite,utility-or-rank,utility,0,16,0
Priest,56,Holy,996,Prayer of Healing,healing,healing,0,16,0
Priest,56,Holy,1004,Smite,utility-or-rank,utility,0,16,0
Priest,56,Holy,2006,Resurrection,utility-or-rank,utility,0,16,0
Priest,56,Holy,2010,Resurrection,utility-or-rank,utility,0,16,0
Priest,56,Holy,2050,Lesser Heal,healing,healing,2,16,0
Priest,56,Holy,2052,Lesser Heal,healing,healing,0,16,0
Priest,56,Holy,2053,Lesser Heal,healing,healing,0,16,0
Priest,56,Holy,2054,Heal,healing,healing,0,16,0
Priest,56,Holy,2055,Heal,healing,healing,0,16,0
Priest,56,Holy,2060,Greater Heal,healing,healing,0,16,0
Priest,56,Holy,2061,Flash Heal,healing,healing,0,16,0
Priest,56,Holy,6060,Smite,utility-or-rank,utility,0,16,0
Priest,56,Holy,6063,Heal,healing,healing,0,16,0
Priest,56,Holy,6064,Heal,healing,healing,0,16,0
Priest,56,Holy,6074,Renew,healing,healing,0,16,0
Priest,56,Holy,6075,Renew,healing,healing,0,16,0
Priest,56,Holy,6076,Renew,healing,healing,0,16,0
Priest,56,Holy,6077,Renew,healing,healing,0,16,0
Priest,56,Holy,6078,Renew,healing,healing,0,16,0
Priest,56,Holy,7001,Lightwell Renew,healing,healing,0,16,0
Priest,56,Holy,9472,Flash Heal,healing,healing,0,16,0
Priest,56,Holy,9473,Flash Heal,healing,healing,0,16,0
Priest,56,Holy,9474,Flash Heal,healing,healing,0,16,0
Priest,56,Holy,10880,Resurrection,utility-or-rank,utility,0,16,0
Priest,56,Holy,10881,Resurrection,utility-or-rank,utility,0,16,0
Priest,56,Holy,10915,Flash Heal,healing,healing,0,16,0
Priest,56,Holy,10916,Flash Heal,healing,healing,0,16,0
Priest,56,Holy,10917,Flash Heal,healing,healing,0,16,0
Priest,56,Holy,10927,Renew,healing,healing,0,16,0
Priest,56,Holy,10928,Renew,healing,healing,0,16,0
Priest,56,Holy,10929,Renew,healing,healing,0,16,0
Priest,56,Holy,10933,Smite,utility-or-rank,utility,0,16,0
Priest,56,Holy,10934,Smite,utility-or-rank,utility,0,16,0
Priest,56,Holy,10960,Prayer of Healing,healing,healing,0,16,0
Priest,56,Holy,10961,Prayer of Healing,healing,healing,0,16,0
Priest,56,Holy,10963,Greater Heal,healing,healing,0,16,0
Priest,56,Holy,10964,Greater Heal,healing,healing,0,16,0
Priest,56,Holy,10965,Greater Heal,healing,healing,0,16,0
Priest,56,Holy,13908,Desperate Prayer,healing,healing,0,16,5
Priest,56,Holy,14889,Holy Specialization,talent-passive,utility,0,0,0
Priest,56,Holy,14892,Inspiration,utility-or-rank,utility,0,0,0
Priest,56,Holy,14898,Spiritual Healing,healing,healing,0,0,0
Priest,56,Holy,14901,Spiritual Guidance,talent-passive,utility,0,0,0
Priest,56,Holy,14908,Improved Renew,healing,healing,0,0,0
Priest,56,Holy,14909,Searing Light,utility-or-rank,utility,0,0,0
Priest,56,Holy,14911,Healing Prayers,healing,healing,0,0,0
Priest,56,Holy,14912,Improved Healing,healing,healing,0,0,0
Priest,56,Holy,14913,Healing Focus,healing,healing,0,0,0
Priest,56,Holy,14914,Holy Fire,utility-or-rank,utility,0,16,0
Priest,56,Holy,15008,Holy Specialization,talent-passive,utility,0,0,0
Priest,56,Holy,15009,Holy Specialization,talent-passive,utility,0,0,0
Priest,56,Holy,15010,Holy Specialization,talent-passive,utility,0,0,0
Priest,56,Holy,15011,Holy Specialization,talent-passive,utility,0,0,0
Priest,56,Holy,15012,Healing Focus,healing,healing,0,0,0
Priest,56,Holy,15013,Improved Healing,healing,healing,0,0,0
Priest,56,Holy,15014,Improved Healing,healing,healing,0,0,0
Priest,56,Holy,15017,Searing Light,utility-or-rank,utility,0,0,0
Priest,56,Holy,15018,Healing Prayers,healing,healing,0,0,0
Priest,56,Holy,15020,Improved Renew,healing,healing,0,0,0
Priest,56,Holy,15028,Spiritual Guidance,talent-passive,utility,0,0,0
Priest,56,Holy,15029,Spiritual Guidance,talent-passive,utility,0,0,0
Priest,56,Holy,15030,Spiritual Guidance,talent-passive,utility,0,0,0
Priest,56,Holy,15031,Spiritual Guidance,talent-passive,utility,0,0,0
Priest,56,Holy,15237,Holy Nova,utility-or-rank,multi-target,0,16,0
Priest,56,Holy,15261,Holy Fire,utility-or-rank,utility,0,16,0
Priest,56,Holy,15262,Holy Fire,utility-or-rank,utility,0,16,0
Priest,56,Holy,15263,Holy Fire,utility-or-rank,utility,0,16,0
Priest,56,Holy,15264,Holy Fire,utility-or-rank,utility,0,16,0
Priest,56,Holy,15265,Holy Fire,utility-or-rank,utility,0,16,0
Priest,56,Holy,15266,Holy Fire,utility-or-rank,utility,0,16,0
Priest,56,Holy,15267,Holy Fire,utility-or-rank,utility,0,16,0
Priest,56,Holy,15349,Spiritual Healing,healing,healing,0,0,0
Priest,56,Holy,15354,Spiritual Healing,healing,healing,0,0,0
Priest,56,Holy,15355,Spiritual Healing,healing,healing,0,0,0
Priest,56,Holy,15356,Spiritual Healing,healing,healing,0,0,0
Priest,56,Holy,15362,Inspiration,utility-or-rank,utility,0,0,0
Priest,56,Holy,15363,Inspiration,utility-or-rank,utility,0,0,0
Priest,56,Holy,15430,Holy Nova,utility-or-rank,multi-target,0,16,0
Priest,56,Holy,15431,Holy Nova,utility-or-rank,multi-target,0,16,0
Priest,56,Holy,17191,Improved Renew,healing,healing,0,0,0
Priest,56,Holy,18530,Divine Fury,talent-passive,utility,0,0,0
Priest,56,Holy,18531,Divine Fury,talent-passive,utility,0,0,0
Priest,56,Holy,18533,Divine Fury,talent-passive,utility,0,0,0
Priest,56,Holy,18534,Divine Fury,talent-passive,utility,0,0,0
Priest,56,Holy,18535,Divine Fury,talent-passive,utility,0,0,0
Priest,56,Holy,19236,Desperate Prayer,healing,healing,0,16,5
Priest,56,Holy,19238,Desperate Prayer,healing,healing,0,16,5
Priest,56,Holy,19240,Desperate Prayer,healing,healing,0,16,5
Priest,56,Holy,19241,Desperate Prayer,healing,healing,0,16,5
Priest,56,Holy,19242,Desperate Prayer,healing,healing,0,16,5
Priest,56,Holy,19243,Desperate Prayer,healing,healing,0,16,5
Priest,56,Holy,20711,Spirit of Redemption,utility-or-rank,utility,0,0,0
Priest,56,Holy,20770,Resurrection,utility-or-rank,utility,0,16,0
Priest,56,Holy,23455,Holy Nova,utility-or-rank,multi-target,0,16,0
Priest,56,Holy,23458,Holy Nova,utility-or-rank,multi-target,0,16,0
Priest,56,Holy,23459,Holy Nova,utility-or-rank,multi-target,0,16,0
Priest,56,Holy,25210,Greater Heal,healing,healing,0,16,0
Priest,56,Holy,25213,Greater Heal,healing,healing,0,16,0
Priest,56,Holy,25221,Renew,healing,healing,0,16,0
Priest,56,Holy,25222,Renew,healing,healing,0,16,0
Priest,56,Holy,25233,Flash Heal,healing,healing,0,16,0
Priest,56,Holy,25235,Flash Heal,healing,healing,0,16,0
Priest,56,Holy,25308,Prayer of Healing,healing,healing,0,16,0
Priest,56,Holy,25314,Greater Heal,healing,healing,0,16,0
Priest,56,Holy,25314,Greater Heal,healing,healing,0,16,0
Priest,56,Holy,25315,Renew,healing,healing,0,16,0
Priest,56,Holy,25316,Prayer of Healing,healing,healing,0,16,0
Priest,56,Holy,25329,Holy Nova,utility-or-rank,multi-target,0,16,0
Priest,56,Holy,25331,Holy Nova,utility-or-rank,multi-target,0,16,0
Priest,56,Holy,25363,Smite,utility-or-rank,utility,0,16,0
Priest,56,Holy,25364,Smite,utility-or-rank,utility,0,16,0
Priest,56,Holy,25384,Holy Fire,utility-or-rank,utility,0,16,0
Priest,56,Holy,25435,Resurrection,utility-or-rank,utility,0,16,0
Priest,56,Holy,25437,Desperate Prayer,healing,healing,0,16,5
Priest,56,Holy,27789,Holy Reach,utility-or-rank,utility,0,16,0
Priest,56,Holy,27790,Holy Reach,utility-or-rank,utility,0,16,0
Priest,56,Holy,27799,Holy Nova,utility-or-rank,multi-target,0,16,0
Priest,56,Holy,27800,Holy Nova,utility-or-rank,multi-target,0,16,0
Priest,56,Holy,27801,Holy Nova,utility-or-rank,multi-target,0,16,0
Priest,56,Holy,27803,Holy Nova,utility-or-rank,multi-target,0,16,0
Priest,56,Holy,27804,Holy Nova,utility-or-rank,multi-target,0,16,0
Priest,56,Holy,27805,Holy Nova,utility-or-rank,multi-target,0,16,0
Priest,56,Holy,27811,Blessed Recovery,utility-or-rank,utility,0,16,0
Priest,56,Holy,27813,Blessed Recovery,utility-or-rank,utility,0,16,0
Priest,56,Holy,27815,Blessed Recovery,utility-or-rank,utility,0,16,0
Priest,56,Holy,27816,Blessed Recovery,utility-or-rank,utility,0,16,0
Priest,56,Holy,27817,Blessed Recovery,utility-or-rank,utility,0,16,0
Priest,56,Holy,27818,Blessed Recovery,utility-or-rank,utility,0,16,0
Priest,56,Holy,27870,Lightwell,utility-or-rank,utility,0,16,0
Priest,56,Holy,27871,Lightwell,utility-or-rank,utility,0,16,0
Priest,56,Holy,27873,Lightwell Renew,healing,healing,0,16,0
Priest,56,Holy,27874,Lightwell Renew,healing,healing,0,16,0
Priest,56,Holy,27900,Spell Warding,utility-or-rank,utility,0,16,0
Priest,56,Holy,27901,Spell Warding,utility-or-rank,utility,0,16,0
Priest,56,Holy,27902,Spell Warding,utility-or-rank,utility,0,16,0
Priest,56,Holy,27903,Spell Warding,utility-or-rank,utility,0,16,0
Priest,56,Holy,27904,Spell Warding,utility-or-rank,utility,0,16,0
Priest,56,Holy,28275,Lightwell,utility-or-rank,utility,0,16,0
Priest,56,Holy,28276,Lightwell Renew,healing,healing,0,16,0
Priest,56,Holy,32546,Binding Heal,healing,healing,0,16,0
Priest,56,Holy,33076,Prayer of Mending,healing,healing,0,16,0
Priest,56,Holy,33142,Blessed Resilience,utility-or-rank,utility,0,16,0
Priest,56,Holy,33143,Blessed Resilience,utility-or-rank,utility,0,16,0
Priest,56,Holy,33145,Blessed Resilience,utility-or-rank,utility,0,16,0
Priest,56,Holy,33146,Blessed Resilience,utility-or-rank,utility,0,16,0
Priest,56,Holy,33150,Surge of Light,utility-or-rank,utility,0,16,0
Priest,56,Holy,33151,Surge of Light,utility-or-rank,utility,0,16,0
Priest,56,Holy,33154,Surge of Light,utility-or-rank,utility,0,16,0
Priest,56,Holy,33158,Empowered Healing,healing,healing,0,16,0
Priest,56,Holy,33159,Empowered Healing,healing,healing,0,16,0
Priest,56,Holy,33160,Empowered Healing,healing,healing,0,16,0
Priest,56,Holy,33161,Empowered Healing,healing,healing,0,16,0
Priest,56,Holy,33162,Empowered Healing,healing,healing,0,16,0
Priest,56,Holy,34753,Holy Concentration,utility-or-rank,utility,0,16,0
Priest,56,Holy,34754,Clearcasting,utility-or-rank,utility,0,16,0
Priest,56,Holy,34859,Holy Concentration,utility-or-rank,utility,0,16,0
Priest,56,Holy,34860,Holy Concentration,utility-or-rank,utility,0,16,0
Priest,56,Holy,34861,Circle of Healing,healing,healing,0,16,0
Priest,56,Holy,34863,Circle of Healing,healing,healing,0,16,0
Priest,56,Holy,34864,Circle of Healing,healing,healing,0,16,0
Priest,56,Holy,34865,Circle of Healing,healing,healing,0,16,0
Priest,56,Holy,34866,Circle of Healing,healing,healing,0,16,0
Priest,56,Holy,44041,Chastise,utility-or-rank,utility,0,16,1028
Priest,56,Holy,44043,Chastise,utility-or-rank,utility,0,16,1028
Priest,56,Holy,44044,Chastise,utility-or-rank,utility,0,16,1028
Priest,56,Holy,44045,Chastise,utility-or-rank,utility,0,16,1028
Priest,56,Holy,44046,Chastise,utility-or-rank,utility,0,16,1028
Priest,56,Holy,44047,Chastise,utility-or-rank,utility,0,16,1028
Priest,78,Shadow Magic,453,Mind Soothe,damage,single-target,0,16,0
Priest,78,Shadow Magic,586,Fade,utility-or-rank,utility,0,16,0
Priest,78,Shadow Magic,589,Shadow Word: Pain,damage,single-target,0,16,0
Priest,78,Shadow Magic,594,Shadow Word: Pain,damage,single-target,0,16,0
Priest,78,Shadow Magic,605,Mind Control,damage,single-target,0,16,0
Priest,78,Shadow Magic,970,Shadow Word: Pain,damage,single-target,0,16,0
Priest,78,Shadow Magic,976,Shadow Protection,utility-or-rank,utility,0,16,0
Priest,78,Shadow Magic,992,Shadow Word: Pain,damage,single-target,0,16,0
Priest,78,Shadow Magic,2096,Mind Vision,damage,single-target,0,16,0
Priest,78,Shadow Magic,2652,Touch of Weakness,utility-or-rank,utility,0,16,528
Priest,78,Shadow Magic,2767,Shadow Word: Pain,damage,single-target,0,16,0
Priest,78,Shadow Magic,2943,Touch of Weakness,utility-or-rank,utility,0,16,16
Priest,78,Shadow Magic,2944,Devouring Plague,utility-or-rank,utility,0,16,16
Priest,78,Shadow Magic,8092,Mind Blast,damage,single-target,0,16,0
Priest,78,Shadow Magic,8102,Mind Blast,damage,single-target,0,16,0
Priest,78,Shadow Magic,8103,Mind Blast,damage,single-target,0,16,0
Priest,78,Shadow Magic,8104,Mind Blast,damage,single-target,0,16,0
Priest,78,Shadow Magic,8105,Mind Blast,damage,single-target,0,16,0
Priest,78,Shadow Magic,8106,Mind Blast,damage,single-target,0,16,0
Priest,78,Shadow Magic,8122,Psychic Scream,utility-or-rank,utility,0,16,0
Priest,78,Shadow Magic,8124,Psychic Scream,utility-or-rank,utility,0,16,0
Priest,78,Shadow Magic,8192,Mind Soothe,damage,single-target,0,16,0
Priest,78,Shadow Magic,9035,Hex of Weakness,utility-or-rank,utility,0,16,128
Priest,78,Shadow Magic,9578,Fade,utility-or-rank,utility,0,16,0
Priest,78,Shadow Magic,9579,Fade,utility-or-rank,utility,0,16,0
Priest,78,Shadow Magic,9592,Fade,utility-or-rank,utility,0,16,0
Priest,78,Shadow Magic,10888,Psychic Scream,utility-or-rank,utility,0,16,0
Priest,78,Shadow Magic,10890,Psychic Scream,utility-or-rank,utility,0,16,0
Priest,78,Shadow Magic,10892,Shadow Word: Pain,damage,single-target,0,16,0
Priest,78,Shadow Magic,10893,Shadow Word: Pain,damage,single-target,0,16,0
Priest,78,Shadow Magic,10894,Shadow Word: Pain,damage,single-target,0,16,0
Priest,78,Shadow Magic,10909,Mind Vision,damage,single-target,0,16,0
Priest,78,Shadow Magic,10911,Mind Control,damage,single-target,0,16,0
Priest,78,Shadow Magic,10912,Mind Control,damage,single-target,0,16,0
Priest,78,Shadow Magic,10941,Fade,utility-or-rank,utility,0,16,0
Priest,78,Shadow Magic,10942,Fade,utility-or-rank,utility,0,16,0
Priest,78,Shadow Magic,10945,Mind Blast,damage,single-target,0,16,0
Priest,78,Shadow Magic,10946,Mind Blast,damage,single-target,0,16,0
Priest,78,Shadow Magic,10947,Mind Blast,damage,single-target,0,16,0
Priest,78,Shadow Magic,10953,Mind Soothe,damage,single-target,0,16,0
Priest,78,Shadow Magic,10957,Shadow Protection,utility-or-rank,utility,0,16,0
Priest,78,Shadow Magic,10958,Shadow Protection,utility-or-rank,utility,0,16,0
Priest,78,Shadow Magic,14910,Shadow Resilience,utility-or-rank,utility,0,16,0
Priest,78,Shadow Magic,15257,Shadow Weaving,utility-or-rank,utility,0,16,0
Priest,78,Shadow Magic,15259,Darkness,utility-or-rank,utility,0,16,0
Priest,78,Shadow Magic,15260,Shadow Focus,talent-passive,utility,0,16,0
Priest,78,Shadow Magic,15268,Blackout,utility-or-rank,utility,0,16,0
Priest,78,Shadow Magic,15270,Spirit Tap,utility-or-rank,utility,0,16,0
Priest,78,Shadow Magic,15272,Shadow Affinity,utility-or-rank,utility,0,16,0
Priest,78,Shadow Magic,15273,Improved Mind Blast,damage,single-target,0,16,0
Priest,78,Shadow Magic,15274,Improved Fade,talent-passive,utility,0,16,0
Priest,78,Shadow Magic,15275,Improved Shadow Word: Pain,damage,single-target,0,16,0
Priest,78,Shadow Magic,15286,Vampiric Embrace,utility-or-rank,utility,0,16,0
Priest,78,Shadow Magic,15307,Darkness,utility-or-rank,utility,0,16,0
Priest,78,Shadow Magic,15308,Darkness,utility-or-rank,utility,0,16,0
Priest,78,Shadow Magic,15309,Darkness,utility-or-rank,utility,0,16,0
Priest,78,Shadow Magic,15310,Darkness,utility-or-rank,utility,0,16,0
Priest,78,Shadow Magic,15311,Improved Fade,talent-passive,utility,0,16,0
Priest,78,Shadow Magic,15312,Improved Mind Blast,damage,single-target,0,16,0
Priest,78,Shadow Magic,15313,Improved Mind Blast,damage,single-target,0,16,0
Priest,78,Shadow Magic,15314,Improved Mind Blast,damage,single-target,0,16,0
Priest,78,Shadow Magic,15316,Improved Mind Blast,damage,single-target,0,16,0
Priest,78,Shadow Magic,15317,Improved Shadow Word: Pain,damage,single-target,0,16,0
Priest,78,Shadow Magic,15318,Shadow Affinity,utility-or-rank,utility,0,16,0
Priest,78,Shadow Magic,15320,Shadow Affinity,utility-or-rank,utility,0,16,0
Priest,78,Shadow Magic,15323,Blackout,utility-or-rank,utility,0,16,0
Priest,78,Shadow Magic,15324,Blackout,utility-or-rank,utility,0,16,0
Priest,78,Shadow Magic,15325,Blackout,utility-or-rank,utility,0,16,0
Priest,78,Shadow Magic,15326,Blackout,utility-or-rank,utility,0,16,0
Priest,78,Shadow Magic,15327,Shadow Focus,talent-passive,utility,0,16,0
Priest,78,Shadow Magic,15328,Shadow Focus,talent-passive,utility,0,16,0
Priest,78,Shadow Magic,15329,Shadow Focus,talent-passive,utility,0,16,0
Priest,78,Shadow Magic,15330,Shadow Focus,talent-passive,utility,0,16,0
Priest,78,Shadow Magic,15331,Shadow Weaving,utility-or-rank,utility,0,16,0
Priest,78,Shadow Magic,15332,Shadow Weaving,utility-or-rank,utility,0,16,0
Priest,78,Shadow Magic,15333,Shadow Weaving,utility-or-rank,utility,0,16,0
Priest,78,Shadow Magic,15334,Shadow Weaving,utility-or-rank,utility,0,16,0
Priest,78,Shadow Magic,15335,Spirit Tap,utility-or-rank,utility,0,16,0
Priest,78,Shadow Magic,15336,Spirit Tap,utility-or-rank,utility,0,16,0
Priest,78,Shadow Magic,15337,Spirit Tap,utility-or-rank,utility,0,16,0
Priest,78,Shadow Magic,15338,Spirit Tap,utility-or-rank,utility,0,16,0
Priest,78,Shadow Magic,15392,Improved Psychic Scream,talent-passive,utility,0,16,0
Priest,78,Shadow Magic,15407,Mind Flay,damage,single-target,0,16,0
Priest,78,Shadow Magic,15448,Improved Psychic Scream,talent-passive,utility,0,16,0
Priest,78,Shadow Magic,15473,Shadowform,utility-or-rank,state-maintenance,0,16,0
Priest,78,Shadow Magic,15487,Silence,pvp-control,pvp,0,16,0
Priest,78,Shadow Magic,17311,Mind Flay,damage,single-target,0,16,0
Priest,78,Shadow Magic,17312,Mind Flay,damage,single-target,0,16,0
Priest,78,Shadow Magic,17313,Mind Flay,damage,single-target,0,16,0
Priest,78,Shadow Magic,17314,Mind Flay,damage,single-target,0,16,0
Priest,78,Shadow Magic,17322,Shadow Reach,utility-or-rank,utility,0,16,0
Priest,78,Shadow Magic,17323,Shadow Reach,utility-or-rank,utility,0,16,0
Priest,78,Shadow Magic,18137,Shadowguard,utility-or-rank,utility,0,16,128
Priest,78,Shadow Magic,18807,Mind Flay,damage,single-target,0,16,0
Priest,78,Shadow Magic,19249,Touch of Weakness,utility-or-rank,utility,0,16,16
Priest,78,Shadow Magic,19251,Touch of Weakness,utility-or-rank,utility,0,16,16
Priest,78,Shadow Magic,19252,Touch of Weakness,utility-or-rank,utility,0,16,16
Priest,78,Shadow Magic,19253,Touch of Weakness,utility-or-rank,utility,0,16,16
Priest,78,Shadow Magic,19254,Touch of Weakness,utility-or-rank,utility,0,16,16
Priest,78,Shadow Magic,19261,Touch of Weakness,utility-or-rank,utility,0,16,528
Priest,78,Shadow Magic,19262,Touch of Weakness,utility-or-rank,utility,0,16,528
Priest,78,Shadow Magic,19264,Touch of Weakness,utility-or-rank,utility,0,16,528
Priest,78,Shadow Magic,19265,Touch of Weakness,utility-or-rank,utility,0,16,528
Priest,78,Shadow Magic,19266,Touch of Weakness,utility-or-rank,utility,0,16,528
Priest,78,Shadow Magic,19276,Devouring Plague,utility-or-rank,utility,0,16,16
Priest,78,Shadow Magic,19277,Devouring Plague,utility-or-rank,utility,0,16,16
Priest,78,Shadow Magic,19278,Devouring Plague,utility-or-rank,utility,0,16,16
Priest,78,Shadow Magic,19279,Devouring Plague,utility-or-rank,utility,0,16,16
Priest,78,Shadow Magic,19280,Devouring Plague,utility-or-rank,utility,0,16,16
Priest,78,Shadow Magic,19281,Hex of Weakness,utility-or-rank,utility,0,16,128
Priest,78,Shadow Magic,19282,Hex of Weakness,utility-or-rank,utility,0,16,128
Priest,78,Shadow Magic,19283,Hex of Weakness,utility-or-rank,utility,0,16,128
Priest,78,Shadow Magic,19284,Hex of Weakness,utility-or-rank,utility,0,16,128
Priest,78,Shadow Magic,19285,Hex of Weakness,utility-or-rank,utility,0,16,128
Priest,78,Shadow Magic,19308,Shadowguard,utility-or-rank,utility,0,16,128
Priest,78,Shadow Magic,19309,Shadowguard,utility-or-rank,utility,0,16,128
Priest,78,Shadow Magic,19310,Shadowguard,utility-or-rank,utility,0,16,128
Priest,78,Shadow Magic,19311,Shadowguard,utility-or-rank,utility,0,16,128
Priest,78,Shadow Magic,19312,Shadowguard,utility-or-rank,utility,0,16,128
Priest,78,Shadow Magic,25367,Shadow Word: Pain,damage,single-target,0,16,0
Priest,78,Shadow Magic,25368,Shadow Word: Pain,damage,single-target,0,16,0
Priest,78,Shadow Magic,25372,Mind Blast,damage,single-target,0,16,0
Priest,78,Shadow Magic,25375,Mind Blast,damage,single-target,0,16,0
Priest,78,Shadow Magic,25387,Mind Flay,damage,single-target,0,16,0
Priest,78,Shadow Magic,25429,Fade,utility-or-rank,utility,0,16,0
Priest,78,Shadow Magic,25433,Shadow Protection,utility-or-rank,utility,0,16,0
Priest,78,Shadow Magic,25460,Touch of Weakness,utility-or-rank,utility,0,16,16
Priest,78,Shadow Magic,25461,Touch of Weakness,utility-or-rank,utility,0,16,528
Priest,78,Shadow Magic,25467,Devouring Plague,utility-or-rank,utility,0,16,16
Priest,78,Shadow Magic,25470,Hex of Weakness,utility-or-rank,utility,0,16,128
Priest,78,Shadow Magic,25477,Shadowguard,utility-or-rank,utility,0,16,128
Priest,78,Shadow Magic,25596,Mind Soothe,damage,single-target,0,16,0
Priest,78,Shadow Magic,27683,Prayer of Shadow Protection,healing,healing,0,16,0
Priest,78,Shadow Magic,27839,Improved Vampiric Embrace,talent-passive,utility,0,16,0
Priest,78,Shadow Magic,27840,Improved Vampiric Embrace,talent-passive,utility,0,16,0
Priest,78,Shadow Magic,28377,Shadowguard,utility-or-rank,utility,0,16,128
Priest,78,Shadow Magic,28378,Shadowguard,utility-or-rank,utility,0,16,128
Priest,78,Shadow Magic,28379,Shadowguard,utility-or-rank,utility,0,16,128
Priest,78,Shadow Magic,28380,Shadowguard,utility-or-rank,utility,0,16,128
Priest,78,Shadow Magic,28381,Shadowguard,utility-or-rank,utility,0,16,128
Priest,78,Shadow Magic,28382,Shadowguard,utility-or-rank,utility,0,16,128
Priest,78,Shadow Magic,28385,Shadowguard,utility-or-rank,utility,0,16,128
Priest,78,Shadow Magic,32379,Shadow Word: Death,damage,single-target,0,16,0
Priest,78,Shadow Magic,32996,Shadow Word: Death,damage,single-target,0,16,0
Priest,78,Shadow Magic,33191,Misery,utility-or-rank,utility,0,16,0
Priest,78,Shadow Magic,33192,Misery,utility-or-rank,utility,0,16,0
Priest,78,Shadow Magic,33193,Misery,utility-or-rank,utility,0,16,0
Priest,78,Shadow Magic,33194,Misery,utility-or-rank,utility,0,16,0
Priest,78,Shadow Magic,33195,Misery,utility-or-rank,utility,0,16,0
Priest,78,Shadow Magic,33196,Misery,utility-or-rank,utility,0,16,0
Priest,78,Shadow Magic,33197,Misery,utility-or-rank,utility,0,16,0
Priest,78,Shadow Magic,33198,Misery,utility-or-rank,utility,0,16,0
Priest,78,Shadow Magic,33199,Misery,utility-or-rank,utility,0,16,0
Priest,78,Shadow Magic,33200,Misery,utility-or-rank,utility,0,16,0
Priest,78,Shadow Magic,33213,Focused Mind,damage,single-target,0,16,0
Priest,78,Shadow Magic,33214,Focused Mind,damage,single-target,0,16,0
Priest,78,Shadow Magic,33215,Focused Mind,damage,single-target,0,16,0
Priest,78,Shadow Magic,33221,Shadow Power,talent-passive,utility,0,16,0
Priest,78,Shadow Magic,33222,Shadow Power,talent-passive,utility,0,16,0
Priest,78,Shadow Magic,33223,Shadow Power,talent-passive,utility,0,16,0
Priest,78,Shadow Magic,33224,Shadow Power,talent-passive,utility,0,16,0
Priest,78,Shadow Magic,33225,Shadow Power,talent-passive,utility,0,16,0
Priest,78,Shadow Magic,33371,Shadow Resilience,utility-or-rank,utility,0,16,0
Priest,78,Shadow Magic,34433,Shadowfiend,utility-or-rank,utility,0,16,0
Priest,78,Shadow Magic,34914,Vampiric Touch,utility-or-rank,utility,0,16,0
Priest,78,Shadow Magic,34916,Vampiric Touch,utility-or-rank,utility,0,16,0
Priest,78,Shadow Magic,34917,Vampiric Touch,utility-or-rank,utility,0,16,0
Priest,78,Shadow Magic,34919,Vampiric Touch,utility-or-rank,utility,0,16,0
Priest,78,Shadow Magic,39374,Prayer of Shadow Protection,healing,healing,0,16,0
Priest,613,Discipline,17,Power Word: Shield,healing,healing,0,16,0
Priest,613,Discipline,527,Dispel Magic,utility-or-rank,dispel-cleanse,0,16,0
Priest,613,Discipline,588,Inner Fire,utility-or-rank,utility,0,16,0
Priest,613,Discipline,592,Power Word: Shield,healing,healing,0,16,0
Priest,613,Discipline,600,Power Word: Shield,healing,healing,0,16,0
Priest,613,Discipline,602,Inner Fire,utility-or-rank,utility,0,16,0
Priest,613,Discipline,988,Dispel Magic,utility-or-rank,dispel-cleanse,0,16,0
Priest,613,Discipline,1006,Inner Fire,utility-or-rank,utility,0,16,0
Priest,613,Discipline,1243,Power Word: Fortitude,talent-passive,utility,0,16,0
Priest,613,Discipline,1244,Power Word: Fortitude,talent-passive,utility,0,16,0
Priest,613,Discipline,1245,Power Word: Fortitude,talent-passive,utility,0,16,0
Priest,613,Discipline,1706,Levitate,utility-or-rank,utility,0,16,0
Priest,613,Discipline,2651,Elune's Grace,utility-or-rank,utility,0,16,8
Priest,613,Discipline,2791,Power Word: Fortitude,talent-passive,utility,0,16,0
Priest,613,Discipline,3747,Power Word: Shield,healing,healing,0,16,0
Priest,613,Discipline,6065,Power Word: Shield,healing,healing,0,16,0
Priest,613,Discipline,6066,Power Word: Shield,healing,healing,0,16,0
Priest,613,Discipline,6346,Fear Ward,pvp-control,pvp,0,16,0
Priest,613,Discipline,7128,Inner Fire,utility-or-rank,utility,0,16,0
Priest,613,Discipline,8129,Mana Burn,pvp-control,pvp,0,16,0
Priest,613,Discipline,8131,Mana Burn,pvp-control,pvp,0,16,0
Priest,613,Discipline,9484,Shackle Undead,utility-or-rank,utility,0,16,0
Priest,613,Discipline,9485,Shackle Undead,utility-or-rank,utility,0,16,0
Priest,613,Discipline,10060,Power Infusion,talent-passive,utility,0,16,0
Priest,613,Discipline,10797,Starshards,utility-or-rank,utility,0,16,8
Priest,613,Discipline,10874,Mana Burn,pvp-control,pvp,0,16,0
Priest,613,Discipline,10875,Mana Burn,pvp-control,pvp,0,16,0
Priest,613,Discipline,10876,Mana Burn,pvp-control,pvp,0,16,0
Priest,613,Discipline,10898,Power Word: Shield,healing,healing,0,16,0
Priest,613,Discipline,10899,Power Word: Shield,healing,healing,0,16,0
Priest,613,Discipline,10900,Power Word: Shield,healing,healing,0,16,0
Priest,613,Discipline,10901,Power Word: Shield,healing,healing,0,16,0
Priest,613,Discipline,10937,Power Word: Fortitude,talent-passive,utility,0,16,0
Priest,613,Discipline,10938,Power Word: Fortitude,talent-passive,utility,0,16,0
Priest,613,Discipline,10951,Inner Fire,utility-or-rank,utility,0,16,0
Priest,613,Discipline,10952,Inner Fire,utility-or-rank,utility,0,16,0
Priest,613,Discipline,10955,Shackle Undead,utility-or-rank,utility,0,16,0
Priest,613,Discipline,13896,Feedback,utility-or-rank,utility,0,16,1
Priest,613,Discipline,14520,Mental Agility,utility-or-rank,utility,0,0,0
Priest,613,Discipline,14521,Meditation,utility-or-rank,utility,0,0,0
Priest,613,Discipline,14522,Unbreakable Will,utility-or-rank,utility,0,0,0
Priest,613,Discipline,14523,Silent Resolve,utility-or-rank,utility,0,0,0
Priest,613,Discipline,14524,Wand Specialization,talent-passive,utility,0,0,0
Priest,613,Discipline,14525,Wand Specialization,talent-passive,utility,0,0,0
Priest,613,Discipline,14526,Wand Specialization,talent-passive,utility,0,0,0
Priest,613,Discipline,14527,Wand Specialization,talent-passive,utility,0,0,0
Priest,613,Discipline,14528,Wand Specialization,talent-passive,utility,0,0,0
Priest,613,Discipline,14531,Martyrdom,utility-or-rank,utility,0,16,0
Priest,613,Discipline,14743,Focused Casting,talent-passive,utility,0,16,0
Priest,613,Discipline,14747,Improved Inner Fire,talent-passive,utility,0,0,0
Priest,613,Discipline,14748,Improved Power Word: Shield,healing,healing,0,0,0
Priest,613,Discipline,14749,Improved Power Word: Fortitude,talent-passive,utility,0,0,0
Priest,613,Discipline,14750,Improved Mana Burn,pvp-control,pvp,0,0,0
Priest,613,Discipline,14751,Inner Focus,talent-passive,utility,0,0,0
Priest,613,Discipline,14752,Divine Spirit,utility-or-rank,utility,0,16,0
Priest,613,Discipline,14767,Improved Power Word: Fortitude,talent-passive,utility,0,0,0
Priest,613,Discipline,14768,Improved Power Word: Shield,healing,healing,0,0,0
Priest,613,Discipline,14769,Improved Power Word: Shield,healing,healing,0,0,0
Priest,613,Discipline,14770,Improved Inner Fire,talent-passive,utility,0,0,0
Priest,613,Discipline,14771,Improved Inner Fire,talent-passive,utility,0,0,0
Priest,613,Discipline,14772,Improved Mana Burn,pvp-control,pvp,0,0,0
Priest,613,Discipline,14774,Martyrdom,utility-or-rank,utility,0,16,0
Priest,613,Discipline,14776,Meditation,utility-or-rank,utility,0,0,0
Priest,613,Discipline,14777,Meditation,utility-or-rank,utility,0,0,0
Priest,613,Discipline,14780,Mental Agility,utility-or-rank,utility,0,0,0
Priest,613,Discipline,14781,Mental Agility,utility-or-rank,utility,0,0,0
Priest,613,Discipline,14782,Mental Agility,utility-or-rank,utility,0,0,0
Priest,613,Discipline,14783,Mental Agility,utility-or-rank,utility,0,0,0
Priest,613,Discipline,14784,Silent Resolve,utility-or-rank,utility,0,0,0
Priest,613,Discipline,14785,Silent Resolve,utility-or-rank,utility,0,0,0
Priest,613,Discipline,14786,Silent Resolve,utility-or-rank,utility,0,0,0
Priest,613,Discipline,14787,Silent Resolve,utility-or-rank,utility,0,0,0
Priest,613,Discipline,14788,Unbreakable Will,utility-or-rank,utility,0,0,0
Priest,613,Discipline,14789,Unbreakable Will,utility-or-rank,utility,0,0,0
Priest,613,Discipline,14790,Unbreakable Will,utility-or-rank,utility,0,0,0
Priest,613,Discipline,14791,Unbreakable Will,utility-or-rank,utility,0,0,0
Priest,613,Discipline,14818,Divine Spirit,utility-or-rank,utility,0,16,0
Priest,613,Discipline,14819,Divine Spirit,utility-or-rank,utility,0,16,0
Priest,613,Discipline,18544,Force of Will,utility-or-rank,utility,0,0,0
Priest,613,Discipline,18547,Force of Will,utility-or-rank,utility,0,0,0
Priest,613,Discipline,18548,Force of Will,utility-or-rank,utility,0,0,0
Priest,613,Discipline,18549,Force of Will,utility-or-rank,utility,0,0,0
Priest,613,Discipline,18550,Force of Will,utility-or-rank,utility,0,0,0
Priest,613,Discipline,18551,Mental Strength,utility-or-rank,utility,0,0,0
Priest,613,Discipline,18552,Mental Strength,utility-or-rank,utility,0,0,0
Priest,613,Discipline,18553,Mental Strength,utility-or-rank,utility,0,0,0
Priest,613,Discipline,18554,Mental Strength,utility-or-rank,utility,0,0,0
Priest,613,Discipline,18555,Mental Strength,utility-or-rank,utility,0,0,0
Priest,613,Discipline,19271,Feedback,utility-or-rank,utility,0,16,1
Priest,613,Discipline,19273,Feedback,utility-or-rank,utility,0,16,1
Priest,613,Discipline,19274,Feedback,utility-or-rank,utility,0,16,1
Priest,613,Discipline,19275,Feedback,utility-or-rank,utility,0,16,1
Priest,613,Discipline,19296,Starshards,utility-or-rank,utility,0,16,8
Priest,613,Discipline,19299,Starshards,utility-or-rank,utility,0,16,8
Priest,613,Discipline,19302,Starshards,utility-or-rank,utility,0,16,8
Priest,613,Discipline,19303,Starshards,utility-or-rank,utility,0,16,8
Priest,613,Discipline,19304,Starshards,utility-or-rank,utility,0,16,8
Priest,613,Discipline,19305,Starshards,utility-or-rank,utility,0,16,8
Priest,613,Discipline,21562,Prayer of Fortitude,healing,healing,0,16,0
Priest,613,Discipline,21564,Prayer of Fortitude,healing,healing,0,16,0
Priest,613,Discipline,25217,Power Word: Shield,healing,healing,0,16,0
Priest,613,Discipline,25218,Power Word: Shield,healing,healing,0,16,0
Priest,613,Discipline,25312,Divine Spirit,utility-or-rank,utility,0,16,0
Priest,613,Discipline,25379,Mana Burn,pvp-control,pvp,0,16,0
Priest,613,Discipline,25380,Mana Burn,pvp-control,pvp,0,16,0
Priest,613,Discipline,25389,Power Word: Fortitude,talent-passive,utility,0,16,0
Priest,613,Discipline,25392,Prayer of Fortitude,healing,healing,0,16,0
Priest,613,Discipline,25431,Inner Fire,utility-or-rank,utility,0,16,0
Priest,613,Discipline,25441,Feedback,utility-or-rank,utility,0,16,1
Priest,613,Discipline,25446,Starshards,utility-or-rank,utility,0,16,8
Priest,613,Discipline,27681,Prayer of Spirit,healing,healing,0,16,0
Priest,613,Discipline,27828,Focused Casting,talent-passive,utility,0,16,0
Priest,613,Discipline,27841,Divine Spirit,utility-or-rank,utility,0,16,0
Priest,613,Discipline,32375,Mass Dispel,utility-or-rank,dispel-cleanse,0,16,0
Priest,613,Discipline,32548,Symbol of Hope,utility-or-rank,utility,0,16,1024
Priest,613,Discipline,32676,Consume Magic,utility-or-rank,utility,0,16,512
Priest,613,Discipline,32999,Prayer of Spirit,healing,healing,0,16,0
Priest,613,Discipline,33167,Absolution,utility-or-rank,utility,0,16,0
Priest,613,Discipline,33171,Absolution,utility-or-rank,utility,0,16,0
Priest,613,Discipline,33172,Absolution,utility-or-rank,utility,0,16,0
Priest,613,Discipline,33174,Improved Divine Spirit,talent-passive,utility,0,16,0
Priest,613,Discipline,33182,Improved Divine Spirit,talent-passive,utility,0,16,0
Priest,613,Discipline,33186,Focused Power,talent-passive,utility,0,16,0
Priest,613,Discipline,33190,Focused Power,talent-passive,utility,0,16,0
Priest,613,Discipline,33201,Reflective Shield,healing,healing,0,16,0
Priest,613,Discipline,33202,Reflective Shield,healing,healing,0,16,0
Priest,613,Discipline,33203,Reflective Shield,healing,healing,0,16,0
Priest,613,Discipline,33204,Reflective Shield,healing,healing,0,16,0
Priest,613,Discipline,33205,Reflective Shield,healing,healing,0,16,0
Priest,613,Discipline,33206,Pain Suppression,utility-or-rank,utility,0,16,0
Priest,613,Discipline,34908,Enlightenment,utility-or-rank,utility,0,16,0
Priest,613,Discipline,34909,Enlightenment,utility-or-rank,utility,0,16,0
Priest,613,Discipline,34910,Enlightenment,utility-or-rank,utility,0,16,0
Priest,613,Discipline,34911,Enlightenment,utility-or-rank,utility,0,16,0
Priest,613,Discipline,34912,Enlightenment,utility-or-rank,utility,0,16,0
Priest,613,Discipline,44416,Pain Suppression,utility-or-rank,utility,0,16,0
Priest,613,Discipline,45234,Focused Will,talent-passive,utility,0,16,0
Priest,613,Discipline,45237,Focused Will,talent-passive,utility,0,16,0
Priest,613,Discipline,45241,Focused Will,talent-passive,utility,0,16,0
Priest,613,Discipline,45242,Focused Will,talent-passive,utility,0,16,0
Priest,613,Discipline,45243,Focused Will,talent-passive,utility,0,16,0
Priest,613,Discipline,45244,Focused Will,talent-passive,utility,0,16,0
Rogue,38,Combat,53,Backstab,utility-or-rank,utility,0,8,0
Rogue,38,Combat,1752,Sinister Strike,damage,single-target,2,8,0
Rogue,38,Combat,1757,Sinister Strike,damage,single-target,0,8,0
Rogue,38,Combat,1758,Sinister Strike,damage,single-target,0,8,0
Rogue,38,Combat,1759,Sinister Strike,damage,single-target,0,8,0
Rogue,38,Combat,1760,Sinister Strike,damage,single-target,0,8,0
Rogue,38,Combat,1766,Kick,utility-or-rank,utility,0,8,0
Rogue,38,Combat,1767,Kick,utility-or-rank,utility,0,8,0
Rogue,38,Combat,1768,Kick,utility-or-rank,utility,0,8,0
Rogue,38,Combat,1769,Kick,utility-or-rank,utility,0,8,0
Rogue,38,Combat,1776,Gouge,utility-or-rank,utility,0,8,0
Rogue,38,Combat,1777,Gouge,utility-or-rank,utility,0,8,0
Rogue,38,Combat,1966,Feint,utility-or-rank,utility,0,8,0
Rogue,38,Combat,2589,Backstab,utility-or-rank,utility,0,8,0
Rogue,38,Combat,2590,Backstab,utility-or-rank,utility,0,8,0
Rogue,38,Combat,2591,Backstab,utility-or-rank,utility,0,8,0
Rogue,38,Combat,2983,Sprint,utility-or-rank,utility,0,8,0
Rogue,38,Combat,5277,Evasion,utility-or-rank,utility,0,8,0
Rogue,38,Combat,5938,Shiv,utility-or-rank,utility,0,8,0
Rogue,38,Combat,6768,Feint,utility-or-rank,utility,0,8,0
Rogue,38,Combat,8621,Sinister Strike,damage,single-target,0,8,0
Rogue,38,Combat,8629,Gouge,utility-or-rank,utility,0,8,0
Rogue,38,Combat,8637,Feint,utility-or-rank,utility,0,8,0
Rogue,38,Combat,8696,Sprint,utility-or-rank,utility,0,8,0
Rogue,38,Combat,8721,Backstab,utility-or-rank,utility,0,8,0
Rogue,38,Combat,11279,Backstab,utility-or-rank,utility,0,8,0
Rogue,38,Combat,11280,Backstab,utility-or-rank,utility,0,8,0
Rogue,38,Combat,11281,Backstab,utility-or-rank,utility,0,8,0
Rogue,38,Combat,11285,Gouge,utility-or-rank,utility,0,8,0
Rogue,38,Combat,11286,Gouge,utility-or-rank,utility,0,8,0
Rogue,38,Combat,11293,Sinister Strike,damage,single-target,0,8,0
Rogue,38,Combat,11294,Sinister Strike,damage,single-target,0,8,0
Rogue,38,Combat,11303,Feint,utility-or-rank,utility,0,8,0
Rogue,38,Combat,11305,Sprint,utility-or-rank,utility,0,8,0
Rogue,38,Combat,13705,Precision,talent-passive,utility,0,0,0
Rogue,38,Combat,13706,Dagger Specialization,talent-passive,utility,0,0,0
Rogue,38,Combat,13706,Dagger Specialization,talent-passive,utility,0,0,0
Rogue,38,Combat,13707,Fist Weapon Specialization,talent-passive,utility,0,0,0
Rogue,38,Combat,13709,Mace Specialization,talent-passive,utility,0,0,0
Rogue,38,Combat,13712,Lightning Reflexes,utility-or-rank,utility,0,0,0
Rogue,38,Combat,13713,Deflection,utility-or-rank,utility,0,0,0
Rogue,38,Combat,13715,Dual Wield Specialization,talent-passive,utility,0,0,0
Rogue,38,Combat,13732,Improved Sinister Strike,damage,single-target,0,0,0
Rogue,38,Combat,13733,Puncturing Wounds,utility-or-rank,utility,0,0,0
Rogue,38,Combat,13741,Improved Gouge,talent-passive,utility,0,0,0
Rogue,38,Combat,13742,Endurance,utility-or-rank,utility,0,0,0
Rogue,38,Combat,13743,Improved Sprint,talent-passive,utility,0,0,0
Rogue,38,Combat,13750,Adrenaline Rush,utility-or-rank,utility,0,0,0
Rogue,38,Combat,13754,Improved Kick,talent-passive,utility,0,0,0
Rogue,38,Combat,13788,Lightning Reflexes,utility-or-rank,utility,0,0,0
Rogue,38,Combat,13789,Lightning Reflexes,utility-or-rank,utility,0,0,0
Rogue,38,Combat,13790,Lightning Reflexes,utility-or-rank,utility,0,0,0
Rogue,38,Combat,13791,Lightning Reflexes,utility-or-rank,utility,0,0,0
Rogue,38,Combat,13792,Improved Gouge,talent-passive,utility,0,0,0
Rogue,38,Combat,13793,Improved Gouge,talent-passive,utility,0,0,0
Rogue,38,Combat,13800,Mace Specialization,talent-passive,utility,0,0,0
Rogue,38,Combat,13801,Mace Specialization,talent-passive,utility,0,0,0
Rogue,38,Combat,13802,Mace Specialization,talent-passive,utility,0,0,0
Rogue,38,Combat,13803,Mace Specialization,talent-passive,utility,0,0,0
Rogue,38,Combat,13804,Dagger Specialization,talent-passive,utility,0,0,0
Rogue,38,Combat,13805,Dagger Specialization,talent-passive,utility,0,0,0
Rogue,38,Combat,13806,Dagger Specialization,talent-passive,utility,0,0,0
Rogue,38,Combat,13807,Dagger Specialization,talent-passive,utility,0,0,0
Rogue,38,Combat,13832,Precision,talent-passive,utility,0,0,0
Rogue,38,Combat,13843,Precision,talent-passive,utility,0,0,0
Rogue,38,Combat,13844,Precision,talent-passive,utility,0,0,0
Rogue,38,Combat,13845,Precision,talent-passive,utility,0,0,0
Rogue,38,Combat,13848,Dual Wield Specialization,talent-passive,utility,0,0,0
Rogue,38,Combat,13849,Dual Wield Specialization,talent-passive,utility,0,0,0
Rogue,38,Combat,13851,Dual Wield Specialization,talent-passive,utility,0,0,0
Rogue,38,Combat,13852,Dual Wield Specialization,talent-passive,utility,0,0,0
Rogue,38,Combat,13853,Deflection,utility-or-rank,utility,0,0,0
Rogue,38,Combat,13854,Deflection,utility-or-rank,utility,0,0,0
Rogue,38,Combat,13855,Deflection,utility-or-rank,utility,0,0,0
Rogue,38,Combat,13856,Deflection,utility-or-rank,utility,0,0,0
Rogue,38,Combat,13863,Improved Sinister Strike,damage,single-target,0,0,0
Rogue,38,Combat,13865,Puncturing Wounds,utility-or-rank,utility,0,0,0
Rogue,38,Combat,13866,Puncturing Wounds,utility-or-rank,utility,0,0,0
Rogue,38,Combat,13867,Improved Kick,talent-passive,utility,0,0,0
Rogue,38,Combat,13872,Endurance,utility-or-rank,utility,0,0,0
Rogue,38,Combat,13875,Improved Sprint,talent-passive,utility,0,0,0
Rogue,38,Combat,13877,Blade Flurry,utility-or-rank,utility,0,0,0
Rogue,38,Combat,13960,Sword Specialization,talent-passive,utility,0,0,0
Rogue,38,Combat,13961,Sword Specialization,talent-passive,utility,0,0,0
Rogue,38,Combat,13962,Sword Specialization,talent-passive,utility,0,0,0
Rogue,38,Combat,13963,Sword Specialization,talent-passive,utility,0,0,0
Rogue,38,Combat,13964,Sword Specialization,talent-passive,utility,0,0,0
Rogue,38,Combat,13966,Fist Weapon Specialization,talent-passive,utility,0,0,0
Rogue,38,Combat,13967,Fist Weapon Specialization,talent-passive,utility,0,0,0
Rogue,38,Combat,13968,Fist Weapon Specialization,talent-passive,utility,0,0,0
Rogue,38,Combat,13969,Fist Weapon Specialization,talent-passive,utility,0,0,0
Rogue,38,Combat,14251,Riposte,utility-or-rank,utility,0,0,0
Rogue,38,Combat,18427,Aggression,utility-or-rank,utility,0,0,0
Rogue,38,Combat,18428,Aggression,utility-or-rank,utility,0,0,0
Rogue,38,Combat,18429,Aggression,utility-or-rank,utility,0,0,0
Rogue,38,Combat,21184,Rogue Passive (DND),utility-or-rank,utility,2,8,0
Rogue,38,Combat,25300,Backstab,utility-or-rank,utility,0,8,0
Rogue,38,Combat,25302,Feint,utility-or-rank,utility,0,8,0
Rogue,38,Combat,26669,Evasion,utility-or-rank,utility,0,8,0
Rogue,38,Combat,26861,Sinister Strike,damage,single-target,0,8,0
Rogue,38,Combat,26862,Sinister Strike,damage,single-target,0,8,0
Rogue,38,Combat,26863,Backstab,utility-or-rank,utility,0,8,0
Rogue,38,Combat,27448,Feint,utility-or-rank,utility,0,8,0
Rogue,38,Combat,30919,Weapon Expertise,utility-or-rank,utility,0,0,0
Rogue,38,Combat,30920,Weapon Expertise,utility-or-rank,utility,0,0,0
Rogue,38,Combat,31122,Vitality,utility-or-rank,utility,0,8,0
Rogue,38,Combat,31123,Vitality,utility-or-rank,utility,0,8,0
Rogue,38,Combat,31124,Blade Twisting,utility-or-rank,utility,0,8,0
Rogue,38,Combat,31125,Dazed,utility-or-rank,utility,0,8,0
Rogue,38,Combat,31126,Blade Twisting,utility-or-rank,utility,0,8,0
Rogue,38,Combat,31130,Nerves of Steel,utility-or-rank,utility,0,8,0
Rogue,38,Combat,31131,Nerves of Steel,utility-or-rank,utility,0,8,0
Rogue,38,Combat,32601,Surprise Attacks,utility-or-rank,utility,0,8,0
Rogue,38,Combat,35541,Combat Potency,utility-or-rank,utility,0,8,0
Rogue,38,Combat,35550,Combat Potency,utility-or-rank,utility,0,8,0
Rogue,38,Combat,35551,Combat Potency,utility-or-rank,utility,0,8,0
Rogue,38,Combat,35552,Combat Potency,utility-or-rank,utility,0,8,0
Rogue,38,Combat,35553,Combat Potency,utility-or-rank,utility,0,8,0
Rogue,38,Combat,38764,Gouge,utility-or-rank,utility,0,8,0
Rogue,38,Combat,38768,Kick,utility-or-rank,utility,0,8,0
Rogue,39,Subtlety,921,Pick Pocket,utility-or-rank,utility,0,8,0
Rogue,39,Subtlety,1725,Distract,utility-or-rank,utility,0,8,0
Rogue,39,Subtlety,1784,Stealth,utility-or-rank,utility,0,8,0
Rogue,39,Subtlety,1785,Stealth,utility-or-rank,utility,0,8,0
Rogue,39,Subtlety,1786,Stealth,utility-or-rank,utility,0,8,0
Rogue,39,Subtlety,1787,Stealth,utility-or-rank,utility,0,8,0
Rogue,39,Subtlety,1842,Disarm Trap,pvp-control,pvp,0,8,0
Rogue,39,Subtlety,1856,Vanish,utility-or-rank,utility,0,8,0
Rogue,39,Subtlety,1857,Vanish,utility-or-rank,utility,0,8,0
Rogue,39,Subtlety,1860,Safe Fall,utility-or-rank,utility,0,8,0
Rogue,39,Subtlety,2070,Sap,pvp-control,pvp,0,8,0
Rogue,39,Subtlety,2094,Blind,pvp-control,pvp,0,8,0
Rogue,39,Subtlety,2836,Detect Traps,pvp-control,pvp,0,8,0
Rogue,39,Subtlety,6770,Sap,pvp-control,pvp,0,8,0
Rogue,39,Subtlety,11297,Sap,pvp-control,pvp,0,8,0
Rogue,39,Subtlety,13958,Master of Deception,utility-or-rank,utility,0,0,0
Rogue,39,Subtlety,13970,Master of Deception,utility-or-rank,utility,0,0,0
Rogue,39,Subtlety,13971,Master of Deception,utility-or-rank,utility,0,0,0
Rogue,39,Subtlety,13972,Master of Deception,utility-or-rank,utility,0,0,0
Rogue,39,Subtlety,13973,Master of Deception,utility-or-rank,utility,0,0,0
Rogue,39,Subtlety,13975,Camouflage,utility-or-rank,utility,0,0,0
Rogue,39,Subtlety,13976,Initiative,utility-or-rank,utility,0,0,0
Rogue,39,Subtlety,13977,Initiative,utility-or-rank,utility,0,0,0
Rogue,39,Subtlety,13979,Initiative,utility-or-rank,utility,0,0,0
Rogue,39,Subtlety,13980,Initiative,utility-or-rank,utility,0,0,0
Rogue,39,Subtlety,13981,Elusiveness,utility-or-rank,utility,0,0,0
Rogue,39,Subtlety,13983,Setup,utility-or-rank,utility,0,0,0
Rogue,39,Subtlety,14057,Opportunity,utility-or-rank,utility,0,0,0
Rogue,39,Subtlety,14062,Camouflage,utility-or-rank,utility,0,0,0
Rogue,39,Subtlety,14063,Camouflage,utility-or-rank,utility,0,0,0
Rogue,39,Subtlety,14064,Camouflage,utility-or-rank,utility,0,0,0
Rogue,39,Subtlety,14065,Camouflage,utility-or-rank,utility,0,0,0
Rogue,39,Subtlety,14066,Elusiveness,utility-or-rank,utility,0,0,0
Rogue,39,Subtlety,14070,Setup,utility-or-rank,utility,0,0,0
Rogue,39,Subtlety,14071,Setup,utility-or-rank,utility,0,0,0
Rogue,39,Subtlety,14072,Opportunity,utility-or-rank,utility,0,0,0
Rogue,39,Subtlety,14073,Opportunity,utility-or-rank,utility,0,0,0
Rogue,39,Subtlety,14074,Opportunity,utility-or-rank,utility,0,0,0
Rogue,39,Subtlety,14075,Opportunity,utility-or-rank,utility,0,0,0
Rogue,39,Subtlety,14076,Dirty Tricks,utility-or-rank,utility,0,0,0
Rogue,39,Subtlety,14079,Improved Ambush,talent-passive,utility,0,0,0
Rogue,39,Subtlety,14080,Improved Ambush,talent-passive,utility,0,0,0
Rogue,39,Subtlety,14081,Improved Ambush,talent-passive,utility,0,0,0
Rogue,39,Subtlety,14082,Dirty Deeds,utility-or-rank,utility,0,0,0
Rogue,39,Subtlety,14083,Dirty Deeds,utility-or-rank,utility,0,0,0
Rogue,39,Subtlety,14093,Vanished,utility-or-rank,utility,0,0,0
Rogue,39,Subtlety,14094,Dirty Tricks,utility-or-rank,utility,0,0,0
Rogue,39,Subtlety,14171,Serrated Blades,utility-or-rank,utility,0,0,0
Rogue,39,Subtlety,14172,Serrated Blades,utility-or-rank,utility,0,0,0
Rogue,39,Subtlety,14173,Serrated Blades,utility-or-rank,utility,0,0,0
Rogue,39,Subtlety,14183,Premeditation,utility-or-rank,utility,0,0,0
Rogue,39,Subtlety,14185,Preparation,utility-or-rank,utility,0,0,0
Rogue,39,Subtlety,14278,Ghostly Strike,damage,single-target,0,8,0
Rogue,39,Subtlety,16511,Hemorrhage,utility-or-rank,utility,0,8,0
Rogue,39,Subtlety,17347,Hemorrhage,utility-or-rank,utility,0,8,0
Rogue,39,Subtlety,17348,Hemorrhage,utility-or-rank,utility,0,8,0
Rogue,39,Subtlety,24224,Intuition,utility-or-rank,utility,0,0,0
Rogue,39,Subtlety,26864,Hemorrhage,utility-or-rank,utility,0,8,0
Rogue,39,Subtlety,26889,Vanish,utility-or-rank,utility,0,8,0
Rogue,39,Subtlety,27095,Intuition,utility-or-rank,utility,0,0,0
Rogue,39,Subtlety,27096,Intuition,utility-or-rank,utility,0,0,0
Rogue,39,Subtlety,27097,Intuition,utility-or-rank,utility,0,0,0
Rogue,39,Subtlety,27099,Intuition,utility-or-rank,utility,0,0,0
Rogue,39,Subtlety,30892,Sleight of Hand,utility-or-rank,utility,0,0,0
Rogue,39,Subtlety,30893,Sleight of Hand,utility-or-rank,utility,0,0,0
Rogue,39,Subtlety,30894,Heightened Senses,utility-or-rank,utility,0,0,0
Rogue,39,Subtlety,30895,Heightened Senses,utility-or-rank,utility,0,0,0
Rogue,39,Subtlety,30902,Deadliness,utility-or-rank,utility,0,0,0
Rogue,39,Subtlety,30903,Deadliness,utility-or-rank,utility,0,0,0
Rogue,39,Subtlety,30904,Deadliness,utility-or-rank,utility,0,0,0
Rogue,39,Subtlety,30905,Deadliness,utility-or-rank,utility,0,0,0
Rogue,39,Subtlety,30906,Deadliness,utility-or-rank,utility,0,0,0
Rogue,39,Subtlety,31211,Enveloping Shadows,utility-or-rank,utility,0,8,0
Rogue,39,Subtlety,31212,Enveloping Shadows,utility-or-rank,utility,0,8,0
Rogue,39,Subtlety,31213,Enveloping Shadows,utility-or-rank,utility,0,8,0
Rogue,39,Subtlety,31216,Sinister Calling,damage,single-target,0,8,0
Rogue,39,Subtlety,31217,Sinister Calling,damage,single-target,0,8,0
Rogue,39,Subtlety,31218,Sinister Calling,damage,single-target,0,8,0
Rogue,39,Subtlety,31219,Sinister Calling,damage,single-target,0,8,0
Rogue,39,Subtlety,31220,Sinister Calling,damage,single-target,0,8,0
Rogue,39,Subtlety,31221,Master of Subtlety,talent-passive,utility,0,8,0
Rogue,39,Subtlety,31222,Master of Subtlety,talent-passive,utility,0,8,0
Rogue,39,Subtlety,31223,Master of Subtlety,talent-passive,utility,0,8,0
Rogue,39,Subtlety,31224,Cloak of Shadows,utility-or-rank,utility,0,8,0
Rogue,39,Subtlety,31228,Cheat Death,utility-or-rank,utility,0,8,0
Rogue,39,Subtlety,31229,Cheat Death,utility-or-rank,utility,0,8,0
Rogue,39,Subtlety,31230,Cheat Death,utility-or-rank,utility,0,8,0
Rogue,39,Subtlety,36554,Shadowstep,utility-or-rank,utility,0,8,0
Rogue,40,Poisons,2835,Deadly Poison,utility-or-rank,dispel-cleanse;state-maintenance,0,8,0
Rogue,40,Poisons,2837,Deadly Poison II,utility-or-rank,dispel-cleanse;state-maintenance,0,8,0
Rogue,40,Poisons,2842,Poisons,utility-or-rank,dispel-cleanse;state-maintenance,0,8,0
Rogue,40,Poisons,3420,Crippling Poison,utility-or-rank,dispel-cleanse;state-maintenance,0,8,0
Rogue,40,Poisons,3421,Crippling Poison II,utility-or-rank,dispel-cleanse;state-maintenance,0,8,0
Rogue,40,Poisons,5763,Mind-numbing Poison,damage,single-target;dispel-cleanse;state-maintenance,0,8,0
Rogue,40,Poisons,8681,Instant Poison,utility-or-rank,dispel-cleanse;state-maintenance,1,8,0
Rogue,40,Poisons,8687,Instant Poison II,utility-or-rank,dispel-cleanse;state-maintenance,0,8,0
Rogue,40,Poisons,8691,Instant Poison III,utility-or-rank,dispel-cleanse;state-maintenance,0,8,0
Rogue,40,Poisons,8694,Mind-numbing Poison II,damage,single-target;dispel-cleanse;state-maintenance,0,8,0
Rogue,40,Poisons,11341,Instant Poison IV,utility-or-rank,dispel-cleanse;state-maintenance,0,8,0
Rogue,40,Poisons,11342,Instant Poison V,utility-or-rank,dispel-cleanse;state-maintenance,0,8,0
Rogue,40,Poisons,11343,Instant Poison VI,utility-or-rank,dispel-cleanse;state-maintenance,0,8,0
Rogue,40,Poisons,11357,Deadly Poison III,utility-or-rank,dispel-cleanse;state-maintenance,0,8,0
Rogue,40,Poisons,11358,Deadly Poison IV,utility-or-rank,dispel-cleanse;state-maintenance,0,8,0
Rogue,40,Poisons,11400,Mind-numbing Poison III,damage,single-target;dispel-cleanse;state-maintenance,0,8,0
Rogue,40,Poisons,13220,Wound Poison,utility-or-rank,dispel-cleanse;state-maintenance,0,8,0
Rogue,40,Poisons,13228,Wound Poison II,utility-or-rank,dispel-cleanse;state-maintenance,0,8,0
Rogue,40,Poisons,13229,Wound Poison III,utility-or-rank,dispel-cleanse;state-maintenance,0,8,0
Rogue,40,Poisons,13230,Wound Poison IV,utility-or-rank,dispel-cleanse;state-maintenance,0,8,0
Rogue,40,Poisons,25347,Deadly Poison V,utility-or-rank,dispel-cleanse;state-maintenance,0,8,0
Rogue,40,Poisons,26786,Anesthetic Poison,utility-or-rank,dispel-cleanse;state-maintenance,0,8,0
Rogue,40,Poisons,26892,Instant Poison VII,utility-or-rank,dispel-cleanse;state-maintenance,0,8,0
Rogue,40,Poisons,26969,Deadly Poison VI,utility-or-rank,dispel-cleanse;state-maintenance,0,8,0
Rogue,40,Poisons,27282,Deadly Poison VII,utility-or-rank,dispel-cleanse;state-maintenance,0,8,0
Rogue,40,Poisons,27283,Wound Poison V,utility-or-rank,dispel-cleanse;state-maintenance,0,8,0
Rogue,253,Assassination,408,Kidney Shot,pvp-control,pvp,0,8,0
Rogue,253,Assassination,703,Garrote,utility-or-rank,utility,0,8,0
Rogue,253,Assassination,1329,Mutilate,utility-or-rank,utility,0,8,0
Rogue,253,Assassination,1833,Cheap Shot,damage,single-target,0,8,0
Rogue,253,Assassination,1943,Rupture,utility-or-rank,utility,0,8,0
Rogue,253,Assassination,2098,Eviscerate,utility-or-rank,utility,2,8,0
Rogue,253,Assassination,5171,Slice and Dice,utility-or-rank,utility,0,8,0
Rogue,253,Assassination,6760,Eviscerate,utility-or-rank,utility,0,8,0
Rogue,253,Assassination,6761,Eviscerate,utility-or-rank,utility,0,8,0
Rogue,253,Assassination,6762,Eviscerate,utility-or-rank,utility,0,8,0
Rogue,253,Assassination,6774,Slice and Dice,utility-or-rank,utility,0,8,0
Rogue,253,Assassination,8623,Eviscerate,utility-or-rank,utility,0,8,0
Rogue,253,Assassination,8624,Eviscerate,utility-or-rank,utility,0,8,0
Rogue,253,Assassination,8631,Garrote,utility-or-rank,utility,0,8,0
Rogue,253,Assassination,8632,Garrote,utility-or-rank,utility,0,8,0
Rogue,253,Assassination,8633,Garrote,utility-or-rank,utility,0,8,0
Rogue,253,Assassination,8639,Rupture,utility-or-rank,utility,0,8,0
Rogue,253,Assassination,8640,Rupture,utility-or-rank,utility,0,8,0
Rogue,253,Assassination,8643,Kidney Shot,pvp-control,pvp,0,8,0
Rogue,253,Assassination,8647,Expose Armor,utility-or-rank,utility,0,8,0
Rogue,253,Assassination,8649,Expose Armor,utility-or-rank,utility,0,8,0
Rogue,253,Assassination,8650,Expose Armor,utility-or-rank,utility,0,8,0
Rogue,253,Assassination,8676,Ambush,utility-or-rank,utility,0,8,0
Rogue,253,Assassination,8724,Ambush,utility-or-rank,utility,0,8,0
Rogue,253,Assassination,8725,Ambush,utility-or-rank,utility,0,8,0
Rogue,253,Assassination,11197,Expose Armor,utility-or-rank,utility,0,8,0
Rogue,253,Assassination,11198,Expose Armor,utility-or-rank,utility,0,8,0
Rogue,253,Assassination,11267,Ambush,utility-or-rank,utility,0,8,0
Rogue,253,Assassination,11268,Ambush,utility-or-rank,utility,0,8,0
Rogue,253,Assassination,11269,Ambush,utility-or-rank,utility,0,8,0
Rogue,253,Assassination,11273,Rupture,utility-or-rank,utility,0,8,0
Rogue,253,Assassination,11274,Rupture,utility-or-rank,utility,0,8,0
Rogue,253,Assassination,11275,Rupture,utility-or-rank,utility,0,8,0
Rogue,253,Assassination,11289,Garrote,utility-or-rank,utility,0,8,0
Rogue,253,Assassination,11290,Garrote,utility-or-rank,utility,0,8,0
Rogue,253,Assassination,11299,Eviscerate,utility-or-rank,utility,0,8,0
Rogue,253,Assassination,11300,Eviscerate,utility-or-rank,utility,0,8,0
Rogue,253,Assassination,14113,Improved Poisons,talent-passive,dispel-cleanse;state-maintenance,0,0,0
Rogue,253,Assassination,14114,Improved Poisons,talent-passive,dispel-cleanse;state-maintenance,0,0,0
Rogue,253,Assassination,14115,Improved Poisons,talent-passive,dispel-cleanse;state-maintenance,0,0,0
Rogue,253,Assassination,14116,Improved Poisons,talent-passive,dispel-cleanse;state-maintenance,0,0,0
Rogue,253,Assassination,14117,Improved Poisons,talent-passive,dispel-cleanse;state-maintenance,0,0,0
Rogue,253,Assassination,14128,Lethality,utility-or-rank,utility,0,0,0
Rogue,253,Assassination,14132,Lethality,utility-or-rank,utility,0,0,0
Rogue,253,Assassination,14135,Lethality,utility-or-rank,utility,0,0,0
Rogue,253,Assassination,14136,Lethality,utility-or-rank,utility,0,0,0
Rogue,253,Assassination,14137,Lethality,utility-or-rank,utility,0,0,0
Rogue,253,Assassination,14138,Malice,utility-or-rank,utility,0,0,0
Rogue,253,Assassination,14139,Malice,utility-or-rank,utility,0,0,0
Rogue,253,Assassination,14140,Malice,utility-or-rank,utility,0,0,0
Rogue,253,Assassination,14141,Malice,utility-or-rank,utility,0,0,0
Rogue,253,Assassination,14142,Malice,utility-or-rank,utility,0,0,0
Rogue,253,Assassination,14144,Remorseless Attacks,utility-or-rank,utility,0,0,0
Rogue,253,Assassination,14148,Remorseless Attacks,utility-or-rank,utility,0,0,0
Rogue,253,Assassination,14156,Ruthlessness,utility-or-rank,utility,0,0,0
Rogue,253,Assassination,14158,Murder,utility-or-rank,utility,0,0,0
Rogue,253,Assassination,14159,Murder,utility-or-rank,utility,0,0,0
Rogue,253,Assassination,14160,Ruthlessness,utility-or-rank,utility,0,0,0
Rogue,253,Assassination,14161,Ruthlessness,utility-or-rank,utility,0,0,0
Rogue,253,Assassination,14162,Improved Eviscerate,talent-passive,utility,0,0,0
Rogue,253,Assassination,14163,Improved Eviscerate,talent-passive,utility,0,0,0
Rogue,253,Assassination,14164,Improved Eviscerate,talent-passive,utility,0,0,0
Rogue,253,Assassination,14165,Improved Slice and Dice,talent-passive,utility,0,0,0
Rogue,253,Assassination,14166,Improved Slice and Dice,talent-passive,utility,0,0,0
Rogue,253,Assassination,14167,Improved Slice and Dice,talent-passive,utility,0,0,0
Rogue,253,Assassination,14168,Improved Expose Armor,talent-passive,utility,0,0,0
Rogue,253,Assassination,14169,Improved Expose Armor,talent-passive,utility,0,0,0
Rogue,253,Assassination,14174,Improved Kidney Shot,pvp-control,pvp,0,0,0
Rogue,253,Assassination,14175,Improved Kidney Shot,pvp-control,pvp,0,0,0
Rogue,253,Assassination,14176,Improved Kidney Shot,pvp-control,pvp,0,0,0
Rogue,253,Assassination,14177,Cold Blood,utility-or-rank,utility,0,0,0
Rogue,253,Assassination,14179,Relentless Strikes,damage,single-target,0,0,0
Rogue,253,Assassination,14186,Seal Fate,damage,single-target;state-maintenance,0,0,0
Rogue,253,Assassination,14190,Seal Fate,damage,single-target;state-maintenance,0,0,0
Rogue,253,Assassination,14193,Seal Fate,damage,single-target;state-maintenance,0,0,0
Rogue,253,Assassination,14194,Seal Fate,damage,single-target;state-maintenance,0,0,0
Rogue,253,Assassination,14195,Seal Fate,damage,single-target;state-maintenance,0,0,0
Rogue,253,Assassination,14983,Vigor,utility-or-rank,utility,0,0,0
Rogue,253,Assassination,16513,Vile Poisons,utility-or-rank,dispel-cleanse;state-maintenance,0,0,0
Rogue,253,Assassination,16514,Vile Poisons,utility-or-rank,dispel-cleanse;state-maintenance,0,0,0
Rogue,253,Assassination,16515,Vile Poisons,utility-or-rank,dispel-cleanse;state-maintenance,0,0,0
Rogue,253,Assassination,16719,Vile Poisons,utility-or-rank,dispel-cleanse;state-maintenance,0,0,0
Rogue,253,Assassination,16720,Vile Poisons,utility-or-rank,dispel-cleanse;state-maintenance,0,0,0
Rogue,253,Assassination,26679,Deadly Throw,utility-or-rank,utility,0,8,0
Rogue,253,Assassination,26839,Garrote,utility-or-rank,utility,0,8,0
Rogue,253,Assassination,26865,Eviscerate,utility-or-rank,utility,0,8,0
Rogue,253,Assassination,26866,Expose Armor,utility-or-rank,utility,0,8,0
Rogue,253,Assassination,26867,Rupture,utility-or-rank,utility,0,8,0
Rogue,253,Assassination,26884,Garrote,utility-or-rank,utility,0,8,0
Rogue,253,Assassination,27441,Ambush,utility-or-rank,utility,0,8,0
Rogue,253,Assassination,31016,Eviscerate,utility-or-rank,utility,0,8,0
Rogue,253,Assassination,31208,Fleet Footed,utility-or-rank,utility,0,8,0
Rogue,253,Assassination,31209,Fleet Footed,utility-or-rank,utility,0,8,0
Rogue,253,Assassination,31226,Master Poisoner,utility-or-rank,dispel-cleanse;state-maintenance,0,8,0
Rogue,253,Assassination,31227,Master Poisoner,utility-or-rank,dispel-cleanse;state-maintenance,0,8,0
Rogue,253,Assassination,31233,Find Weakness,utility-or-rank,utility,0,8,0
Rogue,253,Assassination,31234,Find Weakness,utility-or-rank,utility,0,8,0
Rogue,253,Assassination,31235,Find Weakness,utility-or-rank,utility,0,8,0
Rogue,253,Assassination,31236,Find Weakness,utility-or-rank,utility,0,8,0
Rogue,253,Assassination,31237,Find Weakness,utility-or-rank,utility,0,8,0
Rogue,253,Assassination,31238,Find Weakness,utility-or-rank,utility,0,8,0
Rogue,253,Assassination,31239,Find Weakness,utility-or-rank,utility,0,8,0
Rogue,253,Assassination,31240,Find Weakness,utility-or-rank,utility,0,8,0
Rogue,253,Assassination,31241,Find Weakness,utility-or-rank,utility,0,8,0
Rogue,253,Assassination,31242,Find Weakness,utility-or-rank,utility,0,8,0
Rogue,253,Assassination,31244,Quick Recovery,utility-or-rank,utility,0,8,0
Rogue,253,Assassination,31245,Quick Recovery,utility-or-rank,utility,0,8,0
Rogue,253,Assassination,31380,Deadened Nerves,utility-or-rank,utility,0,8,0
Rogue,253,Assassination,31382,Deadened Nerves,utility-or-rank,utility,0,8,0
Rogue,253,Assassination,31383,Deadened Nerves,utility-or-rank,utility,0,8,0
Rogue,253,Assassination,31384,Deadened Nerves,utility-or-rank,utility,0,8,0
Rogue,253,Assassination,31385,Deadened Nerves,utility-or-rank,utility,0,8,0
Rogue,253,Assassination,32645,Envenom,utility-or-rank,utility,0,8,0
Rogue,253,Assassination,32684,Envenom,utility-or-rank,utility,0,8,0
Rogue,253,Assassination,34411,Mutilate,utility-or-rank,utility,0,8,0
Rogue,253,Assassination,34412,Mutilate,utility-or-rank,utility,0,8,0
Rogue,253,Assassination,34413,Mutilate,utility-or-rank,utility,0,8,0
Rogue,253,Assassination,39967,Envenom,utility-or-rank,utility,0,8,0
Rogue,633,Lockpicking,1804,Pick Lock,utility-or-rank,utility,0,8,0
Shaman,373,Enhancement,131,Water Breathing,utility-or-rank,utility,0,64,0
Shaman,373,Enhancement,324,Lightning Shield,healing,healing,0,64,0
Shaman,373,Enhancement,325,Lightning Shield,healing,healing,0,64,0
Shaman,373,Enhancement,546,Water Walking,utility-or-rank,utility,0,64,0
Shaman,373,Enhancement,556,Astral Recall,utility-or-rank,utility,0,64,0
Shaman,373,Enhancement,905,Lightning Shield,healing,healing,0,64,0
Shaman,373,Enhancement,945,Lightning Shield,healing,healing,0,64,0
Shaman,373,Enhancement,2062,Earth Elemental Totem,utility-or-rank,state-maintenance,0,64,0
Shaman,373,Enhancement,2645,Ghost Wolf,utility-or-rank,utility,0,64,0
Shaman,373,Enhancement,2825,Bloodlust,utility-or-rank,utility,0,64,162
Shaman,373,Enhancement,3738,Wrath of Air Totem,damage,single-target;state-maintenance,0,64,0
Shaman,373,Enhancement,6196,Far Sight,utility-or-rank,utility,0,64,0
Shaman,373,Enhancement,6495,Sentry Totem,utility-or-rank,state-maintenance,0,64,0
Shaman,373,Enhancement,8017,Rockbiter Weapon,utility-or-rank,utility,0,64,0
Shaman,373,Enhancement,8018,Rockbiter Weapon,utility-or-rank,utility,0,64,0
Shaman,373,Enhancement,8019,Rockbiter Weapon,utility-or-rank,utility,0,64,0
Shaman,373,Enhancement,8024,Flametongue Weapon,utility-or-rank,utility,0,64,0
Shaman,373,Enhancement,8027,Flametongue Weapon,utility-or-rank,utility,0,64,0
Shaman,373,Enhancement,8030,Flametongue Weapon,utility-or-rank,utility,0,64,0
Shaman,373,Enhancement,8033,Frostbrand Weapon,utility-or-rank,utility,0,64,0
Shaman,373,Enhancement,8038,Frostbrand Weapon,utility-or-rank,utility,0,64,0
Shaman,373,Enhancement,8071,Stoneskin Totem,utility-or-rank,state-maintenance,0,64,0
Shaman,373,Enhancement,8075,Strength of Earth Totem,utility-or-rank,state-maintenance,0,64,0
Shaman,373,Enhancement,8134,Lightning Shield,healing,healing,0,64,0
Shaman,373,Enhancement,8154,Stoneskin Totem,utility-or-rank,state-maintenance,0,64,0
Shaman,373,Enhancement,8155,Stoneskin Totem,utility-or-rank,state-maintenance,0,64,0
Shaman,373,Enhancement,8160,Strength of Earth Totem,utility-or-rank,state-maintenance,0,64,0
Shaman,373,Enhancement,8161,Strength of Earth Totem,utility-or-rank,state-maintenance,0,64,0
Shaman,373,Enhancement,8177,Grounding Totem,utility-or-rank,state-maintenance,0,64,0
Shaman,373,Enhancement,8181,Frost Resistance Totem,utility-or-rank,state-maintenance,0,64,0
Shaman,373,Enhancement,8184,Fire Resistance Totem,utility-or-rank,state-maintenance,0,64,0
Shaman,373,Enhancement,8227,Flametongue Totem,utility-or-rank,state-maintenance,0,64,0
Shaman,373,Enhancement,8232,Windfury Weapon,talent-passive,utility,0,64,0
Shaman,373,Enhancement,8235,Windfury Weapon,talent-passive,utility,0,64,0
Shaman,373,Enhancement,8249,Flametongue Totem,utility-or-rank,state-maintenance,0,64,0
Shaman,373,Enhancement,8512,Windfury Totem,talent-passive,state-maintenance,0,64,0
Shaman,373,Enhancement,8835,Grace of Air Totem,utility-or-rank,state-maintenance,0,64,0
Shaman,373,Enhancement,10399,Rockbiter Weapon,utility-or-rank,utility,0,64,0
Shaman,373,Enhancement,10406,Stoneskin Totem,utility-or-rank,state-maintenance,0,64,0
Shaman,373,Enhancement,10407,Stoneskin Totem,utility-or-rank,state-maintenance,0,64,0
Shaman,373,Enhancement,10408,Stoneskin Totem,utility-or-rank,state-maintenance,0,64,0
Shaman,373,Enhancement,10431,Lightning Shield,healing,healing,0,64,0
Shaman,373,Enhancement,10432,Lightning Shield,healing,healing,0,64,0
Shaman,373,Enhancement,10442,Strength of Earth Totem,utility-or-rank,state-maintenance,0,64,0
Shaman,373,Enhancement,10456,Frostbrand Weapon,utility-or-rank,utility,0,64,0
Shaman,373,Enhancement,10478,Frost Resistance Totem,utility-or-rank,state-maintenance,0,64,0
Shaman,373,Enhancement,10479,Frost Resistance Totem,utility-or-rank,state-maintenance,0,64,0
Shaman,373,Enhancement,10486,Windfury Weapon,talent-passive,utility,0,64,0
Shaman,373,Enhancement,10526,Flametongue Totem,utility-or-rank,state-maintenance,0,64,0
Shaman,373,Enhancement,10537,Fire Resistance Totem,utility-or-rank,state-maintenance,0,64,0
Shaman,373,Enhancement,10538,Fire Resistance Totem,utility-or-rank,state-maintenance,0,64,0
Shaman,373,Enhancement,10595,Nature Resistance Totem,utility-or-rank,state-maintenance,0,64,0
Shaman,373,Enhancement,10600,Nature Resistance Totem,utility-or-rank,state-maintenance,0,64,0
Shaman,373,Enhancement,10601,Nature Resistance Totem,utility-or-rank,state-maintenance,0,64,0
Shaman,373,Enhancement,10613,Windfury Totem,talent-passive,state-maintenance,0,64,0
Shaman,373,Enhancement,10614,Windfury Totem,talent-passive,state-maintenance,0,64,0
Shaman,373,Enhancement,10627,Grace of Air Totem,utility-or-rank,state-maintenance,0,64,0
Shaman,373,Enhancement,15107,Windwall Totem,utility-or-rank,state-maintenance,0,64,0
Shaman,373,Enhancement,15111,Windwall Totem,utility-or-rank,state-maintenance,0,64,0
Shaman,373,Enhancement,15112,Windwall Totem,utility-or-rank,state-maintenance,0,64,0
Shaman,373,Enhancement,16252,Toughness,utility-or-rank,utility,0,0,0
Shaman,373,Enhancement,16253,Shield Specialization,healing,healing,0,0,0
Shaman,373,Enhancement,16254,Anticipation,utility-or-rank,utility,0,0,0
Shaman,373,Enhancement,16255,Thundering Strikes,damage,single-target,0,0,0
Shaman,373,Enhancement,16256,Flurry,utility-or-rank,utility,0,0,0
Shaman,373,Enhancement,16258,Guardian Totems,utility-or-rank,state-maintenance,0,0,0
Shaman,373,Enhancement,16259,Enhancing Totems,utility-or-rank,state-maintenance,0,0,0
Shaman,373,Enhancement,16261,Improved Lightning Shield,healing,healing,0,0,0
Shaman,373,Enhancement,16262,Improved Ghost Wolf,talent-passive,utility,0,0,0
Shaman,373,Enhancement,16266,Elemental Weapons,utility-or-rank,utility,0,64,0
Shaman,373,Enhancement,16268,Spirit Weapons,utility-or-rank,utility,0,64,0
Shaman,373,Enhancement,16271,Anticipation,utility-or-rank,utility,0,0,0
Shaman,373,Enhancement,16272,Anticipation,utility-or-rank,utility,0,0,0
Shaman,373,Enhancement,16273,Anticipation,utility-or-rank,utility,0,0,0
Shaman,373,Enhancement,16274,Anticipation,utility-or-rank,utility,0,0,0
Shaman,373,Enhancement,16281,Flurry,utility-or-rank,utility,0,0,0
Shaman,373,Enhancement,16282,Flurry,utility-or-rank,utility,0,0,0
Shaman,373,Enhancement,16283,Flurry,utility-or-rank,utility,0,0,0
Shaman,373,Enhancement,16284,Flurry,utility-or-rank,utility,0,0,0
Shaman,373,Enhancement,16287,Improved Ghost Wolf,talent-passive,utility,0,0,0
Shaman,373,Enhancement,16290,Improved Lightning Shield,healing,healing,0,0,0
Shaman,373,Enhancement,16291,Improved Lightning Shield,healing,healing,0,0,0
Shaman,373,Enhancement,16293,Guardian Totems,utility-or-rank,state-maintenance,0,0,0
Shaman,373,Enhancement,16295,Enhancing Totems,utility-or-rank,state-maintenance,0,0,0
Shaman,373,Enhancement,16298,Shield Specialization,healing,healing,0,0,0
Shaman,373,Enhancement,16299,Shield Specialization,healing,healing,0,0,0
Shaman,373,Enhancement,16300,Shield Specialization,healing,healing,0,0,0
Shaman,373,Enhancement,16301,Shield Specialization,healing,healing,0,0,0
Shaman,373,Enhancement,16302,Thundering Strikes,damage,single-target,0,0,0
Shaman,373,Enhancement,16303,Thundering Strikes,damage,single-target,0,0,0
Shaman,373,Enhancement,16304,Thundering Strikes,damage,single-target,0,0,0
Shaman,373,Enhancement,16305,Thundering Strikes,damage,single-target,0,0,0
Shaman,373,Enhancement,16306,Toughness,utility-or-rank,utility,0,0,0
Shaman,373,Enhancement,16307,Toughness,utility-or-rank,utility,0,0,0
Shaman,373,Enhancement,16308,Toughness,utility-or-rank,utility,0,0,0
Shaman,373,Enhancement,16309,Toughness,utility-or-rank,utility,0,0,0
Shaman,373,Enhancement,16314,Rockbiter Weapon,utility-or-rank,utility,0,64,0
Shaman,373,Enhancement,16315,Rockbiter Weapon,utility-or-rank,utility,0,64,0
Shaman,373,Enhancement,16316,Rockbiter Weapon,utility-or-rank,utility,0,64,0
Shaman,373,Enhancement,16339,Flametongue Weapon,utility-or-rank,utility,0,64,0
Shaman,373,Enhancement,16341,Flametongue Weapon,utility-or-rank,utility,0,64,0
Shaman,373,Enhancement,16342,Flametongue Weapon,utility-or-rank,utility,0,64,0
Shaman,373,Enhancement,16355,Frostbrand Weapon,utility-or-rank,utility,0,64,0
Shaman,373,Enhancement,16356,Frostbrand Weapon,utility-or-rank,utility,0,64,0
Shaman,373,Enhancement,16362,Windfury Weapon,talent-passive,utility,0,64,0
Shaman,373,Enhancement,16387,Flametongue Totem,utility-or-rank,state-maintenance,0,64,0
Shaman,373,Enhancement,17364,Stormstrike,damage,single-target,0,64,0
Shaman,373,Enhancement,17485,Ancestral Knowledge,talent-passive,utility,0,0,0
Shaman,373,Enhancement,17486,Ancestral Knowledge,talent-passive,utility,0,0,0
Shaman,373,Enhancement,17487,Ancestral Knowledge,talent-passive,utility,0,0,0
Shaman,373,Enhancement,17488,Ancestral Knowledge,talent-passive,utility,0,0,0
Shaman,373,Enhancement,17489,Ancestral Knowledge,talent-passive,utility,0,0,0
Shaman,373,Enhancement,25359,Grace of Air Totem,utility-or-rank,state-maintenance,0,64,0
Shaman,373,Enhancement,25361,Strength of Earth Totem,utility-or-rank,state-maintenance,0,64,0
Shaman,373,Enhancement,25469,Lightning Shield,healing,healing,0,64,0
Shaman,373,Enhancement,25472,Lightning Shield,healing,healing,0,64,0
Shaman,373,Enhancement,25479,Rockbiter Weapon,utility-or-rank,utility,0,64,0
Shaman,373,Enhancement,25485,Rockbiter Weapon,utility-or-rank,utility,0,64,0
Shaman,373,Enhancement,25489,Flametongue Weapon,utility-or-rank,utility,0,64,0
Shaman,373,Enhancement,25500,Frostbrand Weapon,utility-or-rank,utility,0,64,0
Shaman,373,Enhancement,25505,Windfury Weapon,talent-passive,utility,0,64,0
Shaman,373,Enhancement,25508,Stoneskin Totem,utility-or-rank,state-maintenance,0,64,0
Shaman,373,Enhancement,25509,Stoneskin Totem,utility-or-rank,state-maintenance,0,64,0
Shaman,373,Enhancement,25528,Strength of Earth Totem,utility-or-rank,state-maintenance,0,64,0
Shaman,373,Enhancement,25557,Flametongue Totem,utility-or-rank,state-maintenance,0,64,0
Shaman,373,Enhancement,25560,Frost Resistance Totem,utility-or-rank,state-maintenance,0,64,0
Shaman,373,Enhancement,25563,Fire Resistance Totem,utility-or-rank,state-maintenance,0,64,0
Shaman,373,Enhancement,25574,Nature Resistance Totem,utility-or-rank,state-maintenance,0,64,0
Shaman,373,Enhancement,25577,Windwall Totem,utility-or-rank,state-maintenance,0,64,0
Shaman,373,Enhancement,25585,Windfury Totem,talent-passive,state-maintenance,0,64,0
Shaman,373,Enhancement,25587,Windfury Totem,talent-passive,state-maintenance,0,64,0
Shaman,373,Enhancement,26363,Lightning Shield,healing,healing,0,0,0
Shaman,373,Enhancement,26364,Lightning Shield,healing,healing,0,0,0
Shaman,373,Enhancement,26365,Lightning Shield,healing,healing,0,0,0
Shaman,373,Enhancement,26366,Lightning Shield,healing,healing,0,0,0
Shaman,373,Enhancement,26367,Lightning Shield,healing,healing,0,0,0
Shaman,373,Enhancement,26369,Lightning Shield,healing,healing,0,0,0
Shaman,373,Enhancement,26370,Lightning Shield,healing,healing,0,0,0
Shaman,373,Enhancement,26371,Lightning Shield,healing,healing,0,0,0
Shaman,373,Enhancement,26372,Lightning Shield,healing,healing,0,0,0
Shaman,373,Enhancement,29079,Elemental Weapons,utility-or-rank,utility,0,64,0
Shaman,373,Enhancement,29080,Elemental Weapons,utility-or-rank,utility,0,64,0
Shaman,373,Enhancement,29082,Weapon Mastery,talent-passive,utility,0,64,0
Shaman,373,Enhancement,29084,Weapon Mastery,talent-passive,utility,0,64,0
Shaman,373,Enhancement,29086,Weapon Mastery,talent-passive,utility,0,64,0
Shaman,373,Enhancement,29087,Weapon Mastery,talent-passive,utility,0,64,0
Shaman,373,Enhancement,29088,Weapon Mastery,talent-passive,utility,0,64,0
Shaman,373,Enhancement,29192,Improved Weapon Totems,talent-passive,state-maintenance,0,64,0
Shaman,373,Enhancement,29193,Improved Weapon Totems,talent-passive,state-maintenance,0,64,0
Shaman,373,Enhancement,30798,Dual Wield,utility-or-rank,utility,0,64,0
Shaman,373,Enhancement,30802,Unleashed Rage,utility-or-rank,utility,0,64,0
Shaman,373,Enhancement,30803,Unleashed Rage,utility-or-rank,utility,0,64,0
Shaman,373,Enhancement,30804,Unleashed Rage,utility-or-rank,utility,0,64,0
Shaman,373,Enhancement,30805,Unleashed Rage,utility-or-rank,utility,0,64,0
Shaman,373,Enhancement,30806,Unleashed Rage,utility-or-rank,utility,0,64,0
Shaman,373,Enhancement,30807,Unleashed Rage,utility-or-rank,utility,0,64,0
Shaman,373,Enhancement,30808,Unleashed Rage,utility-or-rank,utility,0,64,0
Shaman,373,Enhancement,30809,Unleashed Rage,utility-or-rank,utility,0,64,0
Shaman,373,Enhancement,30810,Unleashed Rage,utility-or-rank,utility,0,64,0
Shaman,373,Enhancement,30811,Unleashed Rage,utility-or-rank,utility,0,64,0
Shaman,373,Enhancement,30812,Mental Quickness,utility-or-rank,utility,0,64,0
Shaman,373,Enhancement,30813,Mental Quickness,utility-or-rank,utility,0,64,0
Shaman,373,Enhancement,30814,Mental Quickness,utility-or-rank,utility,0,64,0
Shaman,373,Enhancement,30816,Dual Wield Specialization,talent-passive,utility,0,64,0
Shaman,373,Enhancement,30818,Dual Wield Specialization,talent-passive,utility,0,64,0
Shaman,373,Enhancement,30819,Dual Wield Specialization,talent-passive,utility,0,64,0
Shaman,373,Enhancement,30823,Shamanistic Rage,utility-or-rank,utility,0,64,0
Shaman,373,Enhancement,30824,Shamanistic Rage,utility-or-rank,utility,0,64,0
Shaman,373,Enhancement,32175,Stormstrike,damage,single-target,0,64,0
Shaman,373,Enhancement,32176,Stormstrike,damage,single-target,0,64,0
Shaman,373,Enhancement,32182,Heroism,utility-or-rank,utility,0,64,1024
Shaman,373,Enhancement,36591,Spirit Weapons,utility-or-rank,utility,0,64,0
Shaman,373,Enhancement,43338,Shamanistic Focus,talent-passive,utility,0,64,0
Shaman,373,Enhancement,43339,Focused,talent-passive,utility,0,64,0
Shaman,374,Restoration,331,Healing Wave,healing,healing,2,64,0
Shaman,374,Restoration,332,Healing Wave,healing,healing,0,64,0
Shaman,374,Restoration,379,Earth Shield,healing,healing,0,64,0
Shaman,374,Restoration,526,Cure Poison,utility-or-rank,dispel-cleanse;state-maintenance,0,64,0
Shaman,374,Restoration,547,Healing Wave,healing,healing,0,64,0
Shaman,374,Restoration,913,Healing Wave,healing,healing,0,64,0
Shaman,374,Restoration,939,Healing Wave,healing,healing,0,64,0
Shaman,374,Restoration,959,Healing Wave,healing,healing,0,64,0
Shaman,374,Restoration,974,Earth Shield,healing,healing,0,64,0
Shaman,374,Restoration,1064,Chain Heal,healing,multi-target;healing,0,64,0
Shaman,374,Restoration,2008,Ancestral Spirit,utility-or-rank,utility,0,64,0
Shaman,374,Restoration,2870,Cure Disease,utility-or-rank,dispel-cleanse,0,64,0
Shaman,374,Restoration,5394,Healing Stream Totem,healing,healing;state-maintenance,0,64,0
Shaman,374,Restoration,5675,Mana Spring Totem,utility-or-rank,state-maintenance,0,64,0
Shaman,374,Restoration,6375,Healing Stream Totem,healing,healing;state-maintenance,0,64,0
Shaman,374,Restoration,6377,Healing Stream Totem,healing,healing;state-maintenance,0,64,0
Shaman,374,Restoration,8004,Lesser Healing Wave,healing,healing,0,64,0
Shaman,374,Restoration,8005,Healing Wave,healing,healing,0,64,0
Shaman,374,Restoration,8008,Lesser Healing Wave,healing,healing,0,64,0
Shaman,374,Restoration,8010,Lesser Healing Wave,healing,healing,0,64,0
Shaman,374,Restoration,8143,Tremor Totem,utility-or-rank,state-maintenance,0,64,0
Shaman,374,Restoration,8166,Poison Cleansing Totem,utility-or-rank,dispel-cleanse;state-maintenance,0,64,0
Shaman,374,Restoration,8170,Disease Cleansing Totem,utility-or-rank,dispel-cleanse;state-maintenance,0,64,0
Shaman,374,Restoration,10395,Healing Wave,healing,healing,0,64,0
Shaman,374,Restoration,10396,Healing Wave,healing,healing,0,64,0
Shaman,374,Restoration,10462,Healing Stream Totem,healing,healing;state-maintenance,0,64,0
Shaman,374,Restoration,10463,Healing Stream Totem,healing,healing;state-maintenance,0,64,0
Shaman,374,Restoration,10466,Lesser Healing Wave,healing,healing,0,64,0
Shaman,374,Restoration,10467,Lesser Healing Wave,healing,healing,0,64,0
Shaman,374,Restoration,10468,Lesser Healing Wave,healing,healing,0,64,0
Shaman,374,Restoration,10495,Mana Spring Totem,utility-or-rank,state-maintenance,0,64,0
Shaman,374,Restoration,10496,Mana Spring Totem,utility-or-rank,state-maintenance,0,64,0
Shaman,374,Restoration,10497,Mana Spring Totem,utility-or-rank,state-maintenance,0,64,0
Shaman,374,Restoration,10622,Chain Heal,healing,multi-target;healing,0,64,0
Shaman,374,Restoration,10623,Chain Heal,healing,multi-target;healing,0,64,0
Shaman,374,Restoration,16173,Totemic Focus,talent-passive,state-maintenance,0,0,0
Shaman,374,Restoration,16176,Ancestral Healing,healing,healing,0,64,0
Shaman,374,Restoration,16177,Ancestral Fortitude,utility-or-rank,utility,0,64,0
Shaman,374,Restoration,16178,Purification,utility-or-rank,utility,0,0,0
Shaman,374,Restoration,16179,Tidal Focus,talent-passive,utility,0,0,0
Shaman,374,Restoration,16180,Nature's Guidance,talent-passive,utility,0,0,0
Shaman,374,Restoration,16181,Healing Focus,healing,healing,0,0,0
Shaman,374,Restoration,16182,Improved Healing Wave,healing,healing,0,0,0
Shaman,374,Restoration,16184,Improved Reincarnation,talent-passive,utility,0,0,0
Shaman,374,Restoration,16187,Restorative Totems,utility-or-rank,state-maintenance,0,0,0
Shaman,374,Restoration,16188,Nature's Swiftness,utility-or-rank,utility,0,0,0
Shaman,374,Restoration,16189,Totemic Mastery,talent-passive,state-maintenance,0,0,0
Shaman,374,Restoration,16190,Mana Tide Totem,utility-or-rank,state-maintenance,0,64,0
Shaman,374,Restoration,16194,Tidal Mastery,talent-passive,utility,0,0,0
Shaman,374,Restoration,16196,Nature's Guidance,talent-passive,utility,0,0,0
Shaman,374,Restoration,16198,Nature's Guidance,talent-passive,utility,0,0,0
Shaman,374,Restoration,16205,Restorative Totems,utility-or-rank,state-maintenance,0,0,0
Shaman,374,Restoration,16206,Restorative Totems,utility-or-rank,state-maintenance,0,0,0
Shaman,374,Restoration,16207,Restorative Totems,utility-or-rank,state-maintenance,0,0,0
Shaman,374,Restoration,16208,Restorative Totems,utility-or-rank,state-maintenance,0,0,0
Shaman,374,Restoration,16209,Improved Reincarnation,talent-passive,utility,0,0,0
Shaman,374,Restoration,16210,Purification,utility-or-rank,utility,0,0,0
Shaman,374,Restoration,16211,Purification,utility-or-rank,utility,0,0,0
Shaman,374,Restoration,16212,Purification,utility-or-rank,utility,0,0,0
Shaman,374,Restoration,16213,Purification,utility-or-rank,utility,0,0,0
Shaman,374,Restoration,16214,Tidal Focus,talent-passive,utility,0,0,0
Shaman,374,Restoration,16215,Tidal Focus,talent-passive,utility,0,0,0
Shaman,374,Restoration,16216,Tidal Focus,talent-passive,utility,0,0,0
Shaman,374,Restoration,16217,Tidal Focus,talent-passive,utility,0,0,0
Shaman,374,Restoration,16218,Tidal Mastery,talent-passive,utility,0,0,0
Shaman,374,Restoration,16219,Tidal Mastery,talent-passive,utility,0,0,0
Shaman,374,Restoration,16220,Tidal Mastery,talent-passive,utility,0,0,0
Shaman,374,Restoration,16221,Tidal Mastery,talent-passive,utility,0,0,0
Shaman,374,Restoration,16222,Totemic Focus,talent-passive,state-maintenance,0,0,0
Shaman,374,Restoration,16223,Totemic Focus,talent-passive,state-maintenance,0,0,0
Shaman,374,Restoration,16224,Totemic Focus,talent-passive,state-maintenance,0,0,0
Shaman,374,Restoration,16225,Totemic Focus,talent-passive,state-maintenance,0,0,0
Shaman,374,Restoration,16226,Improved Healing Wave,healing,healing,0,0,0
Shaman,374,Restoration,16227,Improved Healing Wave,healing,healing,0,0,0
Shaman,374,Restoration,16228,Improved Healing Wave,healing,healing,0,0,0
Shaman,374,Restoration,16229,Improved Healing Wave,healing,healing,0,0,0
Shaman,374,Restoration,16230,Healing Focus,healing,healing,0,0,0
Shaman,374,Restoration,16232,Healing Focus,healing,healing,0,0,0
Shaman,374,Restoration,16233,Healing Focus,healing,healing,0,0,0
Shaman,374,Restoration,16234,Healing Focus,healing,healing,0,0,0
Shaman,374,Restoration,16235,Ancestral Healing,healing,healing,0,64,0
Shaman,374,Restoration,16236,Ancestral Fortitude,utility-or-rank,utility,0,64,0
Shaman,374,Restoration,16237,Ancestral Fortitude,utility-or-rank,utility,0,64,0
Shaman,374,Restoration,16240,Ancestral Healing,healing,healing,0,64,0
Shaman,374,Restoration,20608,Reincarnation,utility-or-rank,utility,0,64,0
Shaman,374,Restoration,20609,Ancestral Spirit,utility-or-rank,utility,0,64,0
Shaman,374,Restoration,20610,Ancestral Spirit,utility-or-rank,utility,0,64,0
Shaman,374,Restoration,20776,Ancestral Spirit,utility-or-rank,utility,0,64,0
Shaman,374,Restoration,20777,Ancestral Spirit,utility-or-rank,utility,0,64,0
Shaman,374,Restoration,21169,Reincarnation,utility-or-rank,utility,0,64,0
Shaman,374,Restoration,24398,Water Shield,healing,healing,0,64,0
Shaman,374,Restoration,25357,Healing Wave,healing,healing,0,64,0
Shaman,374,Restoration,25391,Healing Wave,healing,healing,0,64,0
Shaman,374,Restoration,25396,Healing Wave,healing,healing,0,64,0
Shaman,374,Restoration,25420,Lesser Healing Wave,healing,healing,0,64,0
Shaman,374,Restoration,25422,Chain Heal,healing,multi-target;healing,0,64,0
Shaman,374,Restoration,25423,Chain Heal,healing,multi-target;healing,0,64,0
Shaman,374,Restoration,25567,Healing Stream Totem,healing,healing;state-maintenance,0,64,0
Shaman,374,Restoration,25570,Mana Spring Totem,utility-or-rank,state-maintenance,0,64,0
Shaman,374,Restoration,25908,Tranquil Air Totem,utility-or-rank,state-maintenance,0,0,0
Shaman,374,Restoration,29187,Healing Grace,healing,healing,0,64,0
Shaman,374,Restoration,29189,Healing Grace,healing,healing,0,64,0
Shaman,374,Restoration,29191,Healing Grace,healing,healing,0,64,0
Shaman,374,Restoration,29202,Healing Way,healing,healing,0,64,0
Shaman,374,Restoration,29203,Healing Way,healing,healing,0,64,0
Shaman,374,Restoration,29205,Healing Way,healing,healing,0,64,0
Shaman,374,Restoration,29206,Healing Way,healing,healing,0,64,0
Shaman,374,Restoration,30864,Focused Mind,damage,single-target,0,64,0
Shaman,374,Restoration,30865,Focused Mind,damage,single-target,0,64,0
Shaman,374,Restoration,30866,Focused Mind,damage,single-target,0,64,0
Shaman,374,Restoration,30867,Nature's Blessing,utility-or-rank,utility,0,64,0
Shaman,374,Restoration,30868,Nature's Blessing,utility-or-rank,utility,0,64,0
Shaman,374,Restoration,30869,Nature's Blessing,utility-or-rank,utility,0,64,0
Shaman,374,Restoration,30872,Improved Chain Heal,healing,multi-target;healing,0,64,0
Shaman,374,Restoration,30873,Improved Chain Heal,healing,multi-target;healing,0,64,0
Shaman,374,Restoration,30874,Gift of the Water Spirit,utility-or-rank,utility,0,64,0
Shaman,374,Restoration,30881,Nature's Guardian,utility-or-rank,utility,0,64,0
Shaman,374,Restoration,30883,Nature's Guardian,utility-or-rank,utility,0,64,0
Shaman,374,Restoration,30884,Nature's Guardian,utility-or-rank,utility,0,64,0
Shaman,374,Restoration,30885,Nature's Guardian,utility-or-rank,utility,0,64,0
Shaman,374,Restoration,30886,Nature's Guardian,utility-or-rank,utility,0,64,0
Shaman,374,Restoration,32593,Earth Shield,healing,healing,0,64,0
Shaman,374,Restoration,32594,Earth Shield,healing,healing,0,64,0
Shaman,374,Restoration,33736,Water Shield,healing,healing,0,64,0
Shaman,374,Restoration,36936,Totemic Call,utility-or-rank,state-maintenance,0,64,0
Shaman,375,Elemental Combat,370,Purge,pvp-control,pvp;dispel-cleanse,0,64,0
Shaman,375,Elemental Combat,403,Lightning Bolt,damage,single-target,2,64,0
Shaman,375,Elemental Combat,421,Chain Lightning,utility-or-rank,multi-target,0,64,0
Shaman,375,Elemental Combat,529,Lightning Bolt,damage,single-target,0,64,0
Shaman,375,Elemental Combat,548,Lightning Bolt,damage,single-target,0,64,0
Shaman,375,Elemental Combat,915,Lightning Bolt,damage,single-target,0,64,0
Shaman,375,Elemental Combat,930,Chain Lightning,utility-or-rank,multi-target,0,64,0
Shaman,375,Elemental Combat,943,Lightning Bolt,damage,single-target,0,64,0
Shaman,375,Elemental Combat,1535,Fire Nova Totem,utility-or-rank,state-maintenance,0,64,0
Shaman,375,Elemental Combat,2484,Earthbind Totem,utility-or-rank,state-maintenance,0,64,0
Shaman,375,Elemental Combat,2860,Chain Lightning,utility-or-rank,multi-target,0,64,0
Shaman,375,Elemental Combat,2894,Fire Elemental Totem,utility-or-rank,state-maintenance,0,0,0
Shaman,375,Elemental Combat,3599,Searing Totem,utility-or-rank,state-maintenance,0,64,0
Shaman,375,Elemental Combat,5730,Stoneclaw Totem,utility-or-rank,state-maintenance,0,64,0
Shaman,375,Elemental Combat,6041,Lightning Bolt,damage,single-target,0,64,0
Shaman,375,Elemental Combat,6363,Searing Totem,utility-or-rank,state-maintenance,0,64,0
Shaman,375,Elemental Combat,6364,Searing Totem,utility-or-rank,state-maintenance,0,64,0
Shaman,375,Elemental Combat,6365,Searing Totem,utility-or-rank,state-maintenance,0,64,0
Shaman,375,Elemental Combat,6390,Stoneclaw Totem,utility-or-rank,state-maintenance,0,64,0
Shaman,375,Elemental Combat,6391,Stoneclaw Totem,utility-or-rank,state-maintenance,0,64,0
Shaman,375,Elemental Combat,6392,Stoneclaw Totem,utility-or-rank,state-maintenance,0,64,0
Shaman,375,Elemental Combat,8012,Purge,pvp-control,pvp;dispel-cleanse,0,64,0
Shaman,375,Elemental Combat,8042,Earth Shock,utility-or-rank,utility,0,64,0
Shaman,375,Elemental Combat,8044,Earth Shock,utility-or-rank,utility,0,64,0
Shaman,375,Elemental Combat,8045,Earth Shock,utility-or-rank,utility,0,64,0
Shaman,375,Elemental Combat,8046,Earth Shock,utility-or-rank,utility,0,64,0
Shaman,375,Elemental Combat,8050,Flame Shock,utility-or-rank,utility,0,64,0
Shaman,375,Elemental Combat,8052,Flame Shock,utility-or-rank,utility,0,64,0
Shaman,375,Elemental Combat,8053,Flame Shock,utility-or-rank,utility,0,64,0
Shaman,375,Elemental Combat,8056,Frost Shock,utility-or-rank,utility,0,64,0
Shaman,375,Elemental Combat,8058,Frost Shock,utility-or-rank,utility,0,64,0
Shaman,375,Elemental Combat,8190,Magma Totem,utility-or-rank,multi-target;state-maintenance,0,64,0
Shaman,375,Elemental Combat,8498,Fire Nova Totem,utility-or-rank,state-maintenance,0,64,0
Shaman,375,Elemental Combat,8499,Fire Nova Totem,utility-or-rank,state-maintenance,0,64,0
Shaman,375,Elemental Combat,10391,Lightning Bolt,damage,single-target,0,64,0
Shaman,375,Elemental Combat,10392,Lightning Bolt,damage,single-target,0,64,0
Shaman,375,Elemental Combat,10412,Earth Shock,utility-or-rank,utility,0,64,0
Shaman,375,Elemental Combat,10413,Earth Shock,utility-or-rank,utility,0,64,0
Shaman,375,Elemental Combat,10414,Earth Shock,utility-or-rank,utility,0,64,0
Shaman,375,Elemental Combat,10427,Stoneclaw Totem,utility-or-rank,state-maintenance,0,64,0
Shaman,375,Elemental Combat,10428,Stoneclaw Totem,utility-or-rank,state-maintenance,0,64,0
Shaman,375,Elemental Combat,10437,Searing Totem,utility-or-rank,state-maintenance,0,64,0
Shaman,375,Elemental Combat,10438,Searing Totem,utility-or-rank,state-maintenance,0,64,0
Shaman,375,Elemental Combat,10447,Flame Shock,utility-or-rank,utility,0,64,0
Shaman,375,Elemental Combat,10448,Flame Shock,utility-or-rank,utility,0,64,0
Shaman,375,Elemental Combat,10472,Frost Shock,utility-or-rank,utility,0,64,0
Shaman,375,Elemental Combat,10473,Frost Shock,utility-or-rank,utility,0,64,0
Shaman,375,Elemental Combat,10585,Magma Totem,utility-or-rank,multi-target;state-maintenance,0,64,0
Shaman,375,Elemental Combat,10586,Magma Totem,utility-or-rank,multi-target;state-maintenance,0,64,0
Shaman,375,Elemental Combat,10587,Magma Totem,utility-or-rank,multi-target;state-maintenance,0,64,0
Shaman,375,Elemental Combat,10605,Chain Lightning,utility-or-rank,multi-target,0,64,0
Shaman,375,Elemental Combat,11314,Fire Nova Totem,utility-or-rank,state-maintenance,0,64,0
Shaman,375,Elemental Combat,11315,Fire Nova Totem,utility-or-rank,state-maintenance,0,64,0
Shaman,375,Elemental Combat,15207,Lightning Bolt,damage,single-target,0,64,0
Shaman,375,Elemental Combat,15208,Lightning Bolt,damage,single-target,0,64,0
Shaman,375,Elemental Combat,16035,Concussion,utility-or-rank,utility,0,0,0
Shaman,375,Elemental Combat,16038,Call of Flame,utility-or-rank,utility,0,0,0
Shaman,375,Elemental Combat,16039,Convection,utility-or-rank,utility,0,0,0
Shaman,375,Elemental Combat,16040,Reverberation,utility-or-rank,utility,0,0,0
Shaman,375,Elemental Combat,16041,Call of Thunder,utility-or-rank,utility,0,0,0
Shaman,375,Elemental Combat,16043,Earth's Grasp,utility-or-rank,utility,0,0,0
Shaman,375,Elemental Combat,16086,Improved Fire Totems,talent-passive,state-maintenance,0,0,0
Shaman,375,Elemental Combat,16089,Elemental Fury,talent-passive,utility,0,0,0
Shaman,375,Elemental Combat,16105,Concussion,utility-or-rank,utility,0,0,0
Shaman,375,Elemental Combat,16106,Concussion,utility-or-rank,utility,0,0,0
Shaman,375,Elemental Combat,16107,Concussion,utility-or-rank,utility,0,0,0
Shaman,375,Elemental Combat,16108,Concussion,utility-or-rank,utility,0,0,0
Shaman,375,Elemental Combat,16109,Convection,utility-or-rank,utility,0,0,0
Shaman,375,Elemental Combat,16110,Convection,utility-or-rank,utility,0,0,0
Shaman,375,Elemental Combat,16111,Convection,utility-or-rank,utility,0,0,0
Shaman,375,Elemental Combat,16112,Convection,utility-or-rank,utility,0,0,0
Shaman,375,Elemental Combat,16113,Reverberation,utility-or-rank,utility,0,0,0
Shaman,375,Elemental Combat,16114,Reverberation,utility-or-rank,utility,0,0,0
Shaman,375,Elemental Combat,16115,Reverberation,utility-or-rank,utility,0,0,0
Shaman,375,Elemental Combat,16116,Reverberation,utility-or-rank,utility,0,0,0
Shaman,375,Elemental Combat,16117,Call of Thunder,utility-or-rank,utility,0,0,0
Shaman,375,Elemental Combat,16118,Call of Thunder,utility-or-rank,utility,0,0,0
Shaman,375,Elemental Combat,16119,Call of Thunder,utility-or-rank,utility,0,0,0
Shaman,375,Elemental Combat,16120,Call of Thunder,utility-or-rank,utility,0,0,0
Shaman,375,Elemental Combat,16130,Earth's Grasp,utility-or-rank,utility,0,0,0
Shaman,375,Elemental Combat,16160,Call of Flame,utility-or-rank,utility,0,0,0
Shaman,375,Elemental Combat,16161,Call of Flame,utility-or-rank,utility,0,0,0
Shaman,375,Elemental Combat,16164,Elemental Focus,talent-passive,utility,0,0,0
Shaman,375,Elemental Combat,16166,Elemental Mastery,talent-passive,utility,0,0,0
Shaman,375,Elemental Combat,16544,Improved Fire Totems,talent-passive,state-maintenance,0,0,0
Shaman,375,Elemental Combat,16578,Lightning Mastery,talent-passive,utility,0,0,0
Shaman,375,Elemental Combat,16579,Lightning Mastery,talent-passive,utility,0,0,0
Shaman,375,Elemental Combat,16580,Lightning Mastery,talent-passive,utility,0,0,0
Shaman,375,Elemental Combat,16581,Lightning Mastery,talent-passive,utility,0,0,0
Shaman,375,Elemental Combat,16582,Lightning Mastery,talent-passive,utility,0,0,0
Shaman,375,Elemental Combat,25439,Chain Lightning,utility-or-rank,multi-target,0,64,0
Shaman,375,Elemental Combat,25442,Chain Lightning,utility-or-rank,multi-target,0,64,0
Shaman,375,Elemental Combat,25448,Lightning Bolt,damage,single-target,0,64,0
Shaman,375,Elemental Combat,25449,Lightning Bolt,damage,single-target,0,64,0
Shaman,375,Elemental Combat,25454,Earth Shock,utility-or-rank,utility,0,64,0
Shaman,375,Elemental Combat,25457,Flame Shock,utility-or-rank,utility,0,64,0
Shaman,375,Elemental Combat,25464,Frost Shock,utility-or-rank,utility,0,64,0
Shaman,375,Elemental Combat,25525,Stoneclaw Totem,utility-or-rank,state-maintenance,0,64,0
Shaman,375,Elemental Combat,25533,Searing Totem,utility-or-rank,state-maintenance,0,64,0
Shaman,375,Elemental Combat,25546,Fire Nova Totem,utility-or-rank,state-maintenance,0,64,0
Shaman,375,Elemental Combat,25547,Fire Nova Totem,utility-or-rank,state-maintenance,0,64,0
Shaman,375,Elemental Combat,25552,Magma Totem,utility-or-rank,multi-target;state-maintenance,0,64,0
Shaman,375,Elemental Combat,28996,Elemental Warding,utility-or-rank,utility,0,64,0
Shaman,375,Elemental Combat,28997,Elemental Warding,utility-or-rank,utility,0,64,0
Shaman,375,Elemental Combat,28998,Elemental Warding,utility-or-rank,utility,0,64,0
Shaman,375,Elemental Combat,28999,Storm Reach,utility-or-rank,utility,0,64,0
Shaman,375,Elemental Combat,29000,Storm Reach,utility-or-rank,utility,0,64,0
Shaman,375,Elemental Combat,29062,Eye of the Storm,utility-or-rank,utility,0,64,0
Shaman,375,Elemental Combat,29063,Focused Casting,talent-passive,utility,0,64,0
Shaman,375,Elemental Combat,29064,Eye of the Storm,utility-or-rank,utility,0,64,0
Shaman,375,Elemental Combat,29065,Eye of the Storm,utility-or-rank,utility,0,64,0
Shaman,375,Elemental Combat,29177,Elemental Devastation,utility-or-rank,utility,0,64,0
Shaman,375,Elemental Combat,29178,Elemental Devastation,utility-or-rank,utility,0,64,0
Shaman,375,Elemental Combat,29179,Elemental Devastation,utility-or-rank,utility,0,64,0
Shaman,375,Elemental Combat,29180,Elemental Devastation,utility-or-rank,utility,0,64,0
Shaman,375,Elemental Combat,29228,Flame Shock,utility-or-rank,utility,0,64,0
Shaman,375,Elemental Combat,30160,Elemental Devastation,utility-or-rank,utility,0,64,0
Shaman,375,Elemental Combat,30165,Elemental Devastation,utility-or-rank,utility,0,0,0
Shaman,375,Elemental Combat,30664,Unrelenting Storm,utility-or-rank,utility,0,64,0
Shaman,375,Elemental Combat,30665,Unrelenting Storm,utility-or-rank,utility,0,64,0
Shaman,375,Elemental Combat,30666,Unrelenting Storm,utility-or-rank,utility,0,64,0
Shaman,375,Elemental Combat,30667,Unrelenting Storm,utility-or-rank,utility,0,64,0
Shaman,375,Elemental Combat,30668,Unrelenting Storm,utility-or-rank,utility,0,64,0
Shaman,375,Elemental Combat,30669,Elemental Shields,healing,healing,0,64,0
Shaman,375,Elemental Combat,30670,Elemental Shields,healing,healing,0,64,0
Shaman,375,Elemental Combat,30671,Elemental Shields,healing,healing,0,64,0
Shaman,375,Elemental Combat,30672,Elemental Precision,talent-passive,utility,0,64,0
Shaman,375,Elemental Combat,30673,Elemental Precision,talent-passive,utility,0,64,0
Shaman,375,Elemental Combat,30674,Elemental Precision,talent-passive,utility,0,64,0
Shaman,375,Elemental Combat,30675,Lightning Overload,utility-or-rank,utility,0,64,0
Shaman,375,Elemental Combat,30678,Lightning Overload,utility-or-rank,utility,0,64,0
Shaman,375,Elemental Combat,30679,Lightning Overload,utility-or-rank,utility,0,64,0
Shaman,375,Elemental Combat,30680,Lightning Overload,utility-or-rank,utility,0,64,0
Shaman,375,Elemental Combat,30681,Lightning Overload,utility-or-rank,utility,0,64,0
Shaman,375,Elemental Combat,30706,Totem of Wrath,damage,single-target;state-maintenance,0,64,0
Shaman,375,Elemental Combat,30708,Totem of Wrath,damage,single-target;state-maintenance,0,64,0
Shaman,375,Elemental Combat,45284,Lightning Bolt,damage,single-target,0,0,0
Shaman,375,Elemental Combat,45286,Lightning Bolt,damage,single-target,0,0,0
Shaman,375,Elemental Combat,45287,Lightning Bolt,damage,single-target,0,0,0
Shaman,375,Elemental Combat,45288,Lightning Bolt,damage,single-target,0,0,0
Shaman,375,Elemental Combat,45289,Lightning Bolt,damage,single-target,0,0,0
Shaman,375,Elemental Combat,45290,Lightning Bolt,damage,single-target,0,0,0
Shaman,375,Elemental Combat,45291,Lightning Bolt,damage,single-target,0,0,0
Shaman,375,Elemental Combat,45292,Lightning Bolt,damage,single-target,0,0,0
Shaman,375,Elemental Combat,45293,Lightning Bolt,damage,single-target,0,0,0
Shaman,375,Elemental Combat,45294,Lightning Bolt,damage,single-target,0,0,0
Shaman,375,Elemental Combat,45295,Lightning Bolt,damage,single-target,0,0,0
Shaman,375,Elemental Combat,45296,Lightning Bolt,damage,single-target,0,0,0
Shaman,375,Elemental Combat,45297,Chain Lightning,utility-or-rank,multi-target,0,0,0
Shaman,375,Elemental Combat,45298,Chain Lightning,utility-or-rank,multi-target,0,0,0
Shaman,375,Elemental Combat,45299,Chain Lightning,utility-or-rank,multi-target,0,0,0
Shaman,375,Elemental Combat,45300,Chain Lightning,utility-or-rank,multi-target,0,0,0
Shaman,375,Elemental Combat,45301,Chain Lightning,utility-or-rank,multi-target,0,0,0
Shaman,375,Elemental Combat,45302,Chain Lightning,utility-or-rank,multi-target,0,0,0
Warlock,188,Pet - Imp,2947,Fire Shield,healing,healing,0,0,0
Warlock,188,Pet - Imp,3110,Firebolt,damage,single-target,2,0,0
Warlock,188,Pet - Imp,4511,Phase Shift,utility-or-rank,utility,0,0,0
Warlock,188,Pet - Imp,6307,Blood Pact,utility-or-rank,utility,0,0,0
Warlock,188,Pet - Imp,7799,Firebolt,damage,single-target,0,0,0
Warlock,188,Pet - Imp,7800,Firebolt,damage,single-target,0,0,0
Warlock,188,Pet - Imp,7801,Firebolt,damage,single-target,0,0,0
Warlock,188,Pet - Imp,7802,Firebolt,damage,single-target,0,0,0
Warlock,188,Pet - Imp,7804,Blood Pact,utility-or-rank,utility,0,0,0
Warlock,188,Pet - Imp,7805,Blood Pact,utility-or-rank,utility,0,0,0
Warlock,188,Pet - Imp,8316,Fire Shield,healing,healing,0,0,0
Warlock,188,Pet - Imp,8317,Fire Shield,healing,healing,0,0,0
Warlock,188,Pet - Imp,11762,Firebolt,damage,single-target,0,0,0
Warlock,188,Pet - Imp,11763,Firebolt,damage,single-target,0,0,0
Warlock,188,Pet - Imp,11766,Blood Pact,utility-or-rank,utility,0,0,0
Warlock,188,Pet - Imp,11767,Blood Pact,utility-or-rank,utility,0,0,0
Warlock,188,Pet - Imp,11770,Fire Shield,healing,healing,0,0,0
Warlock,188,Pet - Imp,11771,Fire Shield,healing,healing,0,0,0
Warlock,188,Pet - Imp,18728,Tamed Pet Passive (DND),utility-or-rank,utility,2,0,0
Warlock,188,Pet - Imp,18737,Tamed Pet Passive (DND),utility-or-rank,utility,2,0,0
Warlock,188,Pet - Imp,18740,Tamed Pet Passive (DND),utility-or-rank,utility,2,0,0
Warlock,188,Pet - Imp,27267,Firebolt,damage,single-target,0,0,0
Warlock,188,Pet - Imp,27268,Blood Pact,utility-or-rank,utility,0,0,0
Warlock,188,Pet - Imp,27269,Fire Shield,healing,healing,0,0,0
Warlock,188,Pet - Imp,34947,Warlock Pet Scaling 01,utility-or-rank,utility,2,0,0
Warlock,188,Pet - Imp,34956,Warlock Pet Scaling 02,utility-or-rank,utility,2,0,0
Warlock,188,Pet - Imp,34957,Warlock Pet Scaling 03,utility-or-rank,utility,2,0,0
Warlock,188,Pet - Imp,34958,Warlock Pet Scaling 04,utility-or-rank,utility,2,0,0
Warlock,188,Pet - Imp,35695,Pet Passive (DND),utility-or-rank,utility,2,0,0
Warlock,188,Pet - Imp,35697,Pet Passive (DND),utility-or-rank,utility,2,0,0
Warlock,189,Pet - Felhunter,18730,Tamed Pet Passive (DND),utility-or-rank,utility,2,0,0
Warlock,189,Pet - Felhunter,18738,Tamed Pet Passive (DND),utility-or-rank,utility,2,0,0
Warlock,189,Pet - Felhunter,18739,Tamed Pet Passive (DND),utility-or-rank,utility,2,0,0
Warlock,189,Pet - Felhunter,19007,Tamed Pet Passive (DND),utility-or-rank,utility,2,0,0
Warlock,189,Pet - Felhunter,19244,Spell Lock,utility-or-rank,utility,0,0,0
Warlock,189,Pet - Felhunter,19478,Tainted Blood,utility-or-rank,utility,0,0,0
Warlock,189,Pet - Felhunter,19480,Paranoia,utility-or-rank,utility,0,0,0
Warlock,189,Pet - Felhunter,19505,Devour Magic,utility-or-rank,utility,2,0,0
Warlock,189,Pet - Felhunter,19647,Spell Lock,utility-or-rank,utility,0,0,0
Warlock,189,Pet - Felhunter,19655,Tainted Blood,utility-or-rank,utility,0,0,0
Warlock,189,Pet - Felhunter,19656,Tainted Blood,utility-or-rank,utility,0,0,0
Warlock,189,Pet - Felhunter,19658,Devour Magic Effect,utility-or-rank,utility,0,0,0
Warlock,189,Pet - Felhunter,19660,Tainted Blood,utility-or-rank,utility,0,0,0
Warlock,189,Pet - Felhunter,19731,Devour Magic,utility-or-rank,utility,0,0,0
Warlock,189,Pet - Felhunter,19732,Devour Magic Effect,utility-or-rank,utility,0,0,0
Warlock,189,Pet - Felhunter,19733,Devour Magic Effect,utility-or-rank,utility,0,0,0
Warlock,189,Pet - Felhunter,19734,Devour Magic,utility-or-rank,utility,0,0,0
Warlock,189,Pet - Felhunter,19735,Devour Magic Effect,utility-or-rank,utility,0,0,0
Warlock,189,Pet - Felhunter,19736,Devour Magic,utility-or-rank,utility,0,0,0
Warlock,189,Pet - Felhunter,27276,Devour Magic,utility-or-rank,utility,0,0,0
Warlock,189,Pet - Felhunter,27277,Devour Magic,utility-or-rank,utility,0,0,0
Warlock,189,Pet - Felhunter,27278,Devour Magic Effect,utility-or-rank,utility,0,0,0
Warlock,189,Pet - Felhunter,27279,Devour Magic Effect,utility-or-rank,utility,0,0,0
Warlock,189,Pet - Felhunter,27280,Tainted Blood,utility-or-rank,utility,0,0,0
Warlock,189,Pet - Felhunter,34947,Warlock Pet Scaling 01,utility-or-rank,utility,2,0,0
Warlock,189,Pet - Felhunter,34956,Warlock Pet Scaling 02,utility-or-rank,utility,2,0,0
Warlock,189,Pet - Felhunter,34957,Warlock Pet Scaling 03,utility-or-rank,utility,2,0,0
Warlock,189,Pet - Felhunter,34958,Warlock Pet Scaling 04,utility-or-rank,utility,2,0,0
Warlock,189,Pet - Felhunter,35695,Pet Passive (DND),utility-or-rank,utility,2,0,0
Warlock,189,Pet - Felhunter,35697,Pet Passive (DND),utility-or-rank,utility,2,0,0
Warlock,204,Pet - Voidwalker,3716,Torment,utility-or-rank,utility,2,0,0
Warlock,204,Pet - Voidwalker,7809,Torment,utility-or-rank,utility,0,0,0
Warlock,204,Pet - Voidwalker,7810,Torment,utility-or-rank,utility,0,0,0
Warlock,204,Pet - Voidwalker,7811,Torment,utility-or-rank,utility,0,0,0
Warlock,204,Pet - Voidwalker,7812,Sacrifice,utility-or-rank,utility,0,0,0
Warlock,204,Pet - Voidwalker,11774,Torment,utility-or-rank,utility,0,0,0
Warlock,204,Pet - Voidwalker,11775,Torment,utility-or-rank,utility,0,0,0
Warlock,204,Pet - Voidwalker,17735,Suffering,utility-or-rank,utility,0,0,0
Warlock,204,Pet - Voidwalker,17750,Suffering,utility-or-rank,utility,0,0,0
Warlock,204,Pet - Voidwalker,17751,Suffering,utility-or-rank,utility,0,0,0
Warlock,204,Pet - Voidwalker,17752,Suffering,utility-or-rank,utility,0,0,0
Warlock,204,Pet - Voidwalker,17767,Consume Shadows,utility-or-rank,utility,0,0,0
Warlock,204,Pet - Voidwalker,17850,Consume Shadows,utility-or-rank,utility,0,0,0
Warlock,204,Pet - Voidwalker,17851,Consume Shadows,utility-or-rank,utility,0,0,0
Warlock,204,Pet - Voidwalker,17852,Consume Shadows,utility-or-rank,utility,0,0,0
Warlock,204,Pet - Voidwalker,17853,Consume Shadows,utility-or-rank,utility,0,0,0
Warlock,204,Pet - Voidwalker,17854,Consume Shadows,utility-or-rank,utility,0,0,0
Warlock,204,Pet - Voidwalker,18727,Tamed Pet Passive (DND),utility-or-rank,utility,2,0,0
Warlock,204,Pet - Voidwalker,18735,Tamed Pet Passive (DND),utility-or-rank,utility,2,0,0
Warlock,204,Pet - Voidwalker,18742,Tamed Pet Passive (DND),utility-or-rank,utility,2,0,0
Warlock,204,Pet - Voidwalker,19438,Sacrifice,utility-or-rank,utility,0,0,0
Warlock,204,Pet - Voidwalker,19440,Sacrifice,utility-or-rank,utility,0,0,0
Warlock,204,Pet - Voidwalker,19441,Sacrifice,utility-or-rank,utility,0,0,0
Warlock,204,Pet - Voidwalker,19442,Sacrifice,utility-or-rank,utility,0,0,0
Warlock,204,Pet - Voidwalker,19443,Sacrifice,utility-or-rank,utility,0,0,0
Warlock,204,Pet - Voidwalker,27270,Torment,utility-or-rank,utility,0,0,0
Warlock,204,Pet - Voidwalker,27271,Suffering,utility-or-rank,utility,0,0,0
Warlock,204,Pet - Voidwalker,27272,Consume Shadows,utility-or-rank,utility,0,0,0
Warlock,204,Pet - Voidwalker,27273,Sacrifice,utility-or-rank,utility,0,0,0
Warlock,204,Pet - Voidwalker,33701,Suffering,utility-or-rank,utility,0,0,0
Warlock,204,Pet - Voidwalker,34947,Warlock Pet Scaling 01,utility-or-rank,utility,2,0,0
Warlock,204,Pet - Voidwalker,34956,Warlock Pet Scaling 02,utility-or-rank,utility,2,0,0
Warlock,204,Pet - Voidwalker,34957,Warlock Pet Scaling 03,utility-or-rank,utility,2,0,0
Warlock,204,Pet - Voidwalker,34958,Warlock Pet Scaling 04,utility-or-rank,utility,2,0,0
Warlock,204,Pet - Voidwalker,35695,Pet Passive (DND),utility-or-rank,utility,2,0,0
Warlock,204,Pet - Voidwalker,35697,Pet Passive (DND),utility-or-rank,utility,2,0,0
Warlock,205,Pet - Succubus,6358,Seduction,utility-or-rank,utility,0,0,0
Warlock,205,Pet - Succubus,6360,Soothing Kiss,utility-or-rank,utility,0,0,0
Warlock,205,Pet - Succubus,7813,Soothing Kiss,utility-or-rank,utility,0,0,0
Warlock,205,Pet - Succubus,7814,Lash of Pain,utility-or-rank,utility,2,0,0
Warlock,205,Pet - Succubus,7815,Lash of Pain,utility-or-rank,utility,0,0,0
Warlock,205,Pet - Succubus,7816,Lash of Pain,utility-or-rank,utility,0,0,0
Warlock,205,Pet - Succubus,7870,Lesser Invisibility,utility-or-rank,utility,0,0,0
Warlock,205,Pet - Succubus,11778,Lash of Pain,utility-or-rank,utility,0,0,0
Warlock,205,Pet - Succubus,11779,Lash of Pain,utility-or-rank,utility,0,0,0
Warlock,205,Pet - Succubus,11780,Lash of Pain,utility-or-rank,utility,0,0,0
Warlock,205,Pet - Succubus,11784,Soothing Kiss,utility-or-rank,utility,0,0,0
Warlock,205,Pet - Succubus,11785,Soothing Kiss,utility-or-rank,utility,0,0,0
Warlock,205,Pet - Succubus,18729,Tamed Pet Passive (DND),utility-or-rank,utility,2,0,0
Warlock,205,Pet - Succubus,18736,Tamed Pet Passive (DND),utility-or-rank,utility,2,0,0
Warlock,205,Pet - Succubus,18741,Tamed Pet Passive (DND),utility-or-rank,utility,2,0,0
Warlock,205,Pet - Succubus,27274,Lash of Pain,utility-or-rank,utility,0,0,0
Warlock,205,Pet - Succubus,27275,Soothing Kiss,utility-or-rank,utility,0,0,0
Warlock,205,Pet - Succubus,34947,Warlock Pet Scaling 01,utility-or-rank,utility,2,0,0
Warlock,205,Pet - Succubus,34956,Warlock Pet Scaling 02,utility-or-rank,utility,2,0,0
Warlock,205,Pet - Succubus,34957,Warlock Pet Scaling 03,utility-or-rank,utility,2,0,0
Warlock,205,Pet - Succubus,34958,Warlock Pet Scaling 04,utility-or-rank,utility,2,0,0
Warlock,205,Pet - Succubus,35695,Pet Passive (DND),utility-or-rank,utility,2,0,0
Warlock,205,Pet - Succubus,35697,Pet Passive (DND),utility-or-rank,utility,2,0,0
Warlock,207,Pet - Doomguard,34947,Warlock Pet Scaling 01,utility-or-rank,utility,2,0,0
Warlock,207,Pet - Doomguard,34956,Warlock Pet Scaling 02,utility-or-rank,utility,2,0,0
Warlock,207,Pet - Doomguard,34957,Warlock Pet Scaling 03,utility-or-rank,utility,2,0,0
Warlock,207,Pet - Doomguard,34958,Warlock Pet Scaling 04,utility-or-rank,utility,2,0,0
Warlock,354,Demonology,126,Eye of Kilrogg,utility-or-rank,utility,0,256,0
Warlock,354,Demonology,132,Detect Invisibility,utility-or-rank,utility,0,256,0
Warlock,354,Demonology,687,Demon Skin,utility-or-rank,utility,2,256,0
Warlock,354,Demonology,688,Summon Imp,utility-or-rank,utility,0,256,0
Warlock,354,Demonology,691,Summon Felhunter,utility-or-rank,utility,0,256,0
Warlock,354,Demonology,693,Create Soulstone,utility-or-rank,utility,0,256,0
Warlock,354,Demonology,696,Demon Skin,utility-or-rank,utility,0,256,0
Warlock,354,Demonology,697,Summon Voidwalker,utility-or-rank,utility,0,256,0
Warlock,354,Demonology,698,Ritual of Summoning,utility-or-rank,utility,0,256,0
Warlock,354,Demonology,706,Demon Armor,utility-or-rank,utility,0,256,0
Warlock,354,Demonology,710,Banish,utility-or-rank,utility,0,256,0
Warlock,354,Demonology,712,Summon Succubus,utility-or-rank,utility,0,256,0
Warlock,354,Demonology,713,Summon Incubus,utility-or-rank,utility,0,256,0
Warlock,354,Demonology,755,Health Funnel,healing,healing,0,256,0
Warlock,354,Demonology,1086,Demon Armor,utility-or-rank,utility,0,256,0
Warlock,354,Demonology,1098,Subjugate Demon,utility-or-rank,utility,0,256,0
Warlock,354,Demonology,1122,Inferno,utility-or-rank,utility,0,256,0
Warlock,354,Demonology,2362,Create Spellstone,utility-or-rank,utility,0,256,0
Warlock,354,Demonology,3698,Health Funnel,healing,healing,0,256,0
Warlock,354,Demonology,3699,Health Funnel,healing,healing,0,256,0
Warlock,354,Demonology,3700,Health Funnel,healing,healing,0,256,0
Warlock,354,Demonology,5500,Sense Demons,utility-or-rank,utility,0,256,0
Warlock,354,Demonology,5697,Unending Breath,utility-or-rank,utility,0,256,0
Warlock,354,Demonology,5699,Create Healthstone,healing,healing,0,256,0
Warlock,354,Demonology,5784,Summon Felsteed,utility-or-rank,utility,0,256,0
Warlock,354,Demonology,6201,Create Healthstone,healing,healing,0,256,0
Warlock,354,Demonology,6202,Create Healthstone,healing,healing,0,256,0
Warlock,354,Demonology,6229,Shadow Ward,utility-or-rank,utility,0,256,0
Warlock,354,Demonology,6366,Create Firestone,utility-or-rank,utility,0,256,0
Warlock,354,Demonology,11693,Health Funnel,healing,healing,0,256,0
Warlock,354,Demonology,11694,Health Funnel,healing,healing,0,256,0
Warlock,354,Demonology,11695,Health Funnel,healing,healing,0,256,0
Warlock,354,Demonology,11725,Subjugate Demon,utility-or-rank,utility,0,256,0
Warlock,354,Demonology,11726,Subjugate Demon,utility-or-rank,utility,0,256,0
Warlock,354,Demonology,11729,Create Healthstone,healing,healing,0,256,0
Warlock,354,Demonology,11730,Create Healthstone,healing,healing,0,256,0
Warlock,354,Demonology,11733,Demon Armor,utility-or-rank,utility,0,256,0
Warlock,354,Demonology,11734,Demon Armor,utility-or-rank,utility,0,256,0
Warlock,354,Demonology,11735,Demon Armor,utility-or-rank,utility,0,256,0
Warlock,354,Demonology,11739,Shadow Ward,utility-or-rank,utility,0,256,0
Warlock,354,Demonology,11740,Shadow Ward,utility-or-rank,utility,0,256,0
Warlock,354,Demonology,17727,Create Spellstone,utility-or-rank,utility,0,256,0
Warlock,354,Demonology,17728,Create Spellstone,utility-or-rank,utility,0,256,0
Warlock,354,Demonology,17951,Create Firestone,utility-or-rank,utility,0,256,0
Warlock,354,Demonology,17952,Create Firestone,utility-or-rank,utility,0,256,0
Warlock,354,Demonology,17953,Create Firestone,utility-or-rank,utility,0,256,0
Warlock,354,Demonology,18540,Ritual of Doom,utility-or-rank,utility,0,256,0
Warlock,354,Demonology,18541,Ritual of Doom Effect,utility-or-rank,utility,0,256,0
Warlock,354,Demonology,18647,Banish,utility-or-rank,utility,0,256,0
Warlock,354,Demonology,18692,Improved Healthstone,healing,healing,0,0,0
Warlock,354,Demonology,18693,Improved Healthstone,healing,healing,0,0,0
Warlock,354,Demonology,18694,Improved Imp,talent-passive,utility,0,0,0
Warlock,354,Demonology,18695,Improved Imp,talent-passive,utility,0,0,0
Warlock,354,Demonology,18696,Improved Imp,talent-passive,utility,0,0,0
Warlock,354,Demonology,18697,Demonic Embrace,utility-or-rank,utility,0,0,0
Warlock,354,Demonology,18698,Demonic Embrace,utility-or-rank,utility,0,0,0
Warlock,354,Demonology,18699,Demonic Embrace,utility-or-rank,utility,0,0,0
Warlock,354,Demonology,18700,Demonic Embrace,utility-or-rank,utility,0,0,0
Warlock,354,Demonology,18701,Demonic Embrace,utility-or-rank,utility,0,0,0
Warlock,354,Demonology,18703,Improved Health Funnel,healing,healing,0,0,0
Warlock,354,Demonology,18704,Improved Health Funnel,healing,healing,0,0,0
Warlock,354,Demonology,18705,Improved Voidwalker,talent-passive,utility,0,0,0
Warlock,354,Demonology,18706,Improved Voidwalker,talent-passive,utility,0,0,0
Warlock,354,Demonology,18707,Improved Voidwalker,talent-passive,utility,0,0,0
Warlock,354,Demonology,18708,Fel Domination,utility-or-rank,utility,0,0,0
Warlock,354,Demonology,18709,Master Summoner,utility-or-rank,utility,0,0,0
Warlock,354,Demonology,18710,Master Summoner,utility-or-rank,utility,0,0,0
Warlock,354,Demonology,18731,Fel Intellect,utility-or-rank,utility,0,0,0
Warlock,354,Demonology,18743,Fel Intellect,utility-or-rank,utility,0,0,0
Warlock,354,Demonology,18744,Fel Intellect,utility-or-rank,utility,0,0,0
Warlock,354,Demonology,18748,Fel Stamina,utility-or-rank,utility,0,0,0
Warlock,354,Demonology,18749,Fel Stamina,utility-or-rank,utility,0,0,0
Warlock,354,Demonology,18750,Fel Stamina,utility-or-rank,utility,0,0,0
Warlock,354,Demonology,18754,Improved Sayaad,talent-passive,utility,0,0,0
Warlock,354,Demonology,18755,Improved Sayaad,talent-passive,utility,0,0,0
Warlock,354,Demonology,18756,Improved Sayaad,talent-passive,utility,0,0,0
Warlock,354,Demonology,18767,Master Conjuror,utility-or-rank,utility,0,0,0
Warlock,354,Demonology,18768,Master Conjuror,utility-or-rank,utility,0,0,0
Warlock,354,Demonology,18769,Unholy Power,talent-passive,utility,0,0,0
Warlock,354,Demonology,18770,Unholy Power,talent-passive,utility,0,0,0
Warlock,354,Demonology,18771,Unholy Power,talent-passive,utility,0,0,0
Warlock,354,Demonology,18772,Unholy Power,talent-passive,utility,0,0,0
Warlock,354,Demonology,18773,Unholy Power,talent-passive,utility,0,0,0
Warlock,354,Demonology,18788,Demonic Sacrifice,utility-or-rank,utility,0,0,0
Warlock,354,Demonology,18821,Improved Subjugate Demon,talent-passive,utility,0,0,0
Warlock,354,Demonology,18822,Improved Subjugate Demon,talent-passive,utility,0,0,0
Warlock,354,Demonology,19028,Soul Link,utility-or-rank,utility,0,0,0
Warlock,354,Demonology,20752,Create Soulstone,utility-or-rank,utility,0,256,0
Warlock,354,Demonology,20755,Create Soulstone,utility-or-rank,utility,0,256,0
Warlock,354,Demonology,20756,Create Soulstone,utility-or-rank,utility,0,256,0
Warlock,354,Demonology,20757,Create Soulstone,utility-or-rank,utility,0,256,0
Warlock,354,Demonology,23161,Summon Dreadsteed,utility-or-rank,utility,0,256,0
Warlock,354,Demonology,23759,Master Demonologist,utility-or-rank,utility,0,256,0
Warlock,354,Demonology,23760,Master Demonologist,utility-or-rank,utility,0,256,0
Warlock,354,Demonology,23761,Master Demonologist,utility-or-rank,utility,0,256,0
Warlock,354,Demonology,23762,Master Demonologist,utility-or-rank,utility,0,256,0
Warlock,354,Demonology,23785,Master Demonologist,utility-or-rank,utility,0,256,0
Warlock,354,Demonology,23822,Master Demonologist,utility-or-rank,utility,0,256,0
Warlock,354,Demonology,23823,Master Demonologist,utility-or-rank,utility,0,256,0
Warlock,354,Demonology,23824,Master Demonologist,utility-or-rank,utility,0,256,0
Warlock,354,Demonology,23825,Master Demonologist,utility-or-rank,utility,0,256,0
Warlock,354,Demonology,23826,Master Demonologist,utility-or-rank,utility,0,256,0
Warlock,354,Demonology,23827,Master Demonologist,utility-or-rank,utility,0,256,0
Warlock,354,Demonology,23828,Master Demonologist,utility-or-rank,utility,0,256,0
Warlock,354,Demonology,23829,Master Demonologist,utility-or-rank,utility,0,256,0
Warlock,354,Demonology,23833,Master Demonologist,utility-or-rank,utility,0,256,0
Warlock,354,Demonology,23834,Master Demonologist,utility-or-rank,utility,0,256,0
Warlock,354,Demonology,23835,Master Demonologist,utility-or-rank,utility,0,256,0
Warlock,354,Demonology,23836,Master Demonologist,utility-or-rank,utility,0,256,0
Warlock,354,Demonology,23837,Master Demonologist,utility-or-rank,utility,0,256,0
Warlock,354,Demonology,23838,Master Demonologist,utility-or-rank,utility,0,256,0
Warlock,354,Demonology,23839,Master Demonologist,utility-or-rank,utility,0,256,0
Warlock,354,Demonology,23840,Master Demonologist,utility-or-rank,utility,0,256,0
Warlock,354,Demonology,23841,Master Demonologist,utility-or-rank,utility,0,256,0
Warlock,354,Demonology,23842,Master Demonologist,utility-or-rank,utility,0,256,0
Warlock,354,Demonology,23843,Master Demonologist,utility-or-rank,utility,0,256,0
Warlock,354,Demonology,23844,Master Demonologist,utility-or-rank,utility,0,256,0
Warlock,354,Demonology,27230,Create Healthstone,healing,healing,0,256,0
Warlock,354,Demonology,27238,Create Soulstone,utility-or-rank,utility,0,256,0
Warlock,354,Demonology,27250,Create Firestone,utility-or-rank,utility,0,256,0
Warlock,354,Demonology,27259,Health Funnel,healing,healing,0,256,0
Warlock,354,Demonology,27260,Demon Armor,utility-or-rank,utility,0,256,0
Warlock,354,Demonology,28172,Create Spellstone,utility-or-rank,utility,0,256,0
Warlock,354,Demonology,28176,Fel Armor,utility-or-rank,utility,0,256,0
Warlock,354,Demonology,28189,Fel Armor,utility-or-rank,utility,0,256,0
Warlock,354,Demonology,28610,Shadow Ward,utility-or-rank,utility,0,256,0
Warlock,354,Demonology,29858,Soulshatter,utility-or-rank,utility,0,256,0
Warlock,354,Demonology,29886,Create Soulwell,utility-or-rank,utility,0,256,0
Warlock,354,Demonology,29893,Ritual of Souls,utility-or-rank,utility,0,256,0
Warlock,354,Demonology,30143,Demonic Aegis,utility-or-rank,utility,0,256,0
Warlock,354,Demonology,30144,Demonic Aegis,utility-or-rank,utility,0,256,0
Warlock,354,Demonology,30145,Demonic Aegis,utility-or-rank,utility,0,256,0
Warlock,354,Demonology,30146,Summon Felguard,utility-or-rank,utility,0,256,0
Warlock,354,Demonology,30242,Demonic Tactics,utility-or-rank,utility,0,256,0
Warlock,354,Demonology,30245,Demonic Tactics,utility-or-rank,utility,0,256,0
Warlock,354,Demonology,30246,Demonic Tactics,utility-or-rank,utility,0,256,0
Warlock,354,Demonology,30247,Demonic Tactics,utility-or-rank,utility,0,256,0
Warlock,354,Demonology,30248,Demonic Tactics,utility-or-rank,utility,0,256,0
Warlock,354,Demonology,30319,Demonic Resilience,utility-or-rank,utility,0,256,0
Warlock,354,Demonology,30320,Demonic Resilience,utility-or-rank,utility,0,256,0
Warlock,354,Demonology,30321,Demonic Resilience,utility-or-rank,utility,0,256,0
Warlock,354,Demonology,30326,Mana Feed,utility-or-rank,utility,0,256,0
Warlock,354,Demonology,30327,Mana Feed,utility-or-rank,utility,0,256,0
Warlock,354,Demonology,30328,Mana Feed,utility-or-rank,utility,0,256,0
Warlock,354,Demonology,35691,Demonic Knowledge,talent-passive,utility,0,256,0
Warlock,354,Demonology,35692,Demonic Knowledge,talent-passive,utility,0,256,0
Warlock,354,Demonology,35693,Demonic Knowledge,talent-passive,utility,0,256,0
Warlock,354,Demonology,35702,Master Demonologist,utility-or-rank,utility,0,256,0
Warlock,354,Demonology,35703,Master Demonologist,utility-or-rank,utility,0,256,0
Warlock,354,Demonology,35704,Master Demonologist,utility-or-rank,utility,0,256,0
Warlock,354,Demonology,35705,Master Demonologist,utility-or-rank,utility,0,256,0
Warlock,354,Demonology,35706,Master Demonologist,utility-or-rank,utility,0,256,0
Warlock,355,Affliction,172,Corruption,damage,single-target,0,256,0
Warlock,355,Affliction,603,Curse of Doom,damage,single-target;dispel-cleanse,0,256,0
Warlock,355,Affliction,689,Drain Life,utility-or-rank,utility,0,256,0
Warlock,355,Affliction,699,Drain Life,utility-or-rank,utility,0,256,0
Warlock,355,Affliction,702,Curse of Weakness,damage,single-target;dispel-cleanse,0,256,0
Warlock,355,Affliction,704,Curse of Recklessness,damage,single-target;dispel-cleanse,0,256,0
Warlock,355,Affliction,709,Drain Life,utility-or-rank,utility,0,256,0
Warlock,355,Affliction,980,Curse of Agony,damage,single-target;dispel-cleanse,0,256,0
Warlock,355,Affliction,1010,Curse of Idiocy,damage,single-target;dispel-cleanse,0,256,0
Warlock,355,Affliction,1014,Curse of Agony,damage,single-target;dispel-cleanse,0,0,0
Warlock,355,Affliction,1108,Curse of Weakness,damage,single-target;dispel-cleanse,0,256,0
Warlock,355,Affliction,1120,Drain Soul,utility-or-rank,utility,0,256,0
Warlock,355,Affliction,1454,Life Tap,utility-or-rank,utility,0,256,0
Warlock,355,Affliction,1455,Life Tap,utility-or-rank,utility,0,256,0
Warlock,355,Affliction,1456,Life Tap,utility-or-rank,utility,0,256,0
Warlock,355,Affliction,1490,Curse of the Elements,damage,single-target;dispel-cleanse,0,256,0
Warlock,355,Affliction,1714,Curse of Tongues,damage,single-target;dispel-cleanse,0,256,0
Warlock,355,Affliction,5138,Drain Mana,utility-or-rank,utility,0,256,0
Warlock,355,Affliction,5484,Howl of Terror,utility-or-rank,utility,0,256,0
Warlock,355,Affliction,5782,Fear,pvp-control,pvp,0,256,0
Warlock,355,Affliction,6205,Curse of Weakness,damage,single-target;dispel-cleanse,0,256,0
Warlock,355,Affliction,6213,Fear,pvp-control,pvp,0,256,0
Warlock,355,Affliction,6215,Fear,pvp-control,pvp,0,256,0
Warlock,355,Affliction,6217,Curse of Agony,damage,single-target;dispel-cleanse,0,256,0
Warlock,355,Affliction,6222,Corruption,damage,single-target,0,256,0
Warlock,355,Affliction,6223,Corruption,damage,single-target,0,256,0
Warlock,355,Affliction,6226,Drain Mana,utility-or-rank,utility,0,256,0
Warlock,355,Affliction,6789,Death Coil,utility-or-rank,utility,0,256,0
Warlock,355,Affliction,7646,Curse of Weakness,damage,single-target;dispel-cleanse,0,256,0
Warlock,355,Affliction,7648,Corruption,damage,single-target,0,256,0
Warlock,355,Affliction,7651,Drain Life,utility-or-rank,utility,0,256,0
Warlock,355,Affliction,7658,Curse of Recklessness,damage,single-target;dispel-cleanse,0,256,0
Warlock,355,Affliction,7659,Curse of Recklessness,damage,single-target;dispel-cleanse,0,256,0
Warlock,355,Affliction,8288,Drain Soul,utility-or-rank,utility,0,256,0
Warlock,355,Affliction,8289,Drain Soul,utility-or-rank,utility,0,256,0
Warlock,355,Affliction,11671,Corruption,damage,single-target,0,256,0
Warlock,355,Affliction,11672,Corruption,damage,single-target,0,256,0
Warlock,355,Affliction,11675,Drain Soul,utility-or-rank,utility,0,256,0
Warlock,355,Affliction,11687,Life Tap,utility-or-rank,utility,0,256,0
Warlock,355,Affliction,11688,Life Tap,utility-or-rank,utility,0,256,0
Warlock,355,Affliction,11689,Life Tap,utility-or-rank,utility,0,256,0
Warlock,355,Affliction,11699,Drain Life,utility-or-rank,utility,0,256,0
Warlock,355,Affliction,11700,Drain Life,utility-or-rank,utility,0,256,0
Warlock,355,Affliction,11703,Drain Mana,utility-or-rank,utility,0,256,0
Warlock,355,Affliction,11704,Drain Mana,utility-or-rank,utility,0,256,0
Warlock,355,Affliction,11707,Curse of Weakness,damage,single-target;dispel-cleanse,0,256,0
Warlock,355,Affliction,11708,Curse of Weakness,damage,single-target;dispel-cleanse,0,256,0
Warlock,355,Affliction,11711,Curse of Agony,damage,single-target;dispel-cleanse,0,256,0
Warlock,355,Affliction,11712,Curse of Agony,damage,single-target;dispel-cleanse,0,256,0
Warlock,355,Affliction,11713,Curse of Agony,damage,single-target;dispel-cleanse,0,256,0
Warlock,355,Affliction,11717,Curse of Recklessness,damage,single-target;dispel-cleanse,0,256,0
Warlock,355,Affliction,11719,Curse of Tongues,damage,single-target;dispel-cleanse,0,256,0
Warlock,355,Affliction,11721,Curse of the Elements,damage,single-target;dispel-cleanse,0,256,0
Warlock,355,Affliction,11722,Curse of the Elements,damage,single-target;dispel-cleanse,0,256,0
Warlock,355,Affliction,17783,Fel Concentration,utility-or-rank,utility,0,0,0
Warlock,355,Affliction,17784,Fel Concentration,utility-or-rank,utility,0,0,0
Warlock,355,Affliction,17785,Fel Concentration,utility-or-rank,utility,0,0,0
Warlock,355,Affliction,17786,Fel Concentration,utility-or-rank,utility,0,0,0
Warlock,355,Affliction,17787,Fel Concentration,utility-or-rank,utility,0,0,0
Warlock,355,Affliction,17804,Soul Siphon,utility-or-rank,utility,0,0,0
Warlock,355,Affliction,17805,Soul Siphon,utility-or-rank,utility,0,0,0
Warlock,355,Affliction,17810,Improved Corruption,damage,single-target,0,0,0
Warlock,355,Affliction,17811,Improved Corruption,damage,single-target,0,0,0
Warlock,355,Affliction,17812,Improved Corruption,damage,single-target,0,0,0
Warlock,355,Affliction,17813,Improved Corruption,damage,single-target,0,0,0
Warlock,355,Affliction,17814,Improved Corruption,damage,single-target,0,0,0
Warlock,355,Affliction,17925,Death Coil,utility-or-rank,utility,0,256,0
Warlock,355,Affliction,17926,Death Coil,utility-or-rank,utility,0,256,0
Warlock,355,Affliction,17928,Howl of Terror,utility-or-rank,utility,0,256,0
Warlock,355,Affliction,18094,Nightfall,utility-or-rank,utility,0,0,0
Warlock,355,Affliction,18095,Nightfall,utility-or-rank,utility,0,0,0
Warlock,355,Affliction,18174,Suppression,utility-or-rank,utility,0,0,0
Warlock,355,Affliction,18175,Suppression,utility-or-rank,utility,0,0,0
Warlock,355,Affliction,18176,Suppression,utility-or-rank,utility,0,0,0
Warlock,355,Affliction,18177,Suppression,utility-or-rank,utility,0,0,0
Warlock,355,Affliction,18178,Suppression,utility-or-rank,utility,0,0,0
Warlock,355,Affliction,18179,Improved Curse of Weakness,damage,single-target;dispel-cleanse,0,0,0
Warlock,355,Affliction,18180,Improved Curse of Weakness,damage,single-target;dispel-cleanse,0,0,0
Warlock,355,Affliction,18182,Improved Life Tap,talent-passive,utility,0,0,0
Warlock,355,Affliction,18183,Improved Life Tap,talent-passive,utility,0,0,0
Warlock,355,Affliction,18213,Improved Drain Soul,talent-passive,utility,0,0,0
Warlock,355,Affliction,18218,Grim Reach,utility-or-rank,utility,0,0,0
Warlock,355,Affliction,18219,Grim Reach,utility-or-rank,utility,0,0,0
Warlock,355,Affliction,18220,Dark Pact,utility-or-rank,utility,0,256,0
Warlock,355,Affliction,18223,Curse of Exhaustion,damage,single-target;dispel-cleanse,0,0,0
Warlock,355,Affliction,18265,Siphon Life,utility-or-rank,utility,0,256,0
Warlock,355,Affliction,18271,Shadow Mastery,talent-passive,utility,0,0,0
Warlock,355,Affliction,18272,Shadow Mastery,talent-passive,utility,0,0,0
Warlock,355,Affliction,18273,Shadow Mastery,talent-passive,utility,0,0,0
Warlock,355,Affliction,18274,Shadow Mastery,talent-passive,utility,0,0,0
Warlock,355,Affliction,18275,Shadow Mastery,talent-passive,utility,0,0,0
Warlock,355,Affliction,18288,Amplify Curse,damage,single-target;dispel-cleanse,0,0,0
Warlock,355,Affliction,18372,Improved Drain Soul,talent-passive,utility,0,0,0
Warlock,355,Affliction,18662,Curse of Doom Effect,damage,single-target;dispel-cleanse,0,256,0
Warlock,355,Affliction,18827,Improved Curse of Agony,damage,single-target;dispel-cleanse,0,0,0
Warlock,355,Affliction,18829,Improved Curse of Agony,damage,single-target;dispel-cleanse,0,0,0
Warlock,355,Affliction,18879,Siphon Life,utility-or-rank,utility,0,256,0
Warlock,355,Affliction,18880,Siphon Life,utility-or-rank,utility,0,256,0
Warlock,355,Affliction,18881,Siphon Life,utility-or-rank,utility,0,256,0
Warlock,355,Affliction,18937,Dark Pact,utility-or-rank,utility,0,256,0
Warlock,355,Affliction,18938,Dark Pact,utility-or-rank,utility,0,256,0
Warlock,355,Affliction,25311,Corruption,damage,single-target,0,256,0
Warlock,355,Affliction,27216,Corruption,damage,single-target,0,256,0
Warlock,355,Affliction,27217,Drain Soul,utility-or-rank,utility,0,256,0
Warlock,355,Affliction,27218,Curse of Agony,damage,single-target;dispel-cleanse,0,256,0
Warlock,355,Affliction,27219,Drain Life,utility-or-rank,utility,0,256,0
Warlock,355,Affliction,27220,Drain Life,utility-or-rank,utility,0,256,0
Warlock,355,Affliction,27221,Drain Mana,utility-or-rank,utility,0,256,0
Warlock,355,Affliction,27222,Life Tap,utility-or-rank,utility,0,256,0
Warlock,355,Affliction,27223,Death Coil,utility-or-rank,utility,0,256,0
Warlock,355,Affliction,27224,Curse of Weakness,damage,single-target;dispel-cleanse,0,256,0
Warlock,355,Affliction,27226,Curse of Recklessness,damage,single-target;dispel-cleanse,0,256,0
Warlock,355,Affliction,27228,Curse of the Elements,damage,single-target;dispel-cleanse,0,256,0
Warlock,355,Affliction,27243,Seed of Corruption,damage,single-target;multi-target,0,256,0
Warlock,355,Affliction,27264,Siphon Life,utility-or-rank,utility,0,256,0
Warlock,355,Affliction,27265,Dark Pact,utility-or-rank,utility,0,256,0
Warlock,355,Affliction,27285,Seed of Corruption,damage,single-target;multi-target,0,0,0
Warlock,355,Affliction,30054,Improved Howl of Terror,talent-passive,utility,0,256,0
Warlock,355,Affliction,30057,Improved Howl of Terror,talent-passive,utility,0,256,0
Warlock,355,Affliction,30060,Contagion,utility-or-rank,utility,0,256,0
Warlock,355,Affliction,30061,Contagion,utility-or-rank,utility,0,256,0
Warlock,355,Affliction,30062,Contagion,utility-or-rank,utility,0,256,0
Warlock,355,Affliction,30063,Contagion,utility-or-rank,utility,0,256,0
Warlock,355,Affliction,30064,Contagion,utility-or-rank,utility,0,256,0
Warlock,355,Affliction,30108,Unstable Affliction,utility-or-rank,utility,0,256,0
Warlock,355,Affliction,30404,Unstable Affliction,utility-or-rank,utility,0,256,0
Warlock,355,Affliction,30405,Unstable Affliction,utility-or-rank,utility,0,256,0
Warlock,355,Affliction,30908,Drain Mana,utility-or-rank,utility,0,256,0
Warlock,355,Affliction,30909,Curse of Weakness,damage,single-target;dispel-cleanse,0,256,0
Warlock,355,Affliction,30910,Curse of Doom,damage,single-target;dispel-cleanse,0,256,0
Warlock,355,Affliction,30911,Siphon Life,utility-or-rank,utility,0,256,0
Warlock,355,Affliction,31117,Unstable Affliction,utility-or-rank,utility,0,256,0
Warlock,355,Affliction,32381,Empowered Corruption,damage,single-target,0,256,0
Warlock,355,Affliction,32382,Empowered Corruption,damage,single-target,0,256,0
Warlock,355,Affliction,32383,Empowered Corruption,damage,single-target,0,256,0
Warlock,355,Affliction,32385,Shadow Embrace,utility-or-rank,utility,0,256,0
Warlock,355,Affliction,32386,Shadow Embrace,utility-or-rank,utility,0,256,0
Warlock,355,Affliction,32387,Shadow Embrace,utility-or-rank,utility,0,256,0
Warlock,355,Affliction,32388,Shadow Embrace,utility-or-rank,utility,0,256,0
Warlock,355,Affliction,32389,Shadow Embrace,utility-or-rank,utility,0,256,0
Warlock,355,Affliction,32390,Shadow Embrace,utility-or-rank,utility,0,256,0
Warlock,355,Affliction,32391,Shadow Embrace,utility-or-rank,utility,0,256,0
Warlock,355,Affliction,32392,Shadow Embrace,utility-or-rank,utility,0,256,0
Warlock,355,Affliction,32393,Shadow Embrace,utility-or-rank,utility,0,256,0
Warlock,355,Affliction,32394,Shadow Embrace,utility-or-rank,utility,0,256,0
Warlock,355,Affliction,32477,Malediction,utility-or-rank,utility,0,256,0
Warlock,355,Affliction,32483,Malediction,utility-or-rank,utility,0,256,0
Warlock,355,Affliction,32484,Malediction,utility-or-rank,utility,0,256,0
Warlock,593,Destruction,348,Immolate,utility-or-rank,utility,0,256,0
Warlock,593,Destruction,686,Shadow Bolt,damage,single-target,2,256,0
Warlock,593,Destruction,695,Shadow Bolt,damage,single-target,0,256,0
Warlock,593,Destruction,705,Shadow Bolt,damage,single-target,0,256,0
Warlock,593,Destruction,707,Immolate,utility-or-rank,utility,0,256,0
Warlock,593,Destruction,1088,Shadow Bolt,damage,single-target,0,256,0
Warlock,593,Destruction,1094,Immolate,utility-or-rank,utility,0,256,0
Warlock,593,Destruction,1106,Shadow Bolt,damage,single-target,0,256,0
Warlock,593,Destruction,1949,Hellfire,utility-or-rank,utility,0,256,0
Warlock,593,Destruction,2941,Immolate,utility-or-rank,utility,0,256,0
Warlock,593,Destruction,5676,Searing Pain,utility-or-rank,utility,0,256,0
Warlock,593,Destruction,5740,Rain of Fire,utility-or-rank,multi-target,0,256,0
Warlock,593,Destruction,5857,Hellfire Effect,utility-or-rank,utility,0,256,0
Warlock,593,Destruction,6219,Rain of Fire,utility-or-rank,multi-target,0,256,0
Warlock,593,Destruction,6353,Soul Fire,utility-or-rank,utility,0,256,0
Warlock,593,Destruction,7641,Shadow Bolt,damage,single-target,0,256,0
Warlock,593,Destruction,11659,Shadow Bolt,damage,single-target,0,256,0
Warlock,593,Destruction,11660,Shadow Bolt,damage,single-target,0,256,0
Warlock,593,Destruction,11661,Shadow Bolt,damage,single-target,0,256,0
Warlock,593,Destruction,11665,Immolate,utility-or-rank,utility,0,256,0
Warlock,593,Destruction,11667,Immolate,utility-or-rank,utility,0,256,0
Warlock,593,Destruction,11668,Immolate,utility-or-rank,utility,0,256,0
Warlock,593,Destruction,11668,Immolate,utility-or-rank,utility,0,0,0
Warlock,593,Destruction,11677,Rain of Fire,utility-or-rank,multi-target,0,256,0
Warlock,593,Destruction,11678,Rain of Fire,utility-or-rank,multi-target,0,256,0
Warlock,593,Destruction,11681,Hellfire Effect,utility-or-rank,utility,0,256,0
Warlock,593,Destruction,11682,Hellfire Effect,utility-or-rank,utility,0,256,0
Warlock,593,Destruction,11683,Hellfire,utility-or-rank,utility,0,256,0
Warlock,593,Destruction,11684,Hellfire,utility-or-rank,utility,0,256,0
Warlock,593,Destruction,17778,Cataclysm,utility-or-rank,utility,0,0,0
Warlock,593,Destruction,17779,Cataclysm,utility-or-rank,utility,0,0,0
Warlock,593,Destruction,17780,Cataclysm,utility-or-rank,utility,0,0,0
Warlock,593,Destruction,17781,Cataclysm,utility-or-rank,utility,0,0,0
Warlock,593,Destruction,17782,Cataclysm,utility-or-rank,utility,0,0,0
Warlock,593,Destruction,17788,Bane,utility-or-rank,utility,0,0,0
Warlock,593,Destruction,17789,Bane,utility-or-rank,utility,0,0,0
Warlock,593,Destruction,17790,Bane,utility-or-rank,utility,0,0,0
Warlock,593,Destruction,17791,Bane,utility-or-rank,utility,0,0,0
Warlock,593,Destruction,17792,Bane,utility-or-rank,utility,0,0,0
Warlock,593,Destruction,17793,Improved Shadow Bolt,damage,single-target,0,0,0
Warlock,593,Destruction,17796,Improved Shadow Bolt,damage,single-target,0,0,0
Warlock,593,Destruction,17801,Improved Shadow Bolt,damage,single-target,0,0,0
Warlock,593,Destruction,17802,Improved Shadow Bolt,damage,single-target,0,0,0
Warlock,593,Destruction,17803,Improved Shadow Bolt,damage,single-target,0,0,0
Warlock,593,Destruction,17815,Improved Immolate,talent-passive,utility,0,0,0
Warlock,593,Destruction,17833,Improved Immolate,talent-passive,utility,0,0,0
Warlock,593,Destruction,17834,Improved Immolate,talent-passive,utility,0,0,0
Warlock,593,Destruction,17835,Improved Immolate,talent-passive,utility,0,0,0
Warlock,593,Destruction,17836,Improved Immolate,talent-passive,utility,0,0,0
Warlock,593,Destruction,17877,Shadowburn,utility-or-rank,utility,0,256,0
Warlock,593,Destruction,17917,Destructive Reach,utility-or-rank,utility,0,0,0
Warlock,593,Destruction,17918,Destructive Reach,utility-or-rank,utility,0,0,0
Warlock,593,Destruction,17919,Searing Pain,utility-or-rank,utility,0,256,0
Warlock,593,Destruction,17920,Searing Pain,utility-or-rank,utility,0,256,0
Warlock,593,Destruction,17921,Searing Pain,utility-or-rank,utility,0,256,0
Warlock,593,Destruction,17922,Searing Pain,utility-or-rank,utility,0,256,0
Warlock,593,Destruction,17923,Searing Pain,utility-or-rank,utility,0,256,0
Warlock,593,Destruction,17924,Soul Fire,utility-or-rank,utility,0,256,0
Warlock,593,Destruction,17927,Improved Searing Pain,talent-passive,utility,0,0,0
Warlock,593,Destruction,17929,Improved Searing Pain,talent-passive,utility,0,0,0
Warlock,593,Destruction,17930,Improved Searing Pain,talent-passive,utility,0,0,0
Warlock,593,Destruction,17954,Emberstorm,utility-or-rank,utility,0,0,0
Warlock,593,Destruction,17955,Emberstorm,utility-or-rank,utility,0,0,0
Warlock,593,Destruction,17956,Emberstorm,utility-or-rank,utility,0,0,0
Warlock,593,Destruction,17957,Emberstorm,utility-or-rank,utility,0,0,0
Warlock,593,Destruction,17958,Emberstorm,utility-or-rank,utility,0,0,0
Warlock,593,Destruction,17959,Ruin,utility-or-rank,utility,0,0,0
Warlock,593,Destruction,17962,Conflagrate,utility-or-rank,utility,0,256,0
Warlock,593,Destruction,18073,Pyroclasm,utility-or-rank,utility,0,0,0
Warlock,593,Destruction,18093,Pyroclasm,utility-or-rank,utility,0,0,0
Warlock,593,Destruction,18096,Pyroclasm,utility-or-rank,utility,0,0,0
Warlock,593,Destruction,18119,Aftermath,utility-or-rank,utility,0,0,0
Warlock,593,Destruction,18120,Aftermath,utility-or-rank,utility,0,0,0
Warlock,593,Destruction,18121,Aftermath,utility-or-rank,utility,0,0,0
Warlock,593,Destruction,18122,Aftermath,utility-or-rank,utility,0,0,0
Warlock,593,Destruction,18123,Aftermath,utility-or-rank,utility,0,0,0
Warlock,593,Destruction,18126,Improved Firebolt,damage,single-target,0,0,0
Warlock,593,Destruction,18127,Improved Firebolt,damage,single-target,0,0,0
Warlock,593,Destruction,18128,Improved Lash of Pain,talent-passive,utility,0,0,0
Warlock,593,Destruction,18129,Improved Lash of Pain,talent-passive,utility,0,0,0
Warlock,593,Destruction,18130,Devastation,utility-or-rank,utility,0,0,0
Warlock,593,Destruction,18131,Devastation,utility-or-rank,utility,0,0,0
Warlock,593,Destruction,18132,Devastation,utility-or-rank,utility,0,0,0
Warlock,593,Destruction,18133,Devastation,utility-or-rank,utility,0,0,0
Warlock,593,Destruction,18134,Devastation,utility-or-rank,utility,0,0,0
Warlock,593,Destruction,18135,Intensity,utility-or-rank,utility,0,0,0
Warlock,593,Destruction,18136,Intensity,utility-or-rank,utility,0,0,0
Warlock,593,Destruction,18867,Shadowburn,utility-or-rank,utility,0,256,0
Warlock,593,Destruction,18868,Shadowburn,utility-or-rank,utility,0,256,0
Warlock,593,Destruction,18869,Shadowburn,utility-or-rank,utility,0,256,0
Warlock,593,Destruction,18870,Shadowburn,utility-or-rank,utility,0,256,0
Warlock,593,Destruction,18871,Shadowburn,utility-or-rank,utility,0,256,0
Warlock,593,Destruction,18930,Conflagrate,utility-or-rank,utility,0,256,0
Warlock,593,Destruction,18931,Conflagrate,utility-or-rank,utility,0,256,0
Warlock,593,Destruction,18932,Conflagrate,utility-or-rank,utility,0,256,0
Warlock,593,Destruction,25307,Shadow Bolt,damage,single-target,0,256,0
Warlock,593,Destruction,25309,Immolate,utility-or-rank,utility,0,256,0
Warlock,593,Destruction,27209,Shadow Bolt,damage,single-target,0,256,0
Warlock,593,Destruction,27210,Searing Pain,utility-or-rank,utility,0,256,0
Warlock,593,Destruction,27211,Soul Fire,utility-or-rank,utility,0,256,0
Warlock,593,Destruction,27212,Rain of Fire,utility-or-rank,multi-target,0,256,0
Warlock,593,Destruction,27213,Hellfire,utility-or-rank,utility,0,256,0
Warlock,593,Destruction,27214,Hellfire Effect,utility-or-rank,utility,0,256,0
Warlock,593,Destruction,27215,Immolate,utility-or-rank,utility,0,256,0
Warlock,593,Destruction,27263,Shadowburn,utility-or-rank,utility,0,256,0
Warlock,593,Destruction,27266,Conflagrate,utility-or-rank,utility,0,256,0
Warlock,593,Destruction,29722,Incinerate,damage,single-target,0,256,0
Warlock,593,Destruction,30283,Shadowfury,talent-passive,utility,0,256,0
Warlock,593,Destruction,30288,Shadow and Flame,utility-or-rank,utility,0,256,0
Warlock,593,Destruction,30289,Shadow and Flame,utility-or-rank,utility,0,256,0
Warlock,593,Destruction,30290,Shadow and Flame,utility-or-rank,utility,0,256,0
Warlock,593,Destruction,30291,Shadow and Flame,utility-or-rank,utility,0,256,0
Warlock,593,Destruction,30292,Shadow and Flame,utility-or-rank,utility,0,256,0
Warlock,593,Destruction,30293,Soul Leech,utility-or-rank,utility,0,256,0
Warlock,593,Destruction,30295,Soul Leech,utility-or-rank,utility,0,256,0
Warlock,593,Destruction,30296,Soul Leech,utility-or-rank,utility,0,256,0
Warlock,593,Destruction,30299,Nether Protection,utility-or-rank,utility,0,256,0
Warlock,593,Destruction,30300,Nether Protection,utility-or-rank,utility,0,256,0
Warlock,593,Destruction,30301,Nether Protection,utility-or-rank,utility,0,256,0
Warlock,593,Destruction,30302,Nether Protection,utility-or-rank,utility,0,256,0
Warlock,593,Destruction,30413,Shadowfury,talent-passive,utility,0,256,0
Warlock,593,Destruction,30414,Shadowfury,talent-passive,utility,0,256,0
Warlock,593,Destruction,30459,Searing Pain,utility-or-rank,utility,0,256,0
Warlock,593,Destruction,30545,Soul Fire,utility-or-rank,utility,0,256,0
Warlock,593,Destruction,30546,Shadowburn,utility-or-rank,utility,0,256,0
Warlock,593,Destruction,30912,Conflagrate,utility-or-rank,utility,0,256,0
Warlock,593,Destruction,32231,Incinerate,damage,single-target,0,256,0
Warlock,593,Destruction,34935,Backlash,utility-or-rank,utility,0,256,0
Warlock,593,Destruction,34936,Backlash,utility-or-rank,utility,0,256,0
Warlock,593,Destruction,34938,Backlash,utility-or-rank,utility,0,256,0
Warlock,593,Destruction,34939,Backlash,utility-or-rank,utility,0,256,0
Warlock,593,Destruction,42218,Rain of Fire,utility-or-rank,multi-target,0,256,0
Warlock,593,Destruction,42223,Rain of Fire,utility-or-rank,multi-target,0,256,0
Warlock,593,Destruction,42224,Rain of Fire,utility-or-rank,multi-target,0,256,0
Warlock,593,Destruction,42225,Rain of Fire,utility-or-rank,multi-target,0,256,0
Warlock,593,Destruction,42226,Rain of Fire,utility-or-rank,multi-target,0,256,0
Warlock,761,Pet - Felguard,30147,Tamed Pet Passive (DND),utility-or-rank,utility,2,0,0
Warlock,761,Pet - Felguard,30148,Tamed Pet Passive (DND),utility-or-rank,utility,2,0,0
Warlock,761,Pet - Felguard,30149,Tamed Pet Passive (DND),utility-or-rank,utility,2,0,0
Warlock,761,Pet - Felguard,30151,Intercept,utility-or-rank,utility,0,0,0
Warlock,761,Pet - Felguard,30153,Intercept Stun,pvp-control,pvp,0,0,0
Warlock,761,Pet - Felguard,30194,Intercept,utility-or-rank,utility,0,0,0
Warlock,761,Pet - Felguard,30195,Intercept Stun,pvp-control,pvp,0,0,0
Warlock,761,Pet - Felguard,30197,Intercept Stun,pvp-control,pvp,0,0,0
Warlock,761,Pet - Felguard,30198,Intercept,utility-or-rank,utility,0,0,0
Warlock,761,Pet - Felguard,30213,Cleave,utility-or-rank,multi-target,0,0,0
Warlock,761,Pet - Felguard,30219,Cleave,utility-or-rank,multi-target,0,0,0
Warlock,761,Pet - Felguard,30223,Cleave,utility-or-rank,multi-target,0,0,0
Warlock,761,Pet - Felguard,32233,Avoidance,utility-or-rank,utility,0,0,0
Warlock,761,Pet - Felguard,32850,Demonic Frenzy,utility-or-rank,utility,0,0,0
Warlock,761,Pet - Felguard,32851,Demonic Frenzy,utility-or-rank,utility,0,0,0
Warlock,761,Pet - Felguard,33698,Anguish,utility-or-rank,utility,0,0,0
Warlock,761,Pet - Felguard,33699,Anguish,utility-or-rank,utility,0,0,0
Warlock,761,Pet - Felguard,33700,Anguish,utility-or-rank,utility,0,0,0
Warlock,761,Pet - Felguard,34947,Warlock Pet Scaling 01,utility-or-rank,utility,2,0,0
Warlock,761,Pet - Felguard,34956,Warlock Pet Scaling 02,utility-or-rank,utility,2,0,0
Warlock,761,Pet - Felguard,34957,Warlock Pet Scaling 03,utility-or-rank,utility,2,0,0
Warlock,761,Pet - Felguard,34958,Warlock Pet Scaling 04,utility-or-rank,utility,2,0,0
Warlock,761,Pet - Felguard,35695,Pet Passive (DND),utility-or-rank,utility,2,0,0
Warlock,761,Pet - Felguard,35697,Pet Passive (DND),utility-or-rank,utility,2,0,0
Warrior,26,Arms,78,Heroic Strike,damage,single-target,2,1,0
Warrior,26,Arms,100,Charge,utility-or-rank,utility,0,1,0
Warrior,26,Arms,284,Heroic Strike,damage,single-target,0,1,0
Warrior,26,Arms,285,Heroic Strike,damage,single-target,0,1,0
Warrior,26,Arms,694,Mocking Blow,utility-or-rank,utility,0,1,0
Warrior,26,Arms,772,Rend,utility-or-rank,utility,0,1,0
Warrior,26,Arms,1608,Heroic Strike,damage,single-target,0,1,0
Warrior,26,Arms,1715,Hamstring,pvp-control,pvp,0,1,0
Warrior,26,Arms,2457,Battle Stance,utility-or-rank,state-maintenance,2,1,0
Warrior,26,Arms,5530,Mace Stun Effect,pvp-control,pvp,0,0,0
Warrior,26,Arms,6178,Charge,utility-or-rank,utility,0,1,0
Warrior,26,Arms,6343,Thunder Clap,utility-or-rank,utility,0,1,0
Warrior,26,Arms,6546,Rend,utility-or-rank,utility,0,1,0
Warrior,26,Arms,6547,Rend,utility-or-rank,utility,0,1,0
Warrior,26,Arms,6548,Rend,utility-or-rank,utility,0,1,0
Warrior,26,Arms,7372,Hamstring,pvp-control,pvp,0,1,0
Warrior,26,Arms,7373,Hamstring,pvp-control,pvp,0,1,0
Warrior,26,Arms,7384,Overpower,talent-passive,utility,0,1,0
Warrior,26,Arms,7400,Mocking Blow,utility-or-rank,utility,0,1,0
Warrior,26,Arms,7402,Mocking Blow,utility-or-rank,utility,0,1,0
Warrior,26,Arms,7887,Overpower,talent-passive,utility,0,1,0
Warrior,26,Arms,8198,Thunder Clap,utility-or-rank,utility,0,1,0
Warrior,26,Arms,8204,Thunder Clap,utility-or-rank,utility,0,1,0
Warrior,26,Arms,8205,Thunder Clap,utility-or-rank,utility,0,1,0
Warrior,26,Arms,11564,Heroic Strike,damage,single-target,0,1,0
Warrior,26,Arms,11565,Heroic Strike,damage,single-target,0,1,0
Warrior,26,Arms,11566,Heroic Strike,damage,single-target,0,1,0
Warrior,26,Arms,11567,Heroic Strike,damage,single-target,0,1,0
Warrior,26,Arms,11572,Rend,utility-or-rank,utility,0,1,0
Warrior,26,Arms,11573,Rend,utility-or-rank,utility,0,1,0
Warrior,26,Arms,11574,Rend,utility-or-rank,utility,0,1,0
Warrior,26,Arms,11578,Charge,utility-or-rank,utility,0,1,0
Warrior,26,Arms,11580,Thunder Clap,utility-or-rank,utility,0,1,0
Warrior,26,Arms,11581,Thunder Clap,utility-or-rank,utility,0,1,0
Warrior,26,Arms,11584,Overpower,talent-passive,utility,0,1,0
Warrior,26,Arms,11585,Overpower,talent-passive,utility,0,1,0
Warrior,26,Arms,12163,Two-Handed Weapon Specialization,talent-passive,utility,0,0,0
Warrior,26,Arms,12281,Sword Specialization,talent-passive,utility,0,0,0
Warrior,26,Arms,12282,Improved Heroic Strike,damage,single-target,0,0,0
Warrior,26,Arms,12284,Mace Specialization,talent-passive,utility,0,0,0
Warrior,26,Arms,12285,Improved Charge,talent-passive,utility,0,0,0
Warrior,26,Arms,12286,Improved Rend,talent-passive,utility,0,0,0
Warrior,26,Arms,12287,Improved Thunder Clap,talent-passive,utility,0,0,0
Warrior,26,Arms,12289,Improved Hamstring,pvp-control,pvp,0,0,0
Warrior,26,Arms,12290,Improved Overpower,talent-passive,utility,0,0,0
Warrior,26,Arms,12292,Death Wish,utility-or-rank,utility,0,1,0
Warrior,26,Arms,12294,Mortal Strike,damage,single-target,0,1,0
Warrior,26,Arms,12296,Anger Management,utility-or-rank,utility,0,0,0
Warrior,26,Arms,12300,Iron Will,utility-or-rank,utility,0,1,0
Warrior,26,Arms,12658,Improved Rend,talent-passive,utility,0,0,0
Warrior,26,Arms,12659,Improved Rend,talent-passive,utility,0,0,0
Warrior,26,Arms,12663,Improved Heroic Strike,damage,single-target,0,0,0
Warrior,26,Arms,12664,Improved Heroic Strike,damage,single-target,0,0,0
Warrior,26,Arms,12665,Improved Thunder Clap,talent-passive,utility,0,0,0
Warrior,26,Arms,12666,Improved Thunder Clap,talent-passive,utility,0,0,0
Warrior,26,Arms,12668,Improved Hamstring,pvp-control,pvp,0,0,0
Warrior,26,Arms,12695,Charge Rage Bonus Effect,utility-or-rank,utility,0,0,0
Warrior,26,Arms,12696,Charge Rage Bonus Effect,utility-or-rank,utility,0,0,0
Warrior,26,Arms,12697,Improved Charge,talent-passive,utility,0,0,0
Warrior,26,Arms,12700,Poleaxe Specialization,talent-passive,utility,0,0,0
Warrior,26,Arms,12701,Mace Specialization,talent-passive,utility,0,0,0
Warrior,26,Arms,12702,Mace Specialization,talent-passive,utility,0,0,0
Warrior,26,Arms,12703,Mace Specialization,talent-passive,utility,0,0,0
Warrior,26,Arms,12704,Mace Specialization,talent-passive,utility,0,0,0
Warrior,26,Arms,12705,Long Daze,utility-or-rank,utility,0,0,0
Warrior,26,Arms,12711,Two-Handed Weapon Specialization,talent-passive,utility,0,0,0
Warrior,26,Arms,12712,Two-Handed Weapon Specialization,talent-passive,utility,0,0,0
Warrior,26,Arms,12713,Two-Handed Weapon Specialization,talent-passive,utility,0,0,0
Warrior,26,Arms,12714,Two-Handed Weapon Specialization,talent-passive,utility,0,0,0
Warrior,26,Arms,12781,Poleaxe Specialization,talent-passive,utility,0,0,0
Warrior,26,Arms,12783,Poleaxe Specialization,talent-passive,utility,0,0,0
Warrior,26,Arms,12784,Poleaxe Specialization,talent-passive,utility,0,0,0
Warrior,26,Arms,12785,Poleaxe Specialization,talent-passive,utility,0,0,0
Warrior,26,Arms,12812,Sword Specialization,talent-passive,utility,0,0,0
Warrior,26,Arms,12813,Sword Specialization,talent-passive,utility,0,0,0
Warrior,26,Arms,12814,Sword Specialization,talent-passive,utility,0,0,0
Warrior,26,Arms,12815,Sword Specialization,talent-passive,utility,0,0,0
Warrior,26,Arms,12834,Deep Wounds,utility-or-rank,utility,0,0,0
Warrior,26,Arms,12849,Deep Wounds,utility-or-rank,utility,0,0,0
Warrior,26,Arms,12867,Deep Wounds,utility-or-rank,utility,0,0,0
Warrior,26,Arms,12959,Iron Will,utility-or-rank,utility,0,1,0
Warrior,26,Arms,12960,Iron Will,utility-or-rank,utility,0,1,0
Warrior,26,Arms,12961,Iron Will,utility-or-rank,utility,0,1,0
Warrior,26,Arms,12962,Iron Will,utility-or-rank,utility,0,1,0
Warrior,26,Arms,12963,Improved Overpower,talent-passive,utility,0,0,0
Warrior,26,Arms,16462,Deflection,utility-or-rank,utility,0,0,0
Warrior,26,Arms,16463,Deflection,utility-or-rank,utility,0,0,0
Warrior,26,Arms,16464,Deflection,utility-or-rank,utility,0,0,0
Warrior,26,Arms,16465,Deflection,utility-or-rank,utility,0,0,0
Warrior,26,Arms,16466,Deflection,utility-or-rank,utility,0,0,0
Warrior,26,Arms,16493,Impale,utility-or-rank,utility,0,0,0
Warrior,26,Arms,16494,Impale,utility-or-rank,utility,0,0,0
Warrior,26,Arms,20230,Retaliation,utility-or-rank,utility,0,1,0
Warrior,26,Arms,20559,Mocking Blow,utility-or-rank,utility,0,1,0
Warrior,26,Arms,20560,Mocking Blow,utility-or-rank,utility,0,1,0
Warrior,26,Arms,21156,Battle Stance Passive,utility-or-rank,state-maintenance,0,1,0
Warrior,26,Arms,21551,Mortal Strike,damage,single-target,0,1,0
Warrior,26,Arms,21552,Mortal Strike,damage,single-target,0,1,0
Warrior,26,Arms,21553,Mortal Strike,damage,single-target,0,1,0
Warrior,26,Arms,23695,Improved Hamstring,pvp-control,pvp,0,0,0
Warrior,26,Arms,25208,Rend,utility-or-rank,utility,0,1,0
Warrior,26,Arms,25212,Hamstring,pvp-control,pvp,0,1,0
Warrior,26,Arms,25248,Mortal Strike,damage,single-target,0,1,0
Warrior,26,Arms,25264,Thunder Clap,utility-or-rank,utility,0,1,0
Warrior,26,Arms,25266,Mocking Blow,utility-or-rank,utility,0,1,0
Warrior,26,Arms,25286,Heroic Strike,damage,single-target,0,1,0
Warrior,26,Arms,29623,Endless Rage,utility-or-rank,utility,0,1,0
Warrior,26,Arms,29707,Heroic Strike,damage,single-target,0,1,0
Warrior,26,Arms,29723,Improved Disciplines,talent-passive,utility,0,1,0
Warrior,26,Arms,29724,Improved Disciplines,talent-passive,utility,0,1,0
Warrior,26,Arms,29725,Improved Disciplines,talent-passive,utility,0,1,0
Warrior,26,Arms,29834,Second Wind,utility-or-rank,utility,0,1,0
Warrior,26,Arms,29836,Blood Frenzy,utility-or-rank,utility,0,1,0
Warrior,26,Arms,29838,Second Wind,utility-or-rank,utility,0,1,0
Warrior,26,Arms,29841,Second Wind,utility-or-rank,utility,0,1,0
Warrior,26,Arms,29842,Second Wind,utility-or-rank,utility,0,1,0
Warrior,26,Arms,29859,Blood Frenzy,utility-or-rank,utility,0,1,0
Warrior,26,Arms,29888,Improved Intercept,talent-passive,utility,0,1,0
Warrior,26,Arms,29889,Improved Intercept,talent-passive,utility,0,1,0
Warrior,26,Arms,30324,Heroic Strike,damage,single-target,0,1,0
Warrior,26,Arms,30330,Mortal Strike,damage,single-target,0,1,0
Warrior,26,Arms,35446,Improved Mortal Strike,damage,single-target,0,1,0
Warrior,26,Arms,35448,Improved Mortal Strike,damage,single-target,0,1,0
Warrior,26,Arms,35449,Improved Mortal Strike,damage,single-target,0,1,0
Warrior,26,Arms,35450,Improved Mortal Strike,damage,single-target,0,1,0
Warrior,26,Arms,35451,Improved Mortal Strike,damage,single-target,0,1,0
Warrior,256,Fury,469,Commanding Shout,utility-or-rank,utility,0,1,0
Warrior,256,Fury,845,Cleave,utility-or-rank,multi-target,0,1,0
Warrior,256,Fury,1160,Demoralizing Shout,utility-or-rank,utility,0,1,0
Warrior,256,Fury,1161,Challenging Shout,utility-or-rank,utility,0,1,0
Warrior,256,Fury,1464,Slam,utility-or-rank,utility,0,1,0
Warrior,256,Fury,1680,Whirlwind,damage,single-target;multi-target,0,1,0
Warrior,256,Fury,1719,Recklessness,utility-or-rank,utility,0,1,0
Warrior,256,Fury,2048,Battle Shout,utility-or-rank,utility,0,1,0
Warrior,256,Fury,2458,Berserker Stance,utility-or-rank,state-maintenance,0,1,0
Warrior,256,Fury,5242,Battle Shout,utility-or-rank,utility,0,1,0
Warrior,256,Fury,5246,Intimidating Shout,utility-or-rank,utility,0,1,0
Warrior,256,Fury,5308,Execute,damage,single-target,0,1,0
Warrior,256,Fury,6190,Demoralizing Shout,utility-or-rank,utility,0,1,0
Warrior,256,Fury,6192,Battle Shout,utility-or-rank,utility,0,1,0
Warrior,256,Fury,6552,Pummel,utility-or-rank,utility,0,1,0
Warrior,256,Fury,6554,Pummel,utility-or-rank,utility,0,1,0
Warrior,256,Fury,6673,Battle Shout,utility-or-rank,utility,0,1,0
Warrior,256,Fury,7369,Cleave,utility-or-rank,multi-target,0,1,0
Warrior,256,Fury,7381,Berserker Stance Passive,utility-or-rank,state-maintenance,0,1,0
Warrior,256,Fury,8820,Slam,utility-or-rank,utility,0,1,0
Warrior,256,Fury,11549,Battle Shout,utility-or-rank,utility,0,1,0
Warrior,256,Fury,11550,Battle Shout,utility-or-rank,utility,0,1,0
Warrior,256,Fury,11551,Battle Shout,utility-or-rank,utility,0,1,0
Warrior,256,Fury,11554,Demoralizing Shout,utility-or-rank,utility,0,1,0
Warrior,256,Fury,11555,Demoralizing Shout,utility-or-rank,utility,0,1,0
Warrior,256,Fury,11556,Demoralizing Shout,utility-or-rank,utility,0,1,0
Warrior,256,Fury,11604,Slam,utility-or-rank,utility,0,1,0
Warrior,256,Fury,11605,Slam,utility-or-rank,utility,0,1,0
Warrior,256,Fury,11608,Cleave,utility-or-rank,multi-target,0,1,0
Warrior,256,Fury,11609,Cleave,utility-or-rank,multi-target,0,1,0
Warrior,256,Fury,12317,Enrage,utility-or-rank,utility,0,0,0
Warrior,256,Fury,12318,Commanding Presence,utility-or-rank,utility,0,0,0
Warrior,256,Fury,12319,Flurry,utility-or-rank,utility,0,0,0
Warrior,256,Fury,12320,Cruelty,utility-or-rank,utility,0,0,0
Warrior,256,Fury,12321,Booming Voice,utility-or-rank,utility,0,0,0
Warrior,256,Fury,12322,Unbridled Wrath,damage,single-target,0,0,0
Warrior,256,Fury,12323,Piercing Howl,utility-or-rank,utility,0,0,0
Warrior,256,Fury,12324,Improved Demoralizing Shout,talent-passive,utility,0,0,0
Warrior,256,Fury,12327,Improved Challenging Shout,talent-passive,utility,0,0,0
Warrior,256,Fury,12328,Sweeping Strikes,damage,single-target;multi-target,0,1,0
Warrior,256,Fury,12329,Improved Cleave,talent-passive,multi-target,0,0,0
Warrior,256,Fury,12330,Improved Slam,talent-passive,utility,0,0,0
Warrior,256,Fury,12723,Sweeping Strikes,damage,single-target;multi-target,0,1,0
Warrior,256,Fury,12835,Booming Voice,utility-or-rank,utility,0,0,0
Warrior,256,Fury,12836,Booming Voice,utility-or-rank,utility,0,0,0
Warrior,256,Fury,12837,Booming Voice,utility-or-rank,utility,0,0,0
Warrior,256,Fury,12838,Booming Voice,utility-or-rank,utility,0,0,0
Warrior,256,Fury,12852,Cruelty,utility-or-rank,utility,0,0,0
Warrior,256,Fury,12853,Cruelty,utility-or-rank,utility,0,0,0
Warrior,256,Fury,12855,Cruelty,utility-or-rank,utility,0,0,0
Warrior,256,Fury,12856,Cruelty,utility-or-rank,utility,0,0,0
Warrior,256,Fury,12857,Commanding Presence,utility-or-rank,utility,0,0,0
Warrior,256,Fury,12858,Commanding Presence,utility-or-rank,utility,0,0,0
Warrior,256,Fury,12860,Commanding Presence,utility-or-rank,utility,0,0,0
Warrior,256,Fury,12861,Commanding Presence,utility-or-rank,utility,0,0,0
Warrior,256,Fury,12862,Improved Slam,talent-passive,utility,0,0,0
Warrior,256,Fury,12876,Improved Demoralizing Shout,talent-passive,utility,0,0,0
Warrior,256,Fury,12877,Improved Demoralizing Shout,talent-passive,utility,0,0,0
Warrior,256,Fury,12878,Improved Demoralizing Shout,talent-passive,utility,0,0,0
Warrior,256,Fury,12879,Improved Demoralizing Shout,talent-passive,utility,0,0,0
Warrior,256,Fury,12886,Improved Challenging Shout,talent-passive,utility,0,0,0
Warrior,256,Fury,12950,Improved Cleave,talent-passive,multi-target,0,0,0
Warrior,256,Fury,12964,Unbridled Wrath,damage,single-target,0,0,0
Warrior,256,Fury,12966,Flurry,utility-or-rank,utility,0,0,0
Warrior,256,Fury,12967,Flurry,utility-or-rank,utility,0,0,0
Warrior,256,Fury,12968,Flurry,utility-or-rank,utility,0,0,0
Warrior,256,Fury,12969,Flurry,utility-or-rank,utility,0,0,0
Warrior,256,Fury,12970,Flurry,utility-or-rank,utility,0,0,0
Warrior,256,Fury,12971,Flurry,utility-or-rank,utility,0,0,0
Warrior,256,Fury,12972,Flurry,utility-or-rank,utility,0,0,0
Warrior,256,Fury,12973,Flurry,utility-or-rank,utility,0,0,0
Warrior,256,Fury,12974,Flurry,utility-or-rank,utility,0,0,0
Warrior,256,Fury,12999,Unbridled Wrath,damage,single-target,0,0,0
Warrior,256,Fury,13000,Unbridled Wrath,damage,single-target,0,0,0
Warrior,256,Fury,13001,Unbridled Wrath,damage,single-target,0,0,0
Warrior,256,Fury,13002,Unbridled Wrath,damage,single-target,0,0,0
Warrior,256,Fury,13045,Enrage,utility-or-rank,utility,0,0,0
Warrior,256,Fury,13046,Enrage,utility-or-rank,utility,0,0,0
Warrior,256,Fury,13047,Enrage,utility-or-rank,utility,0,0,0
Warrior,256,Fury,13048,Enrage,utility-or-rank,utility,0,0,0
Warrior,256,Fury,16487,Blood Craze,utility-or-rank,utility,0,0,0
Warrior,256,Fury,16489,Blood Craze,utility-or-rank,utility,0,0,0
Warrior,256,Fury,16492,Blood Craze,utility-or-rank,utility,0,0,0
Warrior,256,Fury,18499,Berserker Rage,utility-or-rank,utility,0,1,0
Warrior,256,Fury,19870,Improved Intimidating Shout,talent-passive,utility,0,0,0
Warrior,256,Fury,19871,Improved Intimidating Shout,talent-passive,utility,0,0,0
Warrior,256,Fury,20252,Intercept,utility-or-rank,utility,0,1,0
Warrior,256,Fury,20496,Improved Cleave,talent-passive,multi-target,0,0,0
Warrior,256,Fury,20500,Improved Berserker Rage,talent-passive,utility,0,0,0
Warrior,256,Fury,20501,Improved Berserker Rage,talent-passive,utility,0,0,0
Warrior,256,Fury,20502,Improved Execute,damage,single-target,0,0,0
Warrior,256,Fury,20503,Improved Execute,damage,single-target,0,0,0
Warrior,256,Fury,20504,Weapon Mastery,talent-passive,utility,0,1,0
Warrior,256,Fury,20505,Weapon Mastery,talent-passive,utility,0,1,0
Warrior,256,Fury,20569,Cleave,utility-or-rank,multi-target,0,1,0
Warrior,256,Fury,20616,Intercept,utility-or-rank,utility,0,1,0
Warrior,256,Fury,20617,Intercept,utility-or-rank,utility,0,1,0
Warrior,256,Fury,20647,Execute,damage,single-target,0,1,0
Warrior,256,Fury,20658,Execute,damage,single-target,0,1,0
Warrior,256,Fury,20660,Execute,damage,single-target,0,1,0
Warrior,256,Fury,20661,Execute,damage,single-target,0,1,0
Warrior,256,Fury,20662,Execute,damage,single-target,0,1,0
Warrior,256,Fury,23584,Dual Wield Specialization,talent-passive,utility,0,1,0
Warrior,256,Fury,23585,Dual Wield Specialization,talent-passive,utility,0,1,0
Warrior,256,Fury,23586,Dual Wield Specialization,talent-passive,utility,0,1,0
Warrior,256,Fury,23587,Dual Wield Specialization,talent-passive,utility,0,1,0
Warrior,256,Fury,23588,Dual Wield Specialization,talent-passive,utility,0,1,0
Warrior,256,Fury,23880,Bloodthirst,damage,single-target,0,1,0
Warrior,256,Fury,23881,Bloodthirst,damage,single-target,0,1,0
Warrior,256,Fury,23885,Bloodthirst,damage,single-target,0,1,0
Warrior,256,Fury,23886,Bloodthirst,damage,single-target,0,1,0
Warrior,256,Fury,23887,Bloodthirst,damage,single-target,0,1,0
Warrior,256,Fury,23888,Bloodthirst,damage,single-target,0,1,0
Warrior,256,Fury,23889,Bloodthirst,damage,single-target,0,1,0
Warrior,256,Fury,23890,Bloodthirst,damage,single-target,0,1,0
Warrior,256,Fury,23891,Bloodthirst,damage,single-target,0,1,0
Warrior,256,Fury,23892,Bloodthirst,damage,single-target,0,1,0
Warrior,256,Fury,23893,Bloodthirst,damage,single-target,0,1,0
Warrior,256,Fury,23894,Bloodthirst,damage,single-target,0,1,0
Warrior,256,Fury,25202,Demoralizing Shout,utility-or-rank,utility,0,1,0
Warrior,256,Fury,25203,Demoralizing Shout,utility-or-rank,utility,0,1,0
Warrior,256,Fury,25231,Cleave,utility-or-rank,multi-target,0,1,0
Warrior,256,Fury,25234,Execute,damage,single-target,0,1,0
Warrior,256,Fury,25236,Execute,damage,single-target,0,1,0
Warrior,256,Fury,25241,Slam,utility-or-rank,utility,0,1,0
Warrior,256,Fury,25242,Slam,utility-or-rank,utility,0,1,0
Warrior,256,Fury,25251,Bloodthirst,damage,single-target,0,1,0
Warrior,256,Fury,25252,Bloodthirst,damage,single-target,0,1,0
Warrior,256,Fury,25253,Bloodthirst,damage,single-target,0,1,0
Warrior,256,Fury,25272,Intercept,utility-or-rank,utility,0,1,0
Warrior,256,Fury,25275,Intercept,utility-or-rank,utility,0,1,0
Warrior,256,Fury,25289,Battle Shout,utility-or-rank,utility,0,1,0
Warrior,256,Fury,26654,Sweeping Strikes,damage,single-target;multi-target,0,1,0
Warrior,256,Fury,29590,Precision,talent-passive,utility,0,1,0
Warrior,256,Fury,29591,Precision,talent-passive,utility,0,1,0
Warrior,256,Fury,29592,Precision,talent-passive,utility,0,1,0
Warrior,256,Fury,29721,Improved Whirlwind,damage,single-target;multi-target,0,1,0
Warrior,256,Fury,29759,Improved Berserker Stance,talent-passive,state-maintenance,0,1,0
Warrior,256,Fury,29760,Improved Berserker Stance,talent-passive,state-maintenance,0,1,0
Warrior,256,Fury,29761,Improved Berserker Stance,talent-passive,state-maintenance,0,1,0
Warrior,256,Fury,29762,Improved Berserker Stance,talent-passive,state-maintenance,0,1,0
Warrior,256,Fury,29763,Improved Berserker Stance,talent-passive,state-maintenance,0,1,0
Warrior,256,Fury,29776,Improved Whirlwind,damage,single-target;multi-target,0,1,0
Warrior,256,Fury,29801,Rampage,utility-or-rank,utility,0,1,0
Warrior,256,Fury,30029,Rampage,utility-or-rank,utility,0,1,0
Warrior,256,Fury,30030,Rampage,utility-or-rank,utility,0,1,0
Warrior,256,Fury,30031,Rampage,utility-or-rank,utility,0,1,0
Warrior,256,Fury,30032,Rampage,utility-or-rank,utility,0,1,0
Warrior,256,Fury,30033,Rampage,utility-or-rank,utility,0,1,0
Warrior,256,Fury,30335,Bloodthirst,damage,single-target,0,1,0
Warrior,256,Fury,30339,Bloodthirst,damage,single-target,0,1,0
Warrior,256,Fury,30340,Bloodthirst,damage,single-target,0,1,0
Warrior,256,Fury,33379,Rampage Passive (DND),utility-or-rank,utility,2,1,0
Warrior,256,Fury,34428,Victory Rush,utility-or-rank,utility,0,1,0
Warrior,257,Protection,71,Defensive Stance,utility-or-rank,state-maintenance,0,1,0
Warrior,257,Protection,72,Shield Bash,healing,healing,0,1,0
Warrior,257,Protection,355,Taunt,tanking,tanking,0,1,0
Warrior,257,Protection,676,Disarm,utility-or-rank,utility,0,1,0
Warrior,257,Protection,871,Shield Wall,healing,healing,0,1,0
Warrior,257,Protection,1671,Shield Bash,healing,healing,0,1,0
Warrior,257,Protection,1672,Shield Bash,healing,healing,0,1,0
Warrior,257,Protection,2565,Shield Block,healing,healing,0,1,0
Warrior,257,Protection,2687,Bloodrage,utility-or-rank,utility,0,1,0
Warrior,257,Protection,3411,Intervene,utility-or-rank,utility,0,1,0
Warrior,257,Protection,6572,Revenge,tanking,tanking,0,1,0
Warrior,257,Protection,6574,Revenge,tanking,tanking,0,1,0
Warrior,257,Protection,7376,Defensive Stance Passive,utility-or-rank,state-maintenance,0,1,0
Warrior,257,Protection,7379,Revenge,tanking,tanking,0,1,0
Warrior,257,Protection,7386,Sunder Armor,tanking,tanking,0,1,0
Warrior,257,Protection,7405,Sunder Armor,tanking,tanking,0,1,0
Warrior,257,Protection,8380,Sunder Armor,tanking,tanking,0,1,0
Warrior,257,Protection,11596,Sunder Armor,tanking,tanking,0,1,0
Warrior,257,Protection,11597,Sunder Armor,tanking,tanking,0,1,0
Warrior,257,Protection,11600,Revenge,tanking,tanking,0,1,0
Warrior,257,Protection,11601,Revenge,tanking,tanking,0,1,0
Warrior,257,Protection,12295,Tactical Mastery,talent-passive,utility,0,1,0
Warrior,257,Protection,12297,Anticipation,utility-or-rank,utility,0,0,0
Warrior,257,Protection,12298,Shield Specialization,healing,healing,0,0,0
Warrior,257,Protection,12299,Toughness,utility-or-rank,utility,0,0,0
Warrior,257,Protection,12301,Improved Bloodrage,talent-passive,utility,0,0,0
Warrior,257,Protection,12302,Improved Taunt,tanking,tanking,0,0,0
Warrior,257,Protection,12303,Defiance,utility-or-rank,utility,0,0,0
Warrior,257,Protection,12308,Improved Sunder Armor,tanking,tanking,0,0,0
Warrior,257,Protection,12311,Improved Shield Bash,healing,healing,0,0,0
Warrior,257,Protection,12312,Improved Shield Wall,healing,healing,0,0,0
Warrior,257,Protection,12313,Improved Disarm,talent-passive,utility,0,0,0
Warrior,257,Protection,12676,Tactical Mastery,talent-passive,utility,0,1,0
Warrior,257,Protection,12677,Tactical Mastery,talent-passive,utility,0,1,0
Warrior,257,Protection,12678,Stance Mastery,talent-passive,state-maintenance,0,1,0
Warrior,257,Protection,12724,Shield Specialization,healing,healing,0,0,0
Warrior,257,Protection,12725,Shield Specialization,healing,healing,0,0,0
Warrior,257,Protection,12726,Shield Specialization,healing,healing,0,0,0
Warrior,257,Protection,12727,Shield Specialization,healing,healing,0,0,0
Warrior,257,Protection,12750,Anticipation,utility-or-rank,utility,0,0,0
Warrior,257,Protection,12751,Anticipation,utility-or-rank,utility,0,0,0
Warrior,257,Protection,12752,Anticipation,utility-or-rank,utility,0,0,0
Warrior,257,Protection,12753,Anticipation,utility-or-rank,utility,0,0,0
Warrior,257,Protection,12761,Toughness,utility-or-rank,utility,0,0,0
Warrior,257,Protection,12762,Toughness,utility-or-rank,utility,0,0,0
Warrior,257,Protection,12763,Toughness,utility-or-rank,utility,0,0,0
Warrior,257,Protection,12764,Toughness,utility-or-rank,utility,0,0,0
Warrior,257,Protection,12765,Improved Taunt,tanking,tanking,0,0,0
Warrior,257,Protection,12788,Defiance,utility-or-rank,utility,0,0,0
Warrior,257,Protection,12789,Defiance,utility-or-rank,utility,0,0,0
Warrior,257,Protection,12797,Improved Revenge,tanking,tanking,0,0,0
Warrior,257,Protection,12798,Revenge Stun,tanking,tanking,0,0,0
Warrior,257,Protection,12799,Improved Revenge,tanking,tanking,0,0,0
Warrior,257,Protection,12800,Improved Revenge,tanking,tanking,0,0,0
Warrior,257,Protection,12803,Improved Shield Wall,healing,healing,0,0,0
Warrior,257,Protection,12804,Improved Disarm,talent-passive,utility,0,0,0
Warrior,257,Protection,12807,Improved Disarm,talent-passive,utility,0,0,0
Warrior,257,Protection,12809,Concussion Blow,utility-or-rank,utility,0,0,0
Warrior,257,Protection,12810,Improved Sunder Armor,tanking,tanking,0,0,0
Warrior,257,Protection,12811,Improved Sunder Armor,tanking,tanking,0,0,0
Warrior,257,Protection,12818,Improved Bloodrage,talent-passive,utility,0,0,0
Warrior,257,Protection,12945,Improved Shield Block,healing,healing,0,0,0
Warrior,257,Protection,12958,Improved Shield Bash,healing,healing,0,0,0
Warrior,257,Protection,12975,Last Stand,utility-or-rank,utility,0,0,0
Warrior,257,Protection,12976,Last Stand,utility-or-rank,utility,0,0,0
Warrior,257,Protection,16538,One-Handed Weapon Specialization,talent-passive,utility,0,0,0
Warrior,257,Protection,16539,One-Handed Weapon Specialization,talent-passive,utility,0,0,0
Warrior,257,Protection,16540,One-Handed Weapon Specialization,talent-passive,utility,0,0,0
Warrior,257,Protection,16541,One-Handed Weapon Specialization,talent-passive,utility,0,0,0
Warrior,257,Protection,16542,One-Handed Weapon Specialization,talent-passive,utility,0,0,0
Warrior,257,Protection,18498,Shield Bash - Silenced,healing,healing,0,0,0
Warrior,257,Protection,20243,Devastate,tanking,tanking,0,1,0
Warrior,257,Protection,23920,Spell Reflection,utility-or-rank,utility,0,1,0
Warrior,257,Protection,23922,Shield Slam,healing,healing,0,1,0
Warrior,257,Protection,23923,Shield Slam,healing,healing,0,1,0
Warrior,257,Protection,23924,Shield Slam,healing,healing,0,1,0
Warrior,257,Protection,23925,Shield Slam,healing,healing,0,1,0
Warrior,257,Protection,25225,Sunder Armor,tanking,tanking,0,1,0
Warrior,257,Protection,25258,Shield Slam,healing,healing,0,1,0
Warrior,257,Protection,25269,Revenge,tanking,tanking,0,1,0
Warrior,257,Protection,25288,Revenge,tanking,tanking,0,1,0
Warrior,257,Protection,29140,Vitality,utility-or-rank,utility,0,1,0
Warrior,257,Protection,29143,Vitality,utility-or-rank,utility,0,1,0
Warrior,257,Protection,29144,Vitality,utility-or-rank,utility,0,1,0
Warrior,257,Protection,29145,Vitality,utility-or-rank,utility,0,1,0
Warrior,257,Protection,29146,Vitality,utility-or-rank,utility,0,1,0
Warrior,257,Protection,29593,Improved Defensive Stance,talent-passive,state-maintenance,0,1,0
Warrior,257,Protection,29594,Improved Defensive Stance,talent-passive,state-maintenance,0,1,0
Warrior,257,Protection,29595,Improved Defensive Stance,talent-passive,state-maintenance,0,1,0
Warrior,257,Protection,29598,Shield Mastery,healing,healing,0,1,0
Warrior,257,Protection,29599,Shield Mastery,healing,healing,0,1,0
Warrior,257,Protection,29600,Shield Mastery,healing,healing,0,1,0
Warrior,257,Protection,29704,Shield Bash,healing,healing,0,1,0
Warrior,257,Protection,29787,Focused Rage,talent-passive,utility,0,1,0
Warrior,257,Protection,29790,Focused Rage,talent-passive,utility,0,1,0
Warrior,257,Protection,29792,Focused Rage,talent-passive,utility,0,1,0
Warrior,257,Protection,30016,Devastate,tanking,tanking,0,1,0
Warrior,257,Protection,30022,Devastate,tanking,tanking,0,1,0
Warrior,257,Protection,30356,Shield Slam,healing,healing,0,1,0
Warrior,257,Protection,30357,Revenge,tanking,tanking,0,1,0
Warrior,257,Protection,45471,Defiance Expertise Passive (DND),utility-or-rank,utility,2,1,0
