Class,SkillLine,SpellID,SpellName,UsageTag,CastTimeSec,CastMinimumSec,GCDSec,CooldownSec,CategoryCooldownSec,DurationSec,MaxDurationSec,RangeMinYd,RangeMaxYd,PowerCost,ShapeshiftMask,ShapeshiftExclude,RequiredTotems,RequiredReagents,EquippedItemClass,EquippedItemSubclass,EffectSummary
Paladin,Retribution,67,Vindication,utility/rank,0,0,,,,15,15,0,100,,,,,,,,"E0:effect=6,aura=137,base=-6,trigger=0"
Paladin,Retribution,7294,Retribution Aura,utility/rank,0,0,1.5,0,0,-0.001,-0.001,0,0,,0,0,,,,,"E0:effect=35,aura=15,base=4,trigger=0"
Paladin,Retribution,9452,Vindication,utility/rank,0,0,,,,-0.001,-0.001,0,0,,,,,,,,"E0:effect=6,aura=42,base=-1,trigger=67"
Paladin,Retribution,9799,Eye for an Eye,utility/rank,0,0,,,,-0.001,-0.001,0,0,,,,,,,,"E0:effect=6,aura=4,base=14,trigger=0"
Paladin,Retribution,10298,Retribution Aura,utility/rank,0,0,1.5,0,0,-0.001,-0.001,0,0,,0,0,,,,,"E0:effect=35,aura=15,base=7,trigger=0"
Paladin,Retribution,10299,Retribution Aura,utility/rank,0,0,1.5,0,0,-0.001,-0.001,0,0,,0,0,,,,,"E0:effect=35,aura=15,base=11,trigger=0"
Paladin,Retribution,10300,Retribution Aura,utility/rank,0,0,1.5,0,0,-0.001,-0.001,0,0,,0,0,,,,,"E0:effect=35,aura=15,base=15,trigger=0"
Paladin,Retribution,10301,Retribution Aura,utility/rank,0,0,1.5,0,0,-0.001,-0.001,0,0,,0,0,,,,,"E0:effect=35,aura=15,base=19,trigger=0"
Paladin,Retribution,19740,Blessing of Might,utility/rank,0,0,1.5,0,0,600,600,0,30,type0:20,,,,,,,"E0:effect=6,aura=99,base=19,trigger=0;E1:effect=6,aura=124,base=19,trigger=0"
Paladin,Retribution,19834,Blessing of Might,utility/rank,0,0,1.5,0,0,600,600,0,30,type0:30,,,,,,,"E0:effect=6,aura=99,base=34,trigger=0;E1:effect=6,aura=124,base=34,trigger=0"
Paladin,Retribution,19835,Blessing of Might,utility/rank,0,0,1.5,0,0,600,600,0,30,type0:45,,,,,,,"E0:effect=6,aura=99,base=54,trigger=0;E1:effect=6,aura=124,base=54,trigger=0"
Paladin,Retribution,19836,Blessing of Might,utility/rank,0,0,1.5,0,0,600,600,0,30,type0:60,,,,,,,"E0:effect=6,aura=99,base=84,trigger=0;E1:effect=6,aura=124,base=84,trigger=0"
Paladin,Retribution,19837,Blessing of Might,utility/rank,0,0,1.5,0,0,600,600,0,30,type0:85,,,,,,,"E0:effect=6,aura=99,base=114,trigger=0;E1:effect=6,aura=124,base=114,trigger=0"
Paladin,Retribution,19838,Blessing of Might,utility/rank,0,0,1.5,0,0,600,600,0,30,type0:110,,,,,,,"E0:effect=6,aura=99,base=154,trigger=0;E1:effect=6,aura=124,base=154,trigger=0"
Paladin,Retribution,20042,Improved Blessing of Might,passive/talent,0,0,,,,-0.001,-0.001,0,0,,,,,,,,"E0:effect=6,aura=108,base=3,trigger=0"
Paladin,Retribution,20045,Improved Blessing of Might,passive/talent,0,0,,,,-0.001,-0.001,0,0,,,,,,,,"E0:effect=6,aura=108,base=7,trigger=0"
Paladin,Retribution,20046,Improved Blessing of Might,passive/talent,0,0,,,,-0.001,-0.001,0,0,,,,,,,,"E0:effect=6,aura=108,base=11,trigger=0"
Paladin,Retribution,20047,Improved Blessing of Might,passive/talent,0,0,,,,-0.001,-0.001,0,0,,,,,,,,"E0:effect=6,aura=108,base=15,trigger=0"
Paladin,Retribution,20048,Improved Blessing of Might,passive/talent,0,0,,,,-0.001,-0.001,0,0,,,,,,,,"E0:effect=6,aura=108,base=19,trigger=0"
Paladin,Retribution,20049,Vengeance,utility/rank,0,0,,,,-0.001,-0.001,0,0,,,,,,,,"E0:effect=6,aura=42,base=0,trigger=20050"
Paladin,Retribution,20056,Vengeance,utility/rank,0,0,,,,-0.001,-0.001,0,0,,,,,,,,"E0:effect=6,aura=42,base=0,trigger=20052"
Paladin,Retribution,20057,Vengeance,utility/rank,0,0,,,,-0.001,-0.001,0,0,,,,,,,,"E0:effect=6,aura=42,base=0,trigger=20053"
Paladin,Retribution,20058,Vengeance,utility/rank,0,0,,,,-0.001,-0.001,0,0,,,,,,,,"E0:effect=6,aura=42,base=0,trigger=20054"
Paladin,Retribution,20059,Vengeance,utility/rank,0,0,,,,-0.001,-0.001,0,0,,,,,,,,"E0:effect=6,aura=42,base=0,trigger=20055"
Paladin,Retribution,20060,Deflection,utility/rank,0,0,,,,-0.001,-0.001,0,0,,,,,,,,"E0:effect=6,aura=47,base=0,trigger=0"
Paladin,Retribution,20061,Deflection,utility/rank,0,0,,,,-0.001,-0.001,0,0,,,,,,,,"E0:effect=6,aura=47,base=1,trigger=0"
Paladin,Retribution,20062,Deflection,utility/rank,0,0,,,,-0.001,-0.001,0,0,,,,,,,,"E0:effect=6,aura=47,base=2,trigger=0"
Paladin,Retribution,20063,Deflection,utility/rank,0,0,,,,-0.001,-0.001,0,0,,,,,,,,"E0:effect=6,aura=47,base=3,trigger=0"
Paladin,Retribution,20064,Deflection,utility/rank,0,0,,,,-0.001,-0.001,0,0,,,,,,,,"E0:effect=6,aura=47,base=4,trigger=0"
Paladin,Retribution,20066,Repentance,utility/rank,0,0,1.5,60,0,6,6,0,20,type0:60,,,,,,,"E0:effect=6,aura=12,base=0,trigger=0"
Paladin,Retribution,20091,Improved Retribution Aura,passive/talent,0,0,,,,-0.001,-0.001,0,0,,,,,,,,"E0:effect=6,aura=108,base=24,trigger=0"
Paladin,Retribution,20092,Improved Retribution Aura,passive/talent,0,0,,,,-0.001,-0.001,0,0,,,,,,,,"E0:effect=6,aura=108,base=49,trigger=0"
Paladin,Retribution,20101,Benediction,utility/rank,0,0,,,,-0.001,-0.001,0,0,,,,,,,,"E0:effect=6,aura=108,base=-4,trigger=0"
Paladin,Retribution,20102,Benediction,utility/rank,0,0,,,,-0.001,-0.001,0,0,,,,,,,,"E0:effect=6,aura=108,base=-7,trigger=0"
Paladin,Retribution,20103,Benediction,utility/rank,0,0,,,,-0.001,-0.001,0,0,,,,,,,,"E0:effect=6,aura=108,base=-10,trigger=0"
Paladin,Retribution,20104,Benediction,utility/rank,0,0,,,,-0.001,-0.001,0,0,,,,,,,,"E0:effect=6,aura=108,base=-13,trigger=0"
Paladin,Retribution,20105,Benediction,utility/rank,0,0,,,,-0.001,-0.001,0,0,,,,,,,,"E0:effect=6,aura=108,base=-16,trigger=0"
Paladin,Retribution,20111,Two-Handed Weapon Specialization,passive/talent,0,0,,,,,,0,0,,,,,,2,354,"E0:effect=6,aura=79,base=1,trigger=0"
Paladin,Retribution,20112,Two-Handed Weapon Specialization,passive/talent,0,0,,,,,,0,0,,,,,,2,354,"E0:effect=6,aura=79,base=3,trigger=0"
Paladin,Retribution,20113,Two-Handed Weapon Specialization,passive/talent,0,0,,,,,,0,0,,,,,,2,354,"E0:effect=6,aura=79,base=5,trigger=0"
Paladin,Retribution,20117,Conviction,utility/rank,0,0,,,,-0.001,-0.001,0,0,,,,,,2,173555,"E0:effect=6,aura=52,base=0,trigger=0"
Paladin,Retribution,20118,Conviction,utility/rank,0,0,,,,-0.001,-0.001,0,0,,,,,,2,173555,"E0:effect=6,aura=52,base=1,trigger=0"
Paladin,Retribution,20119,Conviction,utility/rank,0,0,,,,-0.001,-0.001,0,0,,,,,,2,173555,"E0:effect=6,aura=52,base=2,trigger=0"
Paladin,Retribution,20120,Conviction,utility/rank,0,0,,,,-0.001,-0.001,0,0,,,,,,2,173555,"E0:effect=6,aura=52,base=3,trigger=0"
Paladin,Retribution,20121,Conviction,utility/rank,0,0,,,,-0.001,-0.001,0,0,,,,,,2,173555,"E0:effect=6,aura=52,base=4,trigger=0"
Paladin,Retribution,20162,Seal of the Crusader,damage,0,0,1.5,0,0,30,30,0,0,type0:40,,,,,,,"E0:effect=6,aura=99,base=58,trigger=0;E1:effect=6,aura=4,base=20187,trigger=0;E2:effect=6,aura=9,base=39,trigger=0"
Paladin,Retribution,20188,Judgement of the Crusader,damage,0,0,,,,20,20,0,100,,,,,,,,"E0:effect=6,aura=14,base=34,trigger=0;E1:effect=6,aura=197,base=-1,trigger=0"
Paladin,Retribution,20218,Sanctity Aura,utility/rank,0,0,1.5,0,0,-0.001,-0.001,0,0,,0,0,,,,,"E0:effect=35,aura=79,base=9,trigger=0;E1:effect=35,aura=79,base=-1,trigger=0"
Paladin,Retribution,20271,Judgement,damage,0,0,0,10,0,,,0,10,type0:5%,,,,,,,"E0:effect=77,aura=0,base=-1,trigger=0"
Paladin,Retribution,20300,Judgement of the Crusader,damage,0,0,,,,20,20,0,100,,,,,,,,"E0:effect=6,aura=14,base=57,trigger=0;E1:effect=6,aura=197,base=-1,trigger=0"
Paladin,Retribution,20301,Judgement of the Crusader,damage,0,0,,,,20,20,0,100,,,,,,,,"E0:effect=6,aura=14,base=91,trigger=0;E1:effect=6,aura=197,base=-1,trigger=0"
Paladin,Retribution,20302,Judgement of the Crusader,damage,0,0,,,,20,20,0,100,,,,,,,,"E0:effect=6,aura=14,base=126,trigger=0;E1:effect=6,aura=197,base=-1,trigger=0"
Paladin,Retribution,20303,Judgement of the Crusader,damage,0,0,,,,20,20,0,100,,,,,,,,"E0:effect=6,aura=14,base=160,trigger=0;E1:effect=6,aura=197,base=-1,trigger=0"
Paladin,Retribution,20305,Seal of the Crusader,damage,0,0,1.5,0,0,30,30,0,0,type0:65,,,,,,,"E0:effect=6,aura=99,base=107,trigger=0;E1:effect=6,aura=4,base=20299,trigger=0;E2:effect=6,aura=9,base=39,trigger=0"
Paladin,Retribution,20306,Seal of the Crusader,damage,0,0,1.5,0,0,30,30,0,0,type0:90,,,,,,,"E0:effect=6,aura=99,base=166,trigger=0;E1:effect=6,aura=4,base=20300,trigger=0;E2:effect=6,aura=9,base=39,trigger=0"
Paladin,Retribution,20307,Seal of the Crusader,damage,0,0,1.5,0,0,30,30,0,0,type0:125,,,,,,,"E0:effect=6,aura=99,base=253,trigger=0;E1:effect=6,aura=4,base=20301,trigger=0;E2:effect=6,aura=9,base=39,trigger=0"
Paladin,Retribution,20308,Seal of the Crusader,damage,0,0,1.5,0,0,30,30,0,0,type0:160,,,,,,,"E0:effect=6,aura=99,base=351,trigger=0;E1:effect=6,aura=4,base=20302,trigger=0;E2:effect=6,aura=9,base=39,trigger=0"
Paladin,Retribution,20335,Improved Seal of the Crusader,damage,0,0,,,,-0.001,-0.001,0,0,,,,,,,,"E0:effect=6,aura=107,base=0,trigger=0"
Paladin,Retribution,20336,Improved Seal of the Crusader,damage,0,0,,,,-0.001,-0.001,0,0,,,,,,,,"E0:effect=6,aura=107,base=1,trigger=0"
Paladin,Retribution,20337,Improved Seal of the Crusader,damage,0,0,,,,-0.001,-0.001,0,0,,,,,,,,"E0:effect=6,aura=107,base=2,trigger=0"
Paladin,Retribution,20375,Seal of Command,damage,0,0,1.5,0,0,30,30,0,0,type0:65,,,,,,,"E0:effect=6,aura=42,base=-1,trigger=20424;E1:effect=6,aura=4,base=20424,trigger=0"
Paladin,Retribution,20425,Judgement of Command,damage,0,0,,,,,,0,100,,,,,,,,"E0:effect=3,aura=0,base=20466,trigger=0"
Paladin,Retribution,20467,Judgement of Command,damage,0,0,,,,,,0,50000,,,,,,,,"E0:effect=2,aura=0,base=92,trigger=0"
Paladin,Retribution,20915,Seal of Command,damage,0,0,1.5,0,0,30,30,0,0,type0:110,,,,,,,"E0:effect=6,aura=42,base=-1,trigger=20424;E1:effect=6,aura=4,base=20961,trigger=0"
Paladin,Retribution,20918,Seal of Command,damage,0,0,1.5,0,0,30,30,0,0,type0:140,,,,,,,"E0:effect=6,aura=42,base=-1,trigger=20424;E1:effect=6,aura=4,base=20960,trigger=0"
Paladin,Retribution,20919,Seal of Command,damage,0,0,1.5,0,0,30,30,0,0,type0:180,,,,,,,"E0:effect=6,aura=42,base=-1,trigger=20424;E1:effect=6,aura=4,base=20966,trigger=0"
Paladin,Retribution,20920,Seal of Command,damage,0,0,1.5,0,0,30,30,0,0,type0:210,,,,,,,"E0:effect=6,aura=42,base=-1,trigger=20424;E1:effect=6,aura=4,base=20967,trigger=0"
Paladin,Retribution,20961,Judgement of Command,damage,0,0,,,,,,0,100,,,,,,,,"E0:effect=3,aura=0,base=20963,trigger=0"
Paladin,Retribution,20962,Judgement of Command,damage,0,0,,,,,,0,100,,,,,,,,"E0:effect=3,aura=0,base=20962,trigger=0"
Paladin,Retribution,20963,Judgement of Command,damage,0,0,,,,,,0,50000,,,,,,,,"E0:effect=2,aura=0,base=145,trigger=0"
Paladin,Retribution,20964,Judgement of Command,damage,0,0,,,,,,0,50000,,,,,,,,"E0:effect=2,aura=0,base=203,trigger=0"
Paladin,Retribution,20965,Judgement of Command,damage,0,0,,,,,,0,50000,,,,,,,,"E0:effect=2,aura=0,base=260,trigger=0"
Paladin,Retribution,20966,Judgement of Command,damage,0,0,,,,,,0,50000,,,,,,,,"E0:effect=2,aura=0,base=338,trigger=0"
Paladin,Retribution,20967,Judgement of Command,damage,0,0,,,,,,0,100,,,,,,,,"E0:effect=3,aura=0,base=20964,trigger=0"
Paladin,Retribution,20968,Judgement of Command,damage,0,0,,,,,,0,100,,,,,,,,"E0:effect=3,aura=0,base=20965,trigger=0"
Paladin,Retribution,21082,Seal of the Crusader,damage,0,0,1.5,0,0,30,30,0,0,type0:25,,,,,,,"E0:effect=6,aura=99,base=35,trigger=0;E1:effect=6,aura=4,base=21182,trigger=0;E2:effect=6,aura=9,base=39,trigger=0"
Paladin,Retribution,21183,Judgement of the Crusader,damage,0,0,,,,20,20,0,100,,,,,,,,"E0:effect=6,aura=14,base=22,trigger=0;E1:effect=6,aura=197,base=-1,trigger=0"
Paladin,Retribution,25291,Blessing of Might,utility/rank,0,0,1.5,0,0,600,600,0,30,type0:130,,,,,,,"E0:effect=6,aura=99,base=184,trigger=0;E1:effect=6,aura=124,base=184,trigger=0"
Paladin,Retribution,25782,Greater Blessing of Might,utility/rank,0,0,1.5,0,0,1800,1800,0,40,type0:220,,,,21177,,,"E0:effect=6,aura=99,base=154,trigger=0;E1:effect=6,aura=124,base=154,trigger=0"
Paladin,Retribution,25916,Greater Blessing of Might,utility/rank,0,0,1.5,0,0,1800,1800,0,40,type0:260,,,,21177,,,"E0:effect=6,aura=99,base=184,trigger=0;E1:effect=6,aura=124,base=184,trigger=0"
Paladin,Retribution,25956,Improved Judgement,damage,0,0,,,,-0.001,-0.001,0,0,,,,,,,,"E0:effect=6,aura=107,base=-1001,trigger=0"
Paladin,Retribution,25957,Improved Judgement,damage,0,0,,,,-0.001,-0.001,0,0,,,,,,,,"E0:effect=6,aura=107,base=-2001,trigger=0"
Paladin,Retribution,25988,Eye for an Eye,utility/rank,0,0,,,,-0.001,-0.001,0,0,,,,,,,,"E0:effect=6,aura=4,base=29,trigger=0"
Paladin,Retribution,25997,Eye for an Eye,utility/rank,0,0,,,,,,0,100,,,,,,,,"E0:effect=2,aura=0,base=0,trigger=0"
Paladin,Retribution,26016,Vindication,utility/rank,0,0,,,,-0.001,-0.001,0,0,,,,,,,,"E0:effect=6,aura=42,base=-1,trigger=26017"
Paladin,Retribution,26017,Vindication,utility/rank,0,0,,,,15,15,0,100,,,,,,,,"E0:effect=6,aura=137,base=-11,trigger=0"
Paladin,Retribution,26018,Vindication,utility/rank,0,0,,,,15,15,0,100,,,,,,,,"E0:effect=6,aura=137,base=-16,trigger=0"
Paladin,Retribution,26021,Vindication,utility/rank,0,0,,,,-0.001,-0.001,0,0,,,,,,,,"E0:effect=6,aura=42,base=-1,trigger=26018"
Paladin,Retribution,26022,Pursuit of Justice,utility/rank,0,0,,,,,,0,0,,,,,,,,"E0:effect=6,aura=31,base=4,trigger=0;E1:effect=6,aura=172,base=4,trigger=0;E2:effect=6,aura=211,base=4,trigger=0"
Paladin,Retribution,26023,Pursuit of Justice,utility/rank,0,0,,,,,,0,0,,,,,,,,"E0:effect=6,aura=31,base=9,trigger=0;E1:effect=6,aura=172,base=9,trigger=0;E2:effect=6,aura=211,base=9,trigger=0"
Paladin,Retribution,27140,Blessing of Might,utility/rank,0,0,1.5,0,0,600,600,0,30,type0:145,,,,,,,"E0:effect=6,aura=99,base=219,trigger=0;E1:effect=6,aura=124,base=219,trigger=0"
Paladin,Retribution,27141,Greater Blessing of Might,utility/rank,0,0,1.5,0,0,1800,1800,0,40,type0:295,,,,21177,,,"E0:effect=6,aura=99,base=219,trigger=0;E1:effect=6,aura=124,base=219,trigger=0"
Paladin,Retribution,27150,Retribution Aura,utility/rank,0,0,1.5,0,0,-0.001,-0.001,0,0,,0,0,,,,,"E0:effect=35,aura=15,base=25,trigger=0"
Paladin,Retribution,27158,Seal of the Crusader,damage,0,0,1.5,0,0,30,30,0,0,type0:210,,,,,,,"E0:effect=6,aura=99,base=473,trigger=0;E1:effect=6,aura=4,base=27158,trigger=0;E2:effect=6,aura=9,base=39,trigger=0"
Paladin,Retribution,27159,Judgement of the Crusader,damage,0,0,,,,20,20,0,100,,,,,,,,"E0:effect=6,aura=14,base=218,trigger=0;E1:effect=6,aura=197,base=-1,trigger=0"
Paladin,Retribution,27170,Seal of Command,damage,0,0,1.5,0,0,30,30,0,0,type0:280,,,,,,,"E0:effect=6,aura=42,base=-1,trigger=20424;E1:effect=6,aura=4,base=27171,trigger=0"
Paladin,Retribution,27171,Judgement of Command,damage,0,0,,,,,,0,50000,,,,,,,,"E0:effect=2,aura=0,base=455,trigger=0"
Paladin,Retribution,27172,Judgement of Command,damage,0,0,,,,,,0,100,,,,,,,,"E0:effect=3,aura=0,base=27170,trigger=0"
Paladin,Retribution,31801,Seal of Vengeance,damage,0,0,1.5,0,0,30,30,0,0,type0:250,,,,,,,"E0:effect=6,aura=4,base=-1,trigger=0;E1:effect=6,aura=4,base=31803,trigger=0"
Paladin,Retribution,31803,Holy Vengeance,utility/rank,0,0,,,,15,15,0,100,,,,,,,,"E0:effect=6,aura=3,base=29,trigger=0"
Paladin,Retribution,31804,Judgement of Vengeance,damage,0,0,,,,,,0,100,,,,,,,,"E0:effect=2,aura=0,base=119,trigger=0"
Paladin,Retribution,31866,Crusade,utility/rank,0,0,,,,-0.001,-0.001,0,0,,,,,,,,"E0:effect=6,aura=168,base=0,trigger=0"
Paladin,Retribution,31867,Crusade,utility/rank,0,0,,,,-0.001,-0.001,0,0,,,,,,,,"E0:effect=6,aura=168,base=1,trigger=0"
Paladin,Retribution,31868,Crusade,utility/rank,0,0,,,,-0.001,-0.001,0,0,,,,,,,,"E0:effect=6,aura=168,base=2,trigger=0"
Paladin,Retribution,31869,Improved Sanctity Aura,passive/talent,0,0,,,,-0.001,-0.001,0,0,,,,,,,,"E0:effect=6,aura=107,base=0,trigger=0"
Paladin,Retribution,31870,Improved Sanctity Aura,passive/talent,0,0,,,,-0.001,-0.001,0,0,,,,,,,,"E0:effect=6,aura=107,base=1,trigger=0"
Paladin,Retribution,31871,Divine Purpose,utility/rank,0,0,,,,,,0,0,,,,,,,,"E0:effect=6,aura=577,base=-5,trigger=0;E1:effect=6,aura=578,base=-5,trigger=0"
Paladin,Retribution,31872,Divine Purpose,utility/rank,0,0,,,,-0.001,-0.001,0,0,,,,,,,,"E0:effect=6,aura=577,base=-8,trigger=0;E1:effect=6,aura=578,base=-8,trigger=0"
Paladin,Retribution,31873,Divine Purpose,utility/rank,0,0,,,,-0.001,-0.001,0,0,,,,,,,,"E0:effect=6,aura=577,base=-11,trigger=0;E1:effect=6,aura=578,base=-11,trigger=0"
Paladin,Retribution,31876,Sanctified Judgement,damage,0,0,,,,,,0,0,,,,,,,,"E0:effect=6,aura=4,base=32,trigger=0"
Paladin,Retribution,31877,Sanctified Judgement,damage,0,0,,,,,,0,0,,,,,,,,"E0:effect=6,aura=4,base=65,trigger=0"
Paladin,Retribution,31878,Sanctified Judgement,damage,0,0,,,,,,0,0,,,,,,,,"E0:effect=6,aura=4,base=99,trigger=0"
Paladin,Retribution,31879,Fanaticism,utility/rank,0,0,,,,,,0,0,,,,,,,,"E0:effect=6,aura=107,base=2,trigger=0;E1:effect=6,aura=10,base=-7,trigger=0"
Paladin,Retribution,31880,Fanaticism,utility/rank,0,0,,,,,,0,0,,,,,,,,"E0:effect=6,aura=107,base=5,trigger=0;E1:effect=6,aura=10,base=-13,trigger=0"
Paladin,Retribution,31881,Fanaticism,utility/rank,0,0,,,,,,0,0,,,,,,,,"E0:effect=6,aura=107,base=8,trigger=0;E1:effect=6,aura=10,base=-19,trigger=0"
Paladin,Retribution,31882,Fanaticism,utility/rank,0,0,,,,,,0,0,,,,,,,,"E0:effect=6,aura=107,base=11,trigger=0;E1:effect=6,aura=10,base=-25,trigger=0"
Paladin,Retribution,31883,Fanaticism,utility/rank,0,0,,,,,,0,0,,,,,,,,"E0:effect=6,aura=107,base=14,trigger=0;E1:effect=6,aura=10,base=-31,trigger=0"
Paladin,Retribution,31884,Avenging Wrath,damage,0,0,0,180,0,20,20,0,0,type0:8%,,,,,,,"E0:effect=6,aura=79,base=29,trigger=0"
Paladin,Retribution,31892,Seal of Blood,damage,0,0,1.5,0,0,30,30,0,0,type0:210,,,,,,,"E0:effect=6,aura=4,base=39,trigger=0;E1:effect=6,aura=4,base=31897,trigger=0;E2:effect=6,aura=4,base=9,trigger=0"
Paladin,Retribution,31893,Seal of Blood,damage,0,0,,,,,,0,50000,,,,,,,,"E0:effect=31,aura=0,base=34,trigger=0"
Paladin,Retribution,31898,Judgement of Blood,damage,0,0,,,,,,0,50000,,,,,,,,"E0:effect=2,aura=0,base=294,trigger=0"
Paladin,Retribution,32043,Sanctified Seals,damage,0,0,,,,,,0,0,,,,,,,,"E0:effect=6,aura=57,base=0,trigger=0;E1:effect=6,aura=107,base=32,trigger=0;E2:effect=6,aura=52,base=0,trigger=0"
Paladin,Retribution,32223,Crusader Aura,utility/rank,0,0,1.5,0,0,-0.001,-0.001,0,0,,0,0,,,,,"E0:effect=35,aura=172,base=19,trigger=0;E1:effect=35,aura=211,base=19,trigger=0"
Paladin,Retribution,35395,Crusader Strike,damage,0,0,1.5,6,0,,,0,5,type0:8%,,,,,2,173555,"E0:effect=121,aura=0,base=-1,trigger=0;E1:effect=31,aura=0,base=109,trigger=0"
Paladin,Retribution,35396,Sanctified Seals,damage,0,0,,,,,,0,0,,,,,,,,"E0:effect=6,aura=57,base=1,trigger=0;E1:effect=6,aura=107,base=65,trigger=0;E2:effect=6,aura=52,base=1,trigger=0"
Paladin,Retribution,35397,Sanctified Seals,damage,0,0,,,,,,0,0,,,,,,,,"E0:effect=6,aura=57,base=2,trigger=0;E1:effect=6,aura=107,base=99,trigger=0;E2:effect=6,aura=52,base=2,trigger=0"
Paladin,Retribution,44414,Pursuit of Justice,utility/rank,0,0,,,,,,0,0,,,,,,,,"E0:effect=6,aura=31,base=14,trigger=0;E1:effect=6,aura=172,base=14,trigger=0;E2:effect=6,aura=211,base=14,trigger=0"
Paladin,Retribution,348700,Seal of the Martyr,damage,0,0,1.5,0,0,30,30,0,0,type0:210,,,,,,,"E0:effect=6,aura=4,base=39,trigger=0;E1:effect=6,aura=4,base=348702,trigger=0;E2:effect=6,aura=4,base=9,trigger=0"
Paladin,Retribution,348701,Seal of the Martyr,damage,0,0,,,,,,0,50000,,,,,,,,"E0:effect=31,aura=0,base=34,trigger=0"
Paladin,Retribution,348704,Seal of Corruption,damage,0,0,1.5,0,0,30,30,0,0,type0:250,,,,,,,"E0:effect=6,aura=4,base=-1,trigger=0;E1:effect=6,aura=4,base=356112,trigger=0"
Paladin,Retribution,356110,Blood Corruption,damage,0,0,,,,15,15,0,100,,,,,,,,"E0:effect=6,aura=3,base=29,trigger=0"
Paladin,Retribution,356112,Judgement of Corruption,damage,0,0,,,,,,0,100,,,,,,,,"E0:effect=2,aura=0,base=119,trigger=0"
Paladin,Protection,465,Devotion Aura,utility/rank,0,0,1.5,0,0,-0.001,-0.001,0,0,,,,,,,,"E0:effect=35,aura=22,base=54,trigger=0"
Paladin,Protection,498,Divine Protection,utility/rank,0,0,1.5,0,300,6,6,0,0,type0:15,,,,,,,"E0:effect=6,aura=25,base=-1,trigger=0;E1:effect=6,aura=39,base=-1,trigger=0;E2:effect=6,aura=39,base=0,trigger=0"
Paladin,Protection,642,Divine Shield,utility/rank,0,0,1.5,0,300,10,10,0,0,type0:75,,,,,,,"E0:effect=6,aura=39,base=-1,trigger=0;E1:effect=6,aura=138,base=-101,trigger=0;E2:effect=6,aura=39,base=0,trigger=0"
Paladin,Protection,643,Devotion Aura,utility/rank,0,0,1.5,0,0,-0.001,-0.001,0,0,,,,,,,,"E0:effect=35,aura=22,base=274,trigger=0"
Paladin,Protection,853,Hammer of Justice,utility/rank,0,0,1.5,0,60,3,3,0,10,type0:30,,,,,,,"E0:effect=6,aura=12,base=-1,trigger=0"
Paladin,Protection,1020,Divine Shield,utility/rank,0,0,1.5,0,300,12,12,0,0,type0:110,,,,,,,"E0:effect=6,aura=39,base=-1,trigger=0;E1:effect=6,aura=138,base=-101,trigger=0;E2:effect=6,aura=39,base=0,trigger=0"
Paladin,Protection,1022,Blessing of Protection,utility/rank,0,0,1.5,0,300,6,6,0,30,type0:25,,,,,,,"E0:effect=6,aura=39,base=-1,trigger=0;E1:effect=6,aura=25,base=-1,trigger=0"
Paladin,Protection,1032,Devotion Aura,utility/rank,0,0,1.5,0,0,-0.001,-0.001,0,0,,,,,,,,"E0:effect=35,aura=22,base=504,trigger=0"
Paladin,Protection,1038,Blessing of Salvation,utility/rank,0,0,1.5,0,0,600,600,0,30,type0:6%,,,,,,,"E0:effect=6,aura=10,base=-31,trigger=0"
Paladin,Protection,1044,Blessing of Freedom,utility/rank,0,0,1.5,25,0,10,10,0,30,type0:8%,,,,,,,"E0:effect=6,aura=77,base=-1,trigger=0;E1:effect=6,aura=77,base=-1,trigger=0"
Paladin,Protection,5573,Divine Protection,utility/rank,0,0,1.5,0,300,8,8,0,0,type0:35,,,,,,,"E0:effect=6,aura=25,base=-1,trigger=0;E1:effect=6,aura=39,base=-1,trigger=0;E2:effect=6,aura=39,base=0,trigger=0"
Paladin,Protection,5588,Hammer of Justice,utility/rank,0,0,1.5,0,60,4,4,0,10,type0:50,,,,,,,"E0:effect=6,aura=12,base=-1,trigger=0"
Paladin,Protection,5589,Hammer of Justice,utility/rank,0,0,1.5,0,60,5,5,0,10,type0:75,,,,,,,"E0:effect=6,aura=12,base=-1,trigger=0"
Paladin,Protection,5599,Blessing of Protection,utility/rank,0,0,1.5,0,300,8,8,0,30,type0:45,,,,,,,"E0:effect=6,aura=39,base=-1,trigger=0;E1:effect=6,aura=25,base=-1,trigger=0"
Paladin,Protection,6940,Blessing of Sacrifice,utility/rank,0,0,1.5,0,30,30,30,0,30,type0:80,,,,,,,"E0:effect=6,aura=562,base=44,trigger=0"
Paladin,Protection,10278,Blessing of Protection,utility/rank,0,0,1.5,0,300,10,10,0,30,type0:6%,,,,,,,"E0:effect=6,aura=39,base=-1,trigger=0;E1:effect=6,aura=25,base=-1,trigger=0"
Paladin,Protection,10290,Devotion Aura,utility/rank,0,0,1.5,0,0,-0.001,-0.001,0,0,,,,,,,,"E0:effect=35,aura=22,base=159,trigger=0"
Paladin,Protection,10291,Devotion Aura,utility/rank,0,0,1.5,0,0,-0.001,-0.001,0,0,,,,,,,,"E0:effect=35,aura=22,base=389,trigger=0"
Paladin,Protection,10292,Devotion Aura,utility/rank,0,0,1.5,0,0,-0.001,-0.001,0,0,,,,,,,,"E0:effect=35,aura=22,base=619,trigger=0"
Paladin,Protection,10293,Devotion Aura,utility/rank,0,0,1.5,0,0,-0.001,-0.001,0,0,,,,,,,,"E0:effect=35,aura=22,base=734,trigger=0"
Paladin,Protection,10308,Hammer of Justice,utility/rank,0,0,1.5,0,60,6,6,0,10,type0:100,,,,,,,"E0:effect=6,aura=12,base=-1,trigger=0"
Paladin,Protection,19746,Concentration Aura,utility/rank,0,0,1.5,0,0,-0.001,-0.001,0,0,,0,0,,,,,"E0:effect=35,aura=149,base=34,trigger=0;E1:effect=35,aura=234,base=-1,trigger=0;E2:effect=35,aura=234,base=-1,trigger=0"
Paladin,Protection,19752,Divine Intervention,utility/rank,0,0,1.5,3600,0,,,0,40,,,,,17033,,,"E0:effect=79,aura=0,base=-1,trigger=0;E1:effect=64,aura=0,base=-1,trigger=19753;E2:effect=1,aura=0,base=0,trigger=0"
Paladin,Protection,19876,Shadow Resistance Aura,utility/rank,0,0,1.5,0,0,-0.001,-0.001,0,0,,0,0,,,,,"E0:effect=35,aura=558,base=29,trigger=0"
Paladin,Protection,19888,Frost Resistance Aura,utility/rank,0,0,1.5,0,0,-0.001,-0.001,0,0,,0,0,,,,,"E0:effect=35,aura=558,base=29,trigger=0"
Paladin,Protection,19891,Fire Resistance Aura,utility/rank,0,0,1.5,0,0,-0.001,-0.001,0,0,,0,0,,,,,"E0:effect=35,aura=558,base=29,trigger=0"
Paladin,Protection,19895,Shadow Resistance Aura,utility/rank,0,0,1.5,0,0,-0.001,-0.001,0,0,,0,0,,,,,"E0:effect=35,aura=558,base=44,trigger=0"
Paladin,Protection,19896,Shadow Resistance Aura,utility/rank,0,0,1.5,0,0,-0.001,-0.001,0,0,,0,0,,,,,"E0:effect=35,aura=558,base=59,trigger=0"
Paladin,Protection,19897,Frost Resistance Aura,utility/rank,0,0,1.5,0,0,-0.001,-0.001,0,0,,0,0,,,,,"E0:effect=35,aura=558,base=44,trigger=0"
Paladin,Protection,19898,Frost Resistance Aura,utility/rank,0,0,1.5,0,0,-0.001,-0.001,0,0,,0,0,,,,,"E0:effect=35,aura=558,base=59,trigger=0"
Paladin,Protection,19899,Fire Resistance Aura,utility/rank,0,0,1.5,0,0,-0.001,-0.001,0,0,,0,0,,,,,"E0:effect=35,aura=558,base=44,trigger=0"
Paladin,Protection,19900,Fire Resistance Aura,utility/rank,0,0,1.5,0,0,-0.001,-0.001,0,0,,0,0,,,,,"E0:effect=35,aura=558,base=59,trigger=0"
Paladin,Protection,20096,Anticipation,utility/rank,0,0,,,,-0.001,-0.001,0,0,,,,,,,,"E0:effect=6,aura=98,base=3,trigger=0"
Paladin,Protection,20097,Anticipation,utility/rank,0,0,,,,-0.001,-0.001,0,0,,,,,,,,"E0:effect=6,aura=98,base=7,trigger=0"
Paladin,Protection,20098,Anticipation,utility/rank,0,0,,,,-0.001,-0.001,0,0,,,,,,,,"E0:effect=6,aura=98,base=11,trigger=0"
Paladin,Protection,20099,Anticipation,utility/rank,0,0,,,,-0.001,-0.001,0,0,,,,,,,,"E0:effect=6,aura=98,base=15,trigger=0"
Paladin,Protection,20100,Anticipation,utility/rank,0,0,,,,-0.001,-0.001,0,0,,,,,,,,"E0:effect=6,aura=98,base=19,trigger=0"
Paladin,Protection,20127,Redoubt,utility/rank,0,0,,,,-0.001,-0.001,0,0,,,,,,4,64,"E0:effect=6,aura=42,base=0,trigger=20128"
Paladin,Protection,20130,Redoubt,utility/rank,0,0,,,,-0.001,-0.001,0,0,,,,,,4,64,"E0:effect=6,aura=42,base=0,trigger=20131"
Paladin,Protection,20135,Redoubt,utility/rank,0,0,,,,-0.001,-0.001,0,0,,,,,,4,64,"E0:effect=6,aura=42,base=0,trigger=20132"
Paladin,Protection,20136,Redoubt,utility/rank,0,0,,,,-0.001,-0.001,0,0,,,,,,4,64,"E0:effect=6,aura=42,base=0,trigger=20133"
Paladin,Protection,20137,Redoubt,utility/rank,0,0,,,,-0.001,-0.001,0,0,,,,,,4,64,"E0:effect=6,aura=42,base=0,trigger=20134"
Paladin,Protection,20138,Improved Devotion Aura,passive/talent,0,0,,,,-0.001,-0.001,0,0,,,,,,,,"E0:effect=6,aura=108,base=7,trigger=0"
Paladin,Protection,20139,Improved Devotion Aura,passive/talent,0,0,,,,-0.001,-0.001,0,0,,,,,,,,"E0:effect=6,aura=108,base=15,trigger=0"
Paladin,Protection,20140,Improved Devotion Aura,passive/talent,0,0,,,,-0.001,-0.001,0,0,,,,,,,,"E0:effect=6,aura=108,base=23,trigger=0"
Paladin,Protection,20141,Improved Devotion Aura,passive/talent,0,0,,,,-0.001,-0.001,0,0,,,,,,,,"E0:effect=6,aura=108,base=31,trigger=0"
Paladin,Protection,20142,Improved Devotion Aura,passive/talent,0,0,,,,-0.001,-0.001,0,0,,,,,,,,"E0:effect=6,aura=108,base=39,trigger=0"
Paladin,Protection,20143,Toughness,utility/rank,0,0,,,,-0.001,-0.001,0,0,,,,,,,,"E0:effect=6,aura=142,base=1,trigger=0"
Paladin,Protection,20144,Toughness,utility/rank,0,0,,,,-0.001,-0.001,0,0,,,,,,,,"E0:effect=6,aura=142,base=3,trigger=0"
Paladin,Protection,20145,Toughness,utility/rank,0,0,,,,-0.001,-0.001,0,0,,,,,,,,"E0:effect=6,aura=142,base=5,trigger=0"
Paladin,Protection,20146,Toughness,utility/rank,0,0,,,,-0.001,-0.001,0,0,,,,,,,,"E0:effect=6,aura=142,base=7,trigger=0"
Paladin,Protection,20147,Toughness,utility/rank,0,0,,,,-0.001,-0.001,0,0,,,,,,,,"E0:effect=6,aura=142,base=9,trigger=0"
Paladin,Protection,20148,Shield Specialization,passive/talent,0,0,,,,-0.001,-0.001,0,0,,,,,,,,"E0:effect=6,aura=561,base=9,trigger=0"
Paladin,Protection,20149,Shield Specialization,passive/talent,0,0,,,,-0.001,-0.001,0,0,,,,,,,,"E0:effect=6,aura=561,base=19,trigger=0"
Paladin,Protection,20150,Shield Specialization,passive/talent,0,0,,,,-0.001,-0.001,0,0,,,,,,,,"E0:effect=6,aura=561,base=29,trigger=0"
Paladin,Protection,20164,Seal of Justice,damage,0,0,1.5,0,0,30,30,0,0,type0:10%,,,,,,,"E0:effect=6,aura=42,base=-1,trigger=20170;E1:effect=6,aura=4,base=20183,trigger=0"
Paladin,Protection,20174,Guardian's Favor,utility/rank,0,0,,,,-0.001,-0.001,0,0,,,,,,,,"E0:effect=6,aura=107,base=-60001,trigger=0;E1:effect=6,aura=107,base=1999,trigger=0"
Paladin,Protection,20175,Guardian's Favor,utility/rank,0,0,,,,-0.001,-0.001,0,0,,,,,,,,"E0:effect=6,aura=107,base=-120001,trigger=0;E1:effect=6,aura=107,base=3999,trigger=0"
Paladin,Protection,20177,Reckoning,utility/rank,0,0,,,,-0.001,-0.001,0,0,,,,,,,,"E0:effect=6,aura=42,base=0,trigger=20178"
Paladin,Protection,20179,Reckoning,utility/rank,0,0,,,,-0.001,-0.001,0,0,,,,,,,,"E0:effect=6,aura=42,base=0,trigger=20178"
Paladin,Protection,20180,Reckoning,utility/rank,0,0,,,,-0.001,-0.001,0,0,,,,,,,,"E0:effect=6,aura=42,base=0,trigger=20178"
Paladin,Protection,20181,Reckoning,utility/rank,0,0,,,,-0.001,-0.001,0,0,,,,,,,,"E0:effect=6,aura=42,base=0,trigger=20178"
Paladin,Protection,20182,Reckoning,utility/rank,0,0,,,,-0.001,-0.001,0,0,,,,,,,,"E0:effect=6,aura=42,base=0,trigger=20178"
Paladin,Protection,20184,Judgement of Justice,damage,0,0,,,,20,20,0,100,,,,,,,,"E0:effect=6,aura=92,base=-1,trigger=0"
Paladin,Protection,20189,Precision,passive/talent,0,0,,,,,,0,0,,,,,,2,499,"E0:effect=6,aura=54,base=0,trigger=0;E1:effect=6,aura=55,base=0,trigger=0"
Paladin,Protection,20192,Precision,passive/talent,0,0,,,,,,0,0,,,,,,2,499,"E0:effect=6,aura=54,base=1,trigger=0;E1:effect=6,aura=55,base=1,trigger=0"
Paladin,Protection,20193,Precision,passive/talent,0,0,,,,,,0,0,,,,,,2,499,"E0:effect=6,aura=54,base=2,trigger=0;E1:effect=6,aura=55,base=2,trigger=0"
Paladin,Protection,20196,One-Handed Weapon Specialization,passive/talent,0,0,,,,,,0,0,,,,,,2,32913,"E0:effect=6,aura=79,base=0,trigger=0"
Paladin,Protection,20197,One-Handed Weapon Specialization,passive/talent,0,0,,,,,,0,0,,,,,,2,32913,"E0:effect=6,aura=79,base=1,trigger=0"
Paladin,Protection,20198,One-Handed Weapon Specialization,passive/talent,0,0,,,,,,0,0,,,,,,2,32913,"E0:effect=6,aura=79,base=2,trigger=0"
Paladin,Protection,20199,One-Handed Weapon Specialization,passive/talent,0,0,,,,,,0,0,,,,,,2,32913,"E0:effect=6,aura=79,base=3,trigger=0"
Paladin,Protection,20200,One-Handed Weapon Specialization,passive/talent,0,0,,,,,,0,0,,,,,,2,41105,"E0:effect=6,aura=79,base=4,trigger=0"
Paladin,Protection,20217,Blessing of Kings,utility/rank,0,0,1.5,0,0,600,600,0,30,type0:6%,,,,,,,"E0:effect=6,aura=137,base=9,trigger=0"
Paladin,Protection,20254,Improved Concentration Aura,passive/talent,0,0,,,,-0.001,-0.001,0,0,,,,,,,,"E0:effect=6,aura=107,base=4,trigger=0;E1:effect=6,aura=107,base=-11,trigger=0;E2:effect=6,aura=107,base=-11,trigger=0"
Paladin,Protection,20255,Improved Concentration Aura,passive/talent,0,0,,,,-0.001,-0.001,0,0,,,,,,,,"E0:effect=6,aura=107,base=9,trigger=0;E1:effect=6,aura=107,base=-21,trigger=0;E2:effect=6,aura=107,base=-21,trigger=0"
Paladin,Protection,20256,Improved Concentration Aura,passive/talent,0,0,,,,-0.001,-0.001,0,0,,,,,,,,"E0:effect=6,aura=107,base=14,trigger=0;E1:effect=6,aura=107,base=-31,trigger=0;E2:effect=6,aura=107,base=-31,trigger=0"
Paladin,Protection,20468,Improved Righteous Fury,tanking,0,0,,,,-0.001,-0.001,0,0,,,,,,,,"E0:effect=6,aura=108,base=15,trigger=0;E1:effect=6,aura=107,base=-3,trigger=0"
Paladin,Protection,20469,Improved Righteous Fury,tanking,0,0,,,,-0.001,-0.001,0,0,,,,,,,,"E0:effect=6,aura=108,base=32,trigger=0;E1:effect=6,aura=107,base=-5,trigger=0"
Paladin,Protection,20470,Improved Righteous Fury,tanking,0,0,,,,-0.001,-0.001,0,0,,,,,,,,"E0:effect=6,aura=108,base=49,trigger=0;E1:effect=6,aura=107,base=-7,trigger=0"
Paladin,Protection,20487,Improved Hammer of Justice,passive/talent,0,0,,,,-0.001,-0.001,0,0,,,,,,,,"E0:effect=6,aura=107,base=-5001,trigger=0"
Paladin,Protection,20488,Improved Hammer of Justice,passive/talent,0,0,,,,-0.001,-0.001,0,0,,,,,,,,"E0:effect=6,aura=107,base=-10001,trigger=0"
Paladin,Protection,20489,Improved Hammer of Justice,passive/talent,0,0,,,,-0.001,-0.001,0,0,,,,,,,,"E0:effect=6,aura=107,base=-15001,trigger=0"
Paladin,Protection,20729,Blessing of Sacrifice,utility/rank,0,0,1.5,0,30,30,30,0,30,type0:100,,,,,,,"E0:effect=6,aura=562,base=54,trigger=0"
Paladin,Protection,20911,Blessing of Sanctuary,utility/rank,0,0,1.5,0,0,600,600,0,30,type0:60,,,,,,,"E0:effect=6,aura=14,base=-11,trigger=0;E1:effect=6,aura=43,base=13,trigger=0"
Paladin,Protection,20912,Blessing of Sanctuary,utility/rank,0,0,1.5,0,0,600,600,0,30,type0:85,,,,,,,"E0:effect=6,aura=14,base=-15,trigger=0;E1:effect=6,aura=43,base=20,trigger=0"
Paladin,Protection,20913,Blessing of Sanctuary,utility/rank,0,0,1.5,0,0,600,600,0,30,type0:110,,,,,,,"E0:effect=6,aura=14,base=-20,trigger=0;E1:effect=6,aura=43,base=27,trigger=0"
Paladin,Protection,20914,Blessing of Sanctuary,utility/rank,0,0,1.5,0,0,600,600,0,30,type0:135,,,,,,,"E0:effect=6,aura=14,base=-25,trigger=0;E1:effect=6,aura=43,base=34,trigger=0"
Paladin,Protection,20925,Holy Shield,tanking,0,0,1.5,0,10,10,10,0,0,type0:135,,,,,4,64,"E0:effect=6,aura=51,base=29,trigger=0;E1:effect=6,aura=43,base=58,trigger=0;E2:effect=6,aura=189,base=0,trigger=0"
Paladin,Protection,20927,Holy Shield,tanking,0,0,1.5,0,10,10,10,0,0,type0:175,,,,,4,64,"E0:effect=6,aura=51,base=29,trigger=0;E1:effect=6,aura=43,base=85,trigger=0;E2:effect=6,aura=189,base=0,trigger=0"
Paladin,Protection,20928,Holy Shield,tanking,0,0,1.5,0,10,10,10,0,0,type0:215,,,,,4,64,"E0:effect=6,aura=51,base=29,trigger=0;E1:effect=6,aura=43,base=116,trigger=0;E2:effect=6,aura=189,base=0,trigger=0"
Paladin,Protection,25780,Righteous Fury,tanking,0,0,1.5,0,0,1800,1800,0,0,type0:24%,,,,,,,"E0:effect=6,aura=10,base=59,trigger=0;E1:effect=6,aura=87,base=-1,trigger=0"
Paladin,Protection,25781,Righteous Fury,tanking,0,0,,,,,,0,50000,,,,,,,,"E0:effect=63,aura=0,base=0,trigger=0"
Paladin,Protection,25895,Greater Blessing of Salvation,utility/rank,0,0,1.5,0,0,1800,1800,0,40,type0:13%,,,,21177,,,"E0:effect=6,aura=10,base=-31,trigger=0"
Paladin,Protection,25898,Greater Blessing of Kings,utility/rank,0,0,1.5,0,0,1800,1800,0,40,type0:12%,,,,21177,,,"E0:effect=6,aura=137,base=9,trigger=0"
Paladin,Protection,25899,Greater Blessing of Sanctuary,utility/rank,0,0,1.5,0,0,1800,1800,0,40,type0:270,,,,21177,,,"E0:effect=6,aura=14,base=-25,trigger=0;E1:effect=6,aura=43,base=34,trigger=0"
Paladin,Protection,27147,Blessing of Sacrifice,utility/rank,0,0,1.5,0,30,30,30,0,30,type0:115,,,,,,,"E0:effect=6,aura=562,base=80,trigger=0"
Paladin,Protection,27148,Blessing of Sacrifice,utility/rank,0,0,1.5,0,30,30,30,0,30,type0:135,,,,,,,"E0:effect=6,aura=562,base=103,trigger=0"
Paladin,Protection,27149,Devotion Aura,utility/rank,0,0,1.5,0,0,-0.001,-0.001,0,0,,,,,,,,"E0:effect=35,aura=22,base=860,trigger=0"
Paladin,Protection,27151,Shadow Resistance Aura,utility/rank,0,0,1.5,0,0,-0.001,-0.001,0,0,,0,0,,,,,"E0:effect=35,aura=558,base=69,trigger=0"
Paladin,Protection,27152,Frost Resistance Aura,utility/rank,0,0,1.5,0,0,-0.001,-0.001,0,0,,0,0,,,,,"E0:effect=35,aura=558,base=69,trigger=0"
Paladin,Protection,27153,Fire Resistance Aura,utility/rank,0,0,1.5,0,0,-0.001,-0.001,0,0,,0,0,,,,,"E0:effect=35,aura=558,base=69,trigger=0"
Paladin,Protection,27168,Blessing of Sanctuary,utility/rank,0,0,1.5,0,0,600,600,0,30,type0:180,,,,,,,"E0:effect=6,aura=14,base=-81,trigger=0;E1:effect=6,aura=43,base=45,trigger=0"
Paladin,Protection,27169,Greater Blessing of Sanctuary,utility/rank,0,0,1.5,0,0,1800,1800,0,40,type0:360,,,,21177,,,"E0:effect=6,aura=14,base=-81,trigger=0;E1:effect=6,aura=43,base=45,trigger=0"
Paladin,Protection,27179,Holy Shield,tanking,0,0,1.5,0,10,10,10,0,0,type0:280,,,,,4,64,"E0:effect=6,aura=51,base=29,trigger=0;E1:effect=6,aura=43,base=154,trigger=0;E2:effect=6,aura=189,base=0,trigger=0"
Paladin,Protection,31785,Spiritual Attunement,utility/rank,0,0,,,,,,0,0,,,,,,,,"E0:effect=6,aura=4,base=7,trigger=0"
Paladin,Protection,31789,Righteous Defense,utility/rank,0,0,1.5,15,0,,,0,40,type0:4%,,,,,,,"E0:effect=3,aura=0,base=0,trigger=0;E1:effect=64,aura=0,base=0,trigger=31980"
Paladin,Protection,31844,Stoicism,utility/rank,0,0,,,,-0.001,-0.001,0,0,,,,,,,,"E0:effect=6,aura=117,base=4,trigger=0;E1:effect=6,aura=107,base=14,trigger=0"
Paladin,Protection,31845,Stoicism,utility/rank,0,0,,,,-0.001,-0.001,0,0,,,,,,,,"E0:effect=6,aura=117,base=9,trigger=0;E1:effect=6,aura=107,base=29,trigger=0"
Paladin,Protection,31846,Spell Warding,utility/rank,0,0,,,,-0.001,-0.001,0,0,,,,,,,,"E0:effect=6,aura=87,base=-3,trigger=0"
Paladin,Protection,31847,Spell Warding,utility/rank,0,0,,,,-0.001,-0.001,0,0,,,,,,,,"E0:effect=6,aura=87,base=-5,trigger=0"
Paladin,Protection,31848,Sacred Duty,utility/rank,0,0,,,,-0.001,-0.001,0,0,,,,,,,,"E0:effect=6,aura=107,base=-30001,trigger=0;E1:effect=6,aura=108,base=-51,trigger=0;E2:effect=6,aura=137,base=2,trigger=0"
Paladin,Protection,31849,Sacred Duty,utility/rank,0,0,,,,-0.001,-0.001,0,0,,,,,,,,"E0:effect=6,aura=107,base=-60001,trigger=0;E1:effect=6,aura=108,base=-101,trigger=0;E2:effect=6,aura=137,base=5,trigger=0"
Paladin,Protection,31850,Ardent Defender,utility/rank,0,0,,,,-0.001,-0.001,0,0,,,,,,,,"E0:effect=6,aura=87,base=-7,trigger=0"
Paladin,Protection,31851,Ardent Defender,utility/rank,0,0,,,,-0.001,-0.001,0,0,,,,,,,,"E0:effect=6,aura=87,base=-13,trigger=0"
Paladin,Protection,31852,Ardent Defender,utility/rank,0,0,,,,-0.001,-0.001,0,0,,,,,,,,"E0:effect=6,aura=87,base=-19,trigger=0"
Paladin,Protection,31853,Ardent Defender,utility/rank,0,0,,,,-0.001,-0.001,0,0,,,,,,,,"E0:effect=6,aura=87,base=-25,trigger=0"
Paladin,Protection,31854,Ardent Defender,utility/rank,0,0,,,,-0.001,-0.001,0,0,,,,,,,,"E0:effect=6,aura=87,base=-31,trigger=0"
Paladin,Protection,31858,Combat Expertise,utility/rank,0,0,,,,-0.001,-0.001,0,0,,,,,,,,"E0:effect=6,aura=240,base=0,trigger=0;E1:effect=6,aura=137,base=1,trigger=0"
Paladin,Protection,31859,Combat Expertise,utility/rank,0,0,,,,-0.001,-0.001,0,0,,,,,,,,"E0:effect=6,aura=240,base=1,trigger=0;E1:effect=6,aura=137,base=3,trigger=0"
Paladin,Protection,31860,Combat Expertise,utility/rank,0,0,,,,-0.001,-0.001,0,0,,,,,,,,"E0:effect=6,aura=240,base=2,trigger=0;E1:effect=6,aura=137,base=5,trigger=0"
Paladin,Protection,31861,Combat Expertise,utility/rank,0,0,,,,-0.001,-0.001,0,0,,,,,,,,"E0:effect=6,aura=240,base=3,trigger=0;E1:effect=6,aura=137,base=7,trigger=0"
Paladin,Protection,31862,Combat Expertise,utility/rank,0,0,,,,-0.001,-0.001,0,0,,,,,,,,"E0:effect=6,aura=240,base=4,trigger=0;E1:effect=6,aura=137,base=9,trigger=0"
Paladin,Protection,31895,Seal of Justice,damage,0,0,1.5,0,0,30,30,0,0,type0:10%,,,,,,,"E0:effect=6,aura=42,base=-1,trigger=20170;E1:effect=6,aura=4,base=31895,trigger=0"
Paladin,Protection,31896,Judgement of Justice,damage,0,0,,,,20,20,0,100,,,,,,,,"E0:effect=6,aura=92,base=-1,trigger=0;E1:effect=6,aura=191,base=6,trigger=0"
Paladin,Protection,31935,Avenger's Shield,utility/rank,1,1,1,0,30,6,6,0,30,type0:500,,,,,4,64,"E0:effect=2,aura=0,base=269,trigger=0;E1:effect=6,aura=33,base=-51,trigger=0"
Paladin,Protection,32699,Avenger's Shield,utility/rank,1,1,1,0,30,6,6,0,30,type0:615,,,,,4,64,"E0:effect=2,aura=0,base=369,trigger=0;E1:effect=6,aura=33,base=-51,trigger=0"
Paladin,Protection,32700,Avenger's Shield,utility/rank,1,1,1,0,30,6,6,0,30,type0:780,,,,,4,64,"E0:effect=2,aura=0,base=493,trigger=0;E1:effect=6,aura=33,base=-51,trigger=0"
Paladin,Protection,33776,Spiritual Attunement,utility/rank,0,0,,,,,,0,0,,,,,,,,"E0:effect=6,aura=4,base=9,trigger=0"
Paladin,Protection,41021,Improved Holy Shield,tanking,0,0,,,,-0.001,-0.001,0,0,,,,,,,,"E0:effect=6,aura=108,base=9,trigger=0;E1:effect=6,aura=107,base=1,trigger=0"
Paladin,Protection,41026,Improved Holy Shield,tanking,0,0,,,,-0.001,-0.001,0,0,,,,,,,,"E0:effect=6,aura=108,base=19,trigger=0;E1:effect=6,aura=107,base=3,trigger=0"
Pet,Pet - Generic,1742,Cower,utility/rank,0,0,1.5,0,5,,,0,5,type2:15,,,,,,,"E0:effect=63,aura=0,base=-31,trigger=0"
Pet,Pet - Generic,1753,Cower,utility/rank,0,0,1.5,0,5,,,0,5,type2:15,,,,,,,"E0:effect=63,aura=0,base=-56,trigger=0"
Pet,Pet - Generic,1754,Cower,utility/rank,0,0,1.5,0,5,,,0,5,type2:15,,,,,,,"E0:effect=63,aura=0,base=-86,trigger=0"
Pet,Pet - Generic,1755,Cower,utility/rank,0,0,1.5,0,5,,,0,5,type2:15,,,,,,,"E0:effect=63,aura=0,base=-126,trigger=0"
Pet,Pet - Generic,1756,Cower,utility/rank,0,0,1.5,0,5,,,0,5,type2:15,,,,,,,"E0:effect=63,aura=0,base=-176,trigger=0"
Pet,Pet - Generic,2649,Growl,tanking,0,0,0,0,5,,,0,5,type2:15,,,,,,,"E0:effect=63,aura=0,base=49,trigger=0"
Pet,Pet - Generic,4187,Great Stamina,utility/rank,0,0,,,,-0.001,-0.001,0,0,,,,,,,,"E0:effect=6,aura=29,base=2,trigger=0"
Pet,Pet - Generic,4188,Great Stamina,utility/rank,0,0,,,,-0.001,-0.001,0,0,,,,,,,,"E0:effect=6,aura=29,base=4,trigger=0"
Pet,Pet - Generic,4189,Great Stamina,utility/rank,0,0,,,,-0.001,-0.001,0,0,,,,,,,,"E0:effect=6,aura=29,base=6,trigger=0"
Pet,Pet - Generic,4190,Great Stamina,utility/rank,0,0,,,,-0.001,-0.001,0,0,,,,,,,,"E0:effect=6,aura=29,base=9,trigger=0"
Pet,Pet - Generic,4191,Great Stamina,utility/rank,0,0,,,,-0.001,-0.001,0,0,,,,,,,,"E0:effect=6,aura=29,base=12,trigger=0"
Pet,Pet - Generic,4192,Great Stamina,utility/rank,0,0,,,,-0.001,-0.001,0,0,,,,,,,,"E0:effect=6,aura=29,base=16,trigger=0"
Pet,Pet - Generic,4193,Great Stamina,utility/rank,0,0,,,,-0.001,-0.001,0,0,,,,,,,,"E0:effect=6,aura=29,base=20,trigger=0"
Pet,Pet - Generic,4194,Great Stamina,utility/rank,0,0,,,,-0.001,-0.001,0,0,,,,,,,,"E0:effect=6,aura=29,base=25,trigger=0"
Pet,Pet - Generic,5041,Great Stamina,utility/rank,0,0,,,,-0.001,-0.001,0,0,,,,,,,,"E0:effect=6,aura=29,base=31,trigger=0"
Pet,Pet - Generic,5042,Great Stamina,utility/rank,0,0,,,,-0.001,-0.001,0,0,,,,,,,,"E0:effect=6,aura=29,base=39,trigger=0"
Pet,Pet - Generic,6280,Pet Hardiness,utility/rank,0,0,,,,-0.001,-0.001,0,0,,,,,,,,"E0:effect=6,aura=34,base=19,trigger=0"
Pet,Pet - Generic,6281,Pet Hardiness,utility/rank,0,0,,,,-0.001,-0.001,0,5,,,,,,,,"E0:effect=6,aura=34,base=39,trigger=0"
Pet,Pet - Generic,6282,Pet Hardiness,utility/rank,0,0,,,,-0.001,-0.001,0,5,,,,,,,,"E0:effect=6,aura=34,base=79,trigger=0"
Pet,Pet - Generic,6283,Pet Hardiness,utility/rank,0,0,,,,-0.001,-0.001,0,5,,,,,,,,"E0:effect=6,aura=34,base=119,trigger=0"
Pet,Pet - Generic,6286,Pet Hardiness,utility/rank,0,0,,,,-0.001,-0.001,0,5,,,,,,,,"E0:effect=6,aura=34,base=179,trigger=0"
Pet,Pet - Generic,6311,Pet Aggression,utility/rank,0,0,,,,-0.001,-0.001,0,0,,,,,,,,"E0:effect=6,aura=13,base=0,trigger=0"
Pet,Pet - Generic,6314,Pet Aggression,utility/rank,0,0,,,,-0.001,-0.001,0,0,,,,,,,,"E0:effect=6,aura=13,base=1,trigger=0"
Pet,Pet - Generic,6315,Pet Aggression,utility/rank,0,0,,,,-0.001,-0.001,0,0,,,,,,,,"E0:effect=6,aura=13,base=3,trigger=0"
Pet,Pet - Generic,6316,Pet Aggression,utility/rank,0,0,,,,-0.001,-0.001,0,0,,,,,,,,"E0:effect=6,aura=13,base=5,trigger=0"
Pet,Pet - Generic,6317,Pet Aggression,utility/rank,0,0,,,,-0.001,-0.001,0,0,,,,,,,,"E0:effect=6,aura=13,base=7,trigger=0"
Pet,Pet - Generic,6328,Pet Recovery,utility/rank,0,0,,,,-0.001,-0.001,0,0,,,,,,,,"E0:effect=6,aura=29,base=0,trigger=0"
Pet,Pet - Generic,6331,Pet Recovery,utility/rank,0,0,,,,-0.001,-0.001,0,0,,,,,,,,"E0:effect=6,aura=29,base=1,trigger=0"
Pet,Pet - Generic,6332,Pet Recovery,utility/rank,0,0,,,,-0.001,-0.001,0,0,,,,,,,,"E0:effect=6,aura=29,base=3,trigger=0"
Pet,Pet - Generic,6333,Pet Recovery,utility/rank,0,0,,,,-0.001,-0.001,0,0,,,,,,,,"E0:effect=6,aura=29,base=5,trigger=0"
Pet,Pet - Generic,6334,Pet Recovery,utility/rank,0,0,,,,-0.001,-0.001,0,0,,,,,,,,"E0:effect=6,aura=29,base=8,trigger=0"
Pet,Pet - Generic,6443,Pet Resistance,utility/rank,0,0,,,,-0.001,-0.001,0,0,,,,,,,,"E0:effect=6,aura=22,base=2,trigger=0"
Pet,Pet - Generic,6444,Pet Resistance,utility/rank,0,0,,,,-0.001,-0.001,0,0,,,,,,,,"E0:effect=6,aura=22,base=5,trigger=0"
Pet,Pet - Generic,6445,Pet Resistance,utility/rank,0,0,,,,-0.001,-0.001,0,0,,,,,,,,"E0:effect=6,aura=22,base=8,trigger=0"
Pet,Pet - Generic,6446,Pet Resistance,utility/rank,0,0,,,,-0.001,-0.001,0,0,,,,,,,,"E0:effect=6,aura=22,base=11,trigger=0"
Pet,Pet - Generic,6447,Pet Resistance,utility/rank,0,0,,,,-0.001,-0.001,0,0,,,,,,,,"E0:effect=6,aura=22,base=14,trigger=0"
Pet,Pet - Generic,8875,Tamed Pet Passive (DND),utility/rank,0,0,,,,-0.001,-0.001,0,0,,,,,,,,"E0:effect=6,aura=79,base=-1,trigger=0;E1:effect=6,aura=108,base=-1,trigger=0"
Pet,Pet - Generic,14916,Growl,tanking,0,0,0,0,5,,,0,5,type2:15,,,,,,,"E0:effect=63,aura=0,base=64,trigger=0"
Pet,Pet - Generic,14917,Growl,tanking,0,0,0,0,5,,,0,5,type2:15,,,,,,,"E0:effect=63,aura=0,base=109,trigger=0"
Pet,Pet - Generic,14918,Growl,tanking,0,0,0,0,5,,,0,5,type2:15,,,,,,,"E0:effect=63,aura=0,base=169,trigger=0"
Pet,Pet - Generic,14919,Growl,tanking,0,0,0,0,5,,,0,5,type2:15,,,,,,,"E0:effect=63,aura=0,base=239,trigger=0"
Pet,Pet - Generic,14920,Growl,tanking,0,0,0,0,5,,,0,5,type2:15,,,,,,,"E0:effect=63,aura=0,base=319,trigger=0"
Pet,Pet - Generic,14921,Growl,tanking,0,0,0,0,5,,,0,5,type2:15,,,,,,,"E0:effect=63,aura=0,base=414,trigger=0"
Pet,Pet - Generic,16697,Cower,utility/rank,0,0,1.5,0,5,,,0,5,type2:15,,,,,,,"E0:effect=63,aura=0,base=-226,trigger=0"
Pet,Pet - Generic,19577,Intimidation,utility/rank,0,0,1.5,60,0,15,15,0,100,type0:6%,,,,,,,"E0:effect=6,aura=42,base=-1,trigger=24394"
Pet,Pet - Generic,19580,Tamed Pet Passive (DND),utility/rank,0,0,,,,-0.001,-0.001,0,0,,,,,,,,"E0:effect=6,aura=101,base=-1,trigger=0"
Pet,Pet - Generic,19581,Tamed Pet Passive (DND),utility/rank,0,0,,,,-0.001,-0.001,0,0,,,,,,,,"E0:effect=6,aura=133,base=-1,trigger=0"
Pet,Pet - Generic,19582,Tamed Pet Passive (DND),utility/rank,0,0,,,,-0.001,-0.001,0,0,,,,,,,,"E0:effect=6,aura=31,base=-1,trigger=0"
Pet,Pet - Generic,19589,Tamed Pet Passive (DND),utility/rank,0,0,,,,-0.001,-0.001,0,0,,,,,,,,"E0:effect=6,aura=110,base=-1,trigger=0"
Pet,Pet - Generic,19591,Tamed Pet Passive (DND),utility/rank,0,0,,,,-0.001,-0.001,0,0,,,,,,,,"E0:effect=6,aura=52,base=-1,trigger=0;E1:effect=6,aura=57,base=-1,trigger=0"
Pet,Pet - Generic,20782,Tamed Pet Passive (DND),utility/rank,0,0,,,,-0.001,-0.001,0,0,,,,,,,,"E0:effect=6,aura=563,base=-47,trigger=0;E1:effect=6,aura=214,base=1999,trigger=0"
Pet,Pet - Generic,20784,Tamed Pet Passive (DND),utility/rank,0,0,,,,-0.001,-0.001,0,0,,,,,,,,"E0:effect=6,aura=42,base=0,trigger=19615"
Pet,Pet - Generic,23992,Fire Resistance,utility/rank,0,0,,,,-0.001,-0.001,0,0,,,,,,,,"E0:effect=6,aura=22,base=29,trigger=0"
Pet,Pet - Generic,24394,Intimidation,utility/rank,0,0,,,,3,3,0,5,,,,,,,,"E0:effect=63,aura=0,base=579,trigger=0;E1:effect=6,aura=12,base=-1,trigger=0"
Pet,Pet - Generic,24439,Fire Resistance,utility/rank,0,0,,,,-0.001,-0.001,0,0,,,,,,,,"E0:effect=6,aura=22,base=59,trigger=0"
Pet,Pet - Generic,24444,Fire Resistance,utility/rank,0,0,,,,-0.001,-0.001,0,0,,,,,,,,"E0:effect=6,aura=22,base=89,trigger=0"
Pet,Pet - Generic,24445,Fire Resistance,utility/rank,0,0,,,,-0.001,-0.001,0,0,,,,,,,,"E0:effect=6,aura=22,base=119,trigger=0"
Pet,Pet - Generic,24446,Frost Resistance,utility/rank,0,0,,,,-0.001,-0.001,0,0,,,,,,,,"E0:effect=6,aura=22,base=29,trigger=0"
Pet,Pet - Generic,24447,Frost Resistance,utility/rank,0,0,,,,-0.001,-0.001,0,0,,,,,,,,"E0:effect=6,aura=22,base=59,trigger=0"
Pet,Pet - Generic,24448,Frost Resistance,utility/rank,0,0,,,,-0.001,-0.001,0,0,,,,,,,,"E0:effect=6,aura=22,base=89,trigger=0"
Pet,Pet - Generic,24449,Frost Resistance,utility/rank,0,0,,,,-0.001,-0.001,0,0,,,,,,,,"E0:effect=6,aura=22,base=119,trigger=0"
Pet,Pet - Generic,24488,Shadow Resistance,utility/rank,0,0,,,,-0.001,-0.001,0,0,,,,,,,,"E0:effect=6,aura=22,base=29,trigger=0"
Pet,Pet - Generic,24492,Nature Resistance,utility/rank,0,0,,,,-0.001,-0.001,0,0,,,,,,,,"E0:effect=6,aura=22,base=29,trigger=0"
Pet,Pet - Generic,24493,Arcane Resistance,utility/rank,0,0,,,,-0.001,-0.001,0,0,,,,,,,,"E0:effect=6,aura=22,base=29,trigger=0"
Pet,Pet - Generic,24497,Arcane Resistance,utility/rank,0,0,,,,-0.001,-0.001,0,0,,,,,,,,"E0:effect=6,aura=22,base=59,trigger=0"
Pet,Pet - Generic,24500,Arcane Resistance,utility/rank,0,0,,,,-0.001,-0.001,0,0,,,,,,,,"E0:effect=6,aura=22,base=89,trigger=0"
Pet,Pet - Generic,24501,Arcane Resistance,utility/rank,0,0,,,,-0.001,-0.001,0,0,,,,,,,,"E0:effect=6,aura=22,base=119,trigger=0"
Pet,Pet - Generic,24502,Nature Resistance,utility/rank,0,0,,,,-0.001,-0.001,0,0,,,,,,,,"E0:effect=6,aura=22,base=59,trigger=0"
Pet,Pet - Generic,24503,Nature Resistance,utility/rank,0,0,,,,-0.001,-0.001,0,0,,,,,,,,"E0:effect=6,aura=22,base=89,trigger=0"
Pet,Pet - Generic,24504,Nature Resistance,utility/rank,0,0,,,,-0.001,-0.001,0,0,,,,,,,,"E0:effect=6,aura=22,base=119,trigger=0"
Pet,Pet - Generic,24505,Shadow Resistance,utility/rank,0,0,,,,-0.001,-0.001,0,0,,,,,,,,"E0:effect=6,aura=22,base=59,trigger=0"
Pet,Pet - Generic,24506,Shadow Resistance,utility/rank,0,0,,,,-0.001,-0.001,0,0,,,,,,,,"E0:effect=6,aura=22,base=89,trigger=0"
Pet,Pet - Generic,24507,Shadow Resistance,utility/rank,0,0,,,,-0.001,-0.001,0,0,,,,,,,,"E0:effect=6,aura=22,base=119,trigger=0"
Pet,Pet - Generic,24545,Natural Armor,utility/rank,0,0,,,,-0.001,-0.001,0,0,,,,,,,,"E0:effect=6,aura=22,base=49,trigger=0"
Pet,Pet - Generic,24549,Natural Armor,utility/rank,0,0,,,,-0.001,-0.001,0,0,,,,,,,,"E0:effect=6,aura=22,base=99,trigger=0"
Pet,Pet - Generic,24550,Natural Armor,utility/rank,0,0,,,,-0.001,-0.001,0,0,,,,,,,,"E0:effect=6,aura=22,base=159,trigger=0"
Pet,Pet - Generic,24551,Natural Armor,utility/rank,0,0,,,,-0.001,-0.001,0,0,,,,,,,,"E0:effect=6,aura=22,base=239,trigger=0"
Pet,Pet - Generic,24552,Natural Armor,utility/rank,0,0,,,,-0.001,-0.001,0,0,,,,,,,,"E0:effect=6,aura=22,base=329,trigger=0"
Pet,Pet - Generic,24553,Natural Armor,utility/rank,0,0,,,,-0.001,-0.001,0,0,,,,,,,,"E0:effect=6,aura=22,base=429,trigger=0"
Pet,Pet - Generic,24554,Natural Armor,utility/rank,0,0,,,,-0.001,-0.001,0,0,,,,,,,,"E0:effect=6,aura=22,base=549,trigger=0"
Pet,Pet - Generic,24555,Natural Armor,utility/rank,0,0,,,,-0.001,-0.001,0,0,,,,,,,,"E0:effect=6,aura=22,base=674,trigger=0"
Pet,Pet - Generic,24629,Natural Armor,utility/rank,0,0,,,,-0.001,-0.001,0,0,,,,,,,,"E0:effect=6,aura=22,base=809,trigger=0"
Pet,Pet - Generic,24630,Natural Armor,utility/rank,0,0,,,,-0.001,-0.001,0,0,,,,,,,,"E0:effect=6,aura=22,base=999,trigger=0"
Pet,Pet - Generic,25076,Cobra Reflexes,utility/rank,0,0,,,,-0.001,-0.001,0,0,,,,,,,,"E0:effect=6,aura=9,base=29,trigger=0"
Pet,Pet - Generic,27047,Growl,tanking,0,0,0,0,5,,,0,5,type2:15,,,,,,,"E0:effect=63,aura=0,base=663,trigger=0"
Pet,Pet - Generic,27048,Cower,utility/rank,0,0,1.5,0,5,,,0,5,type2:15,,,,,,,"E0:effect=63,aura=0,base=-361,trigger=0"
Pet,Pet - Generic,27052,Arcane Resistance,utility/rank,0,0,,,,-0.001,-0.001,0,0,,,,,,,,"E0:effect=6,aura=22,base=139,trigger=0"
Pet,Pet - Generic,27053,Fire Resistance,utility/rank,0,0,,,,-0.001,-0.001,0,0,,,,,,,,"E0:effect=6,aura=22,base=139,trigger=0"
Pet,Pet - Generic,27054,Frost Resistance,utility/rank,0,0,,,,-0.001,-0.001,0,0,,,,,,,,"E0:effect=6,aura=22,base=139,trigger=0"
Pet,Pet - Generic,27055,Nature Resistance,utility/rank,0,0,,,,-0.001,-0.001,0,0,,,,,,,,"E0:effect=6,aura=22,base=139,trigger=0"
Pet,Pet - Generic,27056,Shadow Resistance,utility/rank,0,0,,,,-0.001,-0.001,0,0,,,,,,,,"E0:effect=6,aura=22,base=139,trigger=0"
Pet,Pet - Generic,27061,Natural Armor,utility/rank,0,0,,,,,,0,0,,,,,,,,"E0:effect=6,aura=22,base=1599,trigger=0"
Pet,Pet - Generic,27062,Great Stamina,utility/rank,0,0,,,,-0.001,-0.001,0,0,,,,,,,,"E0:effect=6,aura=29,base=63,trigger=0"
Pet,Pet - Generic,34457,Ferocious Inspiration,utility/rank,0,0,,,,10,10,0,0,,,,,,,,"E0:effect=6,aura=42,base=-1,trigger=34456"
Pet,Pet - Generic,34666,Tamed Pet Passive (DND),utility/rank,0,0,,,,-0.001,-0.001,0,0,,,,,,,,"E0:effect=6,aura=54,base=-1,trigger=0;E1:effect=6,aura=55,base=-1,trigger=0"
Pet,Pet - Generic,34667,Tamed Pet Passive (DND),utility/rank,0,0,,,,-0.001,-0.001,0,0,,,,,,,,"E0:effect=6,aura=49,base=-1,trigger=0"
Pet,Pet - Generic,34675,Tamed Pet Passive (DND),utility/rank,0,0,,,,-0.001,-0.001,0,0,,,,,,,,"E0:effect=6,aura=138,base=-1,trigger=0"
Pet,Pet - Generic,34902,Hunter Pet Scaling 01,utility/rank,0,0,,,,-0.001,-0.001,0,0,,,,,,,,"E0:effect=6,aura=29,base=0,trigger=0;E1:effect=6,aura=99,base=0,trigger=0;E2:effect=6,aura=13,base=0,trigger=0"
Pet,Pet - Generic,34903,Hunter Pet Scaling 02,utility/rank,0,0,,,,-0.001,-0.001,0,0,,,,,,,,"E0:effect=6,aura=22,base=0,trigger=0;E1:effect=6,aura=22,base=0,trigger=0;E2:effect=6,aura=22,base=0,trigger=0"
Pet,Pet - Generic,34904,Hunter Pet Scaling 03,utility/rank,0,0,,,,-0.001,-0.001,0,0,,,,,,,,"E0:effect=6,aura=22,base=0,trigger=0;E1:effect=6,aura=22,base=0,trigger=0;E2:effect=6,aura=22,base=0,trigger=0"
Pet,Pet - Generic,35694,Avoidance,utility/rank,0,0,,,,-0.001,-0.001,0,0,,,,,,,,"E0:effect=6,aura=229,base=-26,trigger=0"
Pet,Pet - Generic,35698,Avoidance,utility/rank,0,0,,,,-0.001,-0.001,0,0,,,,,,,,"E0:effect=6,aura=229,base=-51,trigger=0"
Paladin,Holy,633,Lay on Hands,utility/rank,0,0,1.5,0,3600,,,0,40,,,,,,,,"E0:effect=67,aura=0,base=-1,trigger=0"
Paladin,Holy,635,Holy Light,healing,2.5,2.5,1.5,0,0,,,0,40,type0:35,,,,,,,"E0:effect=10,aura=0,base=38,trigger=0"
Paladin,Holy,639,Holy Light,healing,2.5,2.5,1.5,0,0,,,0,40,type0:60,,,,,,,"E0:effect=10,aura=0,base=75,trigger=0"
Paladin,Holy,647,Holy Light,healing,2.5,2.5,1.5,0,0,,,0,40,type0:110,,,,,,,"E0:effect=10,aura=0,base=158,trigger=0"
Paladin,Holy,879,Exorcism,utility/rank,0,0,1.5,0,15,,,0,30,type0:70,,,,,,,"E0:effect=2,aura=0,base=83,trigger=0"
Paladin,Holy,1026,Holy Light,healing,2.5,2.5,1.5,0,0,,,0,40,type0:190,,,,,,,"E0:effect=10,aura=0,base=309,trigger=0"
Paladin,Holy,1042,Holy Light,healing,2.5,2.5,1.5,0,0,,,0,40,type0:275,,,,,,,"E0:effect=10,aura=0,base=490,trigger=0"
Paladin,Holy,1152,Purify,utility/rank,0,0,1.5,0,0,,,0,40,type0:6%,,,,,,,"E0:effect=38,aura=0,base=0,trigger=0;E1:effect=38,aura=0,base=0,trigger=0"
Paladin,Holy,2800,Lay on Hands,utility/rank,0,0,1.5,0,3600,,,0,40,,,,,,,,"E0:effect=67,aura=0,base=-1,trigger=0;E1:effect=30,aura=0,base=249,trigger=0"
Paladin,Holy,2812,Holy Wrath,damage,2,2,1.5,0,60,,,0,0,type0:550,,,,,,,"E0:effect=2,aura=0,base=361,trigger=0"
Paladin,Holy,2878,Turn Undead,utility/rank,1.5,1.5,1.5,0,30,10,10,0,20,type0:35,,,,,,,"E0:effect=6,aura=7,base=-1,trigger=0;E1:effect=6,aura=31,base=24,trigger=0"
Paladin,Holy,3472,Holy Light,healing,2.5,2.5,1.5,0,0,,,0,40,type0:365,,,,,,,"E0:effect=10,aura=0,base=697,trigger=0"
Paladin,Holy,4987,Cleanse,utility/rank,0,0,1.5,0,0,,,0,40,type0:6%,,,,,,,"E0:effect=38,aura=0,base=0,trigger=0;E1:effect=38,aura=0,base=0,trigger=0;E2:effect=38,aura=0,base=0,trigger=0"
Paladin,Holy,5502,Sense Undead,utility/rank,0,0,1.5,0,0,-0.001,-0.001,0,0,,,,,,,,"E0:effect=6,aura=44,base=0,trigger=0"
Paladin,Holy,5614,Exorcism,utility/rank,0,0,1.5,0,15,,,0,30,type0:115,,,,,,,"E0:effect=2,aura=0,base=151,trigger=0"
Paladin,Holy,5615,Exorcism,utility/rank,0,0,1.5,0,15,,,0,30,type0:155,,,,,,,"E0:effect=2,aura=0,base=216,trigger=0"
Paladin,Holy,5627,Turn Undead,utility/rank,1.5,1.5,1.5,0,30,15,15,0,20,type0:50,,,,,,,"E0:effect=6,aura=7,base=-1,trigger=0;E1:effect=6,aura=31,base=24,trigger=0"
Paladin,Holy,5923,Holy Power,passive/talent,0,0,,,,-0.001,-0.001,0,0,,,,,,,,"E0:effect=6,aura=552,base=0,trigger=0"
Paladin,Holy,5924,Holy Power,passive/talent,0,0,,,,-0.001,-0.001,0,0,,,,,,,,"E0:effect=6,aura=552,base=1,trigger=0"
Paladin,Holy,5925,Holy Power,passive/talent,0,0,,,,-0.001,-0.001,0,0,,,,,,,,"E0:effect=6,aura=552,base=2,trigger=0"
Paladin,Holy,5926,Holy Power,passive/talent,0,0,,,,-0.001,-0.001,0,0,,,,,,,,"E0:effect=6,aura=552,base=3,trigger=0"
Paladin,Holy,7328,Redemption,utility/rank,10,10,1.5,0,0,,,0,30,type0:64%,,,,,,,"E0:effect=329,aura=0,base=64,trigger=0"
Paladin,Holy,9453,Unyielding Faith,utility/rank,0,0,,,,-0.001,-0.001,0,0,,,,,,,,"E0:effect=6,aura=117,base=4,trigger=0;E1:effect=6,aura=117,base=4,trigger=0"
Paladin,Holy,10310,Lay on Hands,utility/rank,0,0,1.5,0,3600,,,0,40,,,,,,,,"E0:effect=67,aura=0,base=-1,trigger=0;E1:effect=30,aura=0,base=549,trigger=0"
Paladin,Holy,10312,Exorcism,utility/rank,0,0,1.5,0,15,,,0,30,type0:200,,,,,,,"E0:effect=2,aura=0,base=303,trigger=0"
Paladin,Holy,10313,Exorcism,utility/rank,0,0,1.5,0,15,,,0,30,type0:240,,,,,,,"E0:effect=2,aura=0,base=392,trigger=0"
Paladin,Holy,10314,Exorcism,utility/rank,0,0,1.5,0,15,,,0,30,type0:295,,,,,,,"E0:effect=2,aura=0,base=504,trigger=0"
Paladin,Holy,10318,Holy Wrath,damage,2,2,1.5,0,60,,,0,0,type0:685,,,,,,,"E0:effect=2,aura=0,base=489,trigger=0"
Paladin,Holy,10322,Redemption,utility/rank,10,10,1.5,0,0,,,0,30,type0:64%,,,,,,,"E0:effect=329,aura=0,base=149,trigger=0"
Paladin,Holy,10324,Redemption,utility/rank,10,10,1.5,0,0,,,0,30,type0:64%,,,,,,,"E0:effect=329,aura=0,base=249,trigger=0"
Paladin,Holy,10326,Turn Evil,utility/rank,1.5,1.5,1.5,0,30,20,20,0,20,type0:75,,,,,,,"E0:effect=6,aura=7,base=-1,trigger=0;E1:effect=6,aura=31,base=24,trigger=0"
Paladin,Holy,10328,Holy Light,healing,2.5,2.5,1.5,0,0,,,0,40,type0:465,,,,,,,"E0:effect=10,aura=0,base=944,trigger=0"
Paladin,Holy,10329,Holy Light,healing,2.5,2.5,1.5,0,0,,,0,40,type0:580,,,,,,,"E0:effect=10,aura=0,base=1245,trigger=0"
Paladin,Holy,13819,Summon Warhorse,utility/rank,3,3,1.5,0,0,-0.001,-0.001,0,0,type0:100,,,,,,,"E0:effect=6,aura=78,base=0,trigger=0;E1:effect=6,aura=32,base=59,trigger=0;E2:effect=77,aura=0,base=0,trigger=0"
Paladin,Holy,19742,Blessing of Wisdom,utility/rank,0,0,1.5,0,0,600,600,0,30,type0:30,,,,,,,"E0:effect=6,aura=85,base=9,trigger=0"
Paladin,Holy,19750,Flash of Light,healing,1.5,1.5,1.5,0,0,,,0,40,type0:35,,,,,,,"E0:effect=10,aura=0,base=61,trigger=0"
Paladin,Holy,19850,Blessing of Wisdom,utility/rank,0,0,1.5,0,0,600,600,0,30,type0:45,,,,,,,"E0:effect=6,aura=85,base=14,trigger=0"
Paladin,Holy,19852,Blessing of Wisdom,utility/rank,0,0,1.5,0,0,600,600,0,30,type0:65,,,,,,,"E0:effect=6,aura=85,base=19,trigger=0"
Paladin,Holy,19853,Blessing of Wisdom,utility/rank,0,0,1.5,0,0,600,600,0,30,type0:90,,,,,,,"E0:effect=6,aura=85,base=24,trigger=0"
Paladin,Holy,19854,Blessing of Wisdom,utility/rank,0,0,1.5,0,0,600,600,0,30,type0:115,,,,,,,"E0:effect=6,aura=85,base=29,trigger=0"
Paladin,Holy,19939,Flash of Light,healing,1.5,1.5,1.5,0,0,,,0,40,type0:50,,,,,,,"E0:effect=10,aura=0,base=95,trigger=0"
Paladin,Holy,19940,Flash of Light,healing,1.5,1.5,1.5,0,0,,,0,40,type0:70,,,,,,,"E0:effect=10,aura=0,base=144,trigger=0"
Paladin,Holy,19941,Flash of Light,healing,1.5,1.5,1.5,0,0,,,0,40,type0:90,,,,,,,"E0:effect=10,aura=0,base=196,trigger=0"
Paladin,Holy,19942,Flash of Light,healing,1.5,1.5,1.5,0,0,,,0,40,type0:115,,,,,,,"E0:effect=10,aura=0,base=266,trigger=0"
Paladin,Holy,19943,Flash of Light,healing,1.5,1.5,1.5,0,0,,,0,40,type0:140,,,,,,,"E0:effect=10,aura=0,base=342,trigger=0"
Paladin,Holy,19977,Blessing of Light,utility/rank,0,0,1.5,0,0,600,600,0,30,type0:85,,,,,,,"E0:effect=6,aura=4,base=209,trigger=0;E1:effect=6,aura=4,base=59,trigger=0"
Paladin,Holy,19978,Blessing of Light,utility/rank,0,0,1.5,0,0,600,600,0,30,type0:110,,,,,,,"E0:effect=6,aura=4,base=299,trigger=0;E1:effect=6,aura=4,base=84,trigger=0"
Paladin,Holy,19979,Blessing of Light,utility/rank,0,0,1.5,0,0,600,600,0,30,type0:135,,,,,,,"E0:effect=6,aura=4,base=399,trigger=0;E1:effect=6,aura=4,base=114,trigger=0"
Paladin,Holy,20116,Consecration,utility/rank,0,0,1.5,0,8,8,8,0,0,type0:205,,,,,,,"E0:effect=27,aura=3,base=14,trigger=0"
Paladin,Holy,20154,Seal of Righteousness,damage,0,0,1.5,0,0,30,30,0,0,type0:20,,,,,,,"E0:effect=6,aura=4,base=107,trigger=0"
Paladin,Holy,20165,Seal of Light,damage,0,0,1.5,0,0,30,30,0,0,type0:110,,,,,,,"E0:effect=6,aura=42,base=-1,trigger=20167;E1:effect=6,aura=4,base=20184,trigger=0"
Paladin,Holy,20166,Seal of Wisdom,damage,0,0,1.5,0,0,30,30,0,0,type0:135,,,,,,,"E0:effect=6,aura=42,base=-1,trigger=20168;E1:effect=6,aura=4,base=20185,trigger=0"
Paladin,Holy,20185,Judgement of Light,damage,0,0,,,,20,20,0,100,,,,,,,,"E0:effect=6,aura=42,base=-1,trigger=5373"
Paladin,Holy,20186,Judgement of Wisdom,damage,0,0,,,,20,20,0,100,,,,,,,,"E0:effect=6,aura=42,base=-1,trigger=1826"
Paladin,Holy,20187,Judgement of Righteousness,damage,0,0,,,,,,0,100,,,,,,,,"E0:effect=2,aura=0,base=14,trigger=0;E1:effect=3,aura=0,base=107,trigger=0"
Paladin,Holy,20205,Spiritual Focus,passive/talent,0,0,,,,-0.001,-0.001,0,0,,,,,,,,"E0:effect=6,aura=108,base=13,trigger=0"
Paladin,Holy,20206,Spiritual Focus,passive/talent,0,0,,,,-0.001,-0.001,0,0,,,,,,,,"E0:effect=6,aura=108,base=27,trigger=0"
Paladin,Holy,20207,Spiritual Focus,passive/talent,0,0,,,,-0.001,-0.001,0,0,,,,,,,,"E0:effect=6,aura=108,base=41,trigger=0"
Paladin,Holy,20208,Spiritual Focus,passive/talent,0,0,,,,-0.001,-0.001,0,0,,,,,,,,"E0:effect=6,aura=108,base=69,trigger=0"
Paladin,Holy,20209,Spiritual Focus,passive/talent,0,0,,,,-0.001,-0.001,0,0,,,,,,,,"E0:effect=6,aura=108,base=55,trigger=0"
Paladin,Holy,20210,Illumination,utility/rank,0,0,,,,,,0,0,,,,,,,,"E0:effect=6,aura=42,base=0,trigger=18350;E1:effect=6,aura=112,base=59,trigger=0"
Paladin,Holy,20212,Illumination,utility/rank,0,0,,,,,,0,0,,,,,,,,"E0:effect=6,aura=42,base=0,trigger=18350;E1:effect=6,aura=112,base=59,trigger=0"
Paladin,Holy,20213,Illumination,utility/rank,0,0,,,,,,0,0,,,,,,,,"E0:effect=6,aura=42,base=0,trigger=18350;E1:effect=6,aura=112,base=59,trigger=0"
Paladin,Holy,20214,Illumination,utility/rank,0,0,,,,,,0,0,,,,,,,,"E0:effect=6,aura=42,base=0,trigger=18350;E1:effect=6,aura=112,base=59,trigger=0"
Paladin,Holy,20215,Illumination,utility/rank,0,0,,,,,,0,0,,,,,,,,"E0:effect=6,aura=42,base=0,trigger=18350;E1:effect=6,aura=112,base=59,trigger=0"
Paladin,Holy,20216,Divine Favor,utility/rank,0,0,0,120,0,-0.001,-0.001,0,0,type0:3%,,,,,,,"E0:effect=6,aura=107,base=99,trigger=0"
Paladin,Holy,20224,Improved Seal of Righteousness,damage,0,0,,,,-0.001,-0.001,0,0,,,,,,,,"E0:effect=6,aura=108,base=2,trigger=0"
Paladin,Holy,20225,Improved Seal of Righteousness,damage,0,0,,,,-0.001,-0.001,0,0,,,,,,,,"E0:effect=6,aura=108,base=5,trigger=0"
Paladin,Holy,20234,Improved Lay on Hands,passive/talent,0,0,,,,-0.001,-0.001,0,0,,,,,,,,"E0:effect=6,aura=42,base=0,trigger=20233;E1:effect=6,aura=107,base=-600001,trigger=0"
Paladin,Holy,20235,Improved Lay on Hands,passive/talent,0,0,,,,-0.001,-0.001,0,0,,,,,,,,"E0:effect=6,aura=42,base=0,trigger=20236;E1:effect=6,aura=107,base=-1200001,trigger=0"
Paladin,Holy,20237,Healing Light,healing,0,0,,,,,,0,0,,,,,,,,"E0:effect=6,aura=108,base=3,trigger=0"
Paladin,Holy,20238,Healing Light,healing,0,0,,,,,,0,0,,,,,,,,"E0:effect=6,aura=108,base=7,trigger=0"
Paladin,Holy,20239,Healing Light,healing,0,0,,,,,,0,0,,,,,,,,"E0:effect=6,aura=108,base=11,trigger=0"
Paladin,Holy,20244,Improved Blessing of Wisdom,passive/talent,0,0,,,,-0.001,-0.001,0,0,,,,,,,,"E0:effect=6,aura=108,base=9,trigger=0"
Paladin,Holy,20245,Improved Blessing of Wisdom,passive/talent,0,0,,,,-0.001,-0.001,0,0,,,,,,,,"E0:effect=6,aura=108,base=19,trigger=0"
Paladin,Holy,20249,Improved Flash of Light,healing,0,0,,,,,,0,0,,,,,,,,"E0:effect=6,aura=107,base=1,trigger=0"
Paladin,Holy,20250,Improved Flash of Light,healing,0,0,,,,,,0,0,,,,,,,,"E0:effect=6,aura=107,base=3,trigger=0"
Paladin,Holy,20251,Improved Flash of Light,healing,0,0,,,,,,0,0,,,,,,,,"E0:effect=6,aura=107,base=5,trigger=0"
Paladin,Holy,20257,Divine Intellect,utility/rank,0,0,,,,-0.001,-0.001,0,0,,,,,,,,"E0:effect=6,aura=137,base=1,trigger=0"
Paladin,Holy,20258,Divine Intellect,utility/rank,0,0,,,,-0.001,-0.001,0,0,,,,,,,,"E0:effect=6,aura=137,base=3,trigger=0"
Paladin,Holy,20259,Divine Intellect,utility/rank,0,0,,,,-0.001,-0.001,0,0,,,,,,,,"E0:effect=6,aura=137,base=5,trigger=0"
Paladin,Holy,20260,Divine Intellect,utility/rank,0,0,,,,-0.001,-0.001,0,0,,,,,,,,"E0:effect=6,aura=137,base=7,trigger=0"
Paladin,Holy,20261,Divine Intellect,utility/rank,0,0,,,,-0.001,-0.001,0,0,,,,,,,,"E0:effect=6,aura=137,base=9,trigger=0"
Paladin,Holy,20262,Divine Strength,utility/rank,0,0,,,,-0.001,-0.001,0,0,,,,,,,,"E0:effect=6,aura=137,base=1,trigger=0"
Paladin,Holy,20263,Divine Strength,utility/rank,0,0,,,,-0.001,-0.001,0,0,,,,,,,,"E0:effect=6,aura=137,base=3,trigger=0"
Paladin,Holy,20264,Divine Strength,utility/rank,0,0,,,,-0.001,-0.001,0,0,,,,,,,,"E0:effect=6,aura=137,base=5,trigger=0"
Paladin,Holy,20265,Divine Strength,utility/rank,0,0,,,,-0.001,-0.001,0,0,,,,,,,,"E0:effect=6,aura=137,base=7,trigger=0"
Paladin,Holy,20266,Divine Strength,utility/rank,0,0,,,,-0.001,-0.001,0,0,,,,,,,,"E0:effect=6,aura=137,base=9,trigger=0"
Paladin,Holy,20280,Judgement of Righteousness,damage,0,0,,,,,,0,100,,,,,,,,"E0:effect=2,aura=0,base=24,trigger=0;E1:effect=3,aura=0,base=215,trigger=0"
Paladin,Holy,20281,Judgement of Righteousness,damage,0,0,,,,,,0,100,,,,,,,,"E0:effect=2,aura=0,base=38,trigger=0;E1:effect=3,aura=0,base=351,trigger=0"
Paladin,Holy,20282,Judgement of Righteousness,damage,0,0,,,,,,0,100,,,,,,,,"E0:effect=2,aura=0,base=56,trigger=0;E1:effect=3,aura=0,base=540,trigger=0"
Paladin,Holy,20283,Judgement of Righteousness,damage,0,0,,,,,,0,100,,,,,,,,"E0:effect=2,aura=0,base=77,trigger=0;E1:effect=3,aura=0,base=784,trigger=0"
Paladin,Holy,20284,Judgement of Righteousness,damage,0,0,,,,,,0,100,,,,,,,,"E0:effect=2,aura=0,base=101,trigger=0;E1:effect=3,aura=0,base=1081,trigger=0"
Paladin,Holy,20285,Judgement of Righteousness,damage,0,0,,,,,,0,100,,,,,,,,"E0:effect=2,aura=0,base=130,trigger=0;E1:effect=3,aura=0,base=1406,trigger=0"
Paladin,Holy,20286,Judgement of Righteousness,damage,0,0,,,,,,0,100,,,,,,,,"E0:effect=2,aura=0,base=161,trigger=0;E1:effect=3,aura=0,base=1785,trigger=0"
Paladin,Holy,20287,Seal of Righteousness,damage,0,0,1.5,0,0,30,30,0,0,type0:40,,,,,,,"E0:effect=6,aura=4,base=215,trigger=0;E1:effect=6,aura=4,base=20279,trigger=0"
Paladin,Holy,20288,Seal of Righteousness,damage,0,0,1.5,0,0,30,30,0,0,type0:60,,,,,,,"E0:effect=6,aura=4,base=351,trigger=0;E1:effect=6,aura=4,base=20280,trigger=0"
Paladin,Holy,20289,Seal of Righteousness,damage,0,0,1.5,0,0,30,30,0,0,type0:90,,,,,,,"E0:effect=6,aura=4,base=540,trigger=0;E1:effect=6,aura=4,base=20281,trigger=0"
Paladin,Holy,20290,Seal of Righteousness,damage,0,0,1.5,0,0,30,30,0,0,type0:120,,,,,,,"E0:effect=6,aura=4,base=784,trigger=0;E1:effect=6,aura=4,base=20282,trigger=0"
Paladin,Holy,20291,Seal of Righteousness,damage,0,0,1.5,0,0,30,30,0,0,type0:140,,,,,,,"E0:effect=6,aura=4,base=1081,trigger=0;E1:effect=6,aura=4,base=20283,trigger=0"
Paladin,Holy,20292,Seal of Righteousness,damage,0,0,1.5,0,0,30,30,0,0,type0:170,,,,,,,"E0:effect=6,aura=4,base=1406,trigger=0;E1:effect=6,aura=4,base=20284,trigger=0"
Paladin,Holy,20293,Seal of Righteousness,damage,0,0,1.5,0,0,30,30,0,0,type0:200,,,,,,,"E0:effect=6,aura=4,base=1785,trigger=0;E1:effect=6,aura=4,base=20285,trigger=0"
Paladin,Holy,20330,Improved Seal of Righteousness,damage,0,0,,,,-0.001,-0.001,0,0,,,,,,,,"E0:effect=6,aura=108,base=8,trigger=0"
Paladin,Holy,20331,Improved Seal of Righteousness,damage,0,0,,,,-0.001,-0.001,0,0,,,,,,,,"E0:effect=6,aura=108,base=11,trigger=0"
Paladin,Holy,20332,Improved Seal of Righteousness,damage,0,0,,,,-0.001,-0.001,0,0,,,,,,,,"E0:effect=6,aura=108,base=14,trigger=0"
Paladin,Holy,20344,Judgement of Light,damage,0,0,,,,20,20,0,100,,,,,,,,"E0:effect=6,aura=42,base=-1,trigger=5373"
Paladin,Holy,20345,Judgement of Light,damage,0,0,,,,20,20,0,100,,,,,,,,"E0:effect=6,aura=42,base=-1,trigger=5373"
Paladin,Holy,20346,Judgement of Light,damage,0,0,,,,20,20,0,100,,,,,,,,"E0:effect=6,aura=42,base=-1,trigger=5373"
Paladin,Holy,20347,Seal of Light,damage,0,0,1.5,0,0,30,30,0,0,type0:140,,,,,,,"E0:effect=6,aura=42,base=-1,trigger=20333;E1:effect=6,aura=4,base=20343,trigger=0"
Paladin,Holy,20348,Seal of Light,damage,0,0,1.5,0,0,30,30,0,0,type0:180,,,,,,,"E0:effect=6,aura=42,base=-1,trigger=20334;E1:effect=6,aura=4,base=20344,trigger=0"
Paladin,Holy,20349,Seal of Light,damage,0,0,1.5,0,0,30,30,0,0,type0:210,,,,,,,"E0:effect=6,aura=42,base=-1,trigger=20340;E1:effect=6,aura=4,base=20345,trigger=0"
Paladin,Holy,20354,Judgement of Wisdom,damage,0,0,,,,20,20,0,100,,,,,,,,"E0:effect=6,aura=42,base=-1,trigger=1826"
Paladin,Holy,20355,Judgement of Wisdom,damage,0,0,,,,20,20,0,100,,,,,,,,"E0:effect=6,aura=42,base=-1,trigger=1826"
Paladin,Holy,20356,Seal of Wisdom,damage,0,0,1.5,0,0,30,30,0,0,type0:170,,,,,,,"E0:effect=6,aura=42,base=-1,trigger=20350;E1:effect=6,aura=4,base=20353,trigger=0"
Paladin,Holy,20357,Seal of Wisdom,damage,0,0,1.5,0,0,30,30,0,0,type0:200,,,,,,,"E0:effect=6,aura=42,base=-1,trigger=20351;E1:effect=6,aura=4,base=20354,trigger=0"
Paladin,Holy,20359,Sanctified Light,utility/rank,0,0,,,,,,0,0,,,,,,,,"E0:effect=6,aura=107,base=1,trigger=0"
Paladin,Holy,20360,Sanctified Light,utility/rank,0,0,,,,,,0,0,,,,,,,,"E0:effect=6,aura=107,base=3,trigger=0"
Paladin,Holy,20361,Sanctified Light,utility/rank,0,0,,,,,,0,0,,,,,,,,"E0:effect=6,aura=107,base=5,trigger=0"
Paladin,Holy,20473,Holy Shock,utility/rank,0,0,1.5,0,15,,,0,20,type0:335,,,,,,,"E0:effect=3,aura=0,base=0,trigger=0"
Paladin,Holy,20772,Redemption,utility/rank,10,10,1.5,0,0,,,0,30,type0:64%,,,,,,,"E0:effect=329,aura=0,base=399,trigger=0"
Paladin,Holy,20773,Redemption,utility/rank,10,10,1.5,0,0,,,0,30,type0:64%,,,,,,,"E0:effect=329,aura=0,base=599,trigger=0"
Paladin,Holy,20922,Consecration,utility/rank,0,0,1.5,0,8,8,8,0,0,type0:290,,,,,,,"E0:effect=27,aura=3,base=23,trigger=0"
Paladin,Holy,20923,Consecration,utility/rank,0,0,1.5,0,8,8,8,0,0,type0:390,,,,,,,"E0:effect=27,aura=3,base=34,trigger=0"
Paladin,Holy,20924,Consecration,utility/rank,0,0,1.5,0,8,8,8,0,0,type0:505,,,,,,,"E0:effect=27,aura=3,base=47,trigger=0"
Paladin,Holy,20929,Holy Shock,utility/rank,0,0,1.5,0,15,,,0,20,type0:410,,,,,,,"E0:effect=3,aura=0,base=0,trigger=0"
Paladin,Holy,20930,Holy Shock,utility/rank,0,0,1.5,0,15,,,0,20,type0:485,,,,,,,"E0:effect=3,aura=0,base=0,trigger=0"
Paladin,Holy,21084,Seal of Righteousness,damage,0,0,1.5,0,0,30,30,0,0,type0:20,,,,,,,"E0:effect=6,aura=4,base=107,trigger=0;E1:effect=6,aura=4,base=20186,trigger=0"
Paladin,Holy,23214,Summon Charger,utility/rank,3,3,1.5,0,0,-0.001,-0.001,0,0,type0:150,,,,,,,"E0:effect=6,aura=78,base=0,trigger=0;E1:effect=6,aura=32,base=99,trigger=0;E2:effect=77,aura=0,base=0,trigger=0"
Paladin,Holy,24239,Hammer of Wrath,damage,0.5,0.5,0.5,0,6,,,0,30,type0:340,,,,,,,"E0:effect=2,aura=0,base=503,trigger=0"
Paladin,Holy,24274,Hammer of Wrath,damage,0.5,0.5,0.5,0,6,,,0,30,type0:290,,,,,,,"E0:effect=2,aura=0,base=398,trigger=0"
Paladin,Holy,24275,Hammer of Wrath,damage,0.5,0.5,0.5,0,6,,,0,30,type0:235,,,,,,,"E0:effect=2,aura=0,base=303,trigger=0"
Paladin,Holy,25290,Blessing of Wisdom,utility/rank,0,0,1.5,0,0,600,600,0,30,type0:125,,,,,,,"E0:effect=6,aura=85,base=32,trigger=0"
Paladin,Holy,25292,Holy Light,healing,2.5,2.5,1.5,0,0,,,0,40,type0:660,,,,,,,"E0:effect=10,aura=0,base=1589,trigger=0"
Paladin,Holy,25829,Holy Power,passive/talent,0,0,,,,-0.001,-0.001,0,0,,,,,,,,"E0:effect=6,aura=552,base=4,trigger=0"
Paladin,Holy,25836,Unyielding Faith,utility/rank,0,0,,,,-0.001,-0.001,0,0,,,,,,,,"E0:effect=6,aura=117,base=9,trigger=0;E1:effect=6,aura=117,base=9,trigger=0"
Paladin,Holy,25890,Greater Blessing of Light,utility/rank,0,0,1.5,0,0,1800,1800,0,40,type0:260,,,,21177,,,"E0:effect=6,aura=4,base=399,trigger=0;E1:effect=6,aura=4,base=114,trigger=0"
Paladin,Holy,25894,Greater Blessing of Wisdom,utility/rank,0,0,1.5,0,0,1800,1800,0,40,type0:230,,,,21177,,,"E0:effect=6,aura=85,base=29,trigger=0"
Paladin,Holy,25902,Holy Shock,utility/rank,0,0,,,,,,0,20,,,,,,,,"E0:effect=2,aura=0,base=495,trigger=0"
Paladin,Holy,25903,Holy Shock,utility/rank,0,0,,,,,,0,20,,,,,,,,"E0:effect=10,aura=0,base=627,trigger=0"
Paladin,Holy,25911,Holy Shock,utility/rank,0,0,,,,,,0,20,,,,,,,,"E0:effect=2,aura=0,base=378,trigger=0"
Paladin,Holy,25912,Holy Shock,utility/rank,0,0,,,,,,0,20,,,,,,,,"E0:effect=2,aura=0,base=276,trigger=0"
Paladin,Holy,25913,Holy Shock,utility/rank,0,0,,,,,,0,20,,,,,,,,"E0:effect=10,aura=0,base=479,trigger=0"
Paladin,Holy,25914,Holy Shock,utility/rank,0,0,,,,,,0,20,,,,,,,,"E0:effect=10,aura=0,base=350,trigger=0"
Paladin,Holy,25918,Greater Blessing of Wisdom,utility/rank,0,0,1.5,0,0,1800,1800,0,40,type0:250,,,,21177,,,"E0:effect=6,aura=85,base=32,trigger=0"
Paladin,Holy,26573,Consecration,utility/rank,0,0,1.5,0,8,8,8,0,0,type0:120,,,,,,,"E0:effect=27,aura=3,base=7,trigger=0"
Paladin,Holy,27135,Holy Light,healing,2.5,2.5,1.5,0,0,,,0,40,type0:710,,,,,,,"E0:effect=10,aura=0,base=1740,trigger=0"
Paladin,Holy,27136,Holy Light,healing,2.5,2.5,1.5,0,0,,,0,40,type0:840,,,,,,,"E0:effect=10,aura=0,base=2195,trigger=0"
Paladin,Holy,27137,Flash of Light,healing,1.5,1.5,1.5,0,0,,,0,40,type0:180,,,,,,,"E0:effect=10,aura=0,base=447,trigger=0"
Paladin,Holy,27138,Exorcism,utility/rank,0,0,1.5,0,15,,,0,30,type0:340,,,,,,,"E0:effect=2,aura=0,base=618,trigger=0"
Paladin,Holy,27139,Holy Wrath,damage,2,2,1.5,0,60,,,0,0,type0:825,,,,,,,"E0:effect=2,aura=0,base=634,trigger=0"
Paladin,Holy,27142,Blessing of Wisdom,utility/rank,0,0,1.5,0,0,600,600,0,30,type0:150,,,,,,,"E0:effect=6,aura=85,base=40,trigger=0"
Paladin,Holy,27143,Greater Blessing of Wisdom,utility/rank,0,0,1.5,0,0,1800,1800,0,40,type0:310,,,,21177,,,"E0:effect=6,aura=85,base=40,trigger=0"
Paladin,Holy,27144,Blessing of Light,utility/rank,0,0,1.5,0,0,600,600,0,30,type0:180,,,,,,,"E0:effect=6,aura=4,base=579,trigger=0;E1:effect=6,aura=4,base=184,trigger=0"
Paladin,Holy,27145,Greater Blessing of Light,utility/rank,0,0,1.5,0,0,1800,1800,0,40,type0:360,,,,21177,,,"E0:effect=6,aura=4,base=579,trigger=0;E1:effect=6,aura=4,base=184,trigger=0"
Paladin,Holy,27154,Lay on Hands,utility/rank,0,0,1.5,0,3600,,,0,40,,,,,,,,"E0:effect=67,aura=0,base=-1,trigger=0;E1:effect=30,aura=0,base=899,trigger=0"
Paladin,Holy,27155,Seal of Righteousness,damage,0,0,1.5,0,0,30,30,0,0,type0:260,,,,,,,"E0:effect=6,aura=4,base=2111,trigger=0;E1:effect=6,aura=4,base=27156,trigger=0"
Paladin,Holy,27157,Judgement of Righteousness,damage,0,0,,,,,,0,100,,,,,,,,"E0:effect=2,aura=0,base=207,trigger=0;E2:effect=3,aura=0,base=2453,trigger=0"
Paladin,Holy,27160,Seal of Light,damage,0,0,1.5,0,0,30,30,0,0,type0:280,,,,,,,"E0:effect=6,aura=42,base=-1,trigger=27161;E1:effect=6,aura=4,base=27161,trigger=0"
Paladin,Holy,27162,Judgement of Light,damage,0,0,,,,20,20,0,100,,,,,,,,"E0:effect=6,aura=42,base=-1,trigger=5373"
Paladin,Holy,27164,Judgement of Wisdom,damage,0,0,,,,20,20,0,100,,,,,,,,"E0:effect=6,aura=42,base=-1,trigger=1826"
Paladin,Holy,27166,Seal of Wisdom,damage,0,0,1.5,0,0,30,30,0,0,type0:270,,,,,,,"E0:effect=6,aura=42,base=-1,trigger=27167;E1:effect=6,aura=4,base=27163,trigger=0"
Paladin,Holy,27173,Consecration,utility/rank,0,0,1.5,0,8,8,8,0,0,type0:660,,,,,,,"E0:effect=27,aura=3,base=63,trigger=0"
Paladin,Holy,27174,Holy Shock,utility/rank,0,0,1.5,0,15,,,0,20,type0:575,,,,,,,"E0:effect=3,aura=0,base=0,trigger=0"
Paladin,Holy,27175,Holy Shock,utility/rank,0,0,,,,,,0,20,,,,,,,,"E0:effect=10,aura=0,base=776,trigger=0"
Paladin,Holy,27176,Holy Shock,utility/rank,0,0,,,,,,0,20,,,,,,,,"E0:effect=2,aura=0,base=613,trigger=0"
Paladin,Holy,27180,Hammer of Wrath,damage,0.5,0.5,0.5,0,6,,,0,30,type0:440,,,,,,,"E0:effect=2,aura=0,base=664,trigger=0"
Paladin,Holy,31821,Aura Mastery,passive/talent,0,0,,,,-0.001,-0.001,0,0,,,,,,,,"E0:effect=6,aura=107,base=9,trigger=0"
Paladin,Holy,31822,Pure of Heart,utility/rank,0,0,,,,-0.001,-0.001,0,0,,,,,,,,"E0:effect=6,aura=568,base=4,trigger=0;E1:effect=6,aura=568,base=4,trigger=0"
Paladin,Holy,31823,Pure of Heart,utility/rank,0,0,,,,-0.001,-0.001,0,0,,,,,,,,"E0:effect=6,aura=568,base=9,trigger=0;E1:effect=6,aura=568,base=9,trigger=0"
Paladin,Holy,31824,Pure of Heart,utility/rank,0,0,,,,,,0,0,,,,,,,,"E0:effect=6,aura=568,base=15,trigger=0;E1:effect=6,aura=568,base=15,trigger=0"
Paladin,Holy,31825,Purifying Power,passive/talent,0,0,,,,-0.001,-0.001,0,0,,,,,,,,"E0:effect=6,aura=108,base=-6,trigger=0;E1:effect=6,aura=107,base=9,trigger=0"
Paladin,Holy,31826,Purifying Power,passive/talent,0,0,,,,-0.001,-0.001,0,0,,,,,,,,"E0:effect=6,aura=108,base=-11,trigger=0;E1:effect=6,aura=107,base=19,trigger=0"
Paladin,Holy,31828,Blessed Life,utility/rank,0,0,,,,-0.001,-0.001,0,0,,,,,,,,"E0:effect=6,aura=42,base=-1,trigger=31934"
Paladin,Holy,31829,Blessed Life,utility/rank,0,0,,,,-0.001,-0.001,0,0,,,,,,,,"E0:effect=6,aura=42,base=-1,trigger=31934"
Paladin,Holy,31830,Blessed Life,utility/rank,0,0,,,,-0.001,-0.001,0,0,,,,,,,,"E0:effect=6,aura=42,base=-1,trigger=31934"
Paladin,Holy,31833,Light's Grace,utility/rank,0,0,,,,-0.001,-0.001,0,0,,,,,,,,"E0:effect=6,aura=42,base=-1,trigger=31834"
Paladin,Holy,31834,Light's Grace,utility/rank,0,0,,,,15,15,0,0,,,,,,,,"E0:effect=6,aura=107,base=-501,trigger=0"
Paladin,Holy,31835,Light's Grace,utility/rank,0,0,,,,-0.001,-0.001,0,0,,,,,,,,"E0:effect=6,aura=42,base=-1,trigger=31834"
Paladin,Holy,31836,Light's Grace,utility/rank,0,0,,,,,,0,0,,,,,,,,"E0:effect=6,aura=42,base=-1,trigger=31834"
Paladin,Holy,31837,Holy Guidance,passive/talent,0,0,,,,-0.001,-0.001,0,0,,,,,,,,"E0:effect=6,aura=174,base=6,trigger=0;E1:effect=6,aura=175,base=6,trigger=0"
Paladin,Holy,31838,Holy Guidance,passive/talent,0,0,,,,-0.001,-0.001,0,0,,,,,,,,"E0:effect=6,aura=174,base=13,trigger=0;E1:effect=6,aura=175,base=13,trigger=0"
Paladin,Holy,31839,Holy Guidance,passive/talent,0,0,,,,-0.001,-0.001,0,0,,,,,,,,"E0:effect=6,aura=174,base=20,trigger=0;E1:effect=6,aura=175,base=20,trigger=0"
Paladin,Holy,31840,Holy Guidance,passive/talent,0,0,,,,-0.001,-0.001,0,0,,,,,,,,"E0:effect=6,aura=174,base=27,trigger=0;E1:effect=6,aura=175,base=27,trigger=0"
Paladin,Holy,31841,Holy Guidance,passive/talent,0,0,,,,-0.001,-0.001,0,0,,,,,,,,"E0:effect=6,aura=174,base=34,trigger=0;E1:effect=6,aura=175,base=34,trigger=0"
Paladin,Holy,31842,Divine Illumination,utility/rank,0,0,0,180,0,15,15,0,0,,,,,,,,"E0:effect=6,aura=72,base=-51,trigger=0"
Paladin,Holy,32841,Mass Resurrection,utility/rank,1.5,1.5,1.5,0,0,,,0,20,type0:76%,0,134217728,,,,,"E0:effect=329,aura=0,base=499,trigger=0"
Paladin,Holy,33072,Holy Shock,utility/rank,0,0,1.5,0,15,,,0,20,type0:650,,,,,,,"E0:effect=3,aura=0,base=0,trigger=0"
Paladin,Holy,33073,Holy Shock,utility/rank,0,0,,,,,,0,20,,,,,,,,"E0:effect=2,aura=0,base=720,trigger=0"
Paladin,Holy,33074,Holy Shock,utility/rank,0,0,,,,,,0,20,,,,,,,,"E0:effect=10,aura=0,base=912,trigger=0"
Paladin,Holy,34767,Summon Charger,utility/rank,3,3,1.5,0,0,-0.001,-0.001,0,0,type0:150,,,,,,,"E0:effect=6,aura=78,base=0,trigger=0;E1:effect=6,aura=32,base=99,trigger=0;E2:effect=77,aura=0,base=0,trigger=0"
Paladin,Holy,34769,Summon Warhorse,utility/rank,3,3,1.5,0,0,-0.001,-0.001,0,0,type0:100,,,,,,,"E0:effect=6,aura=78,base=0,trigger=0;E1:effect=6,aura=32,base=59,trigger=0;E2:effect=77,aura=0,base=0,trigger=0"
Druid,Feral Combat,99,Demoralizing Roar,utility/rank,0,0,1.5,0,0,30,30,0,0,type1:100,144,0,,,,,"E0:effect=6,aura=99,base=-31,trigger=0"
Druid,Feral Combat,768,Cat Form,utility/rank,0,0,1.5,0,0,-0.001,-0.001,0,0,type0:35%,0,1073741826,,,,,"E0:effect=6,aura=36,base=-1,trigger=0;E1:effect=6,aura=77,base=-1,trigger=0;E2:effect=6,aura=23,base=0,trigger=0"
Druid,Feral Combat,769,Swipe,tanking,0,0,1.5,0,0,,,0,5,type1:200,144,0,,,,,"E0:effect=2,aura=0,base=20,trigger=0"
Druid,Feral Combat,779,Swipe,tanking,0,0,1.5,0,0,,,0,5,type1:200,144,0,,,,,"E0:effect=2,aura=0,base=9,trigger=0"
Druid,Feral Combat,780,Swipe,tanking,0,0,1.5,0,0,,,0,5,type1:200,144,0,,,,,"E0:effect=2,aura=0,base=13,trigger=0"
Druid,Feral Combat,783,Travel Form,utility/rank,0,0,1.5,0,0,-0.001,-0.001,0,0,type0:13%,0,1073741826,,,,,"E0:effect=6,aura=36,base=-1,trigger=0;E1:effect=6,aura=77,base=-1,trigger=0"
Druid,Feral Combat,1066,Aquatic Form,utility/rank,0,0,1.5,0,0,-0.001,-0.001,0,0,type0:13%,0,1073741826,,,,,"E0:effect=6,aura=36,base=-1,trigger=0;E1:effect=6,aura=77,base=-1,trigger=0"
Druid,Feral Combat,1079,Rip,utility/rank,0,0,1,0,0,12,12,0,5,type3:30,1,0,,,,,"E0:effect=6,aura=3,base=2,trigger=0"
Druid,Feral Combat,1082,Claw,utility/rank,0,0,1,0,0,,,0,5,type3:45,1,0,,,,,"E0:effect=58,aura=0,base=26,trigger=0;E1:effect=328,aura=0,base=0,trigger=0"
Druid,Feral Combat,1178,Bear Form (Passive),utility/rank,0,0,,,,-0.001,-0.001,0,0,,16,0,,,,,"E0:effect=6,aura=142,base=179,trigger=0;E1:effect=6,aura=137,base=24,trigger=0;E2:effect=6,aura=99,base=29,trigger=0"
Druid,Feral Combat,1735,Demoralizing Roar,utility/rank,0,0,1.5,0,0,30,30,0,0,type1:100,144,0,,,,,"E0:effect=6,aura=99,base=-51,trigger=0"
Druid,Feral Combat,1822,Rake,utility/rank,0,0,1,0,0,9,9,0,5,type3:40,1,0,,,,,"E0:effect=2,aura=0,base=16,trigger=0;E1:effect=6,aura=3,base=9,trigger=0;E2:effect=328,aura=0,base=0,trigger=0"
Druid,Feral Combat,1823,Rake,utility/rank,0,0,1,0,0,9,9,0,5,type3:40,1,0,,,,,"E0:effect=2,aura=0,base=25,trigger=0;E1:effect=6,aura=3,base=14,trigger=0;E2:effect=328,aura=0,base=0,trigger=0"
Druid,Feral Combat,1824,Rake,utility/rank,0,0,1,0,0,9,9,0,5,type3:40,1,0,,,,,"E0:effect=2,aura=0,base=39,trigger=0;E1:effect=6,aura=3,base=19,trigger=0;E2:effect=328,aura=0,base=0,trigger=0"
Druid,Feral Combat,1850,Dash,utility/rank,0,0,0,0,300,15,15,0,0,,1,0,,,,,"E0:effect=6,aura=31,base=49,trigger=0"
Druid,Feral Combat,3025,Cat Form (Passive),utility/rank,0,0,,,,-0.001,-0.001,0,0,,1,0,,,,,"E0:effect=6,aura=99,base=39,trigger=0;E1:effect=6,aura=10,base=-30,trigger=0;E2:effect=6,aura=110,base=-12,trigger=0"
Druid,Feral Combat,3029,Claw,utility/rank,0,0,1,0,0,,,0,5,type3:45,1,0,,,,,"E0:effect=58,aura=0,base=38,trigger=0;E1:effect=328,aura=0,base=0,trigger=0"
Druid,Feral Combat,5201,Claw,utility/rank,0,0,1,0,0,,,0,5,type3:45,1,0,,,,,"E0:effect=58,aura=0,base=56,trigger=0;E1:effect=328,aura=0,base=0,trigger=0"
Druid,Feral Combat,5209,Challenging Roar,utility/rank,0,0,1.5,600,0,6,6,0,0,type1:150,144,0,,,,,"E0:effect=6,aura=11,base=-1,trigger=0"
Druid,Feral Combat,5211,Bash,utility/rank,0,0,1.5,0,60,2,2,0,5,type1:100,144,0,,,,,"E0:effect=6,aura=12,base=-1,trigger=0"
Druid,Feral Combat,5215,Prowl,utility/rank,0,0,0,0,10,-0.001,-0.001,0,0,,1,0,,,,,"E0:effect=6,aura=16,base=99,trigger=0;E1:effect=6,aura=33,base=-41,trigger=0"
Druid,Feral Combat,5217,Tiger's Fury,utility/rank,0,0,0,1,0,6,6,0,0,type3:30,1,0,,,,,"E0:effect=6,aura=13,base=9,trigger=0"
Druid,Feral Combat,5221,Shred,damage,0,0,1,0,0,,,0,5,type3:60,1,0,,,,,"E0:effect=58,aura=0,base=23,trigger=0;E1:effect=328,aura=0,base=0,trigger=0;E2:effect=31,aura=0,base=224,trigger=0"
Druid,Feral Combat,5225,Track Humanoids,utility/rank,0,0,1.5,0,0,-0.001,-0.001,0,0,,1,0,,,,,"E0:effect=6,aura=44,base=-1,trigger=0"
Druid,Feral Combat,5229,Enrage,utility/rank,0,0,0,60,0,10,10,0,0,,144,0,,,,,"E0:effect=6,aura=24,base=19,trigger=0;E1:effect=3,aura=0,base=-76,trigger=0;E2:effect=6,aura=94,base=0,trigger=0"
Druid,Feral Combat,5421,Aquatic Form (Passive),utility/rank,0,0,,,,-0.001,-0.001,0,0,,8,0,,,,,"E0:effect=6,aura=58,base=49,trigger=0;E1:effect=6,aura=82,base=0,trigger=0;E2:effect=6,aura=110,base=-12,trigger=0"
Druid,Feral Combat,5487,Bear Form,utility/rank,0,0,1.5,0,0,-0.001,-0.001,0,0,type0:35%,0,1073741826,,,,,"E0:effect=6,aura=36,base=-1,trigger=0;E1:effect=6,aura=77,base=-1,trigger=0"
Druid,Feral Combat,6542,Enraged Defense,utility/rank,0,0,1.5,300,0,30,30,0,0,,144,0,,,,,"E0:effect=35,aura=42,base=0,trigger=0"
Druid,Feral Combat,6783,Prowl,utility/rank,0,0,0,0,10,-0.001,-0.001,0,0,,1,0,,,,,"E0:effect=6,aura=16,base=199,trigger=0;E1:effect=6,aura=33,base=-36,trigger=0"
Druid,Feral Combat,6785,Ravage,utility/rank,0,0,1,0,0,,,0,5,type3:60,1,0,,,,,"E0:effect=58,aura=0,base=41,trigger=0;E1:effect=31,aura=0,base=384,trigger=0;E2:effect=328,aura=0,base=0,trigger=0"
Druid,Feral Combat,6787,Ravage,utility/rank,0,0,1,0,0,,,0,5,type3:60,1,0,,,,,"E0:effect=58,aura=0,base=61,trigger=0;E1:effect=31,aura=0,base=384,trigger=0;E2:effect=328,aura=0,base=0,trigger=0"
Druid,Feral Combat,6793,Tiger's Fury,utility/rank,0,0,0,1,0,6,6,0,0,type3:30,1,0,,,,,"E0:effect=6,aura=13,base=19,trigger=0"
Druid,Feral Combat,6795,Growl,tanking,0,0,0,0,10,3,3,0,5,,144,0,,,,,"E0:effect=114,aura=0,base=0,trigger=0;E1:effect=6,aura=11,base=0,trigger=0"
Druid,Feral Combat,6798,Bash,utility/rank,0,0,1.5,0,60,3,3,0,5,type1:100,144,0,,,,,"E0:effect=6,aura=12,base=-1,trigger=0"
Druid,Feral Combat,6800,Shred,damage,0,0,1,0,0,,,0,5,type3:60,1,0,,,,,"E0:effect=58,aura=0,base=31,trigger=0;E1:effect=328,aura=0,base=0,trigger=0;E2:effect=31,aura=0,base=224,trigger=0"
Druid,Feral Combat,6807,Maul,tanking,0,0,,,,,,0,5,type1:150,144,0,,,,,"E0:effect=58,aura=0,base=17,trigger=0"
Druid,Feral Combat,6808,Maul,tanking,0,0,,,,,,0,5,type1:150,144,0,,,,,"E0:effect=58,aura=0,base=26,trigger=0"
Druid,Feral Combat,6809,Maul,tanking,0,0,,,,,,0,5,type1:150,144,0,,,,,"E0:effect=58,aura=0,base=36,trigger=0"
Druid,Feral Combat,8972,Maul,tanking,0,0,,,,,,0,5,type1:150,144,0,,,,,"E0:effect=58,aura=0,base=48,trigger=0"
Druid,Feral Combat,8983,Bash,utility/rank,0,0,1.5,0,60,4,4,0,5,type1:100,144,0,,,,,"E0:effect=6,aura=12,base=-1,trigger=0"
Druid,Feral Combat,8992,Shred,damage,0,0,1,0,0,,,0,5,type3:60,1,0,,,,,"E0:effect=58,aura=0,base=43,trigger=0;E1:effect=328,aura=0,base=0,trigger=0;E2:effect=31,aura=0,base=224,trigger=0"
Druid,Feral Combat,8998,Cower,utility/rank,0,0,1,0,10,,,0,5,type3:20,1,0,,,,,"E0:effect=63,aura=0,base=-241,trigger=0"
Druid,Feral Combat,9000,Cower,utility/rank,0,0,1,0,10,,,0,5,type3:20,1,0,,,,,"E0:effect=63,aura=0,base=-391,trigger=0"
Druid,Feral Combat,9005,Pounce,utility/rank,0,0,1,0,0,3,3,0,5,type3:50,1,0,,,,,"E0:effect=6,aura=12,base=-1,trigger=0;E1:effect=64,aura=0,base=0,trigger=9007;E2:effect=328,aura=0,base=0,trigger=0"
Druid,Feral Combat,9007,Pounce Bleed,utility/rank,0,0,,,,18,18,0,5,,,,,,,,"E0:effect=6,aura=3,base=44,trigger=0"
Druid,Feral Combat,9490,Demoralizing Roar,utility/rank,0,0,1.5,0,0,30,30,0,0,type1:100,144,0,,,,,"E0:effect=6,aura=99,base=-66,trigger=0"
Druid,Feral Combat,9492,Rip,utility/rank,0,0,1,0,0,12,12,0,5,type3:30,1,0,,,,,"E0:effect=6,aura=3,base=3,trigger=0"
Druid,Feral Combat,9493,Rip,utility/rank,0,0,1,0,0,12,12,0,5,type3:30,1,0,,,,,"E0:effect=6,aura=3,base=5,trigger=0"
Druid,Feral Combat,9634,Dire Bear Form,utility/rank,0,0,1.5,0,0,-0.001,-0.001,0,0,type0:35%,0,1073741826,,,,,"E0:effect=6,aura=36,base=-1,trigger=0;E1:effect=6,aura=77,base=-1,trigger=0"
Druid,Feral Combat,9635,Dire Bear Form (Passive),utility/rank,0,0,,,,-0.001,-0.001,0,0,,128,0,,,,,"E0:effect=6,aura=142,base=399,trigger=0;E1:effect=6,aura=137,base=24,trigger=0;E2:effect=6,aura=99,base=119,trigger=0"
Druid,Feral Combat,9745,Maul,tanking,0,0,,,,,,0,5,type1:150,144,0,,,,,"E0:effect=58,aura=0,base=70,trigger=0"
Druid,Feral Combat,9747,Demoralizing Roar,utility/rank,0,0,1.5,0,0,30,30,0,0,type1:100,144,0,,,,,"E0:effect=6,aura=99,base=-101,trigger=0"
Druid,Feral Combat,9752,Rip,utility/rank,0,0,1,0,0,12,12,0,5,type3:30,1,0,,,,,"E0:effect=6,aura=3,base=8,trigger=0"
Druid,Feral Combat,9754,Swipe,tanking,0,0,1.5,0,0,,,0,5,type1:200,144,0,,,,,"E0:effect=2,aura=0,base=40,trigger=0"
Druid,Feral Combat,9821,Dash,utility/rank,0,0,0,0,300,15,15,0,0,,1,0,,,,,"E0:effect=6,aura=31,base=59,trigger=0"
Druid,Feral Combat,9823,Pounce,utility/rank,0,0,1,0,0,3,3,0,5,type3:50,1,0,,,,,"E0:effect=6,aura=12,base=-1,trigger=0;E1:effect=64,aura=0,base=0,trigger=9824;E2:effect=328,aura=0,base=0,trigger=0"
Druid,Feral Combat,9824,Pounce Bleed,utility/rank,0,0,,,,18,18,0,5,,,,,,,,"E0:effect=6,aura=3,base=54,trigger=0"
Druid,Feral Combat,9826,Pounce Bleed,utility/rank,0,0,,,,18,18,0,5,,,,,,,,"E0:effect=6,aura=3,base=74,trigger=0"
Druid,Feral Combat,9827,Pounce,utility/rank,0,0,1,0,0,3,3,0,5,type3:50,1,0,,,,,"E0:effect=6,aura=12,base=-1,trigger=0;E1:effect=64,aura=0,base=0,trigger=9826;E2:effect=328,aura=0,base=0,trigger=0"
Druid,Feral Combat,9829,Shred,damage,0,0,1,0,0,,,0,5,type3:60,1,0,,,,,"E0:effect=58,aura=0,base=63,trigger=0;E1:effect=328,aura=0,base=0,trigger=0;E2:effect=31,aura=0,base=224,trigger=0"
Druid,Feral Combat,9830,Shred,damage,0,0,1,0,0,,,0,5,type3:60,1,0,,,,,"E0:effect=58,aura=0,base=79,trigger=0;E1:effect=328,aura=0,base=0,trigger=0;E2:effect=31,aura=0,base=224,trigger=0"
Druid,Feral Combat,9845,Tiger's Fury,utility/rank,0,0,0,1,0,6,6,0,0,type3:30,1,0,,,,,"E0:effect=6,aura=13,base=29,trigger=0"
Druid,Feral Combat,9846,Tiger's Fury,utility/rank,0,0,0,1,0,6,6,0,0,type3:30,1,0,,,,,"E0:effect=6,aura=13,base=39,trigger=0"
Druid,Feral Combat,9849,Claw,utility/rank,0,0,1,0,0,,,0,5,type3:45,1,0,,,,,"E0:effect=58,aura=0,base=87,trigger=0;E1:effect=328,aura=0,base=0,trigger=0"
Druid,Feral Combat,9850,Claw,utility/rank,0,0,1,0,0,,,0,5,type3:45,1,0,,,,,"E0:effect=58,aura=0,base=114,trigger=0;E1:effect=328,aura=0,base=0,trigger=0"
Druid,Feral Combat,9866,Ravage,utility/rank,0,0,1,0,0,,,0,5,type3:60,1,0,,,,,"E0:effect=58,aura=0,base=77,trigger=0;E1:effect=31,aura=0,base=384,trigger=0;E2:effect=328,aura=0,base=0,trigger=0"
Druid,Feral Combat,9867,Ravage,utility/rank,0,0,1,0,0,,,0,5,type3:60,1,0,,,,,"E0:effect=58,aura=0,base=97,trigger=0;E1:effect=31,aura=0,base=384,trigger=0;E2:effect=328,aura=0,base=0,trigger=0"
Druid,Feral Combat,9880,Maul,tanking,0,0,,,,,,0,5,type1:150,144,0,,,,,"E0:effect=58,aura=0,base=100,trigger=0"
Druid,Feral Combat,9881,Maul,tanking,0,0,,,,,,0,5,type1:150,144,0,,,,,"E0:effect=58,aura=0,base=127,trigger=0"
Druid,Feral Combat,9892,Cower,utility/rank,0,0,1,0,10,,,0,5,type3:20,1,0,,,,,"E0:effect=63,aura=0,base=-601,trigger=0"
Druid,Feral Combat,9894,Rip,utility/rank,0,0,1,0,0,12,12,0,5,type3:30,1,0,,,,,"E0:effect=6,aura=3,base=11,trigger=0"
Druid,Feral Combat,9896,Rip,utility/rank,0,0,1,0,0,12,12,0,5,type3:30,1,0,,,,,"E0:effect=6,aura=3,base=16,trigger=0"
Druid,Feral Combat,9898,Demoralizing Roar,utility/rank,0,0,1.5,0,0,30,30,0,0,type1:100,144,0,,,,,"E0:effect=6,aura=99,base=-131,trigger=0"
Druid,Feral Combat,9904,Rake,utility/rank,0,0,1,0,0,9,9,0,5,type3:40,1,0,,,,,"E0:effect=2,aura=0,base=54,trigger=0;E1:effect=6,aura=3,base=24,trigger=0;E2:effect=328,aura=0,base=0,trigger=0"
Druid,Feral Combat,9908,Swipe,tanking,0,0,1.5,0,0,,,0,5,type1:200,144,0,,,,,"E0:effect=2,aura=0,base=59,trigger=0"
Druid,Feral Combat,9913,Prowl,utility/rank,0,0,0,0,10,-0.001,-0.001,0,0,,1,0,,,,,"E0:effect=6,aura=16,base=299,trigger=0;E1:effect=6,aura=33,base=-31,trigger=0"
Druid,Feral Combat,16857,Faerie Fire (Feral),utility/rank,0,0,1,0,6,40,40,0,30,,145,0,,,,,"E0:effect=6,aura=22,base=-176,trigger=0;E1:effect=6,aura=184,base=-1,trigger=0;E2:effect=6,aura=185,base=-1,trigger=0"
Druid,Feral Combat,16858,Feral Aggression,utility/rank,0,0,,,,-0.001,-0.001,0,0,,,,,,,,"E0:effect=6,aura=108,base=7,trigger=0;E1:effect=6,aura=108,base=2,trigger=0"
Druid,Feral Combat,16859,Feral Aggression,utility/rank,0,0,,,,-0.001,-0.001,0,0,,,,,,,,"E0:effect=6,aura=108,base=15,trigger=0;E1:effect=6,aura=108,base=5,trigger=0"
Druid,Feral Combat,16860,Feral Aggression,utility/rank,0,0,,,,-0.001,-0.001,0,0,,,,,,,,"E0:effect=6,aura=108,base=23,trigger=0;E1:effect=6,aura=108,base=8,trigger=0"
Druid,Feral Combat,16861,Feral Aggression,utility/rank,0,0,,,,-0.001,-0.001,0,0,,,,,,,,"E0:effect=6,aura=108,base=31,trigger=0;E1:effect=6,aura=108,base=11,trigger=0"
Druid,Feral Combat,16862,Feral Aggression,utility/rank,0,0,,,,-0.001,-0.001,0,0,,,,,,,,"E0:effect=6,aura=108,base=39,trigger=0;E1:effect=6,aura=108,base=14,trigger=0"
Druid,Feral Combat,16929,Thick Hide,utility/rank,0,0,,,,-0.001,-0.001,0,0,,,,,,,,"E0:effect=6,aura=142,base=3,trigger=0"
Druid,Feral Combat,16930,Thick Hide,utility/rank,0,0,,,,-0.001,-0.001,0,0,,,,,,,,"E0:effect=6,aura=142,base=6,trigger=0"
Druid,Feral Combat,16931,Thick Hide,utility/rank,0,0,,,,-0.001,-0.001,0,0,,,,,,,,"E0:effect=6,aura=142,base=9,trigger=0"
Druid,Feral Combat,16934,Ferocity,utility/rank,0,0,,,,-0.001,-0.001,0,0,,,,,,,,"E0:effect=6,aura=107,base=-11,trigger=0;E1:effect=6,aura=107,base=-2,trigger=0"
Druid,Feral Combat,16935,Ferocity,utility/rank,0,0,,,,-0.001,-0.001,0,0,,,,,,,,"E0:effect=6,aura=107,base=-21,trigger=0;E1:effect=6,aura=107,base=-3,trigger=0"
Druid,Feral Combat,16936,Ferocity,utility/rank,0,0,,,,-0.001,-0.001,0,0,,,,,,,,"E0:effect=6,aura=107,base=-31,trigger=0;E1:effect=6,aura=107,base=-4,trigger=0"
Druid,Feral Combat,16937,Ferocity,utility/rank,0,0,,,,-0.001,-0.001,0,0,,,,,,,,"E0:effect=6,aura=107,base=-41,trigger=0;E1:effect=6,aura=107,base=-5,trigger=0"
Druid,Feral Combat,16938,Ferocity,utility/rank,0,0,,,,-0.001,-0.001,0,0,,,,,,,,"E0:effect=6,aura=107,base=-51,trigger=0;E1:effect=6,aura=107,base=-6,trigger=0"
Druid,Feral Combat,16940,Brutal Impact,utility/rank,0,0,,,,-0.001,-0.001,0,0,,,,,,,,"E0:effect=6,aura=107,base=499,trigger=0"
Druid,Feral Combat,16941,Brutal Impact,utility/rank,0,0,,,,-0.001,-0.001,0,0,,,,,,,,"E0:effect=6,aura=107,base=999,trigger=0"
Druid,Feral Combat,16942,Sharpened Claws,utility/rank,0,0,,,,-0.001,-0.001,0,0,,145,0,,,,,"E0:effect=6,aura=52,base=1,trigger=0"
Druid,Feral Combat,16943,Sharpened Claws,utility/rank,0,0,,,,-0.001,-0.001,0,0,,145,0,,,,,"E0:effect=6,aura=52,base=3,trigger=0"
Druid,Feral Combat,16944,Sharpened Claws,utility/rank,0,0,,,,-0.001,-0.001,0,0,,145,0,,,,,"E0:effect=6,aura=52,base=5,trigger=0"
Druid,Feral Combat,16947,Feral Instinct,passive/talent,0,0,,,,-0.001,-0.001,0,0,,145,0,,,,,"E0:effect=6,aura=154,base=4,trigger=0;E1:effect=6,aura=107,base=4,trigger=0"
Druid,Feral Combat,16948,Feral Instinct,passive/talent,0,0,,,,-0.001,-0.001,0,0,,145,0,,,,,"E0:effect=6,aura=154,base=9,trigger=0;E1:effect=6,aura=107,base=9,trigger=0"
Druid,Feral Combat,16949,Feral Instinct,passive/talent,0,0,,,,-0.001,-0.001,0,0,,145,0,,,,,"E0:effect=6,aura=154,base=14,trigger=0;E1:effect=6,aura=107,base=14,trigger=0"
Druid,Feral Combat,16952,Blood Frenzy,utility/rank,0,0,,,,,,0,0,,1,0,,,,,"E0:effect=6,aura=42,base=0,trigger=16953"
Druid,Feral Combat,16954,Blood Frenzy,utility/rank,0,0,,,,,,0,0,,1,0,,,,,"E0:effect=6,aura=42,base=0,trigger=16953"
Druid,Feral Combat,16958,Primal Fury,utility/rank,0,0,,,,,,0,0,,144,0,,,,,"E0:effect=6,aura=42,base=0,trigger=16959"
Druid,Feral Combat,16961,Primal Fury,utility/rank,0,0,,,,,,0,0,,144,0,,,,,"E0:effect=6,aura=42,base=0,trigger=16959"
Druid,Feral Combat,16966,Shredding Attacks,damage,0,0,,,,-0.001,-0.001,0,0,,,,,,,,"E0:effect=6,aura=107,base=-10,trigger=0;E1:effect=6,aura=107,base=-11,trigger=0"
Druid,Feral Combat,16968,Shredding Attacks,damage,0,0,,,,-0.001,-0.001,0,0,,,,,,,,"E0:effect=6,aura=107,base=-19,trigger=0;E1:effect=6,aura=107,base=-21,trigger=0"
Druid,Feral Combat,16972,Predatory Strikes,damage,0,0,,,,-0.001,-0.001,0,0,,,,,,,,"E0:effect=6,aura=4,base=49,trigger=0"
Druid,Feral Combat,16974,Predatory Strikes,damage,0,0,,,,-0.001,-0.001,0,0,,,,,,,,"E0:effect=6,aura=4,base=99,trigger=0"
Druid,Feral Combat,16975,Predatory Strikes,damage,0,0,,,,-0.001,-0.001,0,0,,,,,,,,"E0:effect=6,aura=4,base=149,trigger=0"
Druid,Feral Combat,16979,Feral Charge,utility/rank,0,0,0,15,0,,,8,25,type1:50,144,0,,,,,"E0:effect=96,aura=0,base=0,trigger=0;E1:effect=64,aura=0,base=0,trigger=19675;E2:effect=64,aura=0,base=0,trigger=45334"
Druid,Feral Combat,16998,Savage Fury,utility/rank,0,0,,,,-0.001,-0.001,0,0,,,,,,,,"E0:effect=6,aura=108,base=9,trigger=0;E1:effect=6,aura=108,base=9,trigger=0;E2:effect=6,aura=108,base=9,trigger=0"
Druid,Feral Combat,16999,Savage Fury,utility/rank,0,0,,,,-0.001,-0.001,0,0,,,,,,,,"E0:effect=6,aura=108,base=19,trigger=0;E1:effect=6,aura=108,base=19,trigger=0;E2:effect=6,aura=108,base=19,trigger=0"
Druid,Feral Combat,17002,Feral Swiftness,utility/rank,0,0,,,,-0.001,-0.001,0,0,,1,0,,,,,"E0:effect=6,aura=31,base=14,trigger=0"
Druid,Feral Combat,17003,Heart of the Wild,utility/rank,0,0,,,,,,0,0,,,,,,,,"E0:effect=6,aura=137,base=3,trigger=0;E1:effect=3,aura=0,base=1,trigger=0"
Druid,Feral Combat,17004,Heart of the Wild,utility/rank,0,0,,,,,,0,0,,,,,,,,"E0:effect=6,aura=137,base=7,trigger=0;E1:effect=3,aura=0,base=3,trigger=0"
Druid,Feral Combat,17005,Heart of the Wild,utility/rank,0,0,,,,,,0,0,,,,,,,,"E0:effect=6,aura=137,base=11,trigger=0;E1:effect=3,aura=0,base=5,trigger=0"
Druid,Feral Combat,17006,Heart of the Wild,utility/rank,0,0,,,,,,0,0,,,,,,,,"E0:effect=6,aura=137,base=15,trigger=0;E1:effect=3,aura=0,base=7,trigger=0;E2:effect=94,aura=0,base=7,trigger=0"
Druid,Feral Combat,17007,Leader of the Pack,utility/rank,0,0,,,,-0.001,-0.001,0,0,,,,,,,,"E0:effect=6,aura=4,base=-1,trigger=0"
Druid,Feral Combat,17390,Faerie Fire (Feral),utility/rank,0,0,1,0,6,40,40,0,30,,145,0,,,,,"E0:effect=6,aura=22,base=-286,trigger=0;E1:effect=6,aura=184,base=-1,trigger=0;E2:effect=6,aura=185,base=-1,trigger=0"
Druid,Feral Combat,17391,Faerie Fire (Feral),utility/rank,0,0,1,0,6,40,40,0,30,,145,0,,,,,"E0:effect=6,aura=22,base=-396,trigger=0;E1:effect=6,aura=184,base=-1,trigger=0;E2:effect=6,aura=185,base=-1,trigger=0"
Druid,Feral Combat,17392,Faerie Fire (Feral),utility/rank,0,0,1,0,6,40,40,0,30,,145,0,,,,,"E0:effect=6,aura=22,base=-506,trigger=0;E1:effect=6,aura=184,base=-1,trigger=0;E2:effect=6,aura=185,base=-1,trigger=0"
Druid,Feral Combat,20719,Feline Grace,utility/rank,0,0,,,,-0.001,-0.001,0,0,,1,0,,,,,"E0:effect=6,aura=144,base=16,trigger=0"
Druid,Feral Combat,21178,Bear Form (Passive2),utility/rank,0,0,,,,-0.001,-0.001,0,0,,,,,,,,"E0:effect=6,aura=10,base=29,trigger=0;E1:effect=6,aura=110,base=-12,trigger=0"
Druid,Feral Combat,22568,Ferocious Bite,utility/rank,0,0,1,0,0,,,0,5,type3:35,1,0,,,,,"E0:effect=2,aura=0,base=13,trigger=0"
Druid,Feral Combat,22570,Maim,utility/rank,0,0,1,0,10,1,6,0,5,type3:35,1,0,,,,,"E0:effect=58,aura=0,base=44,trigger=0;E1:effect=6,aura=12,base=0,trigger=0"
Druid,Feral Combat,22827,Ferocious Bite,utility/rank,0,0,1,0,0,,,0,5,type3:35,1,0,,,,,"E0:effect=2,aura=0,base=19,trigger=0"
Druid,Feral Combat,22828,Ferocious Bite,utility/rank,0,0,1,0,0,,,0,5,type3:35,1,0,,,,,"E0:effect=2,aura=0,base=29,trigger=0"
Druid,Feral Combat,22829,Ferocious Bite,utility/rank,0,0,1,0,0,,,0,5,type3:35,1,0,,,,,"E0:effect=2,aura=0,base=44,trigger=0"
Druid,Feral Combat,22842,Frenzied Regeneration,utility/rank,0,0,1.5,0,180,10,10,0,0,,144,0,,,,,"E0:effect=6,aura=23,base=9,trigger=0"
Druid,Feral Combat,22845,Frenzied Regeneration,utility/rank,0,0,,,,,,0,0,,,,,,,,"E0:effect=10,aura=0,base=0,trigger=0"
Druid,Feral Combat,22895,Frenzied Regeneration,utility/rank,0,0,1.5,0,180,10,10,0,0,,144,0,,,,,"E0:effect=6,aura=23,base=14,trigger=0"
Druid,Feral Combat,22896,Frenzied Regeneration,utility/rank,0,0,1.5,0,180,10,10,0,0,,144,0,,,,,"E0:effect=6,aura=23,base=19,trigger=0"
Druid,Feral Combat,24248,Ferocious Bite,utility/rank,0,0,1,0,0,,,0,5,type3:35,1,0,,,,,"E0:effect=2,aura=0,base=56,trigger=0"
Druid,Feral Combat,24866,Feral Swiftness,utility/rank,0,0,,,,,,0,0,,1,0,,,,,"E0:effect=6,aura=31,base=29,trigger=0"
Druid,Feral Combat,24894,Heart of the Wild,utility/rank,0,0,,,,,,0,0,,,,,,,,"E0:effect=6,aura=137,base=19,trigger=0;E1:effect=3,aura=0,base=9,trigger=0"
Druid,Feral Combat,26996,Maul,tanking,0,0,,,,,,0,5,type1:150,144,0,,,,,"E0:effect=58,aura=0,base=175,trigger=0"
Druid,Feral Combat,26997,Swipe,tanking,0,0,1.5,0,0,,,0,5,type1:200,144,0,,,,,"E0:effect=2,aura=0,base=83,trigger=0"
Druid,Feral Combat,26998,Demoralizing Roar,utility/rank,0,0,1.5,0,0,30,30,0,0,type1:100,144,0,,,,,"E0:effect=6,aura=99,base=-241,trigger=0"
Druid,Feral Combat,26999,Frenzied Regeneration,utility/rank,0,0,1.5,0,180,10,10,0,0,,144,0,,,,,"E0:effect=6,aura=23,base=24,trigger=0"
Druid,Feral Combat,27000,Claw,utility/rank,0,0,1,0,0,,,0,5,type3:45,1,0,,,,,"E0:effect=58,aura=0,base=189,trigger=0;E1:effect=328,aura=0,base=0,trigger=0"
Druid,Feral Combat,27001,Shred,damage,0,0,1,0,0,,,0,5,type3:60,1,0,,,,,"E0:effect=58,aura=0,base=104,trigger=0;E1:effect=328,aura=0,base=0,trigger=0;E2:effect=31,aura=0,base=224,trigger=0"
Druid,Feral Combat,27002,Shred,damage,0,0,1,0,0,,,0,5,type3:60,1,0,,,,,"E0:effect=58,aura=0,base=179,trigger=0;E1:effect=328,aura=0,base=0,trigger=0;E2:effect=31,aura=0,base=224,trigger=0"
Druid,Feral Combat,27003,Rake,utility/rank,0,0,1,0,0,9,9,0,5,type3:40,1,0,,,,,"E0:effect=2,aura=0,base=77,trigger=0;E1:effect=6,aura=3,base=35,trigger=0;E2:effect=328,aura=0,base=0,trigger=0"
Druid,Feral Combat,27004,Cower,utility/rank,0,0,1,0,10,,,0,5,type3:20,1,0,,,,,"E0:effect=63,aura=0,base=-1171,trigger=0"
Druid,Feral Combat,27005,Ravage,utility/rank,0,0,1,0,0,,,0,5,type3:60,1,0,,,,,"E0:effect=58,aura=0,base=146,trigger=0;E1:effect=31,aura=0,base=384,trigger=0;E2:effect=328,aura=0,base=0,trigger=0"
Druid,Feral Combat,27006,Pounce,utility/rank,0,0,1,0,0,3,3,0,5,type3:50,1,0,,,,,"E0:effect=6,aura=12,base=-1,trigger=0;E1:effect=64,aura=0,base=0,trigger=27007;E2:effect=328,aura=0,base=0,trigger=0"
Druid,Feral Combat,27007,Pounce Bleed,utility/rank,0,0,,,,18,18,0,5,,,,,,,,"E0:effect=6,aura=3,base=99,trigger=0"
Druid,Feral Combat,27008,Rip,utility/rank,0,0,1,0,0,12,12,0,5,type3:30,1,0,,,,,"E0:effect=6,aura=3,base=23,trigger=0"
Druid,Feral Combat,27011,Faerie Fire (Feral),utility/rank,0,0,1,0,6,40,40,0,30,,145,0,,,,,"E0:effect=6,aura=22,base=-611,trigger=0;E1:effect=6,aura=184,base=-1,trigger=0;E2:effect=6,aura=185,base=-1,trigger=0"
Druid,Feral Combat,31018,Ferocious Bite,utility/rank,0,0,1,0,0,,,0,5,type3:35,1,0,,,,,"E0:effect=2,aura=0,base=51,trigger=0"
Druid,Feral Combat,31709,Cower,utility/rank,0,0,1,0,10,,,0,5,type3:20,1,0,,,,,"E0:effect=63,aura=0,base=-801,trigger=0"
Druid,Feral Combat,33357,Dash,utility/rank,0,0,0,0,300,15,15,0,0,,1,0,,,,,"E0:effect=6,aura=31,base=69,trigger=0"
Druid,Feral Combat,33745,Lacerate,tanking,0,0,1.5,0,0,15,15,0,5,type1:150,144,0,,,,,"E0:effect=6,aura=3,base=30,trigger=0;E1:effect=2,aura=0,base=30,trigger=0"
Druid,Feral Combat,33851,Primal Tenacity,utility/rank,0,0,,,,-0.001,-0.001,0,0,,,,,,,,"E0:effect=6,aura=117,base=4,trigger=0;E1:effect=6,aura=117,base=4,trigger=0"
Druid,Feral Combat,33852,Primal Tenacity,utility/rank,0,0,,,,-0.001,-0.001,0,0,,,,,,,,"E0:effect=6,aura=117,base=9,trigger=0;E1:effect=6,aura=117,base=9,trigger=0"
Druid,Feral Combat,33853,Survival of the Fittest,utility/rank,0,0,,,,-0.001,-0.001,0,0,,,,,,,,"E0:effect=6,aura=137,base=0,trigger=0;E1:effect=6,aura=187,base=-2,trigger=0"
Druid,Feral Combat,33855,Survival of the Fittest,utility/rank,0,0,,,,-0.001,-0.001,0,0,,,,,,,,"E0:effect=6,aura=137,base=1,trigger=0;E1:effect=6,aura=187,base=-3,trigger=0"
Druid,Feral Combat,33856,Survival of the Fittest,utility/rank,0,0,,,,-0.001,-0.001,0,0,,,,,,,,"E0:effect=6,aura=137,base=2,trigger=0;E1:effect=6,aura=187,base=-4,trigger=0"
Druid,Feral Combat,33859,Predatory Instincts,passive/talent,0,0,,,,-0.001,-0.001,0,0,,145,0,,,,,"E0:effect=6,aura=163,base=1,trigger=0;E1:effect=6,aura=565,base=2,trigger=0"
Druid,Feral Combat,33866,Predatory Instincts,passive/talent,0,0,,,,-0.001,-0.001,0,0,,145,0,,,,,"E0:effect=6,aura=163,base=3,trigger=0;E1:effect=6,aura=565,base=5,trigger=0"
Druid,Feral Combat,33867,Predatory Instincts,passive/talent,0,0,,,,-0.001,-0.001,0,0,,145,0,,,,,"E0:effect=6,aura=163,base=5,trigger=0;E1:effect=6,aura=565,base=8,trigger=0"
Druid,Feral Combat,33868,Predatory Instincts,passive/talent,0,0,,,,-0.001,-0.001,0,0,,145,0,,,,,"E0:effect=6,aura=163,base=7,trigger=0;E1:effect=6,aura=565,base=11,trigger=0"
Druid,Feral Combat,33869,Predatory Instincts,passive/talent,0,0,,,,-0.001,-0.001,0,0,,145,0,,,,,"E0:effect=6,aura=163,base=9,trigger=0;E1:effect=6,aura=565,base=14,trigger=0"
Druid,Feral Combat,33872,Nurturing Instinct,passive/talent,0,0,,,,,,0,0,,,,,,,,"E0:effect=6,aura=175,base=49,trigger=0"
Druid,Feral Combat,33873,Nurturing Instinct,passive/talent,0,0,,,,,,0,0,,,,,,,,"E0:effect=6,aura=175,base=99,trigger=0"
Druid,Feral Combat,33876,Mangle (Cat),damage,0,0,1,0,0,12,12,0,5,type3:45,1,0,,,,,"E0:effect=58,aura=0,base=98,trigger=0;E1:effect=6,aura=4,base=29,trigger=0;E2:effect=31,aura=0,base=159,trigger=0"
Druid,Feral Combat,33878,Mangle (Bear),damage,0,0,1.5,0,6,12,12,0,5,type1:200,128,0,,,,,"E0:effect=58,aura=0,base=74,trigger=0;E1:effect=6,aura=4,base=29,trigger=0;E2:effect=31,aura=0,base=114,trigger=0"
Druid,Feral Combat,33917,Mangle,damage,0,0,,,,,,0,100,,,,,,,,"E0:effect=36,aura=0,base=0,trigger=33878;E1:effect=36,aura=0,base=0,trigger=33876"
Druid,Feral Combat,33943,Flight Form,utility/rank,0,0,1.5,0,0,-0.001,-0.001,0,0,type0:13%,0,1073741826,,,,,"E0:effect=6,aura=36,base=-1,trigger=0;E1:effect=6,aura=77,base=-1,trigger=0;E2:effect=6,aura=201,base=0,trigger=0"
Druid,Feral Combat,33957,Primal Tenacity,utility/rank,0,0,,,,-0.001,-0.001,0,0,,,,,,,,"E0:effect=6,aura=117,base=14,trigger=0;E1:effect=6,aura=117,base=14,trigger=0"
Druid,Feral Combat,33982,Mangle (Cat),damage,0,0,1,0,0,12,12,0,5,type3:45,1,0,,,,,"E0:effect=58,aura=0,base=127,trigger=0;E1:effect=6,aura=4,base=29,trigger=0;E2:effect=31,aura=0,base=159,trigger=0"
Druid,Feral Combat,33983,Mangle (Cat),damage,0,0,1,0,0,12,12,0,5,type3:45,1,0,,,,,"E0:effect=58,aura=0,base=164,trigger=0;E1:effect=6,aura=4,base=29,trigger=0;E2:effect=31,aura=0,base=159,trigger=0"
Druid,Feral Combat,33986,Mangle (Bear),damage,0,0,1.5,0,6,12,12,0,5,type1:200,128,0,,,,,"E0:effect=58,aura=0,base=104,trigger=0;E1:effect=6,aura=4,base=29,trigger=0;E2:effect=31,aura=0,base=114,trigger=0"
Druid,Feral Combat,33987,Mangle (Bear),damage,0,0,1.5,0,6,12,12,0,5,type1:200,128,0,,,,,"E0:effect=58,aura=0,base=134,trigger=0;E1:effect=6,aura=4,base=29,trigger=0;E2:effect=31,aura=0,base=114,trigger=0"
Druid,Feral Combat,34297,Improved Leader of the Pack,passive/talent,0,0,,,,-0.001,-0.001,0,0,,,,,,,,"E0:effect=6,aura=107,base=1,trigger=0;E1:effect=3,aura=0,base=99,trigger=0"
Druid,Feral Combat,34299,Improved Leader of the Pack,passive/talent,0,0,,,,,,0,0,,,,,,,,"E0:effect=10,aura=0,base=-1,trigger=0"
Druid,Feral Combat,34300,Improved Leader of the Pack,passive/talent,0,0,,,,-0.001,-0.001,0,0,,,,,,,,"E0:effect=6,aura=107,base=3,trigger=0;E1:effect=3,aura=0,base=99,trigger=0"
Druid,Feral Combat,37116,Primal Fury,utility/rank,0,0,,,,,,0,0,,144,0,,,,,"E0:effect=36,aura=0,base=-1,trigger=16958;E1:effect=36,aura=0,base=-1,trigger=16952"
Druid,Feral Combat,37117,Primal Fury,utility/rank,0,0,,,,,,0,0,,144,0,,,,,"E0:effect=36,aura=0,base=-1,trigger=16961;E1:effect=36,aura=0,base=-1,trigger=16954"
Druid,Feral Combat,40120,Swift Flight Form,utility/rank,0,0,1.5,0,0,-0.001,-0.001,0,0,type0:13%,0,1073741826,,,,,"E0:effect=6,aura=36,base=-1,trigger=0;E1:effect=6,aura=77,base=-1,trigger=0;E2:effect=6,aura=201,base=0,trigger=0"
Druid,Restoration,740,Tranquility,utility/rank,0,0,1.5,0,600,8,8,0,0,type0:525,2,1073741824,,,,,"E0:effect=35,aura=4,base=350,trigger=0;E1:effect=6,aura=23,base=0,trigger=44203"
Druid,Restoration,774,Rejuvenation,healing,0,0,1.5,0,0,12,12,0,40,type0:25,2,1073741824,,,,,"E0:effect=6,aura=8,base=7,trigger=0;E1:effect=6,aura=189,base=-1,trigger=0"
Druid,Restoration,1058,Rejuvenation,healing,0,0,1.5,0,0,12,12,0,40,type0:40,2,1073741824,,,,,"E0:effect=6,aura=8,base=13,trigger=0;E1:effect=6,aura=189,base=-1,trigger=0"
Druid,Restoration,1126,Mark of the Wild,utility/rank,0,0,1.5,0,0,1800,1800,0,30,type0:20,0,1073741826,,,,,"E0:effect=6,aura=22,base=24,trigger=0"
Druid,Restoration,1430,Rejuvenation,healing,0,0,1.5,0,0,12,12,0,40,type0:75,2,1073741824,,,,,"E0:effect=6,aura=8,base=28,trigger=0;E1:effect=6,aura=189,base=-1,trigger=0"
Druid,Restoration,2090,Rejuvenation,healing,0,0,1.5,0,0,12,12,0,40,type0:105,2,1073741824,,,,,"E0:effect=6,aura=8,base=44,trigger=0;E1:effect=6,aura=189,base=-1,trigger=0"
Druid,Restoration,2091,Rejuvenation,healing,0,0,1.5,0,0,12,12,0,40,type0:135,2,1073741824,,,,,"E0:effect=6,aura=8,base=60,trigger=0;E1:effect=6,aura=189,base=-1,trigger=0"
Druid,Restoration,2782,Remove Curse,damage,0,0,1.5,0,0,,,0,40,type0:8%,0,2,,,,,"E0:effect=38,aura=0,base=0,trigger=0"
Druid,Restoration,2893,Abolish Poison,utility/rank,0,0,1.5,0,0,8,8,0,40,type0:13%,0,1073741824,,,,,"E0:effect=6,aura=23,base=-1,trigger=3137;E1:effect=38,aura=0,base=0,trigger=0"
Druid,Restoration,3137,Abolish Poison Effect,utility/rank,0,0,,,,,,0,0,,,,,,,,"E0:effect=38,aura=0,base=0,trigger=0"
Druid,Restoration,3627,Rejuvenation,healing,0,0,1.5,0,0,12,12,0,40,type0:160,2,1073741824,,,,,"E0:effect=6,aura=8,base=75,trigger=0;E1:effect=6,aura=189,base=-1,trigger=0"
Druid,Restoration,5185,Healing Touch,healing,1.5,1.5,1.5,0,0,,,0,40,type0:25,0,1073741826,,,,,"E0:effect=10,aura=0,base=36,trigger=0"
Druid,Restoration,5186,Healing Touch,healing,2,2,1.5,0,0,,,0,40,type0:55,0,1073741826,,,,,"E0:effect=10,aura=0,base=87,trigger=0"
Druid,Restoration,5187,Healing Touch,healing,2.5,2.5,1.5,0,0,,,0,40,type0:110,0,1073741826,,,,,"E0:effect=10,aura=0,base=194,trigger=0"
Druid,Restoration,5188,Healing Touch,healing,3,3,1.5,0,0,,,0,40,type0:185,0,1073741826,,,,,"E0:effect=10,aura=0,base=362,trigger=0"
Druid,Restoration,5189,Healing Touch,healing,3.5,3.5,1.5,0,0,,,0,40,type0:270,0,1073741826,,,,,"E0:effect=10,aura=0,base=571,trigger=0"
Druid,Restoration,5232,Mark of the Wild,utility/rank,0,0,1.5,0,0,1800,1800,0,30,type0:50,0,1073741826,,,,,"E0:effect=6,aura=22,base=64,trigger=0;E1:effect=6,aura=29,base=1,trigger=0"
Druid,Restoration,5234,Mark of the Wild,utility/rank,0,0,1.5,0,0,1800,1800,0,30,type0:160,0,1073741826,,,,,"E0:effect=6,aura=22,base=149,trigger=0;E1:effect=6,aura=29,base=5,trigger=0;E2:effect=6,aura=558,base=4,trigger=0"
Druid,Restoration,6756,Mark of the Wild,utility/rank,0,0,1.5,0,0,1800,1800,0,30,type0:100,0,1073741826,,,,,"E0:effect=6,aura=22,base=104,trigger=0;E1:effect=6,aura=29,base=3,trigger=0"
Druid,Restoration,6778,Healing Touch,healing,3.5,3.5,1.5,0,0,,,0,40,type0:335,0,1073741826,,,,,"E0:effect=10,aura=0,base=741,trigger=0"
Druid,Restoration,8903,Healing Touch,healing,3.5,3.5,1.5,0,0,,,0,40,type0:405,0,1073741826,,,,,"E0:effect=10,aura=0,base=935,trigger=0"
Druid,Restoration,8907,Mark of the Wild,utility/rank,0,0,1.5,0,0,1800,1800,0,30,type0:240,0,1073741826,,,,,"E0:effect=6,aura=22,base=194,trigger=0;E1:effect=6,aura=29,base=7,trigger=0;E2:effect=6,aura=558,base=9,trigger=0"
Druid,Restoration,8910,Rejuvenation,healing,0,0,1.5,0,0,12,12,0,40,type0:195,2,1073741824,,,,,"E0:effect=6,aura=8,base=96,trigger=0;E1:effect=6,aura=189,base=-1,trigger=0"
Druid,Restoration,8918,Tranquility,utility/rank,0,0,1.5,0,600,8,8,0,0,type0:705,2,1073741824,,,,,"E0:effect=35,aura=4,base=514,trigger=0;E1:effect=6,aura=23,base=0,trigger=44205"
Druid,Restoration,8936,Regrowth,healing,2,2,1.5,0,0,21,21,0,40,type0:80,2,1073741824,,,,,"E0:effect=10,aura=0,base=83,trigger=0;E1:effect=6,aura=8,base=13,trigger=0"
Druid,Restoration,8938,Regrowth,healing,2,2,1.5,0,0,21,21,0,40,type0:135,2,1073741824,,,,,"E0:effect=10,aura=0,base=163,trigger=0;E1:effect=6,aura=8,base=24,trigger=0"
Druid,Restoration,8939,Regrowth,healing,2,2,1.5,0,0,21,21,0,40,type0:185,2,1073741824,,,,,"E0:effect=10,aura=0,base=239,trigger=0;E1:effect=6,aura=8,base=36,trigger=0"
Druid,Restoration,8940,Regrowth,healing,2,2,1.5,0,0,21,21,0,40,type0:230,2,1073741824,,,,,"E0:effect=10,aura=0,base=317,trigger=0;E1:effect=6,aura=8,base=48,trigger=0"
Druid,Restoration,8941,Regrowth,healing,2,2,1.5,0,0,21,21,0,40,type0:275,2,1073741824,,,,,"E0:effect=10,aura=0,base=404,trigger=0;E1:effect=6,aura=8,base=60,trigger=0"
Druid,Restoration,8946,Cure Poison,utility/rank,0,0,1.5,0,0,,,0,40,type0:13%,0,1073741824,,,,,"E0:effect=38,aura=0,base=0,trigger=0"
Druid,Restoration,9750,Regrowth,healing,2,2,1.5,0,0,21,21,0,40,type0:335,2,1073741824,,,,,"E0:effect=10,aura=0,base=510,trigger=0;E1:effect=6,aura=8,base=77,trigger=0"
Druid,Restoration,9758,Healing Touch,healing,3.5,3.5,1.5,0,0,,,0,40,type0:495,0,1073741826,,,,,"E0:effect=10,aura=0,base=1198,trigger=0"
Druid,Restoration,9839,Rejuvenation,healing,0,0,1.5,0,0,12,12,0,40,type0:235,2,1073741824,,,,,"E0:effect=6,aura=8,base=121,trigger=0;E1:effect=6,aura=189,base=-1,trigger=0"
Druid,Restoration,9840,Rejuvenation,healing,0,0,1.5,0,0,12,12,0,40,type0:280,2,1073741824,,,,,"E0:effect=6,aura=8,base=151,trigger=0;E1:effect=6,aura=189,base=-1,trigger=0"
Druid,Restoration,9841,Rejuvenation,healing,0,0,1.5,0,0,12,12,0,40,type0:335,2,1073741824,,,,,"E0:effect=6,aura=8,base=188,trigger=0;E1:effect=6,aura=189,base=-1,trigger=0"
Druid,Restoration,9856,Regrowth,healing,2,2,1.5,0,0,21,21,0,40,type0:405,2,1073741824,,,,,"E0:effect=10,aura=0,base=645,trigger=0;E1:effect=6,aura=8,base=97,trigger=0"
Druid,Restoration,9857,Regrowth,healing,2,2,1.5,0,0,21,21,0,40,type0:485,2,1073741824,,,,,"E0:effect=10,aura=0,base=808,trigger=0;E1:effect=6,aura=8,base=122,trigger=0"
Druid,Restoration,9858,Regrowth,healing,2,2,1.5,0,0,21,21,0,40,type0:575,2,1073741824,,,,,"E0:effect=10,aura=0,base=1002,trigger=0;E1:effect=6,aura=8,base=151,trigger=0"
Druid,Restoration,9862,Tranquility,utility/rank,0,0,1.5,0,600,8,8,0,0,type0:975,2,1073741824,,,,,"E0:effect=35,aura=4,base=764,trigger=0;E1:effect=6,aura=23,base=0,trigger=44206"
Druid,Restoration,9863,Tranquility,utility/rank,0,0,1.5,0,600,8,8,0,0,type0:1295,2,1073741824,,,,,"E0:effect=35,aura=4,base=1096,trigger=0;E1:effect=6,aura=23,base=0,trigger=44207"
Druid,Restoration,9884,Mark of the Wild,utility/rank,0,0,1.5,0,0,1800,1800,0,30,type0:340,0,1073741826,,,,,"E0:effect=6,aura=22,base=239,trigger=0;E1:effect=6,aura=29,base=9,trigger=0;E2:effect=6,aura=558,base=14,trigger=0"
Druid,Restoration,9885,Mark of the Wild,utility/rank,0,0,1.5,0,0,1800,1800,0,30,type0:445,0,1073741826,,,,,"E0:effect=6,aura=22,base=284,trigger=0;E1:effect=6,aura=29,base=11,trigger=0;E2:effect=6,aura=558,base=19,trigger=0"
Druid,Restoration,9888,Healing Touch,healing,3.5,3.5,1.5,0,0,,,0,40,type0:600,0,1073741826,,,,,"E0:effect=10,aura=0,base=1515,trigger=0"
Druid,Restoration,9889,Healing Touch,healing,3.5,3.5,1.5,0,0,,,0,40,type0:720,0,1073741826,,,,,"E0:effect=10,aura=0,base=1889,trigger=0"
Druid,Restoration,16833,Natural Shapeshifter,utility/rank,0,0,,,,-0.001,-0.001,0,0,,,,,,,,"E0:effect=6,aura=108,base=-11,trigger=0"
Druid,Restoration,16834,Natural Shapeshifter,utility/rank,0,0,,,,6,6,0,0,,,,,,,,"E0:effect=6,aura=108,base=-21,trigger=0"
Druid,Restoration,16835,Natural Shapeshifter,utility/rank,0,0,,,,6,6,0,0,,,,,,,,"E0:effect=6,aura=108,base=-31,trigger=0"
Druid,Restoration,16864,Omen of Clarity,utility/rank,0,0,1.5,0,0,1800,1800,0,0,type0:120,0,1073741826,,,,,"E0:effect=6,aura=42,base=-1,trigger=16870"
Druid,Restoration,17050,Improved Mark of the Wild,passive/talent,0,0,,,,-0.001,-0.001,0,0,,,,,,,,"E0:effect=6,aura=108,base=6,trigger=0"
Druid,Restoration,17051,Improved Mark of the Wild,passive/talent,0,0,,,,-0.001,-0.001,0,0,,,,,,,,"E0:effect=6,aura=108,base=13,trigger=0"
Druid,Restoration,17053,Improved Mark of the Wild,passive/talent,0,0,,,,-0.001,-0.001,0,0,,,,,,,,"E0:effect=6,aura=108,base=20,trigger=0"
Druid,Restoration,17054,Improved Mark of the Wild,passive/talent,0,0,,,,-0.001,-0.001,0,0,,,,,,,,"E0:effect=6,aura=108,base=27,trigger=0"
Druid,Restoration,17055,Improved Mark of the Wild,passive/talent,0,0,,,,-0.001,-0.001,0,0,,,,,,,,"E0:effect=6,aura=108,base=34,trigger=0"
Druid,Restoration,17056,Furor,utility/rank,0,0,,,,-0.001,-0.001,0,0,,,,,,,,"E0:effect=6,aura=4,base=19,trigger=0"
Druid,Restoration,17058,Furor,utility/rank,0,0,,,,-0.001,-0.001,0,0,,,,,,,,"E0:effect=6,aura=4,base=39,trigger=0"
Druid,Restoration,17059,Furor,utility/rank,0,0,,,,-0.001,-0.001,0,0,,,,,,,,"E0:effect=6,aura=4,base=59,trigger=0"
Druid,Restoration,17060,Furor,utility/rank,0,0,,,,-0.001,-0.001,0,0,,,,,,,,"E0:effect=6,aura=4,base=79,trigger=0"
Druid,Restoration,17061,Furor,utility/rank,0,0,,,,-0.001,-0.001,0,0,,,,,,,,"E0:effect=6,aura=4,base=99,trigger=0"
Druid,Restoration,17063,Nature's Focus,passive/talent,0,0,,,,-0.001,-0.001,0,0,,,,,,,,"E0:effect=6,aura=108,base=13,trigger=0"
Druid,Restoration,17065,Nature's Focus,passive/talent,0,0,,,,-0.001,-0.001,0,0,,,,,,,,"E0:effect=6,aura=108,base=27,trigger=0"
Druid,Restoration,17066,Nature's Focus,passive/talent,0,0,,,,-0.001,-0.001,0,0,,,,,,,,"E0:effect=6,aura=108,base=41,trigger=0"
Druid,Restoration,17067,Nature's Focus,passive/talent,0,0,,,,-0.001,-0.001,0,0,,,,,,,,"E0:effect=6,aura=108,base=55,trigger=0"
Druid,Restoration,17068,Nature's Focus,passive/talent,0,0,,,,-0.001,-0.001,0,0,,,,,,,,"E0:effect=6,aura=108,base=69,trigger=0"
Druid,Restoration,17069,Naturalist,utility/rank,0,0,,,,-0.001,-0.001,0,0,,,,,,,,"E0:effect=6,aura=107,base=-101,trigger=0;E1:effect=6,aura=79,base=1,trigger=0"
Druid,Restoration,17070,Naturalist,utility/rank,0,0,,,,-0.001,-0.001,0,0,,,,,,,,"E0:effect=6,aura=107,base=-201,trigger=0;E1:effect=6,aura=79,base=3,trigger=0"
Druid,Restoration,17071,Naturalist,utility/rank,0,0,,,,-0.001,-0.001,0,0,,,,,,,,"E0:effect=6,aura=107,base=-301,trigger=0;E1:effect=6,aura=79,base=5,trigger=0"
Druid,Restoration,17072,Naturalist,utility/rank,0,0,,,,-0.001,-0.001,0,0,,,,,,,,"E0:effect=6,aura=107,base=-401,trigger=0;E1:effect=6,aura=79,base=7,trigger=0"
Druid,Restoration,17073,Naturalist,utility/rank,0,0,,,,-0.001,-0.001,0,0,,,,,,,,"E0:effect=6,aura=107,base=-501,trigger=0;E1:effect=6,aura=79,base=9,trigger=0"
Druid,Restoration,17074,Improved Regrowth,healing,0,0,,,,-0.001,-0.001,0,0,,,,,,,,"E0:effect=6,aura=107,base=9,trigger=0"
Druid,Restoration,17075,Improved Regrowth,healing,0,0,,,,-0.001,-0.001,0,0,,,,,,,,"E0:effect=6,aura=107,base=19,trigger=0"
Druid,Restoration,17076,Improved Regrowth,healing,0,0,,,,-0.001,-0.001,0,0,,,,,,,,"E0:effect=6,aura=107,base=29,trigger=0"
Druid,Restoration,17077,Improved Regrowth,healing,0,0,,,,-0.001,-0.001,0,0,,,,,,,,"E0:effect=6,aura=107,base=39,trigger=0"
Druid,Restoration,17078,Improved Regrowth,healing,0,0,,,,-0.001,-0.001,0,0,,,,,,,,"E0:effect=6,aura=107,base=49,trigger=0"
Druid,Restoration,17104,Gift of Nature,utility/rank,0,0,,,,,,0,0,,,,,,,,"E0:effect=6,aura=108,base=1,trigger=0;E1:effect=6,aura=108,base=1,trigger=0"
Druid,Restoration,17106,Intensity,utility/rank,0,0,,,,-0.001,-0.001,0,0,,,,,,,,"E0:effect=6,aura=134,base=9,trigger=0;E1:effect=6,aura=42,base=-1,trigger=17080"
Druid,Restoration,17107,Intensity,utility/rank,0,0,,,,-0.001,-0.001,0,0,,,,,,,,"E0:effect=6,aura=134,base=19,trigger=0;E1:effect=6,aura=42,base=-1,trigger=35358"
Druid,Restoration,17108,Intensity,utility/rank,0,0,,,,-0.001,-0.001,0,0,,,,,,,,"E0:effect=6,aura=134,base=29,trigger=0;E1:effect=6,aura=42,base=-1,trigger=35359"
Druid,Restoration,17111,Improved Rejuvenation,healing,0,0,,,,-0.001,-0.001,0,0,,,,,,,,"E0:effect=6,aura=108,base=4,trigger=0"
Druid,Restoration,17112,Improved Rejuvenation,healing,0,0,,,,-0.001,-0.001,0,0,,,,,,,,"E0:effect=6,aura=108,base=9,trigger=0"
Druid,Restoration,17113,Improved Rejuvenation,healing,0,0,,,,-0.001,-0.001,0,0,,,,,,,,"E0:effect=6,aura=108,base=14,trigger=0"
Druid,Restoration,17116,Nature's Swiftness,utility/rank,0,0,0,180,0,-0.001,-0.001,0,0,,0,1073741824,,,,,"E0:effect=6,aura=108,base=-101,trigger=0"
Druid,Restoration,17118,Subtlety,passive/talent,0,0,,,,,,0,0,,,,,,,,"E0:effect=6,aura=108,base=-5,trigger=0;E1:effect=6,aura=107,base=5,trigger=0"
Druid,Restoration,17119,Subtlety,passive/talent,0,0,,,,,,0,0,,,,,,,,"E0:effect=6,aura=108,base=-9,trigger=0;E1:effect=6,aura=107,base=11,trigger=0"
Druid,Restoration,17120,Subtlety,passive/talent,0,0,,,,,,0,0,,,,,,,,"E0:effect=6,aura=108,base=-13,trigger=0;E1:effect=6,aura=107,base=17,trigger=0"
Druid,Restoration,17121,Subtlety,passive/talent,0,0,,,,,,0,0,,,,,,,,"E0:effect=6,aura=108,base=-17,trigger=0;E1:effect=6,aura=107,base=23,trigger=0"
Druid,Restoration,17122,Subtlety,passive/talent,0,0,,,,,,0,0,,,,,,,,"E0:effect=6,aura=108,base=-21,trigger=0;E1:effect=6,aura=107,base=29,trigger=0"
Druid,Restoration,17123,Improved Tranquility,passive/talent,0,0,,,,-0.001,-0.001,0,0,,,,,,,,"E0:effect=6,aura=108,base=-51,trigger=0"
Druid,Restoration,17124,Improved Tranquility,passive/talent,0,0,,,,-0.001,-0.001,0,0,,,,,,,,"E0:effect=6,aura=108,base=-101,trigger=0"
Druid,Restoration,18562,Swiftmend,utility/rank,0,0,1.5,15,0,,,0,40,type0:16%,2,1073741824,,,,,"E0:effect=10,aura=0,base=0,trigger=0"
Druid,Restoration,20484,Rebirth,utility/rank,2,2,1.5,0,1200,,,0,30,type0:68%,0,1073741824,,17034,,,"E0:effect=329,aura=0,base=399,trigger=0"
Druid,Restoration,20739,Rebirth,utility/rank,2,2,1.5,0,1200,,,0,30,type0:68%,0,1073741824,,17035,,,"E0:effect=329,aura=0,base=749,trigger=0"
Druid,Restoration,20742,Rebirth,utility/rank,2,2,1.5,0,1200,,,0,30,type0:68%,0,1073741824,,17036,,,"E0:effect=329,aura=0,base=1099,trigger=0"
Druid,Restoration,20747,Rebirth,utility/rank,2,2,1.5,0,1200,,,0,30,type0:68%,0,1073741824,,17037,,,"E0:effect=329,aura=0,base=1599,trigger=0"
Druid,Restoration,20748,Rebirth,utility/rank,2,2,1.5,0,1200,,,0,30,type0:68%,0,1073741824,,17038,,,"E0:effect=329,aura=0,base=2199,trigger=0"
Druid,Restoration,21849,Gift of the Wild,utility/rank,0,0,1.5,0,0,3600,3600,0,40,type0:900,0,1073741826,,17021,,,"E0:effect=6,aura=22,base=239,trigger=0;E1:effect=6,aura=29,base=9,trigger=0;E2:effect=6,aura=558,base=14,trigger=0"
Druid,Restoration,21850,Gift of the Wild,utility/rank,0,0,1.5,0,0,3600,3600,0,40,type0:1200,0,1073741826,,17026,,,"E0:effect=6,aura=22,base=284,trigger=0;E1:effect=6,aura=29,base=11,trigger=0;E2:effect=6,aura=558,base=19,trigger=0"
Druid,Restoration,24943,Gift of Nature,utility/rank,0,0,,,,,,0,0,,,,,,,,"E0:effect=6,aura=108,base=3,trigger=0;E1:effect=6,aura=108,base=3,trigger=0"
Druid,Restoration,24944,Gift of Nature,utility/rank,0,0,,,,,,0,0,,,,,,,,"E0:effect=6,aura=108,base=5,trigger=0;E1:effect=6,aura=108,base=5,trigger=0"
Druid,Restoration,24945,Gift of Nature,utility/rank,0,0,,,,,,0,0,,,,,,,,"E0:effect=6,aura=108,base=7,trigger=0;E1:effect=6,aura=108,base=7,trigger=0"
Druid,Restoration,24946,Gift of Nature,utility/rank,0,0,,,,,,0,0,,,,,,,,"E0:effect=6,aura=108,base=9,trigger=0;E1:effect=6,aura=108,base=9,trigger=0"
Druid,Restoration,24968,Tranquil Spirit,utility/rank,0,0,,,,-0.001,-0.001,0,0,,,,,,,,"E0:effect=6,aura=108,base=-3,trigger=0"
Druid,Restoration,24969,Tranquil Spirit,utility/rank,0,0,,,,-0.001,-0.001,0,0,,,,,,,,"E0:effect=6,aura=108,base=-5,trigger=0"
Druid,Restoration,24970,Tranquil Spirit,utility/rank,0,0,,,,-0.001,-0.001,0,0,,,,,,,,"E0:effect=6,aura=108,base=-7,trigger=0"
Druid,Restoration,24971,Tranquil Spirit,utility/rank,0,0,,,,-0.001,-0.001,0,0,,,,,,,,"E0:effect=6,aura=108,base=-9,trigger=0"
Druid,Restoration,24972,Tranquil Spirit,utility/rank,0,0,,,,-0.001,-0.001,0,0,,,,,,,,"E0:effect=6,aura=108,base=-11,trigger=0"
Druid,Restoration,25297,Healing Touch,healing,3.5,3.5,1.5,0,0,,,0,40,type0:800,0,1073741826,,,,,"E0:effect=10,aura=0,base=2266,trigger=0"
Druid,Restoration,25299,Rejuvenation,healing,0,0,1.5,0,0,12,12,0,40,type0:360,2,1073741824,,,,,"E0:effect=6,aura=8,base=221,trigger=0;E1:effect=6,aura=189,base=-1,trigger=0"
Druid,Restoration,26978,Healing Touch,healing,3.5,3.5,1.5,0,0,,,0,40,type0:820,0,1073741826,,,,,"E0:effect=10,aura=0,base=2363,trigger=0"
Druid,Restoration,26979,Healing Touch,healing,3.5,3.5,1.5,0,0,,,0,40,type0:935,0,1073741826,,,,,"E0:effect=10,aura=0,base=2706,trigger=0"
Druid,Restoration,26980,Regrowth,healing,2,2,1.5,0,0,21,21,0,40,type0:675,2,1073741824,,,,,"E0:effect=10,aura=0,base=1214,trigger=0;E1:effect=6,aura=8,base=181,trigger=0"
Druid,Restoration,26981,Rejuvenation,healing,0,0,1.5,0,0,12,12,0,40,type0:370,2,1073741824,,,,,"E0:effect=6,aura=8,base=232,trigger=0;E1:effect=6,aura=189,base=-1,trigger=0"
Druid,Restoration,26982,Rejuvenation,healing,0,0,1.5,0,0,12,12,0,40,type0:415,2,1073741824,,,,,"E0:effect=6,aura=8,base=264,trigger=0;E1:effect=6,aura=189,base=-1,trigger=0"
Druid,Restoration,26983,Tranquility,utility/rank,0,0,1.5,0,600,8,8,0,0,type0:1650,2,1073741824,,,,,"E0:effect=35,aura=4,base=1517,trigger=0;E1:effect=6,aura=23,base=0,trigger=44208"
Druid,Restoration,26990,Mark of the Wild,utility/rank,0,0,1.5,0,0,1800,1800,0,30,type0:565,0,1073741826,,,,,"E0:effect=6,aura=22,base=339,trigger=0;E1:effect=6,aura=29,base=13,trigger=0;E2:effect=6,aura=558,base=24,trigger=0"
Druid,Restoration,26991,Gift of the Wild,utility/rank,0,0,1.5,0,0,3600,3600,0,40,type0:1515,0,1073741826,,22148,,,"E0:effect=6,aura=22,base=339,trigger=0;E1:effect=6,aura=29,base=13,trigger=0;E2:effect=6,aura=558,base=24,trigger=0"
Druid,Restoration,26994,Rebirth,utility/rank,2,2,1.5,0,1200,,,0,30,type0:68%,0,1073741824,,22147,,,"E0:effect=329,aura=0,base=3199,trigger=0"
Druid,Restoration,33763,Lifebloom,healing,0,0,1.5,0,0,7,7,0,40,type0:220,2,1073741824,,,,,"E0:effect=6,aura=8,base=38,trigger=0;E1:effect=6,aura=4,base=599,trigger=0"
Druid,Restoration,33879,Empowered Touch,passive/talent,0,0,,,,-0.001,-0.001,0,0,,,,,,,,"E0:effect=6,aura=107,base=9,trigger=0"
Druid,Restoration,33880,Empowered Touch,passive/talent,0,0,,,,-0.001,-0.001,0,0,,,,,,,,"E0:effect=6,aura=107,base=19,trigger=0"
Druid,Restoration,33881,Natural Perfection,utility/rank,0,0,,,,,,0,0,,,,,,,,"E0:effect=6,aura=42,base=-1,trigger=45281;E1:effect=6,aura=57,base=0,trigger=0"
Druid,Restoration,33882,Natural Perfection,utility/rank,0,0,,,,,,0,0,,,,,,,,"E0:effect=6,aura=42,base=-1,trigger=45282;E1:effect=6,aura=57,base=1,trigger=0"
Druid,Restoration,33883,Natural Perfection,utility/rank,0,0,,,,,,0,0,,,,,,,,"E0:effect=6,aura=42,base=-1,trigger=45283;E1:effect=6,aura=57,base=2,trigger=0"
Druid,Restoration,33886,Empowered Rejuvenation,healing,0,0,,,,-0.001,-0.001,0,0,,,,,,,,"E0:effect=6,aura=108,base=3,trigger=0"
Druid,Restoration,33887,Empowered Rejuvenation,healing,0,0,,,,-0.001,-0.001,0,0,,,,,,,,"E0:effect=6,aura=108,base=7,trigger=0"
Druid,Restoration,33888,Empowered Rejuvenation,healing,0,0,,,,-0.001,-0.001,0,0,,,,,,,,"E0:effect=6,aura=108,base=11,trigger=0"
Druid,Restoration,33889,Empowered Rejuvenation,healing,0,0,,,,-0.001,-0.001,0,0,,,,,,,,"E0:effect=6,aura=108,base=15,trigger=0"
Druid,Restoration,33890,Empowered Rejuvenation,healing,0,0,,,,-0.001,-0.001,0,0,,,,,,,,"E0:effect=6,aura=108,base=19,trigger=0"
Druid,Restoration,33891,Tree of Life,utility/rank,0,0,1.5,0,0,-0.001,-0.001,0,0,type0:28%,0,0,,,,,"E0:effect=6,aura=36,base=-1,trigger=0;E1:effect=6,aura=77,base=-1,trigger=0"
Druid,Restoration,34151,Living Spirit,utility/rank,0,0,,,,-0.001,-0.001,0,0,,,,,,,,"E0:effect=6,aura=137,base=4,trigger=0"
Druid,Restoration,34152,Living Spirit,utility/rank,0,0,,,,-0.001,-0.001,0,0,,,,,,,,"E0:effect=6,aura=137,base=9,trigger=0"
Druid,Restoration,34153,Living Spirit,utility/rank,0,0,,,,-0.001,-0.001,0,0,,,,,,,,"E0:effect=6,aura=137,base=14,trigger=0"
Druid,Balance,339,Entangling Roots,utility/rank,1.5,1.5,1.5,0,0,12,12,0,30,type0:50,0,2,,,,,"E0:effect=6,aura=26,base=-1,trigger=0;E1:effect=6,aura=3,base=4,trigger=0"
Druid,Balance,467,Thorns,utility/rank,0,0,1.5,0,0,600,600,0,30,type0:35,1073741824,2,,,,,"E0:effect=6,aura=15,base=2,trigger=0"
Druid,Balance,770,Faerie Fire,utility/rank,0,0,1.5,0,0,40,40,0,30,type0:55,1073741824,2,,,,,"E0:effect=6,aura=22,base=-176,trigger=0;E1:effect=6,aura=184,base=-1,trigger=0;E2:effect=6,aura=185,base=-1,trigger=0"
Druid,Balance,778,Faerie Fire,utility/rank,0,0,1.5,0,0,40,40,0,30,type0:75,1073741824,2,,,,,"E0:effect=6,aura=22,base=-286,trigger=0;E1:effect=6,aura=184,base=-1,trigger=0;E2:effect=6,aura=185,base=-1,trigger=0"
Druid,Balance,782,Thorns,utility/rank,0,0,1.5,0,0,600,600,0,30,type0:60,1073741824,2,,,,,"E0:effect=6,aura=15,base=5,trigger=0"
Druid,Balance,1062,Entangling Roots,utility/rank,1.5,1.5,1.5,0,0,15,15,0,30,type0:65,0,2,,,,,"E0:effect=6,aura=26,base=0,trigger=0;E1:effect=6,aura=3,base=9,trigger=0"
Druid,Balance,1075,Thorns,utility/rank,0,0,1.5,0,0,600,600,0,30,type0:105,1073741824,2,,,,,"E0:effect=6,aura=15,base=8,trigger=0"
Druid,Balance,2637,Hibernate,utility/rank,1.5,1.5,1.5,0,0,20,20,0,30,type0:90,1073741824,2,,,,,"E0:effect=6,aura=12,base=-1,trigger=0"
Druid,Balance,2908,Soothe Animal,utility/rank,1.5,1.5,1.5,0,0,15,15,0,40,type0:50,1073741824,2,,,,,"E0:effect=6,aura=91,base=-11,trigger=0"
Druid,Balance,2912,Starfire,damage,3.5,3.5,1.5,0,0,,,0,30,type0:95,1073741824,2,,,,,"E0:effect=2,aura=0,base=88,trigger=0"
Druid,Balance,5176,Wrath,damage,1.5,1.5,1.5,0,0,,,0,30,type0:20,1073741824,2,,,,,"E0:effect=2,aura=0,base=11,trigger=0"
Druid,Balance,5177,Wrath,damage,1.7,1.7,1.5,0,0,,,0,30,type0:35,1073741824,2,,,,,"E0:effect=2,aura=0,base=24,trigger=0"
Druid,Balance,5178,Wrath,damage,2,2,1.5,0,0,,,0,30,type0:55,1073741824,2,,,,,"E0:effect=2,aura=0,base=43,trigger=0"
Druid,Balance,5179,Wrath,damage,2,2,1.5,0,0,,,0,30,type0:70,1073741824,2,,,,,"E0:effect=2,aura=0,base=62,trigger=0"
Druid,Balance,5180,Wrath,damage,2,2,1.5,0,0,,,0,30,type0:100,1073741824,2,,,,,"E0:effect=2,aura=0,base=100,trigger=0"
Druid,Balance,5195,Entangling Roots,utility/rank,1.5,1.5,1.5,0,0,18,18,0,30,type0:80,0,2,,,,,"E0:effect=6,aura=26,base=0,trigger=0;E1:effect=6,aura=3,base=14,trigger=0"
Druid,Balance,5196,Entangling Roots,utility/rank,1.5,1.5,1.5,0,0,21,21,0,30,type0:95,0,2,,,,,"E0:effect=6,aura=26,base=-1,trigger=0;E1:effect=6,aura=3,base=19,trigger=0"
Druid,Balance,5570,Insect Swarm,utility/rank,0,0,1.5,0,0,12,12,0,30,type0:50,1073741824,2,,,,,"E0:effect=6,aura=3,base=17,trigger=0;E1:effect=6,aura=54,base=-3,trigger=0"
Druid,Balance,6780,Wrath,damage,2,2,1.5,0,0,,,0,30,type0:125,1073741824,2,,,,,"E0:effect=2,aura=0,base=138,trigger=0"
Druid,Balance,8905,Wrath,damage,2,2,1.5,0,0,,,0,30,type0:155,1073741824,2,,,,,"E0:effect=2,aura=0,base=187,trigger=0"
Druid,Balance,8914,Thorns,utility/rank,0,0,1.5,0,0,600,600,0,30,type0:170,1073741824,2,,,,,"E0:effect=6,aura=15,base=11,trigger=0"
Druid,Balance,8921,Moonfire,utility/rank,0,0,1.5,0,0,9,9,0,30,type0:25,1073741824,2,,,,,"E0:effect=6,aura=3,base=3,trigger=0;E1:effect=2,aura=0,base=6,trigger=0"
Druid,Balance,8924,Moonfire,utility/rank,0,0,1.5,0,0,12,12,0,30,type0:50,1073741824,2,,,,,"E0:effect=6,aura=3,base=7,trigger=0;E1:effect=2,aura=0,base=12,trigger=0"
Druid,Balance,8925,Moonfire,utility/rank,0,0,1.5,0,0,12,12,0,30,type0:75,1073741824,2,,,,,"E0:effect=6,aura=3,base=12,trigger=0;E1:effect=2,aura=0,base=24,trigger=0"
Druid,Balance,8926,Moonfire,utility/rank,0,0,1.5,0,0,12,12,0,30,type0:105,1073741824,2,,,,,"E0:effect=6,aura=3,base=19,trigger=0;E1:effect=2,aura=0,base=39,trigger=0"
Druid,Balance,8927,Moonfire,utility/rank,0,0,1.5,0,0,12,12,0,30,type0:150,1073741824,2,,,,,"E0:effect=6,aura=3,base=30,trigger=0;E1:effect=2,aura=0,base=60,trigger=0"
Druid,Balance,8928,Moonfire,utility/rank,0,0,1.5,0,0,12,12,0,30,type0:190,1073741824,2,,,,,"E0:effect=6,aura=3,base=40,trigger=0;E1:effect=2,aura=0,base=80,trigger=0"
Druid,Balance,8929,Moonfire,utility/rank,0,0,1.5,0,0,12,12,0,30,type0:235,1073741824,2,,,,,"E0:effect=6,aura=3,base=52,trigger=0;E1:effect=2,aura=0,base=104,trigger=0"
Druid,Balance,8949,Starfire,damage,3.5,3.5,1.5,0,0,,,0,30,type0:135,1073741824,2,,,,,"E0:effect=2,aura=0,base=136,trigger=0"
Druid,Balance,8950,Starfire,damage,3.5,3.5,1.5,0,0,,,0,30,type0:180,1073741824,2,,,,,"E0:effect=2,aura=0,base=200,trigger=0"
Druid,Balance,8951,Starfire,damage,3.5,3.5,1.5,0,0,,,0,30,type0:230,1073741824,2,,,,,"E0:effect=2,aura=0,base=279,trigger=0"
Druid,Balance,8955,Soothe Animal,utility/rank,1.5,1.5,1.5,0,0,15,15,0,40,type0:75,1073741824,2,,,,,"E0:effect=6,aura=91,base=-11,trigger=0"
Druid,Balance,9749,Faerie Fire,utility/rank,0,0,1.5,0,0,40,40,0,30,type0:95,1073741824,2,,,,,"E0:effect=6,aura=22,base=-396,trigger=0;E1:effect=6,aura=184,base=-1,trigger=0;E2:effect=6,aura=185,base=-1,trigger=0"
Druid,Balance,9756,Thorns,utility/rank,0,0,1.5,0,0,600,600,0,30,type0:240,1073741824,2,,,,,"E0:effect=6,aura=15,base=14,trigger=0"
Druid,Balance,9833,Moonfire,utility/rank,0,0,1.5,0,0,12,12,0,30,type0:280,1073741824,2,,,,,"E0:effect=6,aura=3,base=65,trigger=0;E1:effect=2,aura=0,base=129,trigger=0"
Druid,Balance,9834,Moonfire,utility/rank,0,0,1.5,0,0,12,12,0,30,type0:325,1073741824,2,,,,,"E0:effect=6,aura=3,base=79,trigger=0;E1:effect=2,aura=0,base=156,trigger=0"
Druid,Balance,9835,Moonfire,utility/rank,0,0,1.5,0,0,12,12,0,30,type0:375,1073741824,2,,,,,"E0:effect=6,aura=3,base=95,trigger=0;E1:effect=2,aura=0,base=188,trigger=0"
Druid,Balance,9852,Entangling Roots,utility/rank,1.5,1.5,1.5,0,0,24,24,0,30,type0:110,0,2,,,,,"E0:effect=6,aura=26,base=-1,trigger=0;E1:effect=6,aura=3,base=24,trigger=0"
Druid,Balance,9853,Entangling Roots,utility/rank,1.5,1.5,1.5,0,0,27,27,0,30,type0:125,0,2,,,,,"E0:effect=6,aura=26,base=-1,trigger=0;E1:effect=6,aura=3,base=29,trigger=0"
Druid,Balance,9875,Starfire,damage,3.5,3.5,1.5,0,0,,,0,30,type0:275,1073741824,2,,,,,"E0:effect=2,aura=0,base=361,trigger=0"
Druid,Balance,9876,Starfire,damage,3.5,3.5,1.5,0,0,,,0,30,type0:315,1073741824,2,,,,,"E0:effect=2,aura=0,base=444,trigger=0"
Druid,Balance,9901,Soothe Animal,utility/rank,1.5,1.5,1.5,0,0,15,15,0,40,type0:100,1073741824,2,,,,,"E0:effect=6,aura=91,base=-11,trigger=0"
Druid,Balance,9907,Faerie Fire,utility/rank,0,0,1.5,0,0,40,40,0,30,type0:115,1073741824,2,,,,,"E0:effect=6,aura=22,base=-506,trigger=0;E1:effect=6,aura=184,base=-1,trigger=0;E2:effect=6,aura=185,base=-1,trigger=0"
Druid,Balance,9910,Thorns,utility/rank,0,0,1.5,0,0,600,600,0,30,type0:320,1073741824,2,,,,,"E0:effect=6,aura=15,base=17,trigger=0"
Druid,Balance,9912,Wrath,damage,2,2,1.5,0,0,,,0,30,type0:180,1073741824,2,,,,,"E0:effect=2,aura=0,base=235,trigger=0"
Druid,Balance,16689,Nature's Grasp,utility/rank,0,0,1.5,0,60,45,45,0,0,,1073741969,2,,,,,"E0:effect=6,aura=42,base=0,trigger=19975"
Druid,Balance,16810,Nature's Grasp,utility/rank,0,0,1.5,0,60,45,45,0,0,,1073741969,2,,,,,"E0:effect=6,aura=42,base=0,trigger=19974"
Druid,Balance,16811,Nature's Grasp,utility/rank,0,0,1.5,0,60,45,45,0,0,,1073741969,2,,,,,"E0:effect=6,aura=42,base=0,trigger=19973"
Druid,Balance,16812,Nature's Grasp,utility/rank,0,0,1.5,0,60,45,45,0,0,,1073741969,2,,,,,"E0:effect=6,aura=42,base=0,trigger=19972"
Druid,Balance,16813,Nature's Grasp,utility/rank,0,0,1.5,0,60,45,45,0,0,,1073741969,2,,,,,"E0:effect=6,aura=42,base=0,trigger=19971"
Druid,Balance,16814,Starlight Wrath,damage,0,0,,,,-0.001,-0.001,0,0,,,,,,,,"E0:effect=6,aura=107,base=-101,trigger=0"
Druid,Balance,16815,Starlight Wrath,damage,0,0,,,,-0.001,-0.001,0,0,,,,,,,,"E0:effect=6,aura=107,base=-201,trigger=0"
Druid,Balance,16816,Starlight Wrath,damage,0,0,,,,-0.001,-0.001,0,0,,,,,,,,"E0:effect=6,aura=107,base=-301,trigger=0"
Druid,Balance,16817,Starlight Wrath,damage,0,0,,,,-0.001,-0.001,0,0,,,,,,,,"E0:effect=6,aura=107,base=-401,trigger=0"
Druid,Balance,16818,Starlight Wrath,damage,0,0,,,,-0.001,-0.001,0,0,,,,,,,,"E0:effect=6,aura=107,base=-501,trigger=0"
Druid,Balance,16819,Nature's Reach,utility/rank,0,0,,,,-0.001,-0.001,0,0,,,,,,,,"E0:effect=6,aura=108,base=9,trigger=0"
Druid,Balance,16820,Nature's Reach,utility/rank,0,0,,,,-0.001,-0.001,0,0,,,,,,,,"E0:effect=6,aura=108,base=19,trigger=0"
Druid,Balance,16821,Improved Moonfire,passive/talent,0,0,,,,-0.001,-0.001,0,0,,,,,,,,"E0:effect=6,aura=107,base=4,trigger=0;E1:effect=6,aura=108,base=4,trigger=0;E2:effect=6,aura=108,base=4,trigger=0"
Druid,Balance,16822,Improved Moonfire,passive/talent,0,0,,,,-0.001,-0.001,0,0,,,,,,,,"E0:effect=6,aura=107,base=9,trigger=0;E1:effect=6,aura=108,base=9,trigger=0;E2:effect=6,aura=108,base=9,trigger=0"
Druid,Balance,16836,Brambles,utility/rank,0,0,,,,-0.001,-0.001,0,0,,,,,,,,"E0:effect=6,aura=108,base=24,trigger=0;E1:effect=6,aura=108,base=24,trigger=0"
Druid,Balance,16839,Brambles,utility/rank,0,0,,,,-0.001,-0.001,0,0,,,,,,,,"E0:effect=6,aura=108,base=49,trigger=0;E1:effect=6,aura=108,base=49,trigger=0"
Druid,Balance,16840,Brambles,utility/rank,0,0,,,,-0.001,-0.001,0,0,,,,,,,,"E0:effect=6,aura=108,base=74,trigger=0;E1:effect=6,aura=108,base=74,trigger=0"
Druid,Balance,16845,Moonglow,utility/rank,0,0,,,,-0.001,-0.001,0,0,,,,,,,,"E0:effect=6,aura=108,base=-4,trigger=0"
Druid,Balance,16846,Moonglow,utility/rank,0,0,,,,-0.001,-0.001,0,0,,,,,,,,"E0:effect=6,aura=108,base=-7,trigger=0"
Druid,Balance,16847,Moonglow,utility/rank,0,0,,,,-0.001,-0.001,0,0,,,,,,,,"E0:effect=6,aura=108,base=-10,trigger=0"
Druid,Balance,16850,Celestial Focus,passive/talent,0,0,,,,-0.001,-0.001,0,0,,,,,,,,"E0:effect=6,aura=42,base=-1,trigger=16922;E1:effect=6,aura=108,base=24,trigger=0"
Druid,Balance,16880,Nature's Grace,utility/rank,0,0,,,,-0.001,-0.001,0,0,,,,,,,,"E0:effect=6,aura=42,base=0,trigger=16886"
Druid,Balance,16896,Moonfury,utility/rank,0,0,,,,-0.001,-0.001,0,0,,,,,,,,"E0:effect=6,aura=108,base=1,trigger=0;E1:effect=6,aura=108,base=1,trigger=0"
Druid,Balance,16897,Moonfury,utility/rank,0,0,,,,-0.001,-0.001,0,0,,,,,,,,"E0:effect=6,aura=108,base=3,trigger=0;E1:effect=6,aura=108,base=3,trigger=0"
Druid,Balance,16899,Moonfury,utility/rank,0,0,,,,-0.001,-0.001,0,0,,,,,,,,"E0:effect=6,aura=108,base=5,trigger=0;E1:effect=6,aura=108,base=5,trigger=0"
Druid,Balance,16900,Moonfury,utility/rank,0,0,,,,-0.001,-0.001,0,0,,,,,,,,"E0:effect=6,aura=108,base=7,trigger=0;E1:effect=6,aura=108,base=7,trigger=0"
Druid,Balance,16901,Moonfury,utility/rank,0,0,,,,-0.001,-0.001,0,0,,,,,,,,"E0:effect=6,aura=108,base=9,trigger=0;E1:effect=6,aura=108,base=9,trigger=0"
Druid,Balance,16909,Vengeance,utility/rank,0,0,,,,-0.001,-0.001,0,0,,,,,,,,"E0:effect=6,aura=108,base=19,trigger=0"
Druid,Balance,16910,Vengeance,utility/rank,0,0,,,,-0.001,-0.001,0,0,,,,,,,,"E0:effect=6,aura=108,base=39,trigger=0"
Druid,Balance,16911,Vengeance,utility/rank,0,0,,,,-0.001,-0.001,0,0,,,,,,,,"E0:effect=6,aura=108,base=59,trigger=0"
Druid,Balance,16912,Vengeance,utility/rank,0,0,,,,-0.001,-0.001,0,0,,,,,,,,"E0:effect=6,aura=108,base=79,trigger=0"
Druid,Balance,16913,Vengeance,utility/rank,0,0,,,,-0.001,-0.001,0,0,,,,,,,,"E0:effect=6,aura=108,base=99,trigger=0"
Druid,Balance,16914,Hurricane,utility/rank,0,0,1.5,0,60,10,10,0,30,type0:880,1073741824,2,,,,,"E0:effect=27,aura=4,base=69,trigger=0;E1:effect=27,aura=138,base=-26,trigger=0;E2:effect=6,aura=23,base=0,trigger=42231"
Druid,Balance,16918,Control of Nature,utility/rank,0,0,,,,-0.001,-0.001,0,0,,,,,,,,"E0:effect=6,aura=108,base=39,trigger=0"
Druid,Balance,16919,Control of Nature,utility/rank,0,0,,,,-0.001,-0.001,0,0,,,,,,,,"E0:effect=6,aura=108,base=69,trigger=0"
Druid,Balance,16920,Control of Nature,utility/rank,0,0,,,,-0.001,-0.001,0,0,,,,,,,,"E0:effect=6,aura=108,base=99,trigger=0"
Druid,Balance,16923,Celestial Focus,passive/talent,0,0,,,,-0.001,-0.001,0,0,,,,,,,,"E0:effect=6,aura=42,base=-1,trigger=16922;E1:effect=6,aura=108,base=49,trigger=0"
Druid,Balance,16924,Celestial Focus,passive/talent,0,0,,,,-0.001,-0.001,0,0,,,,,,,,"E0:effect=6,aura=42,base=-1,trigger=16922;E1:effect=6,aura=108,base=69,trigger=0"
Druid,Balance,17245,Improved Nature's Grasp,passive/talent,0,0,,,,-0.001,-0.001,0,0,,,,,,,,"E0:effect=6,aura=107,base=14,trigger=0"
Druid,Balance,17247,Improved Nature's Grasp,passive/talent,0,0,,,,-0.001,-0.001,0,0,,,,,,,,"E0:effect=6,aura=107,base=29,trigger=0"
Druid,Balance,17248,Improved Nature's Grasp,passive/talent,0,0,,,,-0.001,-0.001,0,0,,,,,,,,"E0:effect=6,aura=107,base=44,trigger=0"
Druid,Balance,17249,Improved Nature's Grasp,passive/talent,0,0,,,,-0.001,-0.001,0,0,,,,,,,,"E0:effect=6,aura=107,base=64,trigger=0"
Druid,Balance,17329,Nature's Grasp,utility/rank,0,0,1.5,0,60,45,45,0,0,,1073741969,2,,,,,"E0:effect=6,aura=42,base=0,trigger=19970"
Druid,Balance,17401,Hurricane,utility/rank,0,0,1.5,0,60,10,10,0,30,type0:1180,1073741824,2,,,,,"E0:effect=27,aura=4,base=99,trigger=0;E1:effect=27,aura=138,base=-26,trigger=0;E2:effect=6,aura=23,base=0,trigger=42232"
Druid,Balance,17402,Hurricane,utility/rank,0,0,1.5,0,60,10,10,0,30,type0:1495,1073741824,2,,,,,"E0:effect=27,aura=4,base=133,trigger=0;E1:effect=27,aura=138,base=-26,trigger=0;E2:effect=6,aura=23,base=0,trigger=42233"
Druid,Balance,18657,Hibernate,utility/rank,1.5,1.5,1.5,0,0,30,30,0,30,type0:120,1073741824,2,,,,,"E0:effect=6,aura=12,base=-1,trigger=0"
Druid,Balance,18658,Hibernate,utility/rank,1.5,1.5,1.5,0,0,40,40,0,30,type0:150,1073741824,2,,,,,"E0:effect=6,aura=12,base=-1,trigger=0"
Druid,Balance,18960,Teleport: Moonglade,utility/rank,10,10,1.5,0,0,,,0,0,type0:120,1073741824,2,,,,,"E0:effect=252,aura=0,base=-1,trigger=0"
Druid,Balance,22812,Barkskin,utility/rank,0,0,1.5,60,0,12,12,0,0,type0:12%,,,,,,,"E0:effect=6,aura=149,base=99,trigger=0;E1:effect=6,aura=87,base=-21,trigger=0"
Druid,Balance,24858,Moonkin Form,utility/rank,0,0,1.5,0,0,-0.001,-0.001,0,0,type0:22%,0,2,,,,,"E0:effect=6,aura=36,base=-1,trigger=0;E1:effect=6,aura=77,base=-1,trigger=0;E2:effect=64,aura=0,base=-1,trigger=24907"
Druid,Balance,24905,Moonkin Form (Passive),utility/rank,0,0,,,,-0.001,-0.001,0,0,,1073741824,0,,,,,"E0:effect=6,aura=142,base=399,trigger=0;E1:effect=6,aura=99,base=59,trigger=0;E2:effect=6,aura=42,base=0,trigger=18350"
Druid,Balance,24907,Moonkin Aura,utility/rank,0,0,,,,-0.001,-0.001,0,0,,1073741824,0,,,,,"E0:effect=35,aura=57,base=4,trigger=0;E1:effect=35,aura=189,base=-1,trigger=0"
Druid,Balance,24974,Insect Swarm,utility/rank,0,0,1.5,0,0,12,12,0,30,type0:85,1073741824,2,,,,,"E0:effect=6,aura=3,base=31,trigger=0;E1:effect=6,aura=54,base=-3,trigger=0"
Druid,Balance,24975,Insect Swarm,utility/rank,0,0,1.5,0,0,12,12,0,30,type0:110,1073741824,2,,,,,"E0:effect=6,aura=3,base=49,trigger=0;E1:effect=6,aura=54,base=-3,trigger=0"
Druid,Balance,24976,Insect Swarm,utility/rank,0,0,1.5,0,0,12,12,0,30,type0:135,1073741824,2,,,,,"E0:effect=6,aura=3,base=71,trigger=0;E1:effect=6,aura=54,base=-3,trigger=0"
Druid,Balance,24977,Insect Swarm,utility/rank,0,0,1.5,0,0,12,12,0,30,type0:155,1073741824,2,,,,,"E0:effect=6,aura=3,base=98,trigger=0;E1:effect=6,aura=54,base=-3,trigger=0"
Druid,Balance,25298,Starfire,damage,3.5,3.5,1.5,0,0,,,0,30,type0:340,1073741824,2,,,,,"E0:effect=2,aura=0,base=495,trigger=0"
Druid,Balance,26984,Wrath,damage,2,2,1.5,0,0,,,0,30,type0:210,1073741824,2,,,,,"E0:effect=2,aura=0,base=277,trigger=0"
Druid,Balance,26985,Wrath,damage,2,2,1.5,0,0,,,0,30,type0:255,1073741824,2,,,,,"E0:effect=2,aura=0,base=380,trigger=0"
Druid,Balance,26986,Starfire,damage,3.5,3.5,1.5,0,0,,,0,30,type0:370,1073741824,2,,,,,"E0:effect=2,aura=0,base=539,trigger=0"
Druid,Balance,26987,Moonfire,utility/rank,0,0,1.5,0,0,12,12,0,30,type0:430,1073741824,2,,,,,"E0:effect=6,aura=3,base=110,trigger=0;E1:effect=2,aura=0,base=219,trigger=0"
Druid,Balance,26988,Moonfire,utility/rank,0,0,1.5,0,0,12,12,0,30,type0:495,1073741824,2,,,,,"E0:effect=6,aura=3,base=149,trigger=0;E1:effect=2,aura=0,base=304,trigger=0"
Druid,Balance,26989,Entangling Roots,utility/rank,1.5,1.5,1.5,0,0,27,27,0,30,type0:160,0,2,,,,,"E0:effect=6,aura=26,base=-1,trigger=0;E1:effect=6,aura=3,base=38,trigger=0"
Druid,Balance,26992,Thorns,utility/rank,0,0,1.5,0,0,600,600,0,30,type0:400,1073741824,2,,,,,"E0:effect=6,aura=15,base=24,trigger=0"
Druid,Balance,26993,Faerie Fire,utility/rank,0,0,1.5,0,0,40,40,0,30,type0:145,1073741824,2,,,,,"E0:effect=6,aura=22,base=-611,trigger=0;E1:effect=6,aura=184,base=-1,trigger=0;E2:effect=6,aura=185,base=-1,trigger=0"
Druid,Balance,26995,Soothe Animal,utility/rank,1.5,1.5,1.5,0,0,15,15,0,40,type0:140,1073741824,2,,,,,"E0:effect=6,aura=91,base=-11,trigger=0"
Druid,Balance,27009,Nature's Grasp,utility/rank,0,0,1.5,0,60,45,45,0,0,,1073741969,2,,,,,"E1:effect=6,aura=42,base=0,trigger=27010"
Druid,Balance,27012,Hurricane,utility/rank,0,0,1.5,0,60,10,10,0,30,type0:1905,1073741824,2,,,,,"E0:effect=27,aura=4,base=205,trigger=0;E1:effect=27,aura=138,base=-26,trigger=0;E2:effect=6,aura=23,base=0,trigger=42230"
Druid,Balance,27013,Insect Swarm,utility/rank,0,0,1.5,0,0,12,12,0,30,type0:175,1073741824,2,,,,,"E0:effect=6,aura=3,base=131,trigger=0;E1:effect=6,aura=54,base=-3,trigger=0"
Druid,Balance,29166,Innervate,utility/rank,0,0,1.5,360,0,20,20,0,30,type0:4%,1073741826,0,,,,,"E0:effect=6,aura=134,base=99,trigger=0;E1:effect=6,aura=110,base=399,trigger=0"
Druid,Balance,33589,Lunar Guidance,passive/talent,0,0,,,,-0.001,-0.001,0,0,,,,,,,,"E0:effect=6,aura=174,base=7,trigger=0;E1:effect=6,aura=175,base=7,trigger=0"
Druid,Balance,33590,Lunar Guidance,passive/talent,0,0,,,,-0.001,-0.001,0,0,,,,,,,,"E0:effect=6,aura=174,base=15,trigger=0;E1:effect=6,aura=175,base=15,trigger=0"
Druid,Balance,33591,Lunar Guidance,passive/talent,0,0,,,,,,0,0,,,,,,,,"E0:effect=6,aura=174,base=24,trigger=0;E1:effect=6,aura=175,base=24,trigger=0"
Druid,Balance,33592,Balance of Power,passive/talent,0,0,,,,-0.001,-0.001,0,0,,,,,,,,"E0:effect=6,aura=576,base=1,trigger=0;E1:effect=6,aura=186,base=-3,trigger=0"
Druid,Balance,33596,Balance of Power,passive/talent,0,0,,,,-0.001,-0.001,0,0,,,,,,,,"E0:effect=6,aura=576,base=3,trigger=0;E1:effect=6,aura=186,base=-5,trigger=0"
Druid,Balance,33597,Dreamstate,utility/rank,0,0,,,,-0.001,-0.001,0,0,,,,,,,,"E0:effect=6,aura=582,base=3,trigger=0"
Druid,Balance,33599,Dreamstate,utility/rank,0,0,,,,-0.001,-0.001,0,0,,,,,,,,"E0:effect=6,aura=582,base=6,trigger=0"
Druid,Balance,33600,Improved Faerie Fire,passive/talent,0,0,,,,-0.001,-0.001,0,0,,,,,,,,"E0:effect=6,aura=107,base=0,trigger=0;E1:effect=6,aura=107,base=0,trigger=0"
Druid,Balance,33601,Improved Faerie Fire,passive/talent,0,0,,,,-0.001,-0.001,0,0,,,,,,,,"E0:effect=6,aura=107,base=1,trigger=0;E1:effect=6,aura=107,base=1,trigger=0"
Druid,Balance,33602,Improved Faerie Fire,passive/talent,0,0,,,,-0.001,-0.001,0,0,,,,,,,,"E0:effect=6,aura=107,base=2,trigger=0;E1:effect=6,aura=107,base=2,trigger=0"
Druid,Balance,33603,Wrath of Cenarius,damage,0,0,,,,-0.001,-0.001,0,0,,,,,,,,"E0:effect=6,aura=107,base=3,trigger=0;E1:effect=6,aura=107,base=1,trigger=0"
Druid,Balance,33604,Wrath of Cenarius,damage,0,0,,,,-0.001,-0.001,0,0,,,,,,,,"E0:effect=6,aura=107,base=7,trigger=0;E1:effect=6,aura=107,base=3,trigger=0"
Druid,Balance,33605,Wrath of Cenarius,damage,0,0,,,,-0.001,-0.001,0,0,,,,,,,,"E0:effect=6,aura=107,base=11,trigger=0;E1:effect=6,aura=107,base=5,trigger=0"
Druid,Balance,33606,Wrath of Cenarius,damage,0,0,,,,-0.001,-0.001,0,0,,,,,,,,"E0:effect=6,aura=107,base=15,trigger=0;E1:effect=6,aura=107,base=7,trigger=0"
Druid,Balance,33607,Wrath of Cenarius,damage,0,0,,,,-0.001,-0.001,0,0,,,,,,,,"E0:effect=6,aura=107,base=19,trigger=0;E1:effect=6,aura=107,base=9,trigger=0"
Druid,Balance,33786,Cyclone,pvp-control,1.5,1.5,1.5,0,0,6,6,0,20,type0:8%,0,2,,,,,"E0:effect=6,aura=12,base=-1,trigger=0;E1:effect=6,aura=39,base=-1,trigger=0"
Druid,Balance,33831,Force of Nature,utility/rank,0,0,1.5,180,0,30,30,0,30,type0:12%,1073741824,2,,,,,"E0:effect=28,aura=0,base=2,trigger=0;E1:effect=6,aura=226,base=0,trigger=0"
Druid,Balance,33956,Dreamstate,utility/rank,0,0,,,,-0.001,-0.001,0,0,,,,,,,,"E0:effect=6,aura=582,base=9,trigger=0"
Druid,Balance,35363,Focused Starlight,passive/talent,0,0,,,,-0.001,-0.001,0,0,,,,,,,,"E0:effect=6,aura=107,base=1,trigger=0"
Druid,Balance,35364,Focused Starlight,passive/talent,0,0,,,,-0.001,-0.001,0,0,,,,,,,,"E0:effect=6,aura=107,base=3,trigger=0"
Druid,Balance,42230,Hurricane,utility/rank,0,0,,,,,,0,100,,,,,,,,"E0:effect=2,aura=0,base=205,trigger=0"
Druid,Balance,42231,Hurricane,utility/rank,0,0,,,,,,0,100,,,,,,,,"E0:effect=2,aura=0,base=69,trigger=0"
Druid,Balance,42232,Hurricane,utility/rank,0,0,,,,,,0,100,,,,,,,,"E0:effect=2,aura=0,base=99,trigger=0"
Druid,Balance,42233,Hurricane,utility/rank,0,0,,,,,,0,100,,,,,,,,"E0:effect=2,aura=0,base=133,trigger=0"
Hunter,Beast Mastery,136,Mend Pet,passive/talent,0,0,1.5,0,0,15,15,0,45,type0:40,,,,,,,"E0:effect=6,aura=8,base=24,trigger=0"
Hunter,Beast Mastery,883,Call Pet,passive/talent,0,0,1.5,0,0,-0.001,-0.001,0,0,,,,,,,,"E0:effect=56,aura=0,base=0,trigger=0"
Hunter,Beast Mastery,982,Revive Pet,passive/talent,10,10,1.5,0,0,3,3,0,0,type0:80%,,,,,,,"E0:effect=109,aura=0,base=14,trigger=0;E1:effect=6,aura=4,base=0,trigger=0"
Hunter,Beast Mastery,1002,Eyes of the Beast,passive/talent,2,2,1.5,0,0,60,60,0,50000,type0:20,,,,,,,"E0:effect=6,aura=378,base=-1,trigger=0;E1:effect=6,aura=4,base=0,trigger=0"
Hunter,Beast Mastery,1462,Beast Lore,passive/talent,0,0,1.5,0,0,30,30,0,40,type0:40,,,,,,,"E0:effect=6,aura=121,base=-1,trigger=0"
Hunter,Beast Mastery,1513,Scare Beast,passive/talent,1.5,1.5,1.5,0,30,10,10,0,30,type0:35,,,,,,,"E0:effect=6,aura=7,base=0,trigger=0;E1:effect=6,aura=31,base=24,trigger=0"
Hunter,Beast Mastery,1515,Tame Beast,passive/talent,0,0,1.5,0,0,20,20,0,30,type0:48%,,,,,,,"E0:effect=6,aura=4,base=0,trigger=0;E1:effect=6,aura=23,base=-1,trigger=13481;E2:effect=6,aura=101,base=-101,trigger=0"
Hunter,Beast Mastery,2641,Dismiss Pet,passive/talent,5,5,1.5,0,0,,,0,10,,,,,,,,"E0:effect=8,aura=0,base=49999,trigger=0;E1:effect=102,aura=0,base=0,trigger=0;E2:effect=64,aura=0,base=0,trigger=47531"
Hunter,Beast Mastery,3111,Mend Pet,passive/talent,0,0,1.5,0,0,15,15,0,45,type0:70,,,,,,,"E0:effect=6,aura=8,base=49,trigger=0"
Hunter,Beast Mastery,3661,Mend Pet,passive/talent,0,0,1.5,0,0,15,15,0,45,type0:100,,,,,,,"E0:effect=6,aura=8,base=89,trigger=0"
Hunter,Beast Mastery,3662,Mend Pet,passive/talent,0,0,1.5,0,0,15,15,0,45,type0:130,,,,,,,"E0:effect=6,aura=8,base=139,trigger=0"
Hunter,Beast Mastery,5118,Aspect of the Cheetah,passive/talent,0,0,1.5,0,0,-0.001,-0.001,0,0,type0:40,,,,,,,"E0:effect=6,aura=31,base=29,trigger=0;E1:effect=6,aura=42,base=-1,trigger=15571"
Hunter,Beast Mastery,6197,Eagle Eye,passive/talent,0,0,1.5,0,0,60,60,0,50000,type0:25,,,,,,,"E0:effect=72,aura=0,base=0,trigger=0;E1:effect=6,aura=4,base=0,trigger=0"
Hunter,Beast Mastery,6991,Feed Pet,passive/talent,0,0,,,,,,0,10,,,,,,,,"E0:effect=101,aura=0,base=34999,trigger=1539"
Hunter,Beast Mastery,13159,Aspect of the Pack,passive/talent,0,0,1.5,0,0,-0.001,-0.001,0,0,type0:100,,,,,,,"E0:effect=35,aura=31,base=29,trigger=0;E1:effect=35,aura=42,base=-1,trigger=15571"
Hunter,Beast Mastery,13161,Aspect of the Beast,passive/talent,0,0,1.5,0,0,-0.001,-0.001,0,0,type0:50,,,,,,,"E0:effect=6,aura=120,base=-1,trigger=0"
Hunter,Beast Mastery,13163,Aspect of the Monkey,passive/talent,0,0,1.5,0,0,-0.001,-0.001,0,0,type0:20,,,,,,,"E0:effect=6,aura=49,base=7,trigger=0"
Hunter,Beast Mastery,13165,Aspect of the Hawk,passive/talent,0,0,1.5,0,0,-0.001,-0.001,0,0,type0:20,,,,,,,"E0:effect=6,aura=124,base=19,trigger=0;E1:effect=6,aura=42,base=-1,trigger=6150"
Hunter,Beast Mastery,13481,Tame Beast,passive/talent,0,0,,,,,,0,30,,,,,,,,"E0:effect=55,aura=0,base=9,trigger=0"
Hunter,Beast Mastery,13542,Mend Pet,passive/talent,0,0,1.5,0,0,15,15,0,45,type0:165,,,,,,,"E0:effect=6,aura=8,base=199,trigger=0"
Hunter,Beast Mastery,13543,Mend Pet,passive/talent,0,0,1.5,0,0,15,15,0,45,type0:200,,,,,,,"E0:effect=6,aura=8,base=279,trigger=0"
Hunter,Beast Mastery,13544,Mend Pet,passive/talent,0,0,1.5,0,0,15,15,0,45,type0:250,,,,,,,"E0:effect=6,aura=8,base=364,trigger=0"
Hunter,Beast Mastery,14318,Aspect of the Hawk,passive/talent,0,0,1.5,0,0,-0.001,-0.001,0,0,type0:35,,,,,,,"E0:effect=6,aura=124,base=34,trigger=0;E1:effect=6,aura=42,base=-1,trigger=6150"
Hunter,Beast Mastery,14319,Aspect of the Hawk,passive/talent,0,0,1.5,0,0,-0.001,-0.001,0,0,type0:50,,,,,,,"E0:effect=6,aura=124,base=49,trigger=0;E1:effect=6,aura=42,base=-1,trigger=6150"
Hunter,Beast Mastery,14320,Aspect of the Hawk,passive/talent,0,0,1.5,0,0,-0.001,-0.001,0,0,type0:70,,,,,,,"E0:effect=6,aura=124,base=69,trigger=0;E1:effect=6,aura=42,base=-1,trigger=6150"
Hunter,Beast Mastery,14321,Aspect of the Hawk,passive/talent,0,0,1.5,0,0,-0.001,-0.001,0,0,type0:90,,,,,,,"E0:effect=6,aura=124,base=89,trigger=0;E1:effect=6,aura=42,base=-1,trigger=6150"
Hunter,Beast Mastery,14322,Aspect of the Hawk,passive/talent,0,0,1.5,0,0,-0.001,-0.001,0,0,type0:110,,,,,,,"E0:effect=6,aura=124,base=109,trigger=0;E1:effect=6,aura=42,base=-1,trigger=6150"
Hunter,Beast Mastery,14326,Scare Beast,passive/talent,1.5,1.5,1.5,0,30,15,15,0,30,type0:50,,,,,,,"E0:effect=6,aura=7,base=0,trigger=0;E1:effect=6,aura=31,base=24,trigger=0"
Hunter,Beast Mastery,14327,Scare Beast,passive/talent,1.5,1.5,1.5,0,30,20,20,0,30,type0:75,,,,,,,"E0:effect=6,aura=7,base=0,trigger=0;E1:effect=6,aura=31,base=24,trigger=0"
Hunter,Beast Mastery,19549,Improved Aspect of the Monkey,passive/talent,0,0,,,,-0.001,-0.001,0,0,,,,,,,,"E0:effect=6,aura=107,base=1,trigger=0"
Hunter,Beast Mastery,19550,Improved Aspect of the Monkey,passive/talent,0,0,,,,-0.001,-0.001,0,0,,,,,,,,"E0:effect=6,aura=107,base=3,trigger=0"
Hunter,Beast Mastery,19551,Improved Aspect of the Monkey,passive/talent,0,0,,,,-0.001,-0.001,0,0,,,,,,,,"E0:effect=6,aura=107,base=5,trigger=0"
Hunter,Beast Mastery,19552,Improved Aspect of the Hawk,passive/talent,0,0,,,,-0.001,-0.001,0,0,,,,,,,,"E0:effect=6,aura=107,base=9,trigger=0;E1:effect=6,aura=107,base=2,trigger=0"
Hunter,Beast Mastery,19553,Improved Aspect of the Hawk,passive/talent,0,0,,,,-0.001,-0.001,0,0,,,,,,,,"E0:effect=6,aura=107,base=9,trigger=0;E1:effect=6,aura=107,base=5,trigger=0"
Hunter,Beast Mastery,19554,Improved Aspect of the Hawk,passive/talent,0,0,,,,-0.001,-0.001,0,0,,,,,,,,"E0:effect=6,aura=107,base=9,trigger=0;E1:effect=6,aura=107,base=8,trigger=0"
Hunter,Beast Mastery,19555,Improved Aspect of the Hawk,passive/talent,0,0,,,,-0.001,-0.001,0,0,,,,,,,,"E0:effect=6,aura=107,base=9,trigger=0;E1:effect=6,aura=107,base=11,trigger=0"
Hunter,Beast Mastery,19556,Improved Aspect of the Hawk,passive/talent,0,0,,,,-0.001,-0.001,0,0,,,,,,,,"E0:effect=6,aura=107,base=9,trigger=0;E1:effect=6,aura=107,base=14,trigger=0"
Hunter,Beast Mastery,19559,Pathfinding,passive/talent,0,0,,,,-0.001,-0.001,0,0,,,,,,,,"E0:effect=6,aura=107,base=3,trigger=0"
Hunter,Beast Mastery,19560,Pathfinding,passive/talent,0,0,,,,-0.001,-0.001,0,0,,,,,,,,"E0:effect=6,aura=107,base=7,trigger=0"
Hunter,Beast Mastery,19572,Improved Mend Pet,passive/talent,0,0,,,,,,0,0,,,,,,,,"E0:effect=6,aura=112,base=24,trigger=0;E1:effect=6,aura=108,base=-11,trigger=0"
Hunter,Beast Mastery,19573,Improved Mend Pet,passive/talent,0,0,,,,,,0,0,,,,,,,,"E0:effect=6,aura=112,base=49,trigger=0;E1:effect=6,aura=108,base=-21,trigger=0"
Hunter,Beast Mastery,19574,Bestial Wrath,damage,0,0,0,120,0,18,18,0,100,type0:10%,,,,,,,"E0:effect=6,aura=61,base=49,trigger=0;E1:effect=6,aura=79,base=49,trigger=0;E2:effect=6,aura=77,base=-1,trigger=0"
Hunter,Beast Mastery,19575,Improved Revive Pet,passive/talent,0,0,,,,-0.001,-0.001,0,0,,,,,,,,"E0:effect=6,aura=107,base=-6001,trigger=0;E1:effect=6,aura=108,base=-41,trigger=0;E2:effect=6,aura=107,base=29,trigger=0"
Hunter,Beast Mastery,19577,Intimidation,passive/talent,0,0,1.5,60,0,15,15,0,100,type0:6%,,,,,,,"E0:effect=6,aura=42,base=-1,trigger=24394"
Hunter,Beast Mastery,19578,Spirit Bond,passive/talent,0,0,,,,-0.001,-0.001,0,0,,,,,,,,"E0:effect=6,aura=4,base=-1,trigger=0"
Hunter,Beast Mastery,19579,Spirit Bond,passive/talent,0,0,,,,-0.001,-0.001,0,100,,,,,,,,"E0:effect=119,aura=20,base=0,trigger=0"
Hunter,Beast Mastery,19583,Endurance Training,passive/talent,0,0,,,,-0.001,-0.001,0,0,,,,,,,,"E0:effect=6,aura=107,base=1,trigger=0;E1:effect=6,aura=133,base=0,trigger=0"
Hunter,Beast Mastery,19584,Endurance Training,passive/talent,0,0,,,,-0.001,-0.001,0,0,,,,,,,,"E0:effect=6,aura=107,base=3,trigger=0;E1:effect=6,aura=133,base=1,trigger=0"
Hunter,Beast Mastery,19585,Endurance Training,passive/talent,0,0,,,,-0.001,-0.001,0,0,,,,,,,,"E0:effect=6,aura=107,base=5,trigger=0;E1:effect=6,aura=133,base=2,trigger=0"
Hunter,Beast Mastery,19586,Endurance Training,passive/talent,0,0,,,,-0.001,-0.001,0,0,,,,,,,,"E0:effect=6,aura=107,base=7,trigger=0;E1:effect=6,aura=133,base=3,trigger=0"
Hunter,Beast Mastery,19587,Endurance Training,passive/talent,0,0,,,,-0.001,-0.001,0,0,,,,,,,,"E0:effect=6,aura=107,base=9,trigger=0;E1:effect=6,aura=133,base=4,trigger=0"
Hunter,Beast Mastery,19590,Bestial Discipline,passive/talent,0,0,,,,-0.001,-0.001,0,0,,,,,,,,"E0:effect=6,aura=107,base=49,trigger=0"
Hunter,Beast Mastery,19592,Bestial Discipline,passive/talent,0,0,,,,-0.001,-0.001,0,0,,,,,,,,"E0:effect=6,aura=107,base=99,trigger=0"
Hunter,Beast Mastery,19596,Bestial Swiftness,passive/talent,0,0,,,,-0.001,-0.001,0,0,,,,,,,,"E0:effect=6,aura=107,base=29,trigger=0"
Hunter,Beast Mastery,19598,Ferocity,passive/talent,0,0,,,,-0.001,-0.001,0,0,,,,,,,,"E0:effect=6,aura=107,base=1,trigger=0"
Hunter,Beast Mastery,19599,Ferocity,passive/talent,0,0,,,,-0.001,-0.001,0,0,,,,,,,,"E0:effect=6,aura=107,base=3,trigger=0"
Hunter,Beast Mastery,19600,Ferocity,passive/talent,0,0,,,,-0.001,-0.001,0,0,,,,,,,,"E0:effect=6,aura=107,base=5,trigger=0"
Hunter,Beast Mastery,19601,Ferocity,passive/talent,0,0,,,,-0.001,-0.001,0,0,,,,,,,,"E0:effect=6,aura=107,base=7,trigger=0"
Hunter,Beast Mastery,19602,Ferocity,passive/talent,0,0,,,,-0.001,-0.001,0,0,,,,,,,,"E0:effect=6,aura=107,base=9,trigger=0"
Hunter,Beast Mastery,19609,Thick Hide,passive/talent,0,0,,,,-0.001,-0.001,0,0,,,,,,,,"E0:effect=6,aura=107,base=6,trigger=0;E1:effect=6,aura=142,base=3,trigger=0"
Hunter,Beast Mastery,19610,Thick Hide,passive/talent,0,0,,,,-0.001,-0.001,0,0,,,,,,,,"E0:effect=6,aura=107,base=13,trigger=0;E1:effect=6,aura=142,base=6,trigger=0"
Hunter,Beast Mastery,19612,Thick Hide,passive/talent,0,0,,,,-0.001,-0.001,0,0,,,,,,,,"E0:effect=6,aura=107,base=19,trigger=0;E1:effect=6,aura=142,base=9,trigger=0"
Hunter,Beast Mastery,19616,Unleashed Fury,passive/talent,0,0,,,,-0.001,-0.001,0,0,,,,,,,,"E0:effect=6,aura=107,base=3,trigger=0"
Hunter,Beast Mastery,19617,Unleashed Fury,passive/talent,0,0,,,,-0.001,-0.001,0,0,,,,,,,,"E0:effect=6,aura=107,base=7,trigger=0"
Hunter,Beast Mastery,19618,Unleashed Fury,passive/talent,0,0,,,,-0.001,-0.001,0,0,,,,,,,,"E0:effect=6,aura=107,base=11,trigger=0"
Hunter,Beast Mastery,19619,Unleashed Fury,passive/talent,0,0,,,,-0.001,-0.001,0,0,,,,,,,,"E0:effect=6,aura=107,base=15,trigger=0"
Hunter,Beast Mastery,19620,Unleashed Fury,passive/talent,0,0,,,,-0.001,-0.001,0,0,,,,,,,,"E0:effect=6,aura=107,base=19,trigger=0"
Hunter,Beast Mastery,19621,Frenzy,passive/talent,0,0,,,,-0.001,-0.001,0,0,,,,,,,,"E0:effect=6,aura=107,base=19,trigger=0"
Hunter,Beast Mastery,19622,Frenzy,passive/talent,0,0,,,,-0.001,-0.001,0,0,,,,,,,,"E0:effect=6,aura=107,base=39,trigger=0"
Hunter,Beast Mastery,19623,Frenzy,passive/talent,0,0,,,,-0.001,-0.001,0,0,,,,,,,,"E0:effect=6,aura=107,base=59,trigger=0"
Hunter,Beast Mastery,19624,Frenzy,passive/talent,0,0,,,,-0.001,-0.001,0,0,,,,,,,,"E0:effect=6,aura=107,base=79,trigger=0"
Hunter,Beast Mastery,19625,Frenzy,passive/talent,0,0,,,,-0.001,-0.001,0,0,,,,,,,,"E0:effect=6,aura=107,base=99,trigger=0"
Hunter,Beast Mastery,20043,Aspect of the Wild,passive/talent,0,0,1.5,0,0,-0.001,-0.001,0,0,type0:90,,,,,,,"E0:effect=35,aura=558,base=44,trigger=0"
Hunter,Beast Mastery,20190,Aspect of the Wild,passive/talent,0,0,1.5,0,0,-0.001,-0.001,0,0,type0:115,,,,,,,"E0:effect=35,aura=558,base=59,trigger=0"
Hunter,Beast Mastery,20895,Spirit Bond,passive/talent,0,0,,,,-0.001,-0.001,0,0,,,,,,,,"E0:effect=6,aura=4,base=-1,trigger=0"
Hunter,Beast Mastery,24395,Bestial Wrath,damage,0,0,,,,18,18,0,100,,,,,,,,"E0:effect=6,aura=77,base=-1,trigger=0;E1:effect=6,aura=77,base=-1,trigger=0;E2:effect=6,aura=77,base=-1,trigger=0"
Hunter,Beast Mastery,24396,Bestial Wrath,damage,0,0,,,,18,18,0,100,,,,,,,,"E0:effect=6,aura=77,base=-1,trigger=0;E1:effect=6,aura=77,base=-1,trigger=0;E2:effect=6,aura=77,base=-1,trigger=0"
Hunter,Beast Mastery,24397,Bestial Wrath,damage,0,0,,,,18,18,0,100,,,,,,,,"E0:effect=6,aura=77,base=-1,trigger=0;E1:effect=6,aura=77,base=-1,trigger=0;E2:effect=6,aura=77,base=-1,trigger=0"
Hunter,Beast Mastery,24406,Improved Mend Pet,passive/talent,0,0,,,,,,0,100,,,,,,,,"E0:effect=38,aura=0,base=0,trigger=0"
Hunter,Beast Mastery,24443,Improved Revive Pet,passive/talent,0,0,,,,-0.001,-0.001,0,0,,,,,,,,"E0:effect=6,aura=107,base=-3001,trigger=0;E1:effect=6,aura=108,base=-21,trigger=0;E2:effect=6,aura=107,base=14,trigger=0"
Hunter,Beast Mastery,24529,Spirit Bond,passive/talent,0,0,,,,-0.001,-0.001,0,100,,,,,,,,"E0:effect=119,aura=20,base=1,trigger=0"
Hunter,Beast Mastery,25296,Aspect of the Hawk,passive/talent,0,0,1.5,0,0,-0.001,-0.001,0,0,type0:120,,,,,,,"E0:effect=6,aura=124,base=119,trigger=0;E1:effect=6,aura=42,base=-1,trigger=6150"
Hunter,Beast Mastery,27044,Aspect of the Hawk,passive/talent,0,0,1.5,0,0,-0.001,-0.001,0,0,type0:140,,,,,,,"E0:effect=6,aura=124,base=154,trigger=0;E1:effect=6,aura=42,base=-1,trigger=6150"
Hunter,Beast Mastery,27045,Aspect of the Wild,passive/talent,0,0,1.5,0,0,-0.001,-0.001,0,0,type0:150,,,,,,,"E0:effect=35,aura=558,base=69,trigger=0"
Hunter,Beast Mastery,27046,Mend Pet,passive/talent,0,0,1.5,0,0,15,15,0,45,type0:300,,,,,,,"E0:effect=6,aura=8,base=474,trigger=0"
Hunter,Beast Mastery,34026,Kill Command,passive/talent,0,0,0,0,5,,,0,45,type0:75,,,,,,,"E0:effect=3,aura=0,base=34026,trigger=0;E1:effect=77,aura=0,base=0,trigger=0"
Hunter,Beast Mastery,34074,Aspect of the Viper,pvp-control,0,0,1.5,0,0,-0.001,-0.001,0,0,type0:40,,,,,,,"E0:effect=6,aura=226,base=54,trigger=0;E1:effect=3,aura=0,base=34,trigger=0"
Hunter,Beast Mastery,34453,Animal Handler,passive/talent,0,0,,,,-0.001,-0.001,0,0,,,,,,,,"E0:effect=6,aura=172,base=3,trigger=0;E1:effect=6,aura=107,base=1,trigger=0;E2:effect=6,aura=211,base=3,trigger=0"
Hunter,Beast Mastery,34454,Animal Handler,passive/talent,0,0,,,,-0.001,-0.001,0,0,,,,,,,,"E0:effect=6,aura=172,base=7,trigger=0;E1:effect=6,aura=107,base=3,trigger=0;E2:effect=6,aura=211,base=7,trigger=0"
Hunter,Beast Mastery,34455,Ferocious Inspiration,passive/talent,0,0,,,,-0.001,-0.001,0,0,,,,,,,,"E0:effect=6,aura=107,base=99,trigger=0;E1:effect=6,aura=107,base=0,trigger=0"
Hunter,Beast Mastery,34459,Ferocious Inspiration,passive/talent,0,0,,,,-0.001,-0.001,0,0,,,,,,,,"E0:effect=6,aura=107,base=99,trigger=0;E1:effect=6,aura=107,base=1,trigger=0"
Hunter,Beast Mastery,34460,Ferocious Inspiration,passive/talent,0,0,,,,-0.001,-0.001,0,0,,,,,,,,"E0:effect=6,aura=107,base=99,trigger=0;E1:effect=6,aura=107,base=2,trigger=0"
Hunter,Beast Mastery,34462,Catlike Reflexes,passive/talent,0,0,,,,-0.001,-0.001,0,0,,,,,,,,"E0:effect=6,aura=49,base=0,trigger=0;E1:effect=6,aura=107,base=2,trigger=0"
Hunter,Beast Mastery,34464,Catlike Reflexes,passive/talent,0,0,,,,-0.001,-0.001,0,0,,,,,,,,"E0:effect=6,aura=49,base=1,trigger=0;E1:effect=6,aura=107,base=5,trigger=0"
Hunter,Beast Mastery,34465,Catlike Reflexes,passive/talent,0,0,,,,-0.001,-0.001,0,0,,,,,,,,"E0:effect=6,aura=49,base=2,trigger=0;E1:effect=6,aura=107,base=8,trigger=0"
Hunter,Beast Mastery,34466,Serpent's Swiftness,passive/talent,0,0,,,,-0.001,-0.001,0,0,,,,,,,,"E0:effect=6,aura=140,base=3,trigger=0;E1:effect=6,aura=107,base=3,trigger=0"
Hunter,Beast Mastery,34467,Serpent's Swiftness,passive/talent,0,0,,,,-0.001,-0.001,0,0,,,,,,,,"E0:effect=6,aura=140,base=7,trigger=0;E1:effect=6,aura=107,base=7,trigger=0"
Hunter,Beast Mastery,34468,Serpent's Swiftness,passive/talent,0,0,,,,-0.001,-0.001,0,0,,,,,,,,"E0:effect=6,aura=140,base=11,trigger=0;E1:effect=6,aura=107,base=11,trigger=0"
Hunter,Beast Mastery,34469,Serpent's Swiftness,passive/talent,0,0,,,,-0.001,-0.001,0,0,,,,,,,,"E0:effect=6,aura=140,base=15,trigger=0;E1:effect=6,aura=107,base=15,trigger=0"
Hunter,Beast Mastery,34470,Serpent's Swiftness,passive/talent,0,0,,,,-0.001,-0.001,0,0,,,,,,,,"E0:effect=6,aura=140,base=19,trigger=0;E1:effect=6,aura=107,base=19,trigger=0"
Hunter,Beast Mastery,34471,The Beast Within,passive/talent,0,0,,,,18,18,0,0,,,,,,,,"E0:effect=6,aura=72,base=-21,trigger=0;E1:effect=6,aura=79,base=9,trigger=0;E2:effect=6,aura=77,base=-1,trigger=0"
Hunter,Beast Mastery,34692,The Beast Within,passive/talent,0,0,,,,-0.001,-0.001,0,0,,,,,,,,"E0:effect=6,aura=4,base=-1,trigger=0"
Hunter,Beast Mastery,35029,Focused Fire,passive/talent,0,0,,,,-0.001,-0.001,0,0,,,,,,,,"E0:effect=3,aura=0,base=0,trigger=0;E1:effect=6,aura=107,base=9,trigger=0"
Hunter,Beast Mastery,35030,Focused Fire,passive/talent,0,0,,,,-0.001,-0.001,0,0,,,,,,,,"E0:effect=3,aura=0,base=1,trigger=0;E1:effect=6,aura=107,base=19,trigger=0"
Hunter,Survival,781,Disengage,utility/rank,0,0,1.5,0,5,,,0,5,type0:50,,,,,2,173555,"E0:effect=63,aura=0,base=-141,trigger=0"
Hunter,Survival,1494,Track Beasts,utility/rank,0,0,1.5,0,0,-0.001,-0.001,0,0,,,,,,,,"E0:effect=6,aura=44,base=0,trigger=0"
Hunter,Survival,1495,Mongoose Bite,utility/rank,0,0,1.5,0,5,,,0,5,type0:30,,,,,,,"E0:effect=2,aura=0,base=24,trigger=0"
Hunter,Survival,1499,Freezing Trap,pvp-control,0,0,1.5,0,30,60,60,0,0,type0:50,,,,,,,"E0:effect=320,aura=0,base=0,trigger=0"
Hunter,Survival,2973,Raptor Strike,damage,0,0,0,0,6,,,0,5,type0:15,,,,,2,173555,"E0:effect=58,aura=0,base=4,trigger=0"
Hunter,Survival,2974,Wing Clip,utility/rank,0,0,1.5,0,0,10,10,0,5,type0:40,,,,,2,173555,"E0:effect=6,aura=33,base=-51,trigger=0;E1:effect=2,aura=0,base=4,trigger=0"
Hunter,Survival,5384,Feign Death,utility/rank,0,0,0,30,0,360,360,0,0,type0:80,,,,,,,"E0:effect=6,aura=66,base=-1,trigger=0"
Hunter,Survival,13795,Immolation Trap,pvp-control,0,0,1.5,0,30,60,60,0,0,type0:50,,,,,,,"E0:effect=320,aura=0,base=0,trigger=0"
Hunter,Survival,13797,Immolation Trap Effect,pvp-control,0,0,,,,15,15,0,10,,,,,,,,"E0:effect=6,aura=3,base=20,trigger=0"
Hunter,Survival,13809,Frost Trap,pvp-control,0,0,1.5,0,30,60,60,0,0,type0:60,,,,,,,"E0:effect=320,aura=0,base=0,trigger=0"
Hunter,Survival,13812,Explosive Trap Effect,pvp-control,0,0,,,,20,20,0,0,,,,,,,,"E0:effect=2,aura=0,base=99,trigger=0;E1:effect=27,aura=3,base=14,trigger=0"
Hunter,Survival,13813,Explosive Trap,pvp-control,0,0,1.5,0,30,60,60,0,0,type0:275,,,,,,,"E0:effect=320,aura=0,base=-1,trigger=0"
Hunter,Survival,14260,Raptor Strike,damage,0,0,0,0,6,,,0,5,type0:25,,,,,2,173555,"E0:effect=58,aura=0,base=10,trigger=0"
Hunter,Survival,14261,Raptor Strike,damage,0,0,0,0,6,,,0,5,type0:35,,,,,2,173555,"E0:effect=58,aura=0,base=20,trigger=0"
Hunter,Survival,14262,Raptor Strike,damage,0,0,0,0,6,,,0,5,type0:45,,,,,2,173555,"E0:effect=58,aura=0,base=33,trigger=0"
Hunter,Survival,14263,Raptor Strike,damage,0,0,0,0,6,,,0,5,type0:55,,,,,2,173555,"E0:effect=58,aura=0,base=49,trigger=0"
Hunter,Survival,14264,Raptor Strike,damage,0,0,0,0,6,,,0,5,type0:70,,,,,2,173555,"E0:effect=58,aura=0,base=79,trigger=0"
Hunter,Survival,14265,Raptor Strike,damage,0,0,0,0,6,,,0,5,type0:85,,,,,2,173555,"E0:effect=58,aura=0,base=109,trigger=0"
Hunter,Survival,14266,Raptor Strike,damage,0,0,0,0,6,,,0,5,type0:100,,,,,2,173555,"E0:effect=58,aura=0,base=139,trigger=0"
Hunter,Survival,14267,Wing Clip,utility/rank,0,0,1.5,0,0,10,10,0,5,type0:60,,,,,2,173555,"E0:effect=6,aura=33,base=-56,trigger=0;E1:effect=2,aura=0,base=24,trigger=0"
Hunter,Survival,14268,Wing Clip,utility/rank,0,0,1.5,0,0,10,10,0,5,type0:80,,,,,2,173555,"E0:effect=6,aura=33,base=-61,trigger=0;E1:effect=2,aura=0,base=49,trigger=0"
Hunter,Survival,14269,Mongoose Bite,utility/rank,0,0,1.5,0,5,,,0,5,type0:40,,,,,,,"E0:effect=2,aura=0,base=44,trigger=0"
Hunter,Survival,14270,Mongoose Bite,utility/rank,0,0,1.5,0,5,,,0,5,type0:50,,,,,,,"E0:effect=2,aura=0,base=74,trigger=0"
Hunter,Survival,14271,Mongoose Bite,utility/rank,0,0,1.5,0,5,,,0,5,type0:65,,,,,,,"E0:effect=2,aura=0,base=114,trigger=0"
Hunter,Survival,14272,Disengage,utility/rank,0,0,1.5,0,5,,,0,5,type0:100,,,,,2,173555,"E0:effect=63,aura=0,base=-281,trigger=0"
Hunter,Survival,14273,Disengage,utility/rank,0,0,1.5,0,5,,,0,5,type0:150,,,,,2,173555,"E0:effect=63,aura=0,base=-406,trigger=0"
Hunter,Survival,14298,Immolation Trap Effect,pvp-control,0,0,,,,15,15,0,10,,,,,,,,"E0:effect=6,aura=3,base=42,trigger=0"
Hunter,Survival,14299,Immolation Trap Effect,pvp-control,0,0,,,,15,15,0,10,,,,,,,,"E0:effect=6,aura=3,base=67,trigger=0"
Hunter,Survival,14300,Immolation Trap Effect,pvp-control,0,0,,,,15,15,0,10,,,,,,,,"E0:effect=6,aura=3,base=101,trigger=0"
Hunter,Survival,14301,Immolation Trap Effect,pvp-control,0,0,,,,15,15,0,10,,,,,,,,"E0:effect=6,aura=3,base=137,trigger=0"
Hunter,Survival,14302,Immolation Trap,pvp-control,0,0,1.5,0,30,60,60,0,0,type0:90,,,,,,,"E0:effect=320,aura=0,base=0,trigger=0"
Hunter,Survival,14303,Immolation Trap,pvp-control,0,0,1.5,0,30,60,60,0,0,type0:135,,,,,,,"E0:effect=320,aura=0,base=0,trigger=0"
Hunter,Survival,14304,Immolation Trap,pvp-control,0,0,1.5,0,30,60,60,0,0,type0:190,,,,,,,"E0:effect=320,aura=0,base=0,trigger=0"
Hunter,Survival,14305,Immolation Trap,pvp-control,0,0,1.5,0,30,60,60,0,0,type0:245,,,,,,,"E0:effect=320,aura=0,base=0,trigger=0"
Hunter,Survival,14310,Freezing Trap,pvp-control,0,0,1.5,0,30,60,60,0,0,type0:75,,,,,,,"E0:effect=320,aura=0,base=0,trigger=0"
Hunter,Survival,14311,Freezing Trap,pvp-control,0,0,1.5,0,30,60,60,0,0,type0:100,,,,,,,"E0:effect=320,aura=0,base=0,trigger=0"
Hunter,Survival,14314,Explosive Trap Effect,pvp-control,0,0,,,,20,20,0,0,,,,,,,,"E0:effect=2,aura=0,base=138,trigger=0;E1:effect=27,aura=3,base=23,trigger=0"
Hunter,Survival,14315,Explosive Trap Effect,pvp-control,0,0,,,,20,20,0,0,,,,,,,,"E0:effect=2,aura=0,base=200,trigger=0;E1:effect=27,aura=3,base=32,trigger=0"
Hunter,Survival,14316,Explosive Trap,pvp-control,0,0,1.5,0,30,60,60,0,0,type0:395,,,,,,,"E0:effect=320,aura=0,base=0,trigger=0"
Hunter,Survival,14317,Explosive Trap,pvp-control,0,0,1.5,0,30,60,60,0,0,type0:520,,,,,,,"E0:effect=320,aura=0,base=0,trigger=0"
Hunter,Survival,19151,Humanoid Slaying,utility/rank,0,0,,,,-0.001,-0.001,0,0,,,,,,,,"E0:effect=6,aura=168,base=0,trigger=0;E1:effect=6,aura=547,base=0,trigger=0"
Hunter,Survival,19152,Humanoid Slaying,utility/rank,0,0,,,,-0.001,-0.001,0,0,,,,,,,,"E0:effect=6,aura=168,base=1,trigger=0;E1:effect=6,aura=547,base=1,trigger=0"
Hunter,Survival,19153,Humanoid Slaying,utility/rank,0,0,,,,-0.001,-0.001,0,0,,,,,,,,"E0:effect=6,aura=168,base=2,trigger=0;E1:effect=6,aura=547,base=2,trigger=0"
Hunter,Survival,19159,Savage Strikes,damage,0,0,,,,-0.001,-0.001,0,0,,,,,,,,"E0:effect=6,aura=107,base=9,trigger=0"
Hunter,Survival,19160,Savage Strikes,damage,0,0,,,,-0.001,-0.001,0,0,,,,,,,,"E0:effect=6,aura=107,base=19,trigger=0"
Hunter,Survival,19168,Lightning Reflexes,utility/rank,0,0,,,,-0.001,-0.001,0,0,,,,,,,,"E0:effect=6,aura=137,base=2,trigger=0"
Hunter,Survival,19180,Lightning Reflexes,utility/rank,0,0,,,,-0.001,-0.001,0,0,,,,,,,,"E0:effect=6,aura=137,base=5,trigger=0"
Hunter,Survival,19181,Lightning Reflexes,utility/rank,0,0,,,,-0.001,-0.001,0,0,,,,,,,,"E0:effect=6,aura=137,base=8,trigger=0"
Hunter,Survival,19184,Entrapment,pvp-control,0,0,,,,,,0,0,,,,,,,,"E0:effect=6,aura=42,base=-1,trigger=19185"
Hunter,Survival,19185,Entrapment,pvp-control,0,0,,,,4,4,0,50000,,,,,,,,"E0:effect=6,aura=26,base=0,trigger=0"
Hunter,Survival,19228,Improved Wing Clip,passive/talent,0,0,,,,-0.001,-0.001,0,0,,,,,,,,"E0:effect=6,aura=42,base=0,trigger=19229"
Hunter,Survival,19232,Improved Wing Clip,passive/talent,0,0,,,,-0.001,-0.001,0,0,,,,,,,,"E0:effect=6,aura=42,base=0,trigger=19229"
Hunter,Survival,19233,Improved Wing Clip,passive/talent,0,0,,,,-0.001,-0.001,0,0,,,,,,,,"E0:effect=6,aura=42,base=0,trigger=19229"
Hunter,Survival,19239,Clever Traps,pvp-control,0,0,,,,-0.001,-0.001,0,0,,,,,,,,"E0:effect=6,aura=108,base=14,trigger=0;E1:effect=6,aura=108,base=14,trigger=0"
Hunter,Survival,19245,Clever Traps,pvp-control,0,0,,,,-0.001,-0.001,0,0,,,,,,,,"E0:effect=6,aura=108,base=29,trigger=0;E1:effect=6,aura=108,base=29,trigger=0"
Hunter,Survival,19255,Survivalist,utility/rank,0,0,,,,-0.001,-0.001,0,0,,,,,,,,"E0:effect=6,aura=133,base=1,trigger=0"
Hunter,Survival,19256,Survivalist,utility/rank,0,0,,,,-0.001,-0.001,0,0,,,,,,,,"E0:effect=6,aura=133,base=3,trigger=0"
Hunter,Survival,19257,Survivalist,utility/rank,0,0,,,,-0.001,-0.001,0,0,,,,,,,,"E0:effect=6,aura=133,base=5,trigger=0"
Hunter,Survival,19258,Survivalist,utility/rank,0,0,,,,-0.001,-0.001,0,0,,,,,,,,"E0:effect=6,aura=133,base=7,trigger=0"
Hunter,Survival,19259,Survivalist,utility/rank,0,0,,,,-0.001,-0.001,0,0,,,,,,,,"E0:effect=6,aura=133,base=9,trigger=0"
Hunter,Survival,19263,Deterrence,utility/rank,0,0,0,300,0,10,10,0,0,,,,,,,,"E0:effect=6,aura=47,base=24,trigger=0;E1:effect=6,aura=49,base=24,trigger=0"
Hunter,Survival,19286,Improved Feign Death,passive/talent,0,0,,,,-0.001,-0.001,0,0,,,,,,,,"E0:effect=6,aura=107,base=1,trigger=0"
Hunter,Survival,19287,Improved Feign Death,passive/talent,0,0,,,,-0.001,-0.001,0,0,,,,,,,,"E0:effect=6,aura=107,base=3,trigger=0"
Hunter,Survival,19290,Surefooted,utility/rank,0,0,,,,-0.001,-0.001,0,0,,,,,,,,"E0:effect=6,aura=117,base=4,trigger=0;E1:effect=6,aura=117,base=4,trigger=0;E2:effect=6,aura=54,base=0,trigger=0"
Hunter,Survival,19294,Surefooted,utility/rank,0,0,,,,-0.001,-0.001,0,0,,,,,,,,"E0:effect=6,aura=117,base=9,trigger=0;E1:effect=6,aura=117,base=9,trigger=0;E2:effect=6,aura=54,base=1,trigger=0"
Hunter,Survival,19295,Deflection,utility/rank,0,0,,,,-0.001,-0.001,0,0,,,,,,,,"E0:effect=6,aura=47,base=0,trigger=0"
Hunter,Survival,19297,Deflection,utility/rank,0,0,,,,-0.001,-0.001,0,0,,,,,,,,"E0:effect=6,aura=47,base=1,trigger=0"
Hunter,Survival,19298,Deflection,utility/rank,0,0,,,,-0.001,-0.001,0,0,,,,,,,,"E0:effect=6,aura=47,base=2,trigger=0"
Hunter,Survival,19300,Deflection,utility/rank,0,0,,,,-0.001,-0.001,0,0,,,,,,,,"E0:effect=6,aura=47,base=4,trigger=0"
Hunter,Survival,19301,Deflection,utility/rank,0,0,,,,-0.001,-0.001,0,0,,,,,,,,"E0:effect=6,aura=47,base=3,trigger=0"
Hunter,Survival,19306,Counterattack,utility/rank,0,0,1.5,0,5,5,5,0,5,type0:45,,,,,,,"E0:effect=2,aura=0,base=39,trigger=0;E1:effect=6,aura=26,base=0,trigger=0"
Hunter,Survival,19370,Killer Instinct,passive/talent,0,0,,,,-0.001,-0.001,0,0,,,,,,,,"E0:effect=6,aura=52,base=0,trigger=0"
Hunter,Survival,19371,Killer Instinct,passive/talent,0,0,,,,-0.001,-0.001,0,0,,,,,,,,"E0:effect=6,aura=52,base=1,trigger=0"
Hunter,Survival,19373,Killer Instinct,passive/talent,0,0,,,,-0.001,-0.001,0,0,,,,,,,,"E0:effect=6,aura=52,base=2,trigger=0"
Hunter,Survival,19376,Trap Mastery,pvp-control,0,0,,,,-0.001,-0.001,0,0,,,,,,,,"E0:effect=6,aura=107,base=4,trigger=0"
Hunter,Survival,19377,Trap Mastery,pvp-control,0,0,,,,-0.001,-0.001,0,0,,,,,,,,"E0:effect=6,aura=107,base=9,trigger=0"
Hunter,Survival,19381,Melee Specialization,passive/talent,0,0,,,,-0.001,-0.001,0,0,,,,,,2,173555,"E0:effect=6,aura=79,base=0,trigger=0"
Hunter,Survival,19382,Melee Specialization,passive/talent,0,0,,,,-0.001,-0.001,0,0,,,,,,2,173555,"E0:effect=6,aura=79,base=1,trigger=0"
Hunter,Survival,19383,Melee Specialization,passive/talent,0,0,,,,-0.001,-0.001,0,0,,,,,,2,173555,"E0:effect=6,aura=79,base=2,trigger=0"
Hunter,Survival,19384,Melee Specialization,passive/talent,0,0,,,,-0.001,-0.001,0,0,,,,,,2,173555,"E0:effect=6,aura=79,base=3,trigger=0"
Hunter,Survival,19385,Melee Specialization,passive/talent,0,0,,,,-0.001,-0.001,0,0,,,,,,2,173555,"E0:effect=6,aura=79,base=4,trigger=0"
Hunter,Survival,19386,Wyvern Sting,utility/rank,-1000,-1000,1.5,0,120,12,12,0,35,type0:115,,,,,2,262156,"E0:effect=6,aura=12,base=-1,trigger=0"
Hunter,Survival,19387,Entrapment,pvp-control,0,0,,,,,,0,0,,,,,,,,"E0:effect=6,aura=42,base=-1,trigger=19185"
Hunter,Survival,19388,Entrapment,pvp-control,0,0,,,,,,0,0,,,,,,,,"E0:effect=6,aura=42,base=-1,trigger=19185"
Hunter,Survival,19498,Hawk Eye,utility/rank,0,0,,,,-0.001,-0.001,0,0,,,,,,,,"E0:effect=6,aura=107,base=1,trigger=0"
Hunter,Survival,19499,Hawk Eye,utility/rank,0,0,,,,-0.001,-0.001,0,0,,,,,,,,"E0:effect=6,aura=107,base=3,trigger=0"
Hunter,Survival,19500,Hawk Eye,utility/rank,0,0,,,,-0.001,-0.001,0,0,,,,,,,,"E0:effect=6,aura=107,base=5,trigger=0"
Hunter,Survival,19878,Track Demons,utility/rank,0,0,1.5,0,0,-0.001,-0.001,0,0,,,,,,,,"E0:effect=6,aura=44,base=0,trigger=0"
Hunter,Survival,19879,Track Dragonkin,utility/rank,0,0,1.5,0,0,-0.001,-0.001,0,0,,,,,,,,"E0:effect=6,aura=44,base=0,trigger=0"
Hunter,Survival,19880,Track Elementals,utility/rank,0,0,1.5,0,0,-0.001,-0.001,0,0,,,,,,,,"E0:effect=6,aura=44,base=0,trigger=0"
Hunter,Survival,19882,Track Giants,utility/rank,0,0,1.5,0,0,-0.001,-0.001,0,0,,,,,,,,"E0:effect=6,aura=44,base=0,trigger=0"
Hunter,Survival,19883,Track Humanoids,utility/rank,0,0,1.5,0,0,-0.001,-0.001,0,0,,,,,,,,"E0:effect=6,aura=44,base=0,trigger=0"
Hunter,Survival,19884,Track Undead,utility/rank,0,0,1.5,0,0,-0.001,-0.001,0,0,,,,,,,,"E0:effect=6,aura=44,base=0,trigger=0"
Hunter,Survival,19885,Track Hidden,utility/rank,0,0,1.5,0,0,-0.001,-0.001,0,0,,,,,,,,"E0:effect=6,aura=151,base=0,trigger=0;E1:effect=6,aura=17,base=29,trigger=0"
Hunter,Survival,20909,Counterattack,utility/rank,0,0,1.5,0,5,5,5,0,5,type0:65,,,,,,,"E0:effect=2,aura=0,base=69,trigger=0;E1:effect=6,aura=26,base=0,trigger=0"
Hunter,Survival,20910,Counterattack,utility/rank,0,0,1.5,0,5,5,5,0,5,type0:85,,,,,,,"E0:effect=2,aura=0,base=109,trigger=0;E1:effect=6,aura=26,base=0,trigger=0"
Hunter,Survival,23989,Readiness,utility/rank,0,0,1,300,0,,,0,0,,,,,,,,"E0:effect=3,aura=0,base=0,trigger=0"
Hunter,Survival,24131,Wyvern Sting,utility/rank,0,0,,,,12,12,0,50000,,,,,,,,"E0:effect=6,aura=3,base=49,trigger=0"
Hunter,Survival,24132,Wyvern Sting,utility/rank,-1000,-1000,1.5,0,120,12,12,0,35,type0:155,,,,,2,262156,"E0:effect=6,aura=12,base=-1,trigger=0"
Hunter,Survival,24133,Wyvern Sting,utility/rank,-1000,-1000,1.5,0,120,12,12,0,35,type0:205,,,,,2,262156,"E0:effect=6,aura=12,base=-1,trigger=0"
Hunter,Survival,24134,Wyvern Sting,utility/rank,0,0,,,,12,12,0,50000,,,,,,,,"E0:effect=6,aura=3,base=69,trigger=0"
Hunter,Survival,24135,Wyvern Sting,utility/rank,0,0,,,,12,12,0,50000,,,,,,,,"E0:effect=6,aura=3,base=99,trigger=0"
Hunter,Survival,24283,Surefooted,utility/rank,0,0,,,,-0.001,-0.001,0,0,,,,,,,,"E0:effect=6,aura=117,base=14,trigger=0;E1:effect=6,aura=117,base=14,trigger=0;E2:effect=6,aura=54,base=2,trigger=0"
Hunter,Survival,24293,Monster Slaying,utility/rank,0,0,,,,-0.001,-0.001,0,0,,,,,,,,"E0:effect=6,aura=168,base=0,trigger=0;E1:effect=6,aura=547,base=0,trigger=0"
Hunter,Survival,24294,Monster Slaying,utility/rank,0,0,,,,-0.001,-0.001,0,0,,,,,,,,"E0:effect=6,aura=168,base=1,trigger=0;E1:effect=6,aura=547,base=1,trigger=0"
Hunter,Survival,24295,Monster Slaying,utility/rank,0,0,,,,-0.001,-0.001,0,0,,,,,,,,"E0:effect=6,aura=168,base=2,trigger=0;E1:effect=6,aura=547,base=2,trigger=0"
Hunter,Survival,24296,Lightning Reflexes,utility/rank,0,0,,,,-0.001,-0.001,0,0,,,,,,,,"E0:effect=6,aura=137,base=11,trigger=0"
Hunter,Survival,24297,Lightning Reflexes,utility/rank,0,0,,,,-0.001,-0.001,0,0,,,,,,,,"E0:effect=6,aura=137,base=14,trigger=0"
Hunter,Survival,27014,Raptor Strike,damage,0,0,0,0,6,,,0,5,type0:120,,,,,2,173555,"E0:effect=58,aura=0,base=169,trigger=0"
Hunter,Survival,27015,Disengage,utility/rank,0,0,1.5,0,5,,,0,5,type0:205,,,,,2,173555,"E0:effect=63,aura=0,base=-546,trigger=0"
Hunter,Survival,27023,Immolation Trap,pvp-control,0,0,1.5,0,30,60,60,0,0,type0:305,,,,,,,"E0:effect=320,aura=0,base=0,trigger=0"
Hunter,Survival,27024,Immolation Trap Effect,pvp-control,0,0,,,,15,15,0,10,,,,,,,,"E0:effect=6,aura=3,base=196,trigger=0"
Hunter,Survival,27025,Explosive Trap,pvp-control,0,0,1.5,0,30,60,60,0,0,type0:650,,,,,,,"E0:effect=320,aura=0,base=0,trigger=0"
Hunter,Survival,27067,Counterattack,utility/rank,0,0,1.5,0,5,5,5,0,5,type0:110,,,,,,,"E0:effect=2,aura=0,base=164,trigger=0;E1:effect=6,aura=26,base=0,trigger=0"
Hunter,Survival,27068,Wyvern Sting,utility/rank,-1000,-1000,1.5,0,120,12,12,0,35,type0:255,,,,,2,262156,"E0:effect=6,aura=12,base=-1,trigger=0"
Hunter,Survival,27069,Wyvern Sting,utility/rank,0,0,,,,12,12,0,50000,,,,,,,,"E0:effect=6,aura=3,base=156,trigger=0"
Hunter,Survival,27340,,utility/rank,,,,,,,,,,,,,,,,,
Hunter,Survival,34477,Misdirection,utility/rank,0,0,1.5,120,0,30,30,0,100,type0:9%,,,,,,,"E0:effect=130,aura=0,base=100,trigger=0;E1:effect=64,aura=0,base=0,trigger=35079;E2:effect=6,aura=4,base=0,trigger=0"
Hunter,Survival,34491,Resourcefulness,utility/rank,0,0,,,,-0.001,-0.001,0,0,,,,,,,,"E0:effect=6,aura=108,base=-21,trigger=0;E1:effect=6,aura=107,base=-2001,trigger=0"
Hunter,Survival,34492,Resourcefulness,utility/rank,0,0,,,,-0.001,-0.001,0,0,,,,,,,,"E0:effect=6,aura=108,base=-41,trigger=0;E1:effect=6,aura=107,base=-4001,trigger=0"
Hunter,Survival,34493,Resourcefulness,utility/rank,0,0,,,,-0.001,-0.001,0,0,,,,,,,,"E0:effect=6,aura=108,base=-61,trigger=0;E1:effect=6,aura=107,base=-6001,trigger=0"
Hunter,Survival,34494,Survival Instincts,passive/talent,0,0,,,,-0.001,-0.001,0,0,,,,,,,,"E0:effect=6,aura=87,base=-3,trigger=0;E1:effect=6,aura=166,base=1,trigger=0;E2:effect=6,aura=167,base=1,trigger=0"
Hunter,Survival,34496,Survival Instincts,passive/talent,0,0,,,,-0.001,-0.001,0,0,,,,,,,,"E0:effect=6,aura=87,base=-5,trigger=0;E1:effect=6,aura=166,base=3,trigger=0;E2:effect=6,aura=167,base=3,trigger=0"
Hunter,Survival,34497,Thrill of the Hunt,utility/rank,0,0,,,,-0.001,-0.001,0,0,,,,,,,,"E0:effect=6,aura=4,base=32,trigger=0"
Hunter,Survival,34498,Thrill of the Hunt,utility/rank,0,0,,,,-0.001,-0.001,0,0,,,,,,,,"E0:effect=6,aura=4,base=65,trigger=0"
Hunter,Survival,34499,Thrill of the Hunt,utility/rank,0,0,,,,-0.001,-0.001,0,0,,,,,,,,"E0:effect=6,aura=4,base=99,trigger=0"
Hunter,Survival,34500,Expose Weakness,utility/rank,0,0,,,,-0.001,-0.001,0,0,,,,,,,,"E0:effect=6,aura=42,base=-1,trigger=34501"
Hunter,Survival,34501,Expose Weakness,utility/rank,0,0,,,,7,7,0,50000,,,,,,,,"E0:effect=6,aura=127,base=24,trigger=0;E1:effect=6,aura=566,base=24,trigger=0"
Hunter,Survival,34502,Expose Weakness,utility/rank,0,0,,,,-0.001,-0.001,0,0,,,,,,,,"E0:effect=6,aura=42,base=-1,trigger=34501"
Hunter,Survival,34503,Expose Weakness,utility/rank,0,0,,,,-0.001,-0.001,0,0,,,,,,,,"E0:effect=6,aura=42,base=-1,trigger=34501"
Hunter,Survival,34506,Master Tactician,utility/rank,0,0,,,,-0.001,-0.001,0,0,,,,,,,,"E0:effect=6,aura=42,base=-1,trigger=34833"
Hunter,Survival,34507,Master Tactician,utility/rank,0,0,,,,-0.001,-0.001,0,0,,,,,,,,"E0:effect=6,aura=42,base=-1,trigger=34834"
Hunter,Survival,34508,Master Tactician,utility/rank,0,0,,,,-0.001,-0.001,0,0,,,,,,,,"E0:effect=6,aura=42,base=-1,trigger=34835"
Hunter,Survival,34600,Snake Trap,pvp-control,0,0,1.5,0,30,60,60,0,0,type0:305,,,,,,,"E0:effect=320,aura=0,base=0,trigger=0"
Hunter,Survival,34833,Master Tactician,utility/rank,0,0,,,,8,8,0,0,,,,,,,,"E0:effect=6,aura=52,base=1,trigger=0"
Hunter,Survival,34834,Master Tactician,utility/rank,0,0,,,,8,8,0,0,,,,,,,,"E0:effect=6,aura=52,base=3,trigger=0"
Hunter,Survival,34835,Master Tactician,utility/rank,0,0,,,,8,8,0,0,,,,,,,,"E0:effect=6,aura=52,base=5,trigger=0"
Hunter,Survival,34836,Master Tactician,utility/rank,0,0,,,,8,8,0,0,,,,,,,,"E0:effect=6,aura=52,base=7,trigger=0"
Hunter,Survival,34837,Master Tactician,utility/rank,0,0,,,,8,8,0,0,,,,,,,,"E0:effect=6,aura=52,base=9,trigger=0"
Hunter,Survival,34838,Master Tactician,utility/rank,0,0,,,,-0.001,-0.001,0,0,,,,,,,,"E0:effect=6,aura=42,base=-1,trigger=34836"
Hunter,Survival,34839,Master Tactician,utility/rank,0,0,,,,-0.001,-0.001,0,0,,,,,,,,"E0:effect=6,aura=42,base=-1,trigger=34837"
Hunter,Survival,36916,Mongoose Bite,utility/rank,0,0,1.5,0,5,,,0,5,type0:80,,,,,,,"E0:effect=2,aura=0,base=149,trigger=0"
Hunter,Marksmanship,75,Auto Shot,damage,0,0,,,,,,0,35,,,,,,2,262156,"E0:effect=58,aura=0,base=-1,trigger=0"
Hunter,Marksmanship,1130,Hunter's Mark,utility/rank,0,0,1.5,0,0,120,120,0,100,type0:15,,,,,,,"E0:effect=6,aura=68,base=-1,trigger=0;E1:effect=6,aura=127,base=19,trigger=0;E2:effect=6,aura=566,base=0,trigger=0"
Hunter,Marksmanship,1510,Volley,utility/rank,-1000,-1000,1.5,0,60,6,6,0,35,type0:350,,,,,2,262156,"E0:effect=27,aura=4,base=49,trigger=0;E1:effect=6,aura=23,base=0,trigger=42243"
Hunter,Marksmanship,1543,Flare,utility/rank,0,0,1.5,20,0,20,20,0,30,type0:50,,,,,,,"E0:effect=27,aura=41,base=-1,trigger=0;E1:effect=27,aura=41,base=-1,trigger=0"
Hunter,Marksmanship,1978,Serpent Sting,utility/rank,-1000,-1000,1.5,0,0,15,15,0,35,type0:15,,,,,2,262156,"E0:effect=6,aura=3,base=3,trigger=0"
Hunter,Marksmanship,2643,Multi-Shot,damage,0,0,1.5,0,10,,,0,35,type0:100,,,,,2,262156,"E0:effect=121,aura=0,base=0,trigger=0"
Hunter,Marksmanship,3034,Viper Sting,pvp-control,-1000,-1000,1.5,0,15,8,8,0,35,type0:135,,,,,2,262156,"E0:effect=6,aura=64,base=153,trigger=0"
Hunter,Marksmanship,3043,Scorpid Sting,utility/rank,-1000,-1000,1.5,0,0,20,20,0,35,type0:9%,,,,,2,262156,"E0:effect=6,aura=54,base=-6,trigger=0"
Hunter,Marksmanship,3044,Arcane Shot,damage,-1000,-1000,1.5,0,6,,,0,35,type0:25,,,,,2,262156,"E0:effect=2,aura=0,base=14,trigger=0"
Hunter,Marksmanship,3045,Rapid Fire,utility/rank,0,0,0,0,300,15,15,0,0,type0:100,,,,,,,"E0:effect=6,aura=140,base=39,trigger=0"
Hunter,Marksmanship,3674,Black Arrow,utility/rank,0,0,1.5,0,0,30,30,0,35,,,,,,2,262156,"E0:effect=6,aura=33,base=-71,trigger=0;E1:effect=6,aura=3,base=9,trigger=0;E2:effect=6,aura=64,base=9,trigger=0"
Hunter,Marksmanship,5116,Concussive Shot,damage,-1000,-1000,1.5,12,0,4,4,0,35,type0:6%,,,,,2,262156,"E0:effect=6,aura=33,base=-51,trigger=0"
Hunter,Marksmanship,13549,Serpent Sting,utility/rank,-1000,-1000,1.5,0,0,15,15,0,35,type0:30,,,,,2,262156,"E0:effect=6,aura=3,base=7,trigger=0"
Hunter,Marksmanship,13550,Serpent Sting,utility/rank,-1000,-1000,1.5,0,0,15,15,0,35,type0:50,,,,,2,262156,"E0:effect=6,aura=3,base=15,trigger=0"
Hunter,Marksmanship,13551,Serpent Sting,utility/rank,-1000,-1000,1.5,0,0,15,15,0,35,type0:80,,,,,2,262156,"E0:effect=6,aura=3,base=27,trigger=0"
Hunter,Marksmanship,13552,Serpent Sting,utility/rank,-1000,-1000,1.5,0,0,15,15,0,35,type0:115,,,,,2,262156,"E0:effect=6,aura=3,base=41,trigger=0"
Hunter,Marksmanship,13553,Serpent Sting,utility/rank,-1000,-1000,1.5,0,0,15,15,0,35,type0:150,,,,,2,262156,"E0:effect=6,aura=3,base=57,trigger=0"
Hunter,Marksmanship,13554,Serpent Sting,utility/rank,-1000,-1000,1.5,0,0,15,15,0,35,type0:190,,,,,2,262156,"E0:effect=6,aura=3,base=76,trigger=0"
Hunter,Marksmanship,13555,Serpent Sting,utility/rank,-1000,-1000,1.5,0,0,15,15,0,35,type0:230,,,,,2,262156,"E0:effect=6,aura=3,base=97,trigger=0"
Hunter,Marksmanship,14274,Distracting Shot,damage,-1000,-1000,1.5,0,8,,,0,35,type0:30,,,,,2,262156,"E0:effect=63,aura=0,base=159,trigger=0"
Hunter,Marksmanship,14279,Viper Sting,pvp-control,-1000,-1000,1.5,0,15,8,8,0,35,type0:175,,,,,2,262156,"E0:effect=6,aura=64,base=211,trigger=0"
Hunter,Marksmanship,14280,Viper Sting,pvp-control,-1000,-1000,1.5,0,15,8,8,0,35,type0:215,,,,,2,262156,"E0:effect=6,aura=64,base=276,trigger=0"
Hunter,Marksmanship,14281,Arcane Shot,damage,-1000,-1000,1.5,0,6,,,0,35,type0:35,,,,,2,262156,"E0:effect=2,aura=0,base=22,trigger=0"
Hunter,Marksmanship,14282,Arcane Shot,damage,-1000,-1000,1.5,0,6,,,0,35,type0:50,,,,,2,262156,"E0:effect=2,aura=0,base=35,trigger=0"
Hunter,Marksmanship,14283,Arcane Shot,damage,-1000,-1000,1.5,0,6,,,0,35,type0:80,,,,,2,262156,"E0:effect=2,aura=0,base=64,trigger=0"
Hunter,Marksmanship,14284,Arcane Shot,damage,-1000,-1000,1.5,0,6,,,0,35,type0:105,,,,,2,262156,"E0:effect=2,aura=0,base=90,trigger=0"
Hunter,Marksmanship,14285,Arcane Shot,damage,-1000,-1000,1.5,0,6,,,0,35,type0:135,,,,,2,262156,"E0:effect=38,aura=0,base=0,trigger=0;E1:effect=2,aura=0,base=124,trigger=0"
Hunter,Marksmanship,14286,Arcane Shot,damage,-1000,-1000,1.5,0,6,,,0,35,type0:160,,,,,2,262156,"E0:effect=38,aura=0,base=0,trigger=0;E1:effect=2,aura=0,base=157,trigger=0"
Hunter,Marksmanship,14287,Arcane Shot,damage,-1000,-1000,1.5,0,6,,,0,35,type0:190,,,,,2,262156,"E0:effect=38,aura=0,base=0,trigger=0;E1:effect=2,aura=0,base=199,trigger=0"
Hunter,Marksmanship,14288,Multi-Shot,damage,0,0,1.5,0,10,,,0,35,type0:140,,,,,2,262156,"E0:effect=121,aura=0,base=39,trigger=0"
Hunter,Marksmanship,14289,Multi-Shot,damage,0,0,1.5,0,10,,,0,35,type0:175,,,,,2,262156,"E0:effect=121,aura=0,base=79,trigger=0"
Hunter,Marksmanship,14290,Multi-Shot,damage,0,0,1.5,0,10,,,0,35,type0:210,,,,,2,262156,"E0:effect=121,aura=0,base=119,trigger=0"
Hunter,Marksmanship,14294,Volley,utility/rank,-1000,-1000,1.5,0,60,6,6,0,35,type0:420,,,,,2,262156,"E0:effect=27,aura=4,base=64,trigger=0;E1:effect=6,aura=23,base=0,trigger=42244"
Hunter,Marksmanship,14295,Volley,utility/rank,-1000,-1000,1.5,0,60,6,6,0,35,type0:490,,,,,2,262156,"E0:effect=27,aura=4,base=79,trigger=0;E1:effect=6,aura=23,base=0,trigger=42245"
Hunter,Marksmanship,14296,Black Arrow,utility/rank,0,0,1.5,0,0,30,30,0,35,,,,,,2,262156,"E0:effect=6,aura=33,base=-71,trigger=0;E1:effect=6,aura=3,base=9,trigger=0;E2:effect=6,aura=64,base=9,trigger=0"
Hunter,Marksmanship,14323,Hunter's Mark,utility/rank,0,0,1.5,0,0,120,120,0,100,type0:30,,,,,,,"E0:effect=6,aura=68,base=-1,trigger=0;E1:effect=6,aura=127,base=44,trigger=0;E2:effect=6,aura=566,base=0,trigger=0"
Hunter,Marksmanship,14324,Hunter's Mark,utility/rank,0,0,1.5,0,0,120,120,0,100,type0:45,,,,,,,"E0:effect=6,aura=68,base=-1,trigger=0;E1:effect=6,aura=127,base=74,trigger=0;E2:effect=6,aura=566,base=0,trigger=0"
Hunter,Marksmanship,14325,Hunter's Mark,utility/rank,0,0,1.5,0,0,120,120,0,100,type0:60,,,,,,,"E0:effect=6,aura=68,base=-1,trigger=0;E1:effect=6,aura=127,base=109,trigger=0;E2:effect=6,aura=566,base=0,trigger=0"
Hunter,Marksmanship,15629,Distracting Shot,damage,-1000,-1000,1.5,0,8,,,0,35,type0:50,,,,,2,262156,"E0:effect=63,aura=0,base=249,trigger=0"
Hunter,Marksmanship,15630,Distracting Shot,damage,-1000,-1000,1.5,0,8,,,0,35,type0:70,,,,,2,262156,"E0:effect=63,aura=0,base=349,trigger=0"
Hunter,Marksmanship,15631,Distracting Shot,damage,-1000,-1000,1.5,0,8,,,0,35,type0:90,,,,,2,262156,"E0:effect=63,aura=0,base=464,trigger=0"
Hunter,Marksmanship,15632,Distracting Shot,damage,-1000,-1000,1.5,0,8,,,0,35,type0:110,,,,,2,262156,"E0:effect=63,aura=0,base=599,trigger=0"
Hunter,Marksmanship,19407,Improved Concussive Shot,damage,0,0,,,,-0.001,-0.001,0,0,,,,,,,,"E0:effect=6,aura=42,base=0,trigger=19410"
Hunter,Marksmanship,19412,Improved Concussive Shot,damage,0,0,,,,-0.001,-0.001,0,0,,,,,,,,"E0:effect=6,aura=42,base=0,trigger=19410"
Hunter,Marksmanship,19413,Improved Concussive Shot,damage,0,0,,,,-0.001,-0.001,0,0,,,,,,,,"E0:effect=6,aura=42,base=0,trigger=19410"
Hunter,Marksmanship,19414,Improved Concussive Shot,damage,0,0,,,,-0.001,-0.001,0,0,,,,,,,,"E0:effect=6,aura=42,base=0,trigger=19410"
Hunter,Marksmanship,19415,Improved Concussive Shot,damage,0,0,,,,-0.001,-0.001,0,0,,,,,,,,"E0:effect=6,aura=42,base=0,trigger=19410"
Hunter,Marksmanship,19416,Efficiency,utility/rank,0,0,,,,-0.001,-0.001,0,0,,,,,,,,"E0:effect=6,aura=108,base=-3,trigger=0"
Hunter,Marksmanship,19417,Efficiency,utility/rank,0,0,,,,-0.001,-0.001,0,0,,,,,,,,"E0:effect=6,aura=108,base=-5,trigger=0"
Hunter,Marksmanship,19418,Efficiency,utility/rank,0,0,,,,-0.001,-0.001,0,0,,,,,,,,"E0:effect=6,aura=108,base=-7,trigger=0"
Hunter,Marksmanship,19419,Efficiency,utility/rank,0,0,,,,-0.001,-0.001,0,0,,,,,,,,"E0:effect=6,aura=108,base=-9,trigger=0"
Hunter,Marksmanship,19420,Efficiency,utility/rank,0,0,,,,-0.001,-0.001,0,0,,,,,,,,"E0:effect=6,aura=108,base=-11,trigger=0"
Hunter,Marksmanship,19421,Improved Hunter's Mark,passive/talent,0,0,,,,-0.001,-0.001,0,0,,,,,,,,"E0:effect=6,aura=112,base=19,trigger=0"
Hunter,Marksmanship,19422,Improved Hunter's Mark,passive/talent,0,0,,,,-0.001,-0.001,0,0,,,,,,,,"E0:effect=6,aura=112,base=39,trigger=0"
Hunter,Marksmanship,19423,Improved Hunter's Mark,passive/talent,0,0,,,,-0.001,-0.001,0,0,,,,,,,,"E0:effect=6,aura=112,base=59,trigger=0"
Hunter,Marksmanship,19424,Improved Hunter's Mark,passive/talent,0,0,,,,-0.001,-0.001,0,0,,,,,,,,"E0:effect=6,aura=112,base=79,trigger=0"
Hunter,Marksmanship,19425,Improved Hunter's Mark,passive/talent,0,0,,,,,,0,0,,,,,,,,"E0:effect=6,aura=112,base=99,trigger=0"
Hunter,Marksmanship,19426,Lethal Shots,damage,0,0,,,,-0.001,-0.001,0,0,,,,,,2,327692,"E0:effect=6,aura=52,base=0,trigger=0"
Hunter,Marksmanship,19427,Lethal Shots,damage,0,0,,,,-0.001,-0.001,0,0,,,,,,2,327692,"E0:effect=6,aura=52,base=1,trigger=0"
Hunter,Marksmanship,19429,Lethal Shots,damage,0,0,,,,-0.001,-0.001,0,0,,,,,,2,327692,"E0:effect=6,aura=52,base=2,trigger=0"
Hunter,Marksmanship,19430,Lethal Shots,damage,0,0,,,,-0.001,-0.001,0,0,,,,,,2,327692,"E0:effect=6,aura=52,base=3,trigger=0"
Hunter,Marksmanship,19431,Lethal Shots,damage,0,0,,,,-0.001,-0.001,0,0,,,,,,2,327692,"E0:effect=6,aura=52,base=4,trigger=0"
Hunter,Marksmanship,19434,Aimed Shot,damage,2.5,2.5,1.5,0,6,10,10,0,35,type0:75,,,,,2,262156,"E0:effect=121,aura=0,base=69,trigger=0;E1:effect=6,aura=118,base=-51,trigger=0"
Hunter,Marksmanship,19454,Improved Arcane Shot,damage,0,0,,,,-0.001,-0.001,0,0,,,,,,,,"E0:effect=6,aura=107,base=-201,trigger=0"
Hunter,Marksmanship,19455,Improved Arcane Shot,damage,0,0,,,,-0.001,-0.001,0,0,,,,,,,,"E0:effect=6,aura=107,base=-401,trigger=0"
Hunter,Marksmanship,19456,Improved Arcane Shot,damage,0,0,,,,-0.001,-0.001,0,0,,,,,,,,"E0:effect=6,aura=107,base=-601,trigger=0"
Hunter,Marksmanship,19457,Improved Arcane Shot,damage,0,0,,,,-0.001,-0.001,0,0,,,,,,,,"E0:effect=6,aura=107,base=-801,trigger=0"
Hunter,Marksmanship,19458,Improved Arcane Shot,damage,0,0,,,,-0.001,-0.001,0,0,,,,,,,,"E0:effect=6,aura=107,base=-1001,trigger=0"
Hunter,Marksmanship,19461,Barrage,utility/rank,0,0,,,,-0.001,-0.001,0,0,,,,,,,,"E0:effect=6,aura=108,base=3,trigger=0;E1:effect=6,aura=108,base=3,trigger=0"
Hunter,Marksmanship,19462,Barrage,utility/rank,0,0,,,,-0.001,-0.001,0,0,,,,,,,,"E0:effect=6,aura=108,base=7,trigger=0;E1:effect=6,aura=108,base=7,trigger=0"
Hunter,Marksmanship,19464,Improved Stings,passive/talent,0,0,,,,-0.001,-0.001,0,0,,,,,,,,"E0:effect=6,aura=108,base=5,trigger=0;E1:effect=6,aura=108,base=5,trigger=0;E2:effect=6,aura=107,base=5,trigger=0"
Hunter,Marksmanship,19465,Improved Stings,passive/talent,0,0,,,,-0.001,-0.001,0,0,,,,,,,,"E0:effect=6,aura=108,base=11,trigger=0;E1:effect=6,aura=108,base=11,trigger=0;E2:effect=6,aura=107,base=11,trigger=0"
Hunter,Marksmanship,19466,Improved Stings,passive/talent,0,0,,,,-0.001,-0.001,0,0,,,,,,,,"E0:effect=6,aura=108,base=17,trigger=0;E1:effect=6,aura=108,base=17,trigger=0;E2:effect=6,aura=107,base=17,trigger=0"
Hunter,Marksmanship,19467,Improved Stings,passive/talent,0,0,,,,-0.001,-0.001,0,0,,,,,,,,"E0:effect=6,aura=108,base=23,trigger=0;E1:effect=6,aura=108,base=23,trigger=0;E2:effect=6,aura=107,base=23,trigger=0"
Hunter,Marksmanship,19468,Improved Stings,passive/talent,0,0,,,,-0.001,-0.001,0,0,,,,,,,,"E0:effect=6,aura=108,base=29,trigger=0;E1:effect=6,aura=108,base=29,trigger=0;E2:effect=6,aura=107,base=29,trigger=0"
Hunter,Marksmanship,19485,Mortal Shots,damage,0,0,,,,-0.001,-0.001,0,0,,,,,,,,"E0:effect=6,aura=108,base=5,trigger=0"
Hunter,Marksmanship,19487,Mortal Shots,damage,0,0,,,,-0.001,-0.001,0,0,,,,,,,,"E0:effect=6,aura=108,base=11,trigger=0"
Hunter,Marksmanship,19488,Mortal Shots,damage,0,0,,,,-0.001,-0.001,0,0,,,,,,,,"E0:effect=6,aura=108,base=17,trigger=0"
Hunter,Marksmanship,19489,Mortal Shots,damage,0,0,,,,-0.001,-0.001,0,0,,,,,,,,"E0:effect=6,aura=108,base=23,trigger=0"
Hunter,Marksmanship,19490,Mortal Shots,damage,0,0,,,,-0.001,-0.001,0,0,,,,,,,,"E0:effect=6,aura=108,base=29,trigger=0"
Hunter,Marksmanship,19503,Scatter Shot,damage,-1000,-1000,1.5,30,0,4,4,0,15,type0:6%,,,,,2,262156,"E0:effect=31,aura=0,base=49,trigger=0;E1:effect=6,aura=5,base=0,trigger=0;E2:effect=64,aura=0,base=0,trigger=37506"
Hunter,Marksmanship,19506,Trueshot Aura,damage,0,0,1.5,0,0,-0.001,-0.001,0,0,,,,,,,,"E0:effect=35,aura=124,base=49,trigger=0;E1:effect=35,aura=99,base=49,trigger=0"
Hunter,Marksmanship,19507,Ranged Weapon Specialization,passive/talent,0,0,,,,-0.001,-0.001,0,0,,,,,,2,262156,"E0:effect=6,aura=79,base=0,trigger=0"
Hunter,Marksmanship,19508,Ranged Weapon Specialization,passive/talent,0,0,,,,-0.001,-0.001,0,0,,,,,,2,262156,"E0:effect=6,aura=79,base=1,trigger=0"
Hunter,Marksmanship,19509,Ranged Weapon Specialization,passive/talent,0,0,,,,-0.001,-0.001,0,0,,,,,,2,262156,"E0:effect=6,aura=79,base=2,trigger=0"
Hunter,Marksmanship,19510,Ranged Weapon Specialization,passive/talent,0,0,,,,-0.001,-0.001,0,0,,,,,,2,262156,"E0:effect=6,aura=79,base=3,trigger=0"
Hunter,Marksmanship,19511,Ranged Weapon Specialization,passive/talent,0,0,,,,-0.001,-0.001,0,0,,,,,,2,262156,"E0:effect=6,aura=79,base=4,trigger=0"
Hunter,Marksmanship,19801,Tranquilizing Shot,damage,-1000,-1000,1.5,20,0,,,0,35,type0:12%,,,,,2,262156,"E0:effect=38,aura=0,base=0,trigger=0"
Hunter,Marksmanship,20736,Distracting Shot,damage,-1000,-1000,1.5,0,8,,,0,35,type0:20,,,,,2,262156,"E0:effect=63,aura=0,base=109,trigger=0"
Hunter,Marksmanship,20900,Aimed Shot,damage,2.5,2.5,1.5,0,6,10,10,0,35,type0:115,,,,,2,262156,"E0:effect=121,aura=0,base=124,trigger=0;E1:effect=6,aura=118,base=-51,trigger=0"
Hunter,Marksmanship,20901,Aimed Shot,damage,2.5,2.5,1.5,0,6,10,10,0,35,type0:160,,,,,2,262156,"E0:effect=121,aura=0,base=199,trigger=0;E1:effect=6,aura=118,base=-51,trigger=0"
Hunter,Marksmanship,20902,Aimed Shot,damage,2.5,2.5,1.5,0,6,10,10,0,35,type0:210,,,,,2,262156,"E0:effect=121,aura=0,base=329,trigger=0;E1:effect=6,aura=118,base=-51,trigger=0"
Hunter,Marksmanship,20903,Aimed Shot,damage,2.5,2.5,1.5,0,6,10,10,0,35,type0:260,,,,,2,262156,"E0:effect=121,aura=0,base=459,trigger=0;E1:effect=6,aura=118,base=-51,trigger=0"
Hunter,Marksmanship,20904,Aimed Shot,damage,2.5,2.5,1.5,0,6,10,10,0,35,type0:310,,,,,2,262156,"E0:effect=121,aura=0,base=599,trigger=0;E1:effect=6,aura=118,base=-51,trigger=0"
Hunter,Marksmanship,20905,Trueshot Aura,damage,0,0,1.5,0,0,-0.001,-0.001,0,0,,,,,,,,"E0:effect=35,aura=124,base=74,trigger=0;E1:effect=35,aura=99,base=74,trigger=0"
Hunter,Marksmanship,20906,Trueshot Aura,damage,0,0,1.5,0,0,-0.001,-0.001,0,0,,,,,,,,"E0:effect=35,aura=124,base=99,trigger=0;E1:effect=35,aura=99,base=99,trigger=0"
Hunter,Marksmanship,24691,Barrage,utility/rank,0,0,,,,-0.001,-0.001,0,0,,,,,,,,"E0:effect=6,aura=108,base=11,trigger=0;E1:effect=6,aura=108,base=11,trigger=0"
Hunter,Marksmanship,25294,Multi-Shot,damage,0,0,1.5,0,10,,,0,35,type0:230,,,,,2,262156,"E0:effect=121,aura=0,base=149,trigger=0"
Hunter,Marksmanship,25295,Serpent Sting,utility/rank,-1000,-1000,1.5,0,0,15,15,0,35,type0:250,,,,,2,262156,"E0:effect=6,aura=3,base=110,trigger=0"
Hunter,Marksmanship,27016,Serpent Sting,utility/rank,-1000,-1000,1.5,0,0,15,15,0,35,type0:275,,,,,2,262156,"E0:effect=6,aura=3,base=131,trigger=0"
Hunter,Marksmanship,27018,Viper Sting,pvp-control,-1000,-1000,1.5,0,15,8,8,0,35,type0:270,,,,,2,262156,"E0:effect=6,aura=64,base=341,trigger=0"
Hunter,Marksmanship,27019,Arcane Shot,damage,-1000,-1000,1.5,0,6,,,0,35,type0:230,,,,,2,262156,"E0:effect=38,aura=0,base=0,trigger=0;E1:effect=2,aura=0,base=272,trigger=0"
Hunter,Marksmanship,27020,Distracting Shot,damage,-1000,-1000,1.5,0,8,,,0,35,type0:140,,,,,2,262156,"E0:effect=63,aura=0,base=899,trigger=0"
Hunter,Marksmanship,27021,Multi-Shot,damage,0,0,1.5,0,10,,,0,35,type0:275,,,,,2,262156,"E0:effect=121,aura=0,base=204,trigger=0"
Hunter,Marksmanship,27022,Volley,utility/rank,-1000,-1000,1.5,0,60,6,6,0,35,type0:585,,,,,2,262156,"E0:effect=27,aura=4,base=104,trigger=0;E1:effect=6,aura=23,base=0,trigger=42234"
Hunter,Marksmanship,27065,Aimed Shot,damage,2.5,2.5,1.5,0,6,10,10,0,35,type0:370,,,,,2,262156,"E0:effect=121,aura=0,base=869,trigger=0;E1:effect=6,aura=118,base=-51,trigger=0"
Hunter,Marksmanship,27066,Trueshot Aura,damage,0,0,1.5,0,0,-0.001,-0.001,0,0,,,,,,,,"E0:effect=35,aura=124,base=124,trigger=0;E1:effect=35,aura=99,base=124,trigger=0"
Hunter,Marksmanship,34120,Steady Shot,damage,1,1,1.5,0,0,,,0,35,type0:110,,,,,2,262156,"E0:effect=2,aura=0,base=149,trigger=0;E1:effect=3,aura=0,base=174,trigger=0"
Hunter,Marksmanship,34475,Combat Experience,utility/rank,0,0,,,,-0.001,-0.001,0,0,,,,,,,,"E0:effect=6,aura=137,base=0,trigger=0;E1:effect=6,aura=137,base=2,trigger=0"
Hunter,Marksmanship,34476,Combat Experience,utility/rank,0,0,,,,-0.001,-0.001,0,0,,,,,,,,"E0:effect=6,aura=137,base=1,trigger=0;E1:effect=6,aura=137,base=5,trigger=0"
Hunter,Marksmanship,34482,Careful Aim,utility/rank,0,0,,,,-0.001,-0.001,0,0,,,,,,,,"E0:effect=6,aura=580,base=14,trigger=0"
Hunter,Marksmanship,34483,Careful Aim,utility/rank,0,0,,,,-0.001,-0.001,0,0,,,,,,,,"E0:effect=6,aura=580,base=29,trigger=0"
Hunter,Marksmanship,34484,Careful Aim,utility/rank,0,0,,,,-0.001,-0.001,0,0,,,,,,,,"E0:effect=6,aura=580,base=44,trigger=0"
Hunter,Marksmanship,34485,Master Marksman,utility/rank,0,0,,,,-0.001,-0.001,0,0,,,,,,,,"E0:effect=6,aura=167,base=1,trigger=0"
Hunter,Marksmanship,34486,Master Marksman,utility/rank,0,0,,,,-0.001,-0.001,0,0,,,,,,,,"E0:effect=6,aura=167,base=3,trigger=0"
Hunter,Marksmanship,34487,Master Marksman,utility/rank,0,0,,,,-0.001,-0.001,0,0,,,,,,,,"E0:effect=6,aura=167,base=5,trigger=0"
Hunter,Marksmanship,34488,Master Marksman,utility/rank,0,0,,,,-0.001,-0.001,0,0,,,,,,,,"E0:effect=6,aura=167,base=7,trigger=0"
Hunter,Marksmanship,34489,Master Marksman,utility/rank,0,0,,,,-0.001,-0.001,0,0,,,,,,,,"E0:effect=6,aura=167,base=9,trigger=0"
Hunter,Marksmanship,34490,Silencing Shot,damage,-1000,-1000,1.5,20,0,3,3,0,35,type0:6%,,,,,2,262156,"E0:effect=31,aura=0,base=49,trigger=0;E1:effect=6,aura=27,base=-1,trigger=0"
Hunter,Marksmanship,34948,Rapid Killing,utility/rank,0,0,,,,-0.001,-0.001,0,0,,,,,,,,"E0:effect=6,aura=42,base=-1,trigger=35098;E1:effect=6,aura=107,base=-60001,trigger=0"
Hunter,Marksmanship,34949,Rapid Killing,utility/rank,0,0,,,,-0.001,-0.001,0,0,,,,,,,,"E0:effect=6,aura=42,base=-1,trigger=35099;E1:effect=6,aura=107,base=-120001,trigger=0"
Hunter,Marksmanship,34950,Go for the Throat,utility/rank,0,0,,,,-0.001,-0.001,0,0,,,,,,,,"E0:effect=6,aura=42,base=-1,trigger=34952"
Hunter,Marksmanship,34954,Go for the Throat,utility/rank,0,0,,,,-0.001,-0.001,0,0,,,,,,,,"E0:effect=6,aura=42,base=-1,trigger=34953"
Hunter,Marksmanship,35098,Rapid Killing,utility/rank,0,0,,,,20,20,0,0,,,,,,,,"E0:effect=6,aura=108,base=9,trigger=0"
Hunter,Marksmanship,35099,Rapid Killing,utility/rank,0,0,,,,20,20,0,0,,,,,,,,"E0:effect=6,aura=108,base=19,trigger=0"
Hunter,Marksmanship,35100,Concussive Barrage,utility/rank,0,0,,,,-0.001,-0.001,0,0,,,,,,,,"E0:effect=6,aura=42,base=-1,trigger=35101"
Hunter,Marksmanship,35101,Concussive Barrage,utility/rank,0,0,,,,4,4,0,0,,,,,,,,"E0:effect=6,aura=33,base=-51,trigger=0"
Hunter,Marksmanship,35102,Concussive Barrage,utility/rank,0,0,,,,-0.001,-0.001,0,0,,,,,,,,"E0:effect=6,aura=42,base=-1,trigger=35101"
Hunter,Marksmanship,35103,Concussive Barrage,utility/rank,0,0,,,,-0.001,-0.001,0,0,,,,,,,,"E0:effect=6,aura=42,base=-1,trigger=35101"
Hunter,Marksmanship,35104,Improved Barrage,passive/talent,0,0,,,,-0.001,-0.001,0,0,,,,,,,,"E0:effect=6,aura=107,base=3,trigger=0;E1:effect=6,aura=108,base=32,trigger=0"
Hunter,Marksmanship,35110,Improved Barrage,passive/talent,0,0,,,,-0.001,-0.001,0,0,,,,,,,,"E0:effect=6,aura=107,base=7,trigger=0;E1:effect=6,aura=108,base=65,trigger=0"
Hunter,Marksmanship,35111,Improved Barrage,passive/talent,0,0,,,,-0.001,-0.001,0,0,,,,,,,,"E0:effect=6,aura=107,base=11,trigger=0;E1:effect=6,aura=108,base=99,trigger=0"
Hunter,Marksmanship,42234,Volley,utility/rank,0,0,,,,,,0,100,,,,,,,,"E0:effect=2,aura=0,base=104,trigger=0"
Hunter,Marksmanship,42243,Volley,utility/rank,0,0,,,,,,0,100,,,,,,,,"E0:effect=2,aura=0,base=49,trigger=0"
Hunter,Marksmanship,42244,Volley,utility/rank,0,0,,,,,,0,100,,,,,,,,"E0:effect=2,aura=0,base=64,trigger=0"
Hunter,Marksmanship,42245,Volley,utility/rank,0,0,,,,,,0,100,,,,,,,,"E0:effect=2,aura=0,base=79,trigger=0"
Hunter,Pet - Spider,17219,Tamed Pet Passive (DND),utility/rank,0,0,,,,-0.001,-0.001,0,0,,,,,,,,"E0:effect=6,aura=79,base=6,trigger=0;E1:effect=6,aura=142,base=-1,trigger=0;E2:effect=6,aura=133,base=-1,trigger=0"
Hunter,Pet - Spider,17253,Bite,utility/rank,0,0,1.5,0,10,,,0,5,type2:35,,,,,,,"E0:effect=2,aura=0,base=6,trigger=0"
Hunter,Pet - Spider,17255,Bite,utility/rank,0,0,1.5,0,10,,,0,5,type2:35,,,,,,,"E0:effect=2,aura=0,base=15,trigger=0"
Hunter,Pet - Spider,17256,Bite,utility/rank,0,0,1.5,0,10,,,0,5,type2:35,,,,,,,"E0:effect=2,aura=0,base=23,trigger=0"
Hunter,Pet - Spider,17257,Bite,utility/rank,0,0,1.5,0,10,,,0,5,type2:35,,,,,,,"E0:effect=2,aura=0,base=30,trigger=0"
Hunter,Pet - Spider,17258,Bite,utility/rank,0,0,1.5,0,10,,,0,5,type2:35,,,,,,,"E0:effect=2,aura=0,base=39,trigger=0"
Hunter,Pet - Spider,17259,Bite,utility/rank,0,0,1.5,0,10,,,0,5,type2:35,,,,,,,"E0:effect=2,aura=0,base=48,trigger=0"
Hunter,Pet - Spider,17260,Bite,utility/rank,0,0,1.5,0,10,,,0,5,type2:35,,,,,,,"E0:effect=2,aura=0,base=65,trigger=0"
Hunter,Pet - Spider,17261,Bite,utility/rank,0,0,1.5,0,10,,,0,5,type2:35,,,,,,,"E0:effect=2,aura=0,base=80,trigger=0"
Hunter,Pet - Spider,27050,Bite,utility/rank,0,0,1.5,0,10,,,0,5,type2:35,,,,,,,"E0:effect=2,aura=0,base=107,trigger=0"
Hunter,Pet - Wolf,17223,Tamed Pet Passive (DND),utility/rank,0,0,,,,-0.001,-0.001,0,0,,,,,,,,"E0:effect=6,aura=79,base=-1,trigger=0;E1:effect=6,aura=142,base=4,trigger=0;E2:effect=6,aura=133,base=-1,trigger=0"
Hunter,Pet - Wolf,17253,Bite,utility/rank,0,0,1.5,0,10,,,0,5,type2:35,,,,,,,"E0:effect=2,aura=0,base=6,trigger=0"
Hunter,Pet - Wolf,17255,Bite,utility/rank,0,0,1.5,0,10,,,0,5,type2:35,,,,,,,"E0:effect=2,aura=0,base=15,trigger=0"
Hunter,Pet - Wolf,17256,Bite,utility/rank,0,0,1.5,0,10,,,0,5,type2:35,,,,,,,"E0:effect=2,aura=0,base=23,trigger=0"
Hunter,Pet - Wolf,17257,Bite,utility/rank,0,0,1.5,0,10,,,0,5,type2:35,,,,,,,"E0:effect=2,aura=0,base=30,trigger=0"
Hunter,Pet - Wolf,17258,Bite,utility/rank,0,0,1.5,0,10,,,0,5,type2:35,,,,,,,"E0:effect=2,aura=0,base=39,trigger=0"
Hunter,Pet - Wolf,17259,Bite,utility/rank,0,0,1.5,0,10,,,0,5,type2:35,,,,,,,"E0:effect=2,aura=0,base=48,trigger=0"
Hunter,Pet - Wolf,17260,Bite,utility/rank,0,0,1.5,0,10,,,0,5,type2:35,,,,,,,"E0:effect=2,aura=0,base=65,trigger=0"
Hunter,Pet - Wolf,17261,Bite,utility/rank,0,0,1.5,0,10,,,0,5,type2:35,,,,,,,"E0:effect=2,aura=0,base=80,trigger=0"
Hunter,Pet - Wolf,23099,Dash,utility/rank,0,0,1.5,0,30,15,15,0,0,type2:20,,,,,,,"E0:effect=6,aura=31,base=39,trigger=0"
Hunter,Pet - Wolf,23109,Dash,utility/rank,0,0,1.5,0,30,15,15,0,0,type2:20,,,,,,,"E0:effect=6,aura=31,base=59,trigger=0"
Hunter,Pet - Wolf,23110,Dash,utility/rank,0,0,1.5,0,30,15,15,0,0,type2:20,,,,,,,"E0:effect=6,aura=31,base=79,trigger=0"
Hunter,Pet - Wolf,24597,Furious Howl,utility/rank,0,0,1.5,0,10,10,10,0,0,type2:60,,,,,,,"E0:effect=6,aura=13,base=44,trigger=0"
Hunter,Pet - Wolf,24603,Furious Howl,utility/rank,0,0,1.5,0,10,10,10,0,0,type2:60,,,,,,,"E0:effect=6,aura=13,base=27,trigger=0"
Hunter,Pet - Wolf,24604,Furious Howl,utility/rank,0,0,1.5,0,10,10,10,0,0,type2:60,,,,,,,"E0:effect=6,aura=13,base=8,trigger=0"
Hunter,Pet - Wolf,24605,Furious Howl,utility/rank,0,0,1.5,0,10,10,10,0,0,type2:60,,,,,,,"E0:effect=6,aura=13,base=17,trigger=0"
Hunter,Pet - Wolf,27050,Bite,utility/rank,0,0,1.5,0,10,,,0,5,type2:35,,,,,,,"E0:effect=2,aura=0,base=107,trigger=0"
Hunter,Pet - Cat,3009,Claw,utility/rank,0,0,1.5,0,0,,,0,5,type2:25,,,,,,,"E0:effect=2,aura=0,base=42,trigger=0"
Hunter,Pet - Cat,3010,Claw,utility/rank,0,0,1.5,0,0,,,0,5,type2:25,,,,,,,"E0:effect=2,aura=0,base=34,trigger=0"
Hunter,Pet - Cat,16827,Claw,utility/rank,0,0,1.5,0,0,,,0,5,type2:25,,,,,,,"E0:effect=2,aura=0,base=3,trigger=0"
Hunter,Pet - Cat,16828,Claw,utility/rank,0,0,1.5,0,0,,,0,5,type2:25,,,,,,,"E0:effect=2,aura=0,base=7,trigger=0"
Hunter,Pet - Cat,16829,Claw,utility/rank,0,0,1.5,0,0,,,0,5,type2:25,,,,,,,"E0:effect=2,aura=0,base=11,trigger=0"
Hunter,Pet - Cat,16830,Claw,utility/rank,0,0,1.5,0,0,,,0,5,type2:25,,,,,,,"E0:effect=2,aura=0,base=15,trigger=0"
Hunter,Pet - Cat,16831,Claw,utility/rank,0,0,1.5,0,0,,,0,5,type2:25,,,,,,,"E0:effect=2,aura=0,base=20,trigger=0"
Hunter,Pet - Cat,16832,Claw,utility/rank,0,0,1.5,0,0,,,0,5,type2:25,,,,,,,"E0:effect=2,aura=0,base=25,trigger=0"
Hunter,Pet - Cat,17210,Tamed Pet Passive (DND),utility/rank,0,0,,,,-0.001,-0.001,0,0,,,,,,,,"E0:effect=6,aura=79,base=9,trigger=0;E1:effect=6,aura=142,base=-1,trigger=0;E2:effect=6,aura=133,base=-3,trigger=0"
Hunter,Pet - Cat,17253,Bite,utility/rank,0,0,1.5,0,10,,,0,5,type2:35,,,,,,,"E0:effect=2,aura=0,base=6,trigger=0"
Hunter,Pet - Cat,17255,Bite,utility/rank,0,0,1.5,0,10,,,0,5,type2:35,,,,,,,"E0:effect=2,aura=0,base=15,trigger=0"
Hunter,Pet - Cat,17256,Bite,utility/rank,0,0,1.5,0,10,,,0,5,type2:35,,,,,,,"E0:effect=2,aura=0,base=23,trigger=0"
Hunter,Pet - Cat,17257,Bite,utility/rank,0,0,1.5,0,10,,,0,5,type2:35,,,,,,,"E0:effect=2,aura=0,base=30,trigger=0"
Hunter,Pet - Cat,17258,Bite,utility/rank,0,0,1.5,0,10,,,0,5,type2:35,,,,,,,"E0:effect=2,aura=0,base=39,trigger=0"
Hunter,Pet - Cat,17259,Bite,utility/rank,0,0,1.5,0,10,,,0,5,type2:35,,,,,,,"E0:effect=2,aura=0,base=48,trigger=0"
Hunter,Pet - Cat,17260,Bite,utility/rank,0,0,1.5,0,10,,,0,5,type2:35,,,,,,,"E0:effect=2,aura=0,base=65,trigger=0"
Hunter,Pet - Cat,17261,Bite,utility/rank,0,0,1.5,0,10,,,0,5,type2:35,,,,,,,"E0:effect=2,aura=0,base=80,trigger=0"
Hunter,Pet - Cat,23099,Dash,utility/rank,0,0,1.5,0,30,15,15,0,0,type2:20,,,,,,,"E0:effect=6,aura=31,base=39,trigger=0"
Hunter,Pet - Cat,23109,Dash,utility/rank,0,0,1.5,0,30,15,15,0,0,type2:20,,,,,,,"E0:effect=6,aura=31,base=59,trigger=0"
Hunter,Pet - Cat,23110,Dash,utility/rank,0,0,1.5,0,30,15,15,0,0,type2:20,,,,,,,"E0:effect=6,aura=31,base=79,trigger=0"
Hunter,Pet - Cat,24450,Prowl,utility/rank,0,0,0,0,10,-0.001,-0.001,0,0,type2:40,,,,,,,"E0:effect=6,aura=16,base=149,trigger=0;E1:effect=6,aura=33,base=-51,trigger=0;E2:effect=6,aura=79,base=19,trigger=0"
Hunter,Pet - Cat,24452,Prowl,utility/rank,0,0,0,0,10,-0.001,-0.001,0,0,type2:40,,,,,,,"E0:effect=6,aura=16,base=199,trigger=0;E1:effect=6,aura=33,base=-46,trigger=0;E2:effect=6,aura=79,base=34,trigger=0"
Hunter,Pet - Cat,24453,Prowl,utility/rank,0,0,0,0,10,-0.001,-0.001,0,0,type2:40,,,,,,,"E0:effect=6,aura=16,base=249,trigger=0;E1:effect=6,aura=33,base=-41,trigger=0;E2:effect=6,aura=79,base=49,trigger=0"
Hunter,Pet - Cat,27049,Claw,utility/rank,0,0,1.5,0,0,,,0,5,type2:25,,,,,,,"E0:effect=2,aura=0,base=53,trigger=0"
Hunter,Pet - Cat,27050,Bite,utility/rank,0,0,1.5,0,10,,,0,5,type2:35,,,,,,,"E0:effect=2,aura=0,base=107,trigger=0"
Hunter,Pet - Bear,3009,Claw,utility/rank,0,0,1.5,0,0,,,0,5,type2:25,,,,,,,"E0:effect=2,aura=0,base=42,trigger=0"
Hunter,Pet - Bear,3010,Claw,utility/rank,0,0,1.5,0,0,,,0,5,type2:25,,,,,,,"E0:effect=2,aura=0,base=34,trigger=0"
Hunter,Pet - Bear,16827,Claw,utility/rank,0,0,1.5,0,0,,,0,5,type2:25,,,,,,,"E0:effect=2,aura=0,base=3,trigger=0"
Hunter,Pet - Bear,16828,Claw,utility/rank,0,0,1.5,0,0,,,0,5,type2:25,,,,,,,"E0:effect=2,aura=0,base=7,trigger=0"
Hunter,Pet - Bear,16829,Claw,utility/rank,0,0,1.5,0,0,,,0,5,type2:25,,,,,,,"E0:effect=2,aura=0,base=11,trigger=0"
Hunter,Pet - Bear,16830,Claw,utility/rank,0,0,1.5,0,0,,,0,5,type2:25,,,,,,,"E0:effect=2,aura=0,base=15,trigger=0"
Hunter,Pet - Bear,16831,Claw,utility/rank,0,0,1.5,0,0,,,0,5,type2:25,,,,,,,"E0:effect=2,aura=0,base=20,trigger=0"
Hunter,Pet - Bear,16832,Claw,utility/rank,0,0,1.5,0,0,,,0,5,type2:25,,,,,,,"E0:effect=2,aura=0,base=25,trigger=0"
Hunter,Pet - Bear,17208,Tamed Pet Passive (DND),utility/rank,0,0,,,,-0.001,-0.001,0,0,,,,,,,,"E0:effect=6,aura=79,base=-10,trigger=0;E1:effect=6,aura=142,base=4,trigger=0;E2:effect=6,aura=133,base=7,trigger=0"
Hunter,Pet - Bear,17253,Bite,utility/rank,0,0,1.5,0,10,,,0,5,type2:35,,,,,,,"E0:effect=2,aura=0,base=6,trigger=0"
Hunter,Pet - Bear,17255,Bite,utility/rank,0,0,1.5,0,10,,,0,5,type2:35,,,,,,,"E0:effect=2,aura=0,base=15,trigger=0"
Hunter,Pet - Bear,17256,Bite,utility/rank,0,0,1.5,0,10,,,0,5,type2:35,,,,,,,"E0:effect=2,aura=0,base=23,trigger=0"
Hunter,Pet - Bear,17257,Bite,utility/rank,0,0,1.5,0,10,,,0,5,type2:35,,,,,,,"E0:effect=2,aura=0,base=30,trigger=0"
Hunter,Pet - Bear,17258,Bite,utility/rank,0,0,1.5,0,10,,,0,5,type2:35,,,,,,,"E0:effect=2,aura=0,base=39,trigger=0"
Hunter,Pet - Bear,17259,Bite,utility/rank,0,0,1.5,0,10,,,0,5,type2:35,,,,,,,"E0:effect=2,aura=0,base=48,trigger=0"
Hunter,Pet - Bear,17260,Bite,utility/rank,0,0,1.5,0,10,,,0,5,type2:35,,,,,,,"E0:effect=2,aura=0,base=65,trigger=0"
Hunter,Pet - Bear,17261,Bite,utility/rank,0,0,1.5,0,10,,,0,5,type2:35,,,,,,,"E0:effect=2,aura=0,base=80,trigger=0"
Hunter,Pet - Bear,27049,Claw,utility/rank,0,0,1.5,0,0,,,0,5,type2:25,,,,,,,"E0:effect=2,aura=0,base=53,trigger=0"
Hunter,Pet - Bear,27050,Bite,utility/rank,0,0,1.5,0,10,,,0,5,type2:35,,,,,,,"E0:effect=2,aura=0,base=107,trigger=0"
Hunter,Pet - Boar,7000,Tamed Pet Passive (DND),utility/rank,0,0,,,,-0.001,-0.001,0,0,,,,,,,,"E0:effect=6,aura=79,base=-11,trigger=0;E1:effect=6,aura=142,base=8,trigger=0;E2:effect=6,aura=133,base=3,trigger=0"
Hunter,Pet - Boar,7371,Charge,utility/rank,0,0,1.5,0,25,4,4,8,25,type2:35,,,,,,,"E0:effect=96,aura=0,base=0,trigger=0;E1:effect=6,aura=99,base=49,trigger=0;E2:effect=64,aura=0,base=0,trigger=25999"
Hunter,Pet - Boar,17253,Bite,utility/rank,0,0,1.5,0,10,,,0,5,type2:35,,,,,,,"E0:effect=2,aura=0,base=6,trigger=0"
Hunter,Pet - Boar,17255,Bite,utility/rank,0,0,1.5,0,10,,,0,5,type2:35,,,,,,,"E0:effect=2,aura=0,base=15,trigger=0"
Hunter,Pet - Boar,17256,Bite,utility/rank,0,0,1.5,0,10,,,0,5,type2:35,,,,,,,"E0:effect=2,aura=0,base=23,trigger=0"
Hunter,Pet - Boar,17257,Bite,utility/rank,0,0,1.5,0,10,,,0,5,type2:35,,,,,,,"E0:effect=2,aura=0,base=30,trigger=0"
Hunter,Pet - Boar,17258,Bite,utility/rank,0,0,1.5,0,10,,,0,5,type2:35,,,,,,,"E0:effect=2,aura=0,base=39,trigger=0"
Hunter,Pet - Boar,17259,Bite,utility/rank,0,0,1.5,0,10,,,0,5,type2:35,,,,,,,"E0:effect=2,aura=0,base=48,trigger=0"
Hunter,Pet - Boar,17260,Bite,utility/rank,0,0,1.5,0,10,,,0,5,type2:35,,,,,,,"E0:effect=2,aura=0,base=65,trigger=0"
Hunter,Pet - Boar,17261,Bite,utility/rank,0,0,1.5,0,10,,,0,5,type2:35,,,,,,,"E0:effect=2,aura=0,base=80,trigger=0"
Hunter,Pet - Boar,23099,Dash,utility/rank,0,0,1.5,0,30,15,15,0,0,type2:20,,,,,,,"E0:effect=6,aura=31,base=39,trigger=0"
Hunter,Pet - Boar,23109,Dash,utility/rank,0,0,1.5,0,30,15,15,0,0,type2:20,,,,,,,"E0:effect=6,aura=31,base=59,trigger=0"
Hunter,Pet - Boar,23110,Dash,utility/rank,0,0,1.5,0,30,15,15,0,0,type2:20,,,,,,,"E0:effect=6,aura=31,base=79,trigger=0"
Hunter,Pet - Boar,26177,Charge,utility/rank,0,0,1.5,0,25,4,4,8,25,type2:35,,,,,,,"E0:effect=96,aura=0,base=0,trigger=0;E1:effect=6,aura=99,base=99,trigger=0;E2:effect=64,aura=0,base=0,trigger=25999"
Hunter,Pet - Boar,26178,Charge,utility/rank,0,0,1.5,0,25,4,4,8,25,type2:35,,,,,,,"E0:effect=96,aura=0,base=0,trigger=0;E1:effect=6,aura=99,base=179,trigger=0;E2:effect=64,aura=0,base=0,trigger=25999"
Hunter,Pet - Boar,26179,Charge,utility/rank,0,0,1.5,0,25,4,4,8,25,type2:35,,,,,,,"E0:effect=96,aura=0,base=0,trigger=0;E1:effect=6,aura=99,base=249,trigger=0;E2:effect=64,aura=0,base=0,trigger=25999"
Hunter,Pet - Boar,26201,Charge,utility/rank,0,0,1.5,0,25,4,4,8,25,type2:35,,,,,,,"E0:effect=96,aura=0,base=0,trigger=0;E1:effect=6,aura=99,base=389,trigger=0;E2:effect=64,aura=0,base=0,trigger=25999"
Hunter,Pet - Boar,27050,Bite,utility/rank,0,0,1.5,0,10,,,0,5,type2:35,,,,,,,"E0:effect=2,aura=0,base=107,trigger=0"
Hunter,Pet - Boar,27685,Charge,utility/rank,0,0,1.5,0,25,4,4,8,25,type2:35,,,,,,,"E0:effect=96,aura=0,base=0,trigger=0;E1:effect=6,aura=99,base=549,trigger=0;E2:effect=64,aura=0,base=0,trigger=25999"
Hunter,Pet - Boar,35290,Gore,utility/rank,0,0,1.5,0,0,,,0,5,type2:25,,,,,,,"E0:effect=2,aura=0,base=2,trigger=0"
Hunter,Pet - Boar,35291,Gore,utility/rank,0,0,1.5,0,0,,,0,5,type2:25,,,,,,,"E0:effect=2,aura=0,base=5,trigger=0"
Hunter,Pet - Boar,35292,Gore,utility/rank,0,0,1.5,0,0,,,0,5,type2:25,,,,,,,"E0:effect=2,aura=0,base=8,trigger=0"
Hunter,Pet - Boar,35293,Gore,utility/rank,0,0,1.5,0,0,,,0,5,type2:25,,,,,,,"E0:effect=2,aura=0,base=11,trigger=0"
Hunter,Pet - Boar,35294,Gore,utility/rank,0,0,1.5,0,0,,,0,5,type2:25,,,,,,,"E0:effect=2,aura=0,base=14,trigger=0"
Hunter,Pet - Boar,35295,Gore,utility/rank,0,0,1.5,0,0,,,0,5,type2:25,,,,,,,"E0:effect=2,aura=0,base=17,trigger=0"
Hunter,Pet - Boar,35296,Gore,utility/rank,0,0,1.5,0,0,,,0,5,type2:25,,,,,,,"E0:effect=2,aura=0,base=23,trigger=0"
Hunter,Pet - Boar,35297,Gore,utility/rank,0,0,1.5,0,0,,,0,5,type2:25,,,,,,,"E0:effect=2,aura=0,base=29,trigger=0"
Hunter,Pet - Boar,35298,Gore,utility/rank,0,0,1.5,0,0,,,0,5,type2:25,,,,,,,"E0:effect=2,aura=0,base=36,trigger=0"
Hunter,Pet - Crocilisk,17212,Tamed Pet Passive (DND),utility/rank,0,0,,,,-0.001,-0.001,0,0,,,,,,,,"E0:effect=6,aura=79,base=-1,trigger=0;E1:effect=6,aura=142,base=9,trigger=0;E2:effect=6,aura=133,base=-6,trigger=0"
Hunter,Pet - Crocilisk,17253,Bite,utility/rank,0,0,1.5,0,10,,,0,5,type2:35,,,,,,,"E0:effect=2,aura=0,base=6,trigger=0"
Hunter,Pet - Crocilisk,17255,Bite,utility/rank,0,0,1.5,0,10,,,0,5,type2:35,,,,,,,"E0:effect=2,aura=0,base=15,trigger=0"
Hunter,Pet - Crocilisk,17256,Bite,utility/rank,0,0,1.5,0,10,,,0,5,type2:35,,,,,,,"E0:effect=2,aura=0,base=23,trigger=0"
Hunter,Pet - Crocilisk,17257,Bite,utility/rank,0,0,1.5,0,10,,,0,5,type2:35,,,,,,,"E0:effect=2,aura=0,base=30,trigger=0"
Hunter,Pet - Crocilisk,17258,Bite,utility/rank,0,0,1.5,0,10,,,0,5,type2:35,,,,,,,"E0:effect=2,aura=0,base=39,trigger=0"
Hunter,Pet - Crocilisk,17259,Bite,utility/rank,0,0,1.5,0,10,,,0,5,type2:35,,,,,,,"E0:effect=2,aura=0,base=48,trigger=0"
Hunter,Pet - Crocilisk,17260,Bite,utility/rank,0,0,1.5,0,10,,,0,5,type2:35,,,,,,,"E0:effect=2,aura=0,base=65,trigger=0"
Hunter,Pet - Crocilisk,17261,Bite,utility/rank,0,0,1.5,0,10,,,0,5,type2:35,,,,,,,"E0:effect=2,aura=0,base=80,trigger=0"
Hunter,Pet - Crocilisk,27050,Bite,utility/rank,0,0,1.5,0,10,,,0,5,type2:35,,,,,,,"E0:effect=2,aura=0,base=107,trigger=0"
Hunter,Pet - Carrion Bird,3009,Claw,utility/rank,0,0,1.5,0,0,,,0,5,type2:25,,,,,,,"E0:effect=2,aura=0,base=42,trigger=0"
Hunter,Pet - Carrion Bird,3010,Claw,utility/rank,0,0,1.5,0,0,,,0,5,type2:25,,,,,,,"E0:effect=2,aura=0,base=34,trigger=0"
Hunter,Pet - Carrion Bird,16827,Claw,utility/rank,0,0,1.5,0,0,,,0,5,type2:25,,,,,,,"E0:effect=2,aura=0,base=3,trigger=0"
Hunter,Pet - Carrion Bird,16828,Claw,utility/rank,0,0,1.5,0,0,,,0,5,type2:25,,,,,,,"E0:effect=2,aura=0,base=7,trigger=0"
Hunter,Pet - Carrion Bird,16829,Claw,utility/rank,0,0,1.5,0,0,,,0,5,type2:25,,,,,,,"E0:effect=2,aura=0,base=11,trigger=0"
Hunter,Pet - Carrion Bird,16830,Claw,utility/rank,0,0,1.5,0,0,,,0,5,type2:25,,,,,,,"E0:effect=2,aura=0,base=15,trigger=0"
Hunter,Pet - Carrion Bird,16831,Claw,utility/rank,0,0,1.5,0,0,,,0,5,type2:25,,,,,,,"E0:effect=2,aura=0,base=20,trigger=0"
Hunter,Pet - Carrion Bird,16832,Claw,utility/rank,0,0,1.5,0,0,,,0,5,type2:25,,,,,,,"E0:effect=2,aura=0,base=25,trigger=0"
Hunter,Pet - Carrion Bird,17209,Tamed Pet Passive (DND),utility/rank,0,0,,,,-0.001,-0.001,0,0,,,,,,,,"E0:effect=6,aura=79,base=-1,trigger=0;E1:effect=6,aura=142,base=4,trigger=0;E2:effect=6,aura=133,base=-1,trigger=0"
Hunter,Pet - Carrion Bird,17253,Bite,utility/rank,0,0,1.5,0,10,,,0,5,type2:35,,,,,,,"E0:effect=2,aura=0,base=6,trigger=0"
Hunter,Pet - Carrion Bird,17255,Bite,utility/rank,0,0,1.5,0,10,,,0,5,type2:35,,,,,,,"E0:effect=2,aura=0,base=15,trigger=0"
Hunter,Pet - Carrion Bird,17256,Bite,utility/rank,0,0,1.5,0,10,,,0,5,type2:35,,,,,,,"E0:effect=2,aura=0,base=23,trigger=0"
Hunter,Pet - Carrion Bird,17257,Bite,utility/rank,0,0,1.5,0,10,,,0,5,type2:35,,,,,,,"E0:effect=2,aura=0,base=30,trigger=0"
Hunter,Pet - Carrion Bird,17258,Bite,utility/rank,0,0,1.5,0,10,,,0,5,type2:35,,,,,,,"E0:effect=2,aura=0,base=39,trigger=0"
Hunter,Pet - Carrion Bird,17259,Bite,utility/rank,0,0,1.5,0,10,,,0,5,type2:35,,,,,,,"E0:effect=2,aura=0,base=48,trigger=0"
Hunter,Pet - Carrion Bird,17260,Bite,utility/rank,0,0,1.5,0,10,,,0,5,type2:35,,,,,,,"E0:effect=2,aura=0,base=65,trigger=0"
Hunter,Pet - Carrion Bird,17261,Bite,utility/rank,0,0,1.5,0,10,,,0,5,type2:35,,,,,,,"E0:effect=2,aura=0,base=80,trigger=0"
Hunter,Pet - Carrion Bird,23145,Dive,utility/rank,0,0,1.5,0,30,15,15,0,0,type2:20,,,,,,,"E0:effect=6,aura=31,base=39,trigger=0"
Hunter,Pet - Carrion Bird,23147,Dive,utility/rank,0,0,1.5,0,30,15,15,0,0,type2:20,,,,,,,"E0:effect=6,aura=31,base=59,trigger=0"
Hunter,Pet - Carrion Bird,23148,Dive,utility/rank,0,0,1.5,0,30,15,15,0,0,type2:20,,,,,,,"E0:effect=6,aura=31,base=79,trigger=0"
Hunter,Pet - Carrion Bird,24423,Screech,utility/rank,0,0,1.5,0,0,4,4,0,5,type2:20,,,,,,,"E0:effect=2,aura=0,base=6,trigger=0;E1:effect=6,aura=99,base=-26,trigger=0"
Hunter,Pet - Carrion Bird,24577,Screech,utility/rank,0,0,1.5,0,0,4,4,0,5,type2:20,,,,,,,"E0:effect=2,aura=0,base=11,trigger=0;E1:effect=6,aura=99,base=-51,trigger=0"
Hunter,Pet - Carrion Bird,24578,Screech,utility/rank,0,0,1.5,0,0,4,4,0,5,type2:20,,,,,,,"E0:effect=2,aura=0,base=18,trigger=0;E1:effect=6,aura=99,base=-76,trigger=0"
Hunter,Pet - Carrion Bird,24579,Screech,utility/rank,0,0,1.5,0,0,4,4,0,5,type2:20,,,,,,,"E0:effect=2,aura=0,base=25,trigger=0;E1:effect=6,aura=99,base=-101,trigger=0"
Hunter,Pet - Carrion Bird,27049,Claw,utility/rank,0,0,1.5,0,0,,,0,5,type2:25,,,,,,,"E0:effect=2,aura=0,base=53,trigger=0"
Hunter,Pet - Carrion Bird,27050,Bite,utility/rank,0,0,1.5,0,10,,,0,5,type2:35,,,,,,,"E0:effect=2,aura=0,base=107,trigger=0"
Hunter,Pet - Carrion Bird,27051,Screech,utility/rank,0,0,1.5,0,0,4,4,0,5,type2:20,,,,,,,"E0:effect=2,aura=0,base=32,trigger=0;E1:effect=6,aura=99,base=-211,trigger=0"
Hunter,Pet - Crab,3009,Claw,utility/rank,0,0,1.5,0,0,,,0,5,type2:25,,,,,,,"E0:effect=2,aura=0,base=42,trigger=0"
Hunter,Pet - Crab,3010,Claw,utility/rank,0,0,1.5,0,0,,,0,5,type2:25,,,,,,,"E0:effect=2,aura=0,base=34,trigger=0"
Hunter,Pet - Crab,16827,Claw,utility/rank,0,0,1.5,0,0,,,0,5,type2:25,,,,,,,"E0:effect=2,aura=0,base=3,trigger=0"
Hunter,Pet - Crab,16828,Claw,utility/rank,0,0,1.5,0,0,,,0,5,type2:25,,,,,,,"E0:effect=2,aura=0,base=7,trigger=0"
Hunter,Pet - Crab,16829,Claw,utility/rank,0,0,1.5,0,0,,,0,5,type2:25,,,,,,,"E0:effect=2,aura=0,base=11,trigger=0"
Hunter,Pet - Crab,16830,Claw,utility/rank,0,0,1.5,0,0,,,0,5,type2:25,,,,,,,"E0:effect=2,aura=0,base=15,trigger=0"
Hunter,Pet - Crab,16831,Claw,utility/rank,0,0,1.5,0,0,,,0,5,type2:25,,,,,,,"E0:effect=2,aura=0,base=20,trigger=0"
Hunter,Pet - Crab,16832,Claw,utility/rank,0,0,1.5,0,0,,,0,5,type2:25,,,,,,,"E0:effect=2,aura=0,base=25,trigger=0"
Hunter,Pet - Crab,17211,Tamed Pet Passive (DND),utility/rank,0,0,,,,-0.001,-0.001,0,0,,,,,,,,"E0:effect=6,aura=79,base=-6,trigger=0;E1:effect=6,aura=142,base=12,trigger=0;E2:effect=6,aura=133,base=-5,trigger=0"
Hunter,Pet - Crab,27049,Claw,utility/rank,0,0,1.5,0,0,,,0,5,type2:25,,,,,,,"E0:effect=2,aura=0,base=53,trigger=0"
Hunter,Pet - Gorilla,17214,Tamed Pet Passive (DND),utility/rank,0,0,,,,-0.001,-0.001,0,0,,,,,,,,"E0:effect=6,aura=79,base=1,trigger=0;E1:effect=6,aura=142,base=-1,trigger=0;E2:effect=6,aura=133,base=3,trigger=0"
Hunter,Pet - Gorilla,17253,Bite,utility/rank,0,0,1.5,0,10,,,0,5,type2:35,,,,,,,"E0:effect=2,aura=0,base=6,trigger=0"
Hunter,Pet - Gorilla,17255,Bite,utility/rank,0,0,1.5,0,10,,,0,5,type2:35,,,,,,,"E0:effect=2,aura=0,base=15,trigger=0"
Hunter,Pet - Gorilla,17256,Bite,utility/rank,0,0,1.5,0,10,,,0,5,type2:35,,,,,,,"E0:effect=2,aura=0,base=23,trigger=0"
Hunter,Pet - Gorilla,17257,Bite,utility/rank,0,0,1.5,0,10,,,0,5,type2:35,,,,,,,"E0:effect=2,aura=0,base=30,trigger=0"
Hunter,Pet - Gorilla,17258,Bite,utility/rank,0,0,1.5,0,10,,,0,5,type2:35,,,,,,,"E0:effect=2,aura=0,base=39,trigger=0"
Hunter,Pet - Gorilla,17259,Bite,utility/rank,0,0,1.5,0,10,,,0,5,type2:35,,,,,,,"E0:effect=2,aura=0,base=48,trigger=0"
Hunter,Pet - Gorilla,17260,Bite,utility/rank,0,0,1.5,0,10,,,0,5,type2:35,,,,,,,"E0:effect=2,aura=0,base=65,trigger=0"
Hunter,Pet - Gorilla,17261,Bite,utility/rank,0,0,1.5,0,10,,,0,5,type2:35,,,,,,,"E0:effect=2,aura=0,base=80,trigger=0"
Hunter,Pet - Gorilla,26090,Thunderstomp,utility/rank,0,0,1.5,60,0,,,0,0,type2:60,,,,,,,"E0:effect=2,aura=0,base=66,trigger=0"
Hunter,Pet - Gorilla,26187,Thunderstomp,utility/rank,0,0,1.5,60,0,,,0,0,type2:60,,,,,,,"E0:effect=2,aura=0,base=86,trigger=0"
Hunter,Pet - Gorilla,26188,Thunderstomp,utility/rank,0,0,1.5,60,0,,,0,0,type2:60,,,,,,,"E0:effect=2,aura=0,base=114,trigger=0"
Hunter,Pet - Gorilla,27050,Bite,utility/rank,0,0,1.5,0,10,,,0,5,type2:35,,,,,,,"E0:effect=2,aura=0,base=107,trigger=0"
Hunter,Pet - Gorilla,27063,Thunderstomp,utility/rank,0,0,1.5,60,0,,,0,0,type2:60,,,,,,,"E0:effect=2,aura=0,base=152,trigger=0"
Hunter,Pet - Raptor,3009,Claw,utility/rank,0,0,1.5,0,0,,,0,5,type2:25,,,,,,,"E0:effect=2,aura=0,base=42,trigger=0"
Hunter,Pet - Raptor,3010,Claw,utility/rank,0,0,1.5,0,0,,,0,5,type2:25,,,,,,,"E0:effect=2,aura=0,base=34,trigger=0"
Hunter,Pet - Raptor,16827,Claw,utility/rank,0,0,1.5,0,0,,,0,5,type2:25,,,,,,,"E0:effect=2,aura=0,base=3,trigger=0"
Hunter,Pet - Raptor,16828,Claw,utility/rank,0,0,1.5,0,0,,,0,5,type2:25,,,,,,,"E0:effect=2,aura=0,base=7,trigger=0"
Hunter,Pet - Raptor,16829,Claw,utility/rank,0,0,1.5,0,0,,,0,5,type2:25,,,,,,,"E0:effect=2,aura=0,base=11,trigger=0"
Hunter,Pet - Raptor,16830,Claw,utility/rank,0,0,1.5,0,0,,,0,5,type2:25,,,,,,,"E0:effect=2,aura=0,base=15,trigger=0"
Hunter,Pet - Raptor,16831,Claw,utility/rank,0,0,1.5,0,0,,,0,5,type2:25,,,,,,,"E0:effect=2,aura=0,base=20,trigger=0"
Hunter,Pet - Raptor,16832,Claw,utility/rank,0,0,1.5,0,0,,,0,5,type2:25,,,,,,,"E0:effect=2,aura=0,base=25,trigger=0"
Hunter,Pet - Raptor,17217,Tamed Pet Passive (DND),utility/rank,0,0,,,,-0.001,-0.001,0,0,,,,,,,,"E0:effect=6,aura=79,base=9,trigger=0;E1:effect=6,aura=142,base=2,trigger=0;E2:effect=6,aura=133,base=-6,trigger=0"
Hunter,Pet - Raptor,17253,Bite,utility/rank,0,0,1.5,0,10,,,0,5,type2:35,,,,,,,"E0:effect=2,aura=0,base=6,trigger=0"
Hunter,Pet - Raptor,17255,Bite,utility/rank,0,0,1.5,0,10,,,0,5,type2:35,,,,,,,"E0:effect=2,aura=0,base=15,trigger=0"
Hunter,Pet - Raptor,17256,Bite,utility/rank,0,0,1.5,0,10,,,0,5,type2:35,,,,,,,"E0:effect=2,aura=0,base=23,trigger=0"
Hunter,Pet - Raptor,17257,Bite,utility/rank,0,0,1.5,0,10,,,0,5,type2:35,,,,,,,"E0:effect=2,aura=0,base=30,trigger=0"
Hunter,Pet - Raptor,17258,Bite,utility/rank,0,0,1.5,0,10,,,0,5,type2:35,,,,,,,"E0:effect=2,aura=0,base=39,trigger=0"
Hunter,Pet - Raptor,17259,Bite,utility/rank,0,0,1.5,0,10,,,0,5,type2:35,,,,,,,"E0:effect=2,aura=0,base=48,trigger=0"
Hunter,Pet - Raptor,17260,Bite,utility/rank,0,0,1.5,0,10,,,0,5,type2:35,,,,,,,"E0:effect=2,aura=0,base=65,trigger=0"
Hunter,Pet - Raptor,17261,Bite,utility/rank,0,0,1.5,0,10,,,0,5,type2:35,,,,,,,"E0:effect=2,aura=0,base=80,trigger=0"
Hunter,Pet - Raptor,23099,Dash,utility/rank,0,0,1.5,0,30,15,15,0,0,type2:20,,,,,,,"E0:effect=6,aura=31,base=39,trigger=0"
Hunter,Pet - Raptor,23109,Dash,utility/rank,0,0,1.5,0,30,15,15,0,0,type2:20,,,,,,,"E0:effect=6,aura=31,base=59,trigger=0"
Hunter,Pet - Raptor,23110,Dash,utility/rank,0,0,1.5,0,30,15,15,0,0,type2:20,,,,,,,"E0:effect=6,aura=31,base=79,trigger=0"
Hunter,Pet - Raptor,27049,Claw,utility/rank,0,0,1.5,0,0,,,0,5,type2:25,,,,,,,"E0:effect=2,aura=0,base=53,trigger=0"
Hunter,Pet - Raptor,27050,Bite,utility/rank,0,0,1.5,0,10,,,0,5,type2:35,,,,,,,"E0:effect=2,aura=0,base=107,trigger=0"
Hunter,Pet - Tallstrider,17220,Tamed Pet Passive (DND),utility/rank,0,0,,,,-0.001,-0.001,0,0,,,,,,,,"E0:effect=6,aura=79,base=-1,trigger=0;E1:effect=6,aura=142,base=-1,trigger=0;E2:effect=6,aura=133,base=4,trigger=0"
Hunter,Pet - Tallstrider,17253,Bite,utility/rank,0,0,1.5,0,10,,,0,5,type2:35,,,,,,,"E0:effect=2,aura=0,base=6,trigger=0"
Hunter,Pet - Tallstrider,17255,Bite,utility/rank,0,0,1.5,0,10,,,0,5,type2:35,,,,,,,"E0:effect=2,aura=0,base=15,trigger=0"
Hunter,Pet - Tallstrider,17256,Bite,utility/rank,0,0,1.5,0,10,,,0,5,type2:35,,,,,,,"E0:effect=2,aura=0,base=23,trigger=0"
Hunter,Pet - Tallstrider,17257,Bite,utility/rank,0,0,1.5,0,10,,,0,5,type2:35,,,,,,,"E0:effect=2,aura=0,base=30,trigger=0"
Hunter,Pet - Tallstrider,17258,Bite,utility/rank,0,0,1.5,0,10,,,0,5,type2:35,,,,,,,"E0:effect=2,aura=0,base=39,trigger=0"
Hunter,Pet - Tallstrider,17259,Bite,utility/rank,0,0,1.5,0,10,,,0,5,type2:35,,,,,,,"E0:effect=2,aura=0,base=48,trigger=0"
Hunter,Pet - Tallstrider,17260,Bite,utility/rank,0,0,1.5,0,10,,,0,5,type2:35,,,,,,,"E0:effect=2,aura=0,base=65,trigger=0"
Hunter,Pet - Tallstrider,17261,Bite,utility/rank,0,0,1.5,0,10,,,0,5,type2:35,,,,,,,"E0:effect=2,aura=0,base=80,trigger=0"
Hunter,Pet - Tallstrider,23099,Dash,utility/rank,0,0,1.5,0,30,15,15,0,0,type2:20,,,,,,,"E0:effect=6,aura=31,base=39,trigger=0"
Hunter,Pet - Tallstrider,23109,Dash,utility/rank,0,0,1.5,0,30,15,15,0,0,type2:20,,,,,,,"E0:effect=6,aura=31,base=59,trigger=0"
Hunter,Pet - Tallstrider,23110,Dash,utility/rank,0,0,1.5,0,30,15,15,0,0,type2:20,,,,,,,"E0:effect=6,aura=31,base=79,trigger=0"
Hunter,Pet - Tallstrider,27050,Bite,utility/rank,0,0,1.5,0,10,,,0,5,type2:35,,,,,,,"E0:effect=2,aura=0,base=107,trigger=0"
Hunter,Pet - Scorpid,3009,Claw,utility/rank,0,0,1.5,0,0,,,0,5,type2:25,,,,,,,"E0:effect=2,aura=0,base=42,trigger=0"
Hunter,Pet - Scorpid,3010,Claw,utility/rank,0,0,1.5,0,0,,,0,5,type2:25,,,,,,,"E0:effect=2,aura=0,base=34,trigger=0"
Hunter,Pet - Scorpid,16827,Claw,utility/rank,0,0,1.5,0,0,,,0,5,type2:25,,,,,,,"E0:effect=2,aura=0,base=3,trigger=0"
Hunter,Pet - Scorpid,16828,Claw,utility/rank,0,0,1.5,0,0,,,0,5,type2:25,,,,,,,"E0:effect=2,aura=0,base=7,trigger=0"
Hunter,Pet - Scorpid,16829,Claw,utility/rank,0,0,1.5,0,0,,,0,5,type2:25,,,,,,,"E0:effect=2,aura=0,base=11,trigger=0"
Hunter,Pet - Scorpid,16830,Claw,utility/rank,0,0,1.5,0,0,,,0,5,type2:25,,,,,,,"E0:effect=2,aura=0,base=15,trigger=0"
Hunter,Pet - Scorpid,16831,Claw,utility/rank,0,0,1.5,0,0,,,0,5,type2:25,,,,,,,"E0:effect=2,aura=0,base=20,trigger=0"
Hunter,Pet - Scorpid,16832,Claw,utility/rank,0,0,1.5,0,0,,,0,5,type2:25,,,,,,,"E0:effect=2,aura=0,base=25,trigger=0"
Hunter,Pet - Scorpid,17218,Tamed Pet Passive (DND),utility/rank,0,0,,,,-0.001,-0.001,0,0,,,,,,,,"E0:effect=6,aura=79,base=-7,trigger=0;E1:effect=6,aura=142,base=9,trigger=0;E2:effect=6,aura=133,base=-1,trigger=0"
Hunter,Pet - Scorpid,24583,Scorpid Poison,utility/rank,0,0,1.5,0,4,10,10,0,5,type2:30,,,,,,,"E0:effect=63,aura=0,base=4,trigger=0;E1:effect=6,aura=3,base=2,trigger=0"
Hunter,Pet - Scorpid,24586,Scorpid Poison,utility/rank,0,0,1.5,0,4,10,10,0,5,type2:30,,,,,,,"E0:effect=63,aura=0,base=4,trigger=0;E1:effect=6,aura=3,base=5,trigger=0"
Hunter,Pet - Scorpid,24587,Scorpid Poison,utility/rank,0,0,1.5,0,4,10,10,0,5,type2:30,,,,,,,"E0:effect=63,aura=0,base=4,trigger=0;E1:effect=6,aura=3,base=7,trigger=0"
Hunter,Pet - Scorpid,24640,Scorpid Poison,utility/rank,0,0,1.5,0,4,10,10,0,5,type2:30,,,,,,,"E0:effect=63,aura=0,base=4,trigger=0;E1:effect=6,aura=3,base=1,trigger=0"
Hunter,Pet - Scorpid,27049,Claw,utility/rank,0,0,1.5,0,0,,,0,5,type2:25,,,,,,,"E0:effect=2,aura=0,base=53,trigger=0"
Hunter,Pet - Scorpid,27060,Scorpid Poison,utility/rank,0,0,1.5,0,4,10,10,0,5,type2:30,,,,,,,"E0:effect=3,aura=0,base=0,trigger=0;E1:effect=6,aura=3,base=10,trigger=0"
Hunter,Pet - Turtle,17221,Tamed Pet Passive (DND),utility/rank,0,0,,,,-0.001,-0.001,0,0,,,,,,,,"E0:effect=6,aura=79,base=-11,trigger=0;E1:effect=6,aura=142,base=12,trigger=0;E2:effect=6,aura=133,base=-1,trigger=0"
Hunter,Pet - Turtle,17253,Bite,utility/rank,0,0,1.5,0,10,,,0,5,type2:35,,,,,,,"E0:effect=2,aura=0,base=6,trigger=0"
Hunter,Pet - Turtle,17255,Bite,utility/rank,0,0,1.5,0,10,,,0,5,type2:35,,,,,,,"E0:effect=2,aura=0,base=15,trigger=0"
Hunter,Pet - Turtle,17256,Bite,utility/rank,0,0,1.5,0,10,,,0,5,type2:35,,,,,,,"E0:effect=2,aura=0,base=23,trigger=0"
Hunter,Pet - Turtle,17257,Bite,utility/rank,0,0,1.5,0,10,,,0,5,type2:35,,,,,,,"E0:effect=2,aura=0,base=30,trigger=0"
Hunter,Pet - Turtle,17258,Bite,utility/rank,0,0,1.5,0,10,,,0,5,type2:35,,,,,,,"E0:effect=2,aura=0,base=39,trigger=0"
Hunter,Pet - Turtle,17259,Bite,utility/rank,0,0,1.5,0,10,,,0,5,type2:35,,,,,,,"E0:effect=2,aura=0,base=48,trigger=0"
Hunter,Pet - Turtle,17260,Bite,utility/rank,0,0,1.5,0,10,,,0,5,type2:35,,,,,,,"E0:effect=2,aura=0,base=65,trigger=0"
Hunter,Pet - Turtle,17261,Bite,utility/rank,0,0,1.5,0,10,,,0,5,type2:35,,,,,,,"E0:effect=2,aura=0,base=80,trigger=0"
Hunter,Pet - Turtle,26064,Shell Shield,utility/rank,0,0,1.5,180,0,12,12,0,0,type2:10,,,,,,,"E0:effect=6,aura=87,base=-51,trigger=0;E1:effect=6,aura=138,base=-44,trigger=0"
Hunter,Pet - Turtle,27050,Bite,utility/rank,0,0,1.5,0,10,,,0,5,type2:35,,,,,,,"E0:effect=2,aura=0,base=107,trigger=0"
Hunter,Beast Training,1747,Cower,utility/rank,0,0,,,,,,0,100,,,,,,,,"E0:effect=36,aura=0,base=-1,trigger=1742"
Hunter,Beast Training,1748,Cower,utility/rank,0,0,,,,,,0,100,,,,,,,,"E0:effect=36,aura=0,base=-1,trigger=1753"
Hunter,Beast Training,1749,Cower,utility/rank,0,0,,,,,,0,100,,,,,,,,"E0:effect=36,aura=0,base=-1,trigger=1754"
Hunter,Beast Training,1750,Cower,utility/rank,0,0,,,,,,0,100,,,,,,,,"E0:effect=36,aura=0,base=-1,trigger=1755"
Hunter,Beast Training,1751,Cower,utility/rank,0,0,,,,,,0,100,,,,,,,,"E0:effect=36,aura=0,base=-1,trigger=1756"
Hunter,Beast Training,1853,Growl,tanking,0,0,,,,,,0,100,,,,,,,,"E0:effect=36,aura=0,base=-1,trigger=2649"
Hunter,Beast Training,2975,Claw,utility/rank,0,0,,,,,,0,100,,,,,,,,"E0:effect=36,aura=0,base=0,trigger=16831"
Hunter,Beast Training,2976,Claw,utility/rank,0,0,,,,,,0,100,,,,,,,,"E0:effect=36,aura=0,base=0,trigger=16832"
Hunter,Beast Training,2977,Claw,utility/rank,0,0,,,,,,0,100,,,,,,,,"E0:effect=36,aura=0,base=0,trigger=3010"
Hunter,Beast Training,2980,Claw,utility/rank,0,0,,,,,,0,100,,,,,,,,"E0:effect=36,aura=0,base=-1,trigger=16827"
Hunter,Beast Training,2981,Claw,utility/rank,0,0,,,,,,0,100,,,,,,,,"E0:effect=36,aura=0,base=-1,trigger=16828"
Hunter,Beast Training,2982,Claw,utility/rank,0,0,,,,,,0,100,,,,,,,,"E0:effect=36,aura=0,base=-1,trigger=16829"
Hunter,Beast Training,3666,Claw,utility/rank,0,0,,,,,,0,100,,,,,,,,"E0:effect=36,aura=0,base=0,trigger=3009"
Hunter,Beast Training,3667,Claw,utility/rank,0,0,,,,,,0,100,,,,,,,,"E0:effect=36,aura=0,base=-1,trigger=16830"
Hunter,Beast Training,4195,Great Stamina,utility/rank,0,0,,,,,,0,100,,,,,,,,"E0:effect=36,aura=0,base=0,trigger=4187"
Hunter,Beast Training,4196,Great Stamina,utility/rank,0,0,,,,,,0,100,,,,,,,,"E0:effect=36,aura=0,base=0,trigger=4188"
Hunter,Beast Training,4197,Great Stamina,utility/rank,0,0,,,,,,0,100,,,,,,,,"E0:effect=36,aura=0,base=0,trigger=4189"
Hunter,Beast Training,4198,Great Stamina,utility/rank,0,0,,,,,,0,100,,,,,,,,"E0:effect=36,aura=0,base=0,trigger=4190"
Hunter,Beast Training,4199,Great Stamina,utility/rank,0,0,,,,,,0,100,,,,,,,,"E0:effect=36,aura=0,base=0,trigger=4191"
Hunter,Beast Training,4200,Great Stamina,utility/rank,0,0,,,,,,0,100,,,,,,,,"E0:effect=36,aura=0,base=0,trigger=4192"
Hunter,Beast Training,4201,Great Stamina,utility/rank,0,0,,,,,,0,100,,,,,,,,"E0:effect=36,aura=0,base=0,trigger=4193"
Hunter,Beast Training,4202,Great Stamina,utility/rank,0,0,,,,,,0,100,,,,,,,,"E0:effect=36,aura=0,base=0,trigger=4194"
Hunter,Beast Training,5048,Great Stamina,utility/rank,0,0,,,,,,0,100,,,,,,,,"E0:effect=36,aura=0,base=0,trigger=5041"
Hunter,Beast Training,5049,Great Stamina,utility/rank,0,0,,,,,,0,100,,,,,,,,"E0:effect=36,aura=0,base=0,trigger=5042"
Hunter,Beast Training,5149,Beast Training,utility/rank,0,0,,,,,,0,0,,,,,,,,"E0:effect=47,aura=0,base=0,trigger=0"
Hunter,Beast Training,7370,Charge,utility/rank,0,0,,,,,,0,100,,,,,,,,"E0:effect=36,aura=0,base=0,trigger=7371"
Hunter,Beast Training,14922,Growl,tanking,0,0,,,,,,0,100,,,,,,,,"E0:effect=36,aura=0,base=-1,trigger=14916"
Hunter,Beast Training,14923,Growl,tanking,0,0,,,,,,0,100,,,,,,,,"E0:effect=36,aura=0,base=-1,trigger=14917"
Hunter,Beast Training,14924,Growl,tanking,0,0,,,,,,0,100,,,,,,,,"E0:effect=36,aura=0,base=-1,trigger=14918"
Hunter,Beast Training,14925,Growl,tanking,0,0,,,,,,0,100,,,,,,,,"E0:effect=36,aura=0,base=-1,trigger=14919"
Hunter,Beast Training,14926,Growl,tanking,0,0,,,,,,0,100,,,,,,,,"E0:effect=36,aura=0,base=-1,trigger=14920"
Hunter,Beast Training,14927,Growl,tanking,0,0,,,,,,0,100,,,,,,,,"E0:effect=36,aura=0,base=-1,trigger=14921"
Hunter,Beast Training,16698,Cower,utility/rank,0,0,,,,,,0,100,,,,,,,,"E0:effect=36,aura=0,base=-1,trigger=16697"
Hunter,Beast Training,17254,Bite,utility/rank,0,0,,,,,,0,100,,,,,,,,"E0:effect=36,aura=0,base=-1,trigger=17253"
Hunter,Beast Training,17262,Bite,utility/rank,0,0,,,,,,0,100,,,,,,,,"E0:effect=36,aura=0,base=-1,trigger=17255"
Hunter,Beast Training,17263,Bite,utility/rank,0,0,,,,,,0,100,,,,,,,,"E0:effect=36,aura=0,base=-1,trigger=17256"
Hunter,Beast Training,17264,Bite,utility/rank,0,0,,,,,,0,100,,,,,,,,"E0:effect=36,aura=0,base=-1,trigger=17257"
Hunter,Beast Training,17265,Bite,utility/rank,0,0,,,,,,0,100,,,,,,,,"E0:effect=36,aura=0,base=-1,trigger=17258"
Hunter,Beast Training,17266,Bite,utility/rank,0,0,,,,,,0,100,,,,,,,,"E0:effect=36,aura=0,base=-1,trigger=17259"
Hunter,Beast Training,17267,Bite,utility/rank,0,0,,,,,,0,100,,,,,,,,"E0:effect=36,aura=0,base=-1,trigger=17260"
Hunter,Beast Training,17268,Bite,utility/rank,0,0,,,,,,0,100,,,,,,,,"E0:effect=36,aura=0,base=-1,trigger=17261"
Hunter,Beast Training,23100,Dash,utility/rank,0,0,,,,,,0,100,,,,,,,,"E0:effect=36,aura=0,base=0,trigger=23099"
Hunter,Beast Training,23111,Dash,utility/rank,0,0,,,,,,0,100,,,,,,,,"E0:effect=36,aura=0,base=0,trigger=23109"
Hunter,Beast Training,23112,Dash,utility/rank,0,0,,,,,,0,100,,,,,,,,"E0:effect=36,aura=0,base=0,trigger=23110"
Hunter,Beast Training,23146,Dive,utility/rank,0,0,,,,,,0,100,,,,,,,,"E0:effect=36,aura=0,base=0,trigger=23145"
Hunter,Beast Training,23149,Dive,utility/rank,0,0,,,,,,0,100,,,,,,,,"E0:effect=36,aura=0,base=0,trigger=23147"
Hunter,Beast Training,23150,Dive,utility/rank,0,0,,,,,,0,100,,,,,,,,"E0:effect=36,aura=0,base=0,trigger=23148"
Hunter,Beast Training,24424,Screech,utility/rank,0,0,,,,,,0,100,,,,,,,,"E0:effect=36,aura=0,base=-1,trigger=24423"
Hunter,Beast Training,24440,Fire Resistance,utility/rank,0,0,,,,,,0,100,,,,,,,,"E0:effect=36,aura=0,base=0,trigger=23992"
Hunter,Beast Training,24441,Fire Resistance,utility/rank,0,0,,,,,,0,100,,,,,,,,"E0:effect=36,aura=0,base=0,trigger=24439"
Hunter,Beast Training,24451,Prowl,utility/rank,0,0,,,,,,0,100,,,,,,,,"E0:effect=36,aura=0,base=0,trigger=24450"
Hunter,Beast Training,24454,Prowl,utility/rank,0,0,,,,,,0,100,,,,,,,,"E0:effect=36,aura=0,base=0,trigger=24452"
Hunter,Beast Training,24455,Prowl,utility/rank,0,0,,,,,,0,100,,,,,,,,"E0:effect=36,aura=0,base=0,trigger=24453"
Hunter,Beast Training,24463,Fire Resistance,utility/rank,0,0,,,,,,0,100,,,,,,,,"E0:effect=36,aura=0,base=0,trigger=24444"
Hunter,Beast Training,24464,Fire Resistance,utility/rank,0,0,,,,,,0,100,,,,,,,,"E0:effect=36,aura=0,base=0,trigger=24445"
Hunter,Beast Training,24475,Frost Resistance,utility/rank,0,0,,,,,,0,100,,,,,,,,"E0:effect=36,aura=0,base=0,trigger=24446"
Hunter,Beast Training,24476,Frost Resistance,utility/rank,0,0,,,,,,0,100,,,,,,,,"E0:effect=36,aura=0,base=0,trigger=24447"
Hunter,Beast Training,24477,Frost Resistance,utility/rank,0,0,,,,,,0,100,,,,,,,,"E0:effect=36,aura=0,base=0,trigger=24448"
Hunter,Beast Training,24478,Frost Resistance,utility/rank,0,0,,,,,,0,100,,,,,,,,"E0:effect=36,aura=0,base=0,trigger=24449"
Hunter,Beast Training,24490,Shadow Resistance,utility/rank,0,0,,,,,,0,100,,,,,,,,"E0:effect=36,aura=0,base=0,trigger=24488"
Hunter,Beast Training,24494,Nature Resistance,utility/rank,0,0,,,,,,0,100,,,,,,,,"E0:effect=36,aura=0,base=0,trigger=24492"
Hunter,Beast Training,24495,Arcane Resistance,utility/rank,0,0,,,,,,0,100,,,,,,,,"E0:effect=36,aura=0,base=0,trigger=24493"
Hunter,Beast Training,24508,Arcane Resistance,utility/rank,0,0,,,,,,0,100,,,,,,,,"E0:effect=36,aura=0,base=0,trigger=24497"
Hunter,Beast Training,24509,Arcane Resistance,utility/rank,0,0,,,,,,0,100,,,,,,,,"E0:effect=36,aura=0,base=0,trigger=24500"
Hunter,Beast Training,24510,Arcane Resistance,utility/rank,0,0,,,,,,0,100,,,,,,,,"E0:effect=36,aura=0,base=0,trigger=24501"
Hunter,Beast Training,24511,Nature Resistance,utility/rank,0,0,,,,,,0,100,,,,,,,,"E0:effect=36,aura=0,base=0,trigger=24502"
Hunter,Beast Training,24512,Nature Resistance,utility/rank,0,0,,,,,,0,100,,,,,,,,"E0:effect=36,aura=0,base=0,trigger=24503"
Hunter,Beast Training,24513,Nature Resistance,utility/rank,0,0,,,,,,0,100,,,,,,,,"E0:effect=36,aura=0,base=0,trigger=24504"
Hunter,Beast Training,24514,Shadow Resistance,utility/rank,0,0,,,,,,0,100,,,,,,,,"E0:effect=36,aura=0,base=0,trigger=24505"
Hunter,Beast Training,24515,Shadow Resistance,utility/rank,0,0,,,,,,0,100,,,,,,,,"E0:effect=36,aura=0,base=0,trigger=24506"
Hunter,Beast Training,24516,Shadow Resistance,utility/rank,0,0,,,,,,0,100,,,,,,,,"E0:effect=36,aura=0,base=0,trigger=24507"
Hunter,Beast Training,24547,Natural Armor,utility/rank,0,0,,,,,,0,100,,,,,,,,"E0:effect=36,aura=0,base=0,trigger=24545"
Hunter,Beast Training,24556,Natural Armor,utility/rank,0,0,,,,,,0,100,,,,,,,,"E0:effect=36,aura=0,base=0,trigger=24549"
Hunter,Beast Training,24557,Natural Armor,utility/rank,0,0,,,,,,0,100,,,,,,,,"E0:effect=36,aura=0,base=0,trigger=24550"
Hunter,Beast Training,24558,Natural Armor,utility/rank,0,0,,,,,,0,100,,,,,,,,"E0:effect=36,aura=0,base=0,trigger=24551"
Hunter,Beast Training,24559,Natural Armor,utility/rank,0,0,,,,,,0,100,,,,,,,,"E0:effect=36,aura=0,base=0,trigger=24552"
Hunter,Beast Training,24560,Natural Armor,utility/rank,0,0,,,,,,0,100,,,,,,,,"E0:effect=36,aura=0,base=0,trigger=24553"
Hunter,Beast Training,24561,Natural Armor,utility/rank,0,0,,,,,,0,100,,,,,,,,"E0:effect=36,aura=0,base=0,trigger=24554"
Hunter,Beast Training,24562,Natural Armor,utility/rank,0,0,,,,,,0,100,,,,,,,,"E0:effect=36,aura=0,base=0,trigger=24555"
Hunter,Beast Training,24580,Screech,utility/rank,0,0,,,,,,0,100,,,,,,,,"E0:effect=36,aura=0,base=-1,trigger=24577"
Hunter,Beast Training,24581,Screech,utility/rank,0,0,,,,,,0,100,,,,,,,,"E0:effect=36,aura=0,base=-1,trigger=24578"
Hunter,Beast Training,24582,Screech,utility/rank,0,0,,,,,,0,100,,,,,,,,"E0:effect=36,aura=0,base=-1,trigger=24579"
Hunter,Beast Training,24584,Scorpid Poison,utility/rank,0,0,,,,,,0,100,,,,,,,,"E0:effect=36,aura=0,base=-1,trigger=24583"
Hunter,Beast Training,24588,Scorpid Poison,utility/rank,0,0,,,,,,0,100,,,,,,,,"E0:effect=36,aura=0,base=-1,trigger=24586"
Hunter,Beast Training,24589,Scorpid Poison,utility/rank,0,0,,,,,,0,100,,,,,,,,"E0:effect=36,aura=0,base=-1,trigger=24587"
Hunter,Beast Training,24599,Furious Howl,utility/rank,0,0,,,,,,0,100,,,,,,,,"E0:effect=36,aura=0,base=-1,trigger=24597"
Hunter,Beast Training,24607,Furious Howl,utility/rank,0,0,,,,,,0,100,,,,,,,,"E0:effect=36,aura=0,base=-1,trigger=24603"
Hunter,Beast Training,24608,Furious Howl,utility/rank,0,0,,,,,,0,100,,,,,,,,"E0:effect=36,aura=0,base=-1,trigger=24605"
Hunter,Beast Training,24609,Furious Howl,utility/rank,0,0,,,,,,0,100,,,,,,,,"E0:effect=36,aura=0,base=-1,trigger=24604"
Hunter,Beast Training,24631,Natural Armor,utility/rank,0,0,,,,,,0,100,,,,,,,,"E0:effect=36,aura=0,base=0,trigger=24629"
Hunter,Beast Training,24632,Natural Armor,utility/rank,0,0,,,,,,0,100,,,,,,,,"E0:effect=36,aura=0,base=0,trigger=24630"
Hunter,Beast Training,24641,Scorpid Poison,utility/rank,0,0,,,,,,0,100,,,,,,,,"E0:effect=36,aura=0,base=-1,trigger=24640"
Hunter,Beast Training,24845,Lightning Breath,utility/rank,0,0,,,,,,0,100,,,,,,,,"E0:effect=36,aura=0,base=0,trigger=24844"
Hunter,Beast Training,25013,Lightning Breath,utility/rank,0,0,,,,,,0,100,,,,,,,,"E0:effect=36,aura=0,base=0,trigger=25008"
Hunter,Beast Training,25014,Lightning Breath,utility/rank,0,0,,,,,,0,100,,,,,,,,"E0:effect=36,aura=0,base=0,trigger=25009"
Hunter,Beast Training,25015,Lightning Breath,utility/rank,0,0,,,,,,0,100,,,,,,,,"E0:effect=36,aura=0,base=0,trigger=25010"
Hunter,Beast Training,25016,Lightning Breath,utility/rank,0,0,,,,,,0,100,,,,,,,,"E0:effect=36,aura=0,base=0,trigger=25011"
Hunter,Beast Training,25017,Lightning Breath,utility/rank,0,0,,,,,,0,100,,,,,,,,"E0:effect=36,aura=0,base=0,trigger=25012"
Hunter,Beast Training,25077,Cobra Reflexes,utility/rank,0,0,,,,,,0,100,,,,,,,,"E0:effect=36,aura=0,base=0,trigger=25076"
Hunter,Beast Training,26065,Shell Shield,utility/rank,0,0,,,,,,0,100,,,,,,,,"E0:effect=36,aura=0,base=-1,trigger=26064"
Hunter,Beast Training,26094,Thunderstomp,utility/rank,0,0,,,,,,0,100,,,,,,,,"E0:effect=36,aura=0,base=0,trigger=26090"
Hunter,Beast Training,26184,Charge,utility/rank,0,0,,,,,,0,100,,,,,,,,"E0:effect=36,aura=0,base=0,trigger=26177"
Hunter,Beast Training,26185,Charge,utility/rank,0,0,,,,,,0,100,,,,,,,,"E0:effect=36,aura=0,base=0,trigger=26178"
Hunter,Beast Training,26186,Charge,utility/rank,0,0,,,,,,0,100,,,,,,,,"E0:effect=36,aura=0,base=0,trigger=26179"
Hunter,Beast Training,26189,Thunderstomp,utility/rank,0,0,,,,,,0,100,,,,,,,,"E0:effect=36,aura=0,base=0,trigger=26187"
Hunter,Beast Training,26190,Thunderstomp,utility/rank,0,0,,,,,,0,100,,,,,,,,"E0:effect=36,aura=0,base=0,trigger=26188"
Hunter,Beast Training,26202,Charge,utility/rank,0,0,,,,,,0,100,,,,,,,,"E0:effect=36,aura=0,base=0,trigger=26201"
Hunter,Beast Training,27344,Growl,tanking,0,0,,,,,,0,100,,,,,,,,"E0:effect=36,aura=0,base=-1,trigger=27047"
Hunter,Beast Training,27346,Cower,utility/rank,0,0,,,,,,0,100,,,,,,,,"E0:effect=36,aura=0,base=-1,trigger=27048"
Hunter,Beast Training,27347,Claw,utility/rank,0,0,,,,,,0,100,,,,,,,,"E0:effect=36,aura=0,base=0,trigger=27049"
Hunter,Beast Training,27348,Bite,utility/rank,0,0,,,,,,0,100,,,,,,,,"E0:effect=36,aura=0,base=-1,trigger=27050"
Hunter,Beast Training,27349,Screech,utility/rank,0,0,,,,,,0,100,,,,,,,,"E0:effect=36,aura=0,base=-1,trigger=27051"
Hunter,Beast Training,27350,Arcane Resistance,utility/rank,0,0,,,,,,0,100,,,,,,,,"E0:effect=36,aura=0,base=0,trigger=27052"
Hunter,Beast Training,27351,Fire Resistance,utility/rank,0,0,,,,,,0,100,,,,,,,,"E0:effect=36,aura=0,base=0,trigger=27053"
Hunter,Beast Training,27352,Frost Resistance,utility/rank,0,0,,,,,,0,100,,,,,,,,"E0:effect=36,aura=0,base=0,trigger=27054"
Hunter,Beast Training,27353,Shadow Resistance,utility/rank,0,0,,,,,,0,100,,,,,,,,"E0:effect=36,aura=0,base=0,trigger=27056"
Hunter,Beast Training,27354,Nature Resistance,utility/rank,0,0,,,,,,0,100,,,,,,,,"E0:effect=36,aura=0,base=0,trigger=27055"
Hunter,Beast Training,27361,Scorpid Poison,utility/rank,0,0,,,,,,0,100,,,,,,,,"E0:effect=36,aura=0,base=-1,trigger=27060"
Hunter,Beast Training,27362,Natural Armor,utility/rank,0,0,,,,,,0,100,,,,,,,,"E0:effect=36,aura=0,base=0,trigger=27061"
Hunter,Beast Training,27364,Great Stamina,utility/rank,0,0,,,,,,0,100,,,,,,,,"E0:effect=36,aura=0,base=0,trigger=27062"
Hunter,Beast Training,27366,Thunderstomp,utility/rank,0,0,,,,,,0,100,,,,,,,,"E0:effect=36,aura=0,base=0,trigger=27063"
Hunter,Beast Training,28343,Charge,utility/rank,0,0,,,,,,0,100,,,,,,,,"E0:effect=36,aura=0,base=0,trigger=27685"
Hunter,Beast Training,34890,Fire Breath,utility/rank,0,0,,,,,,0,100,,,,,,,,"E0:effect=36,aura=0,base=0,trigger=34889"
Hunter,Beast Training,35299,Gore,utility/rank,0,0,,,,,,0,100,,,,,,,,"E0:effect=36,aura=0,base=-1,trigger=35290"
Hunter,Beast Training,35300,Gore,utility/rank,0,0,,,,,,0,100,,,,,,,,"E0:effect=36,aura=0,base=-1,trigger=35291"
Hunter,Beast Training,35302,Gore,utility/rank,0,0,,,,,,0,100,,,,,,,,"E0:effect=36,aura=0,base=-1,trigger=35292"
Hunter,Beast Training,35303,Gore,utility/rank,0,0,,,,,,0,100,,,,,,,,"E0:effect=36,aura=0,base=-1,trigger=35293"
Hunter,Beast Training,35304,Gore,utility/rank,0,0,,,,,,0,100,,,,,,,,"E0:effect=36,aura=0,base=-1,trigger=35294"
Hunter,Beast Training,35305,Gore,utility/rank,0,0,,,,,,0,100,,,,,,,,"E0:effect=36,aura=0,base=-1,trigger=35295"
Hunter,Beast Training,35306,Gore,utility/rank,0,0,,,,,,0,100,,,,,,,,"E0:effect=36,aura=0,base=-1,trigger=35296"
Hunter,Beast Training,35307,Gore,utility/rank,0,0,,,,,,0,100,,,,,,,,"E0:effect=36,aura=0,base=-1,trigger=35297"
Hunter,Beast Training,35308,Gore,utility/rank,0,0,,,,,,0,100,,,,,,,,"E0:effect=36,aura=0,base=-1,trigger=35298"
Hunter,Beast Training,35324,Fire Breath,utility/rank,0,0,,,,,,0,100,,,,,,,,"E0:effect=36,aura=0,base=0,trigger=35323"
Hunter,Beast Training,35348,Warp,utility/rank,0,0,,,,,,0,100,,,,,,,,"E0:effect=36,aura=0,base=-1,trigger=35346"
Hunter,Beast Training,35388,Poison Spit,utility/rank,0,0,,,,,,0,100,,,,,,,,"E0:effect=36,aura=0,base=-1,trigger=35387"
Hunter,Beast Training,35390,Poison Spit,utility/rank,0,0,,,,,,0,100,,,,,,,,"E0:effect=36,aura=0,base=-1,trigger=35389"
Hunter,Beast Training,35391,Poison Spit,utility/rank,0,0,,,,,,0,100,,,,,,,,"E0:effect=36,aura=0,base=-1,trigger=35392"
Hunter,Beast Training,35699,Avoidance,utility/rank,0,0,,,,,,0,100,,,,,,,,"E0:effect=36,aura=0,base=0,trigger=35694"
Hunter,Beast Training,35700,Avoidance,utility/rank,0,0,,,,,,0,100,,,,,,,,"E0:effect=36,aura=0,base=0,trigger=35698"
Hunter,Pet - Bat,17206,Tamed Pet Passive (DND),utility/rank,0,0,,,,-0.001,-0.001,0,0,,,,,,,,"E0:effect=6,aura=79,base=6,trigger=0;E1:effect=6,aura=142,base=-1,trigger=0;E2:effect=6,aura=133,base=-1,trigger=0"
Hunter,Pet - Bat,17253,Bite,utility/rank,0,0,1.5,0,10,,,0,5,type2:35,,,,,,,"E0:effect=2,aura=0,base=6,trigger=0"
Hunter,Pet - Bat,17255,Bite,utility/rank,0,0,1.5,0,10,,,0,5,type2:35,,,,,,,"E0:effect=2,aura=0,base=15,trigger=0"
Hunter,Pet - Bat,17256,Bite,utility/rank,0,0,1.5,0,10,,,0,5,type2:35,,,,,,,"E0:effect=2,aura=0,base=23,trigger=0"
Hunter,Pet - Bat,17257,Bite,utility/rank,0,0,1.5,0,10,,,0,5,type2:35,,,,,,,"E0:effect=2,aura=0,base=30,trigger=0"
Hunter,Pet - Bat,17258,Bite,utility/rank,0,0,1.5,0,10,,,0,5,type2:35,,,,,,,"E0:effect=2,aura=0,base=39,trigger=0"
Hunter,Pet - Bat,17259,Bite,utility/rank,0,0,1.5,0,10,,,0,5,type2:35,,,,,,,"E0:effect=2,aura=0,base=48,trigger=0"
Hunter,Pet - Bat,17260,Bite,utility/rank,0,0,1.5,0,10,,,0,5,type2:35,,,,,,,"E0:effect=2,aura=0,base=65,trigger=0"
Hunter,Pet - Bat,17261,Bite,utility/rank,0,0,1.5,0,10,,,0,5,type2:35,,,,,,,"E0:effect=2,aura=0,base=80,trigger=0"
Hunter,Pet - Bat,23145,Dive,utility/rank,0,0,1.5,0,30,15,15,0,0,type2:20,,,,,,,"E0:effect=6,aura=31,base=39,trigger=0"
Hunter,Pet - Bat,23147,Dive,utility/rank,0,0,1.5,0,30,15,15,0,0,type2:20,,,,,,,"E0:effect=6,aura=31,base=59,trigger=0"
Hunter,Pet - Bat,23148,Dive,utility/rank,0,0,1.5,0,30,15,15,0,0,type2:20,,,,,,,"E0:effect=6,aura=31,base=79,trigger=0"
Hunter,Pet - Bat,24423,Screech,utility/rank,0,0,1.5,0,0,4,4,0,5,type2:20,,,,,,,"E0:effect=2,aura=0,base=6,trigger=0;E1:effect=6,aura=99,base=-26,trigger=0"
Hunter,Pet - Bat,24577,Screech,utility/rank,0,0,1.5,0,0,4,4,0,5,type2:20,,,,,,,"E0:effect=2,aura=0,base=11,trigger=0;E1:effect=6,aura=99,base=-51,trigger=0"
Hunter,Pet - Bat,24578,Screech,utility/rank,0,0,1.5,0,0,4,4,0,5,type2:20,,,,,,,"E0:effect=2,aura=0,base=18,trigger=0;E1:effect=6,aura=99,base=-76,trigger=0"
Hunter,Pet - Bat,24579,Screech,utility/rank,0,0,1.5,0,0,4,4,0,5,type2:20,,,,,,,"E0:effect=2,aura=0,base=25,trigger=0;E1:effect=6,aura=99,base=-101,trigger=0"
Hunter,Pet - Bat,27050,Bite,utility/rank,0,0,1.5,0,10,,,0,5,type2:35,,,,,,,"E0:effect=2,aura=0,base=107,trigger=0"
Hunter,Pet - Bat,27051,Screech,utility/rank,0,0,1.5,0,0,4,4,0,5,type2:20,,,,,,,"E0:effect=2,aura=0,base=32,trigger=0;E1:effect=6,aura=99,base=-211,trigger=0"
Hunter,Pet - Hyena,17215,Tamed Pet Passive (DND),utility/rank,0,0,,,,-0.001,-0.001,0,0,,,,,,,,"E0:effect=6,aura=79,base=-1,trigger=0;E1:effect=6,aura=142,base=4,trigger=0;E2:effect=6,aura=133,base=-1,trigger=0"
Hunter,Pet - Hyena,17253,Bite,utility/rank,0,0,1.5,0,10,,,0,5,type2:35,,,,,,,"E0:effect=2,aura=0,base=6,trigger=0"
Hunter,Pet - Hyena,17255,Bite,utility/rank,0,0,1.5,0,10,,,0,5,type2:35,,,,,,,"E0:effect=2,aura=0,base=15,trigger=0"
Hunter,Pet - Hyena,17256,Bite,utility/rank,0,0,1.5,0,10,,,0,5,type2:35,,,,,,,"E0:effect=2,aura=0,base=23,trigger=0"
Hunter,Pet - Hyena,17257,Bite,utility/rank,0,0,1.5,0,10,,,0,5,type2:35,,,,,,,"E0:effect=2,aura=0,base=30,trigger=0"
Hunter,Pet - Hyena,17258,Bite,utility/rank,0,0,1.5,0,10,,,0,5,type2:35,,,,,,,"E0:effect=2,aura=0,base=39,trigger=0"
Hunter,Pet - Hyena,17259,Bite,utility/rank,0,0,1.5,0,10,,,0,5,type2:35,,,,,,,"E0:effect=2,aura=0,base=48,trigger=0"
Hunter,Pet - Hyena,17260,Bite,utility/rank,0,0,1.5,0,10,,,0,5,type2:35,,,,,,,"E0:effect=2,aura=0,base=65,trigger=0"
Hunter,Pet - Hyena,17261,Bite,utility/rank,0,0,1.5,0,10,,,0,5,type2:35,,,,,,,"E0:effect=2,aura=0,base=80,trigger=0"
Hunter,Pet - Hyena,23099,Dash,utility/rank,0,0,1.5,0,30,15,15,0,0,type2:20,,,,,,,"E0:effect=6,aura=31,base=39,trigger=0"
Hunter,Pet - Hyena,23109,Dash,utility/rank,0,0,1.5,0,30,15,15,0,0,type2:20,,,,,,,"E0:effect=6,aura=31,base=59,trigger=0"
Hunter,Pet - Hyena,23110,Dash,utility/rank,0,0,1.5,0,30,15,15,0,0,type2:20,,,,,,,"E0:effect=6,aura=31,base=79,trigger=0"
Hunter,Pet - Hyena,27050,Bite,utility/rank,0,0,1.5,0,10,,,0,5,type2:35,,,,,,,"E0:effect=2,aura=0,base=107,trigger=0"
Hunter,Pet - Owl,3009,Claw,utility/rank,0,0,1.5,0,0,,,0,5,type2:25,,,,,,,"E0:effect=2,aura=0,base=42,trigger=0"
Hunter,Pet - Owl,3010,Claw,utility/rank,0,0,1.5,0,0,,,0,5,type2:25,,,,,,,"E0:effect=2,aura=0,base=34,trigger=0"
Hunter,Pet - Owl,16827,Claw,utility/rank,0,0,1.5,0,0,,,0,5,type2:25,,,,,,,"E0:effect=2,aura=0,base=3,trigger=0"
Hunter,Pet - Owl,16828,Claw,utility/rank,0,0,1.5,0,0,,,0,5,type2:25,,,,,,,"E0:effect=2,aura=0,base=7,trigger=0"
Hunter,Pet - Owl,16829,Claw,utility/rank,0,0,1.5,0,0,,,0,5,type2:25,,,,,,,"E0:effect=2,aura=0,base=11,trigger=0"
Hunter,Pet - Owl,16830,Claw,utility/rank,0,0,1.5,0,0,,,0,5,type2:25,,,,,,,"E0:effect=2,aura=0,base=15,trigger=0"
Hunter,Pet - Owl,16831,Claw,utility/rank,0,0,1.5,0,0,,,0,5,type2:25,,,,,,,"E0:effect=2,aura=0,base=20,trigger=0"
Hunter,Pet - Owl,16832,Claw,utility/rank,0,0,1.5,0,0,,,0,5,type2:25,,,,,,,"E0:effect=2,aura=0,base=25,trigger=0"
Hunter,Pet - Owl,17216,Tamed Pet Passive (DND),utility/rank,0,0,,,,-0.001,-0.001,0,0,,,,,,,,"E0:effect=6,aura=79,base=6,trigger=0;E1:effect=6,aura=142,base=-1,trigger=0;E2:effect=6,aura=133,base=-1,trigger=0"
Hunter,Pet - Owl,23145,Dive,utility/rank,0,0,1.5,0,30,15,15,0,0,type2:20,,,,,,,"E0:effect=6,aura=31,base=39,trigger=0"
Hunter,Pet - Owl,23147,Dive,utility/rank,0,0,1.5,0,30,15,15,0,0,type2:20,,,,,,,"E0:effect=6,aura=31,base=59,trigger=0"
Hunter,Pet - Owl,23148,Dive,utility/rank,0,0,1.5,0,30,15,15,0,0,type2:20,,,,,,,"E0:effect=6,aura=31,base=79,trigger=0"
Hunter,Pet - Owl,24423,Screech,utility/rank,0,0,1.5,0,0,4,4,0,5,type2:20,,,,,,,"E0:effect=2,aura=0,base=6,trigger=0;E1:effect=6,aura=99,base=-26,trigger=0"
Hunter,Pet - Owl,24577,Screech,utility/rank,0,0,1.5,0,0,4,4,0,5,type2:20,,,,,,,"E0:effect=2,aura=0,base=11,trigger=0;E1:effect=6,aura=99,base=-51,trigger=0"
Hunter,Pet - Owl,24578,Screech,utility/rank,0,0,1.5,0,0,4,4,0,5,type2:20,,,,,,,"E0:effect=2,aura=0,base=18,trigger=0;E1:effect=6,aura=99,base=-76,trigger=0"
Hunter,Pet - Owl,24579,Screech,utility/rank,0,0,1.5,0,0,4,4,0,5,type2:20,,,,,,,"E0:effect=2,aura=0,base=25,trigger=0;E1:effect=6,aura=99,base=-101,trigger=0"
Hunter,Pet - Owl,27049,Claw,utility/rank,0,0,1.5,0,0,,,0,5,type2:25,,,,,,,"E0:effect=2,aura=0,base=53,trigger=0"
Hunter,Pet - Owl,27051,Screech,utility/rank,0,0,1.5,0,0,4,4,0,5,type2:20,,,,,,,"E0:effect=2,aura=0,base=32,trigger=0;E1:effect=6,aura=99,base=-211,trigger=0"
Hunter,Pet - Wind Serpent,17222,Tamed Pet Passive (DND),utility/rank,0,0,,,,-0.001,-0.001,0,0,,,,,,,,"E0:effect=6,aura=79,base=6,trigger=0;E1:effect=6,aura=142,base=-1,trigger=0;E2:effect=6,aura=133,base=-1,trigger=0"
Hunter,Pet - Wind Serpent,17253,Bite,utility/rank,0,0,1.5,0,10,,,0,5,type2:35,,,,,,,"E0:effect=2,aura=0,base=6,trigger=0"
Hunter,Pet - Wind Serpent,17255,Bite,utility/rank,0,0,1.5,0,10,,,0,5,type2:35,,,,,,,"E0:effect=2,aura=0,base=15,trigger=0"
Hunter,Pet - Wind Serpent,17256,Bite,utility/rank,0,0,1.5,0,10,,,0,5,type2:35,,,,,,,"E0:effect=2,aura=0,base=23,trigger=0"
Hunter,Pet - Wind Serpent,17257,Bite,utility/rank,0,0,1.5,0,10,,,0,5,type2:35,,,,,,,"E0:effect=2,aura=0,base=30,trigger=0"
Hunter,Pet - Wind Serpent,17258,Bite,utility/rank,0,0,1.5,0,10,,,0,5,type2:35,,,,,,,"E0:effect=2,aura=0,base=39,trigger=0"
Hunter,Pet - Wind Serpent,17259,Bite,utility/rank,0,0,1.5,0,10,,,0,5,type2:35,,,,,,,"E0:effect=2,aura=0,base=48,trigger=0"
Hunter,Pet - Wind Serpent,17260,Bite,utility/rank,0,0,1.5,0,10,,,0,5,type2:35,,,,,,,"E0:effect=2,aura=0,base=65,trigger=0"
Hunter,Pet - Wind Serpent,17261,Bite,utility/rank,0,0,1.5,0,10,,,0,5,type2:35,,,,,,,"E0:effect=2,aura=0,base=80,trigger=0"
Hunter,Pet - Wind Serpent,23145,Dive,utility/rank,0,0,1.5,0,30,15,15,0,0,type2:20,,,,,,,"E0:effect=6,aura=31,base=39,trigger=0"
Hunter,Pet - Wind Serpent,23147,Dive,utility/rank,0,0,1.5,0,30,15,15,0,0,type2:20,,,,,,,"E0:effect=6,aura=31,base=59,trigger=0"
Hunter,Pet - Wind Serpent,23148,Dive,utility/rank,0,0,1.5,0,30,15,15,0,0,type2:20,,,,,,,"E0:effect=6,aura=31,base=79,trigger=0"
Hunter,Pet - Wind Serpent,24844,Lightning Breath,utility/rank,0,0,1.5,0,0,,,0,20,type2:50,,,,,,,"E0:effect=2,aura=0,base=10,trigger=0"
Hunter,Pet - Wind Serpent,25008,Lightning Breath,utility/rank,0,0,1.5,0,0,,,0,20,type2:50,,,,,,,"E0:effect=2,aura=0,base=20,trigger=0"
Hunter,Pet - Wind Serpent,25009,Lightning Breath,utility/rank,0,0,1.5,0,0,,,0,20,type2:50,,,,,,,"E0:effect=2,aura=0,base=35,trigger=0"
Hunter,Pet - Wind Serpent,25010,Lightning Breath,utility/rank,0,0,1.5,0,0,,,0,20,type2:50,,,,,,,"E0:effect=2,aura=0,base=50,trigger=0"
Hunter,Pet - Wind Serpent,25011,Lightning Breath,utility/rank,0,0,1.5,0,0,,,0,20,type2:50,,,,,,,"E0:effect=2,aura=0,base=77,trigger=0"
Hunter,Pet - Wind Serpent,25012,Lightning Breath,utility/rank,0,0,1.5,0,0,,,0,20,type2:50,,,,,,,"E0:effect=2,aura=0,base=98,trigger=0"
Hunter,Pet - Wind Serpent,27050,Bite,utility/rank,0,0,1.5,0,10,,,0,5,type2:35,,,,,,,"E0:effect=2,aura=0,base=107,trigger=0"
Hunter,Pet - Dragonhawk,17253,Bite,utility/rank,0,0,1.5,0,10,,,0,5,type2:35,,,,,,,"E0:effect=2,aura=0,base=6,trigger=0"
Hunter,Pet - Dragonhawk,17255,Bite,utility/rank,0,0,1.5,0,10,,,0,5,type2:35,,,,,,,"E0:effect=2,aura=0,base=15,trigger=0"
Hunter,Pet - Dragonhawk,17256,Bite,utility/rank,0,0,1.5,0,10,,,0,5,type2:35,,,,,,,"E0:effect=2,aura=0,base=23,trigger=0"
Hunter,Pet - Dragonhawk,17257,Bite,utility/rank,0,0,1.5,0,10,,,0,5,type2:35,,,,,,,"E0:effect=2,aura=0,base=30,trigger=0"
Hunter,Pet - Dragonhawk,17258,Bite,utility/rank,0,0,1.5,0,10,,,0,5,type2:35,,,,,,,"E0:effect=2,aura=0,base=39,trigger=0"
Hunter,Pet - Dragonhawk,17259,Bite,utility/rank,0,0,1.5,0,10,,,0,5,type2:35,,,,,,,"E0:effect=2,aura=0,base=48,trigger=0"
Hunter,Pet - Dragonhawk,17260,Bite,utility/rank,0,0,1.5,0,10,,,0,5,type2:35,,,,,,,"E0:effect=2,aura=0,base=65,trigger=0"
Hunter,Pet - Dragonhawk,17261,Bite,utility/rank,0,0,1.5,0,10,,,0,5,type2:35,,,,,,,"E0:effect=2,aura=0,base=80,trigger=0"
Hunter,Pet - Dragonhawk,23145,Dive,utility/rank,0,0,1.5,0,30,15,15,0,0,type2:20,,,,,,,"E0:effect=6,aura=31,base=39,trigger=0"
Hunter,Pet - Dragonhawk,23147,Dive,utility/rank,0,0,1.5,0,30,15,15,0,0,type2:20,,,,,,,"E0:effect=6,aura=31,base=59,trigger=0"
Hunter,Pet - Dragonhawk,23148,Dive,utility/rank,0,0,1.5,0,30,15,15,0,0,type2:20,,,,,,,"E0:effect=6,aura=31,base=79,trigger=0"
Hunter,Pet - Dragonhawk,27050,Bite,utility/rank,0,0,1.5,0,10,,,0,5,type2:35,,,,,,,"E0:effect=2,aura=0,base=107,trigger=0"
Hunter,Pet - Dragonhawk,34887,Tamed Pet Passive (DND),utility/rank,0,0,,,,-0.001,-0.001,0,0,,,,,,,,"E0:effect=6,aura=79,base=-1,trigger=0;E1:effect=6,aura=142,base=-1,trigger=0;E2:effect=6,aura=133,base=-1,trigger=0"
Hunter,Pet - Dragonhawk,34889,Fire Breath,utility/rank,0,0,1.5,10,0,2,2,0,0,type2:50,,,,,,,"E0:effect=2,aura=0,base=1,trigger=0;E1:effect=6,aura=3,base=1,trigger=0"
Hunter,Pet - Dragonhawk,35323,Fire Breath,utility/rank,0,0,1.5,10,0,2,2,0,0,type2:50,,,,,,,"E0:effect=2,aura=0,base=36,trigger=0;E1:effect=6,aura=3,base=36,trigger=0"
Hunter,Pet - Nether Ray,17253,Bite,utility/rank,0,0,1.5,0,10,,,0,5,type2:35,,,,,,,"E0:effect=2,aura=0,base=6,trigger=0"
Hunter,Pet - Nether Ray,17255,Bite,utility/rank,0,0,1.5,0,10,,,0,5,type2:35,,,,,,,"E0:effect=2,aura=0,base=15,trigger=0"
Hunter,Pet - Nether Ray,17256,Bite,utility/rank,0,0,1.5,0,10,,,0,5,type2:35,,,,,,,"E0:effect=2,aura=0,base=23,trigger=0"
Hunter,Pet - Nether Ray,17257,Bite,utility/rank,0,0,1.5,0,10,,,0,5,type2:35,,,,,,,"E0:effect=2,aura=0,base=30,trigger=0"
Hunter,Pet - Nether Ray,17258,Bite,utility/rank,0,0,1.5,0,10,,,0,5,type2:35,,,,,,,"E0:effect=2,aura=0,base=39,trigger=0"
Hunter,Pet - Nether Ray,17259,Bite,utility/rank,0,0,1.5,0,10,,,0,5,type2:35,,,,,,,"E0:effect=2,aura=0,base=48,trigger=0"
Hunter,Pet - Nether Ray,17260,Bite,utility/rank,0,0,1.5,0,10,,,0,5,type2:35,,,,,,,"E0:effect=2,aura=0,base=65,trigger=0"
Hunter,Pet - Nether Ray,17261,Bite,utility/rank,0,0,1.5,0,10,,,0,5,type2:35,,,,,,,"E0:effect=2,aura=0,base=80,trigger=0"
Hunter,Pet - Nether Ray,23145,Dive,utility/rank,0,0,1.5,0,30,15,15,0,0,type2:20,,,,,,,"E0:effect=6,aura=31,base=39,trigger=0"
Hunter,Pet - Nether Ray,23147,Dive,utility/rank,0,0,1.5,0,30,15,15,0,0,type2:20,,,,,,,"E0:effect=6,aura=31,base=59,trigger=0"
Hunter,Pet - Nether Ray,23148,Dive,utility/rank,0,0,1.5,0,30,15,15,0,0,type2:20,,,,,,,"E0:effect=6,aura=31,base=79,trigger=0"
Hunter,Pet - Nether Ray,27050,Bite,utility/rank,0,0,1.5,0,10,,,0,5,type2:35,,,,,,,"E0:effect=2,aura=0,base=107,trigger=0"
Hunter,Pet - Nether Ray,35253,Tamed Pet Passive (DND),utility/rank,0,0,,,,-0.001,-0.001,0,0,,,,,,,,"E0:effect=6,aura=79,base=2,trigger=0;E1:effect=6,aura=142,base=-11,trigger=0;E2:effect=6,aura=133,base=9,trigger=0"
Hunter,Pet - Sporebat,35258,Tamed Pet Passive (DND),utility/rank,0,0,,,,-0.001,-0.001,0,0,,,,,,,,"E0:effect=6,aura=79,base=-1,trigger=0;E1:effect=6,aura=142,base=-1,trigger=0;E2:effect=6,aura=133,base=-1,trigger=0"
Hunter,Pet - Warp Stalker,3009,Claw,utility/rank,0,0,1.5,0,0,,,0,5,type2:25,,,,,,,"E0:effect=2,aura=0,base=42,trigger=0"
Hunter,Pet - Warp Stalker,3010,Claw,utility/rank,0,0,1.5,0,0,,,0,5,type2:25,,,,,,,"E0:effect=2,aura=0,base=34,trigger=0"
Hunter,Pet - Warp Stalker,16827,Claw,utility/rank,0,0,1.5,0,0,,,0,5,type2:25,,,,,,,"E0:effect=2,aura=0,base=3,trigger=0"
Hunter,Pet - Warp Stalker,16828,Claw,utility/rank,0,0,1.5,0,0,,,0,5,type2:25,,,,,,,"E0:effect=2,aura=0,base=7,trigger=0"
Hunter,Pet - Warp Stalker,16829,Claw,utility/rank,0,0,1.5,0,0,,,0,5,type2:25,,,,,,,"E0:effect=2,aura=0,base=11,trigger=0"
Hunter,Pet - Warp Stalker,16830,Claw,utility/rank,0,0,1.5,0,0,,,0,5,type2:25,,,,,,,"E0:effect=2,aura=0,base=15,trigger=0"
Hunter,Pet - Warp Stalker,16831,Claw,utility/rank,0,0,1.5,0,0,,,0,5,type2:25,,,,,,,"E0:effect=2,aura=0,base=20,trigger=0"
Hunter,Pet - Warp Stalker,16832,Claw,utility/rank,0,0,1.5,0,0,,,0,5,type2:25,,,,,,,"E0:effect=2,aura=0,base=25,trigger=0"
Hunter,Pet - Warp Stalker,17253,Bite,utility/rank,0,0,1.5,0,10,,,0,5,type2:35,,,,,,,"E0:effect=2,aura=0,base=6,trigger=0"
Hunter,Pet - Warp Stalker,17255,Bite,utility/rank,0,0,1.5,0,10,,,0,5,type2:35,,,,,,,"E0:effect=2,aura=0,base=15,trigger=0"
Hunter,Pet - Warp Stalker,17256,Bite,utility/rank,0,0,1.5,0,10,,,0,5,type2:35,,,,,,,"E0:effect=2,aura=0,base=23,trigger=0"
Hunter,Pet - Warp Stalker,17257,Bite,utility/rank,0,0,1.5,0,10,,,0,5,type2:35,,,,,,,"E0:effect=2,aura=0,base=30,trigger=0"
Hunter,Pet - Warp Stalker,17258,Bite,utility/rank,0,0,1.5,0,10,,,0,5,type2:35,,,,,,,"E0:effect=2,aura=0,base=39,trigger=0"
Hunter,Pet - Warp Stalker,17259,Bite,utility/rank,0,0,1.5,0,10,,,0,5,type2:35,,,,,,,"E0:effect=2,aura=0,base=48,trigger=0"
Hunter,Pet - Warp Stalker,17260,Bite,utility/rank,0,0,1.5,0,10,,,0,5,type2:35,,,,,,,"E0:effect=2,aura=0,base=65,trigger=0"
Hunter,Pet - Warp Stalker,17261,Bite,utility/rank,0,0,1.5,0,10,,,0,5,type2:35,,,,,,,"E0:effect=2,aura=0,base=80,trigger=0"
Hunter,Pet - Warp Stalker,27049,Claw,utility/rank,0,0,1.5,0,0,,,0,5,type2:25,,,,,,,"E0:effect=2,aura=0,base=53,trigger=0"
Hunter,Pet - Warp Stalker,27050,Bite,utility/rank,0,0,1.5,0,10,,,0,5,type2:35,,,,,,,"E0:effect=2,aura=0,base=107,trigger=0"
Hunter,Pet - Warp Stalker,35254,Tamed Pet Passive (DND),utility/rank,0,0,,,,-0.001,-0.001,0,0,,,,,,,,"E0:effect=6,aura=79,base=-7,trigger=0;E1:effect=6,aura=142,base=4,trigger=0;E2:effect=6,aura=133,base=-1,trigger=0"
Hunter,Pet - Warp Stalker,35346,Warp,utility/rank,0,0,1.5,0,15,4,4,0,30,type2:25,,,,,,,"E0:effect=63,aura=0,base=0,trigger=0;E1:effect=64,aura=0,base=0,trigger=35779;E2:effect=6,aura=184,base=-51,trigger=0"
Hunter,Pet - Serpent,17253,Bite,utility/rank,0,0,1.5,0,10,,,0,5,type2:35,,,,,,,"E0:effect=2,aura=0,base=6,trigger=0"
Hunter,Pet - Serpent,17255,Bite,utility/rank,0,0,1.5,0,10,,,0,5,type2:35,,,,,,,"E0:effect=2,aura=0,base=15,trigger=0"
Hunter,Pet - Serpent,17256,Bite,utility/rank,0,0,1.5,0,10,,,0,5,type2:35,,,,,,,"E0:effect=2,aura=0,base=23,trigger=0"
Hunter,Pet - Serpent,17257,Bite,utility/rank,0,0,1.5,0,10,,,0,5,type2:35,,,,,,,"E0:effect=2,aura=0,base=30,trigger=0"
Hunter,Pet - Serpent,17258,Bite,utility/rank,0,0,1.5,0,10,,,0,5,type2:35,,,,,,,"E0:effect=2,aura=0,base=39,trigger=0"
Hunter,Pet - Serpent,17259,Bite,utility/rank,0,0,1.5,0,10,,,0,5,type2:35,,,,,,,"E0:effect=2,aura=0,base=48,trigger=0"
Hunter,Pet - Serpent,17260,Bite,utility/rank,0,0,1.5,0,10,,,0,5,type2:35,,,,,,,"E0:effect=2,aura=0,base=65,trigger=0"
Hunter,Pet - Serpent,17261,Bite,utility/rank,0,0,1.5,0,10,,,0,5,type2:35,,,,,,,"E0:effect=2,aura=0,base=80,trigger=0"
Hunter,Pet - Serpent,27050,Bite,utility/rank,0,0,1.5,0,10,,,0,5,type2:35,,,,,,,"E0:effect=2,aura=0,base=107,trigger=0"
Hunter,Pet - Serpent,35386,Tamed Pet Passive (DND),utility/rank,0,0,,,,-0.001,-0.001,0,0,,,,,,,,"E0:effect=6,aura=79,base=-1,trigger=0;E1:effect=6,aura=142,base=-1,trigger=0;E2:effect=6,aura=133,base=-1,trigger=0"
Hunter,Pet - Serpent,35387,Poison Spit,utility/rank,0,0,1.5,0,10,8,8,0,30,type2:35,,,,,,,"E0:effect=6,aura=3,base=4,trigger=0"
Hunter,Pet - Serpent,35389,Poison Spit,utility/rank,0,0,1.5,0,10,8,8,0,30,type2:35,,,,,,,"E0:effect=6,aura=3,base=17,trigger=0"
Hunter,Pet - Serpent,35392,Poison Spit,utility/rank,0,0,1.5,0,10,8,8,0,30,type2:35,,,,,,,"E0:effect=6,aura=3,base=23,trigger=0"
Mage,Frost,10,Blizzard,utility/rank,0,0,1.5,0,0,8,8,0,30,type0:320,,,,,,,"E0:effect=27,aura=4,base=24,trigger=0;E1:effect=6,aura=23,base=0,trigger=42208"
Mage,Frost,116,Frostbolt,damage,1.5,1.5,1.5,0,0,5,5,0,30,type0:25,,,,,,,"E0:effect=6,aura=33,base=-41,trigger=0;E1:effect=2,aura=0,base=17,trigger=0"
Mage,Frost,120,Cone of Cold,utility/rank,0,0,1.5,0,10,8,8,0,0,type0:210,,,,,,,"E0:effect=6,aura=33,base=-51,trigger=0;E1:effect=2,aura=0,base=97,trigger=0"
Mage,Frost,122,Frost Nova,utility/rank,0,0,1.5,0,25,8,8,0,0,type0:55,,,,,,,"E0:effect=2,aura=0,base=18,trigger=0;E1:effect=6,aura=26,base=-1,trigger=0"
Mage,Frost,168,Frost Armor,utility/rank,0,0,1.5,0,0,1800,1800,0,0,type0:60,,,,,,,"E0:effect=6,aura=22,base=29,trigger=0;E1:effect=6,aura=42,base=0,trigger=6136"
Mage,Frost,205,Frostbolt,damage,1.8,1.8,1.5,0,0,6,6,0,30,type0:35,,,,,,,"E0:effect=6,aura=33,base=-41,trigger=0;E1:effect=2,aura=0,base=30,trigger=0"
Mage,Frost,837,Frostbolt,damage,2.2,2.2,1.5,0,0,6,6,0,30,type0:50,,,,,,,"E0:effect=6,aura=33,base=-41,trigger=0;E1:effect=2,aura=0,base=50,trigger=0"
Mage,Frost,865,Frost Nova,utility/rank,0,0,1.5,0,25,8,8,0,0,type0:85,,,,,,,"E0:effect=2,aura=0,base=32,trigger=0;E1:effect=6,aura=26,base=-1,trigger=0"
Mage,Frost,6131,Frost Nova,utility/rank,0,0,1.5,0,25,8,8,0,0,type0:115,,,,,,,"E0:effect=2,aura=0,base=51,trigger=0;E1:effect=6,aura=26,base=-1,trigger=0"
Mage,Frost,6141,Blizzard,utility/rank,0,0,1.5,0,0,8,8,0,30,type0:520,,,,,,,"E0:effect=27,aura=4,base=43,trigger=0;E1:effect=6,aura=23,base=0,trigger=42209"
Mage,Frost,6143,Frost Ward,utility/rank,0,0,1.5,0,30,30,30,0,0,type0:85,,,,,,,"E0:effect=6,aura=69,base=164,trigger=0;E1:effect=6,aura=74,base=-1,trigger=0"
Mage,Frost,7300,Frost Armor,utility/rank,0,0,1.5,0,0,1800,1800,0,0,type0:110,,,,,,,"E0:effect=6,aura=22,base=109,trigger=0;E1:effect=6,aura=42,base=0,trigger=6136"
Mage,Frost,7301,Frost Armor,utility/rank,0,0,1.5,0,0,1800,1800,0,0,type0:170,,,,,,,"E0:effect=6,aura=22,base=199,trigger=0;E1:effect=6,aura=42,base=0,trigger=6136"
Mage,Frost,7302,Ice Armor,utility/rank,0,0,1.5,0,0,1800,1800,0,0,type0:240,,,,,,,"E0:effect=6,aura=22,base=289,trigger=0;E1:effect=6,aura=42,base=0,trigger=7321;E2:effect=6,aura=22,base=5,trigger=0"
Mage,Frost,7320,Ice Armor,utility/rank,0,0,1.5,0,0,1800,1800,0,0,type0:320,,,,,,,"E0:effect=6,aura=22,base=379,trigger=0;E1:effect=6,aura=42,base=0,trigger=7321;E2:effect=6,aura=22,base=8,trigger=0"
Mage,Frost,7322,Frostbolt,damage,2.6,2.6,1.5,0,0,7,7,0,30,type0:65,,,,,,,"E0:effect=6,aura=33,base=-41,trigger=0;E1:effect=2,aura=0,base=73,trigger=0"
Mage,Frost,8406,Frostbolt,damage,3,3,1.5,0,0,7,7,0,30,type0:100,,,,,,,"E0:effect=6,aura=33,base=-41,trigger=0;E1:effect=2,aura=0,base=125,trigger=0"
Mage,Frost,8407,Frostbolt,damage,3,3,1.5,0,0,8,8,0,30,type0:130,,,,,,,"E0:effect=6,aura=33,base=-41,trigger=0;E1:effect=2,aura=0,base=173,trigger=0"
Mage,Frost,8408,Frostbolt,damage,3,3,1.5,0,0,8,8,0,30,type0:160,,,,,,,"E0:effect=6,aura=33,base=-41,trigger=0;E1:effect=2,aura=0,base=226,trigger=0"
Mage,Frost,8427,Blizzard,utility/rank,0,0,1.5,0,0,8,8,0,30,type0:720,,,,,,,"E0:effect=27,aura=4,base=64,trigger=0;E1:effect=6,aura=23,base=0,trigger=42210"
Mage,Frost,8461,Frost Ward,utility/rank,0,0,1.5,0,30,30,30,0,0,type0:135,,,,,,,"E0:effect=6,aura=69,base=289,trigger=0;E1:effect=6,aura=74,base=-1,trigger=0"
Mage,Frost,8462,Frost Ward,utility/rank,0,0,1.5,0,30,30,30,0,0,type0:195,,,,,,,"E0:effect=6,aura=69,base=469,trigger=0;E1:effect=6,aura=74,base=-1,trigger=0"
Mage,Frost,8492,Cone of Cold,utility/rank,0,0,1.5,0,10,8,8,0,0,type0:290,,,,,,,"E0:effect=6,aura=33,base=-51,trigger=0;E1:effect=2,aura=0,base=145,trigger=0"
Mage,Frost,10159,Cone of Cold,utility/rank,0,0,1.5,0,10,8,8,0,0,type0:380,,,,,,,"E0:effect=6,aura=33,base=-51,trigger=0;E1:effect=2,aura=0,base=202,trigger=0"
Mage,Frost,10160,Cone of Cold,utility/rank,0,0,1.5,0,10,8,8,0,0,type0:465,,,,,,,"E0:effect=6,aura=33,base=-51,trigger=0;E1:effect=2,aura=0,base=263,trigger=0"
Mage,Frost,10161,Cone of Cold,utility/rank,0,0,1.5,0,10,8,8,0,0,type0:555,,,,,,,"E0:effect=6,aura=33,base=-51,trigger=0;E1:effect=2,aura=0,base=334,trigger=0"
Mage,Frost,10177,Frost Ward,utility/rank,0,0,1.5,0,30,30,30,0,0,type0:255,,,,,,,"E0:effect=6,aura=69,base=674,trigger=0;E1:effect=6,aura=74,base=-1,trigger=0"
Mage,Frost,10179,Frostbolt,damage,3,3,1.5,0,0,9,9,0,30,type0:195,,,,,,,"E0:effect=6,aura=33,base=-41,trigger=0;E1:effect=2,aura=0,base=291,trigger=0"
Mage,Frost,10180,Frostbolt,damage,3,3,1.5,0,0,9,9,0,30,type0:225,,,,,,,"E0:effect=6,aura=33,base=-41,trigger=0;E1:effect=2,aura=0,base=352,trigger=0"
Mage,Frost,10181,Frostbolt,damage,3,3,1.5,0,0,9,9,0,30,type0:260,,,,,,,"E0:effect=6,aura=33,base=-41,trigger=0;E1:effect=2,aura=0,base=428,trigger=0"
Mage,Frost,10185,Blizzard,utility/rank,0,0,1.5,0,0,8,8,0,30,type0:935,,,,,,,"E0:effect=27,aura=4,base=89,trigger=0;E1:effect=6,aura=23,base=0,trigger=42211"
Mage,Frost,10186,Blizzard,utility/rank,0,0,1.5,0,0,8,8,0,30,type0:1160,,,,,,,"E0:effect=27,aura=4,base=116,trigger=0;E1:effect=6,aura=23,base=0,trigger=42212"
Mage,Frost,10187,Blizzard,utility/rank,0,0,1.5,0,0,8,8,0,30,type0:1400,,,,,,,"E0:effect=27,aura=4,base=148,trigger=0;E1:effect=6,aura=23,base=0,trigger=42213"
Mage,Frost,10219,Ice Armor,utility/rank,0,0,1.5,0,0,1800,1800,0,0,type0:410,,,,,,,"E0:effect=6,aura=22,base=469,trigger=0;E1:effect=6,aura=42,base=0,trigger=7321;E2:effect=6,aura=22,base=11,trigger=0"
Mage,Frost,10220,Ice Armor,utility/rank,0,0,1.5,0,0,1800,1800,0,0,type0:500,,,,,,,"E0:effect=6,aura=22,base=559,trigger=0;E1:effect=6,aura=42,base=0,trigger=7321;E2:effect=6,aura=22,base=14,trigger=0"
Mage,Frost,10230,Frost Nova,utility/rank,0,0,1.5,0,25,8,8,0,0,type0:145,,,,,,,"E0:effect=2,aura=0,base=70,trigger=0;E1:effect=6,aura=26,base=-1,trigger=0"
Mage,Frost,11070,Improved Frostbolt,damage,0,0,,,,-0.001,-0.001,0,0,,,,,,,,"E0:effect=6,aura=107,base=-101,trigger=0"
Mage,Frost,11071,Frostbite,utility/rank,0,0,,,,,,0,0,,,,,,,,"E0:effect=6,aura=109,base=4,trigger=12494"
Mage,Frost,11151,Piercing Ice,utility/rank,0,0,,,,-0.001,-0.001,0,0,,,,,,,,"E0:effect=6,aura=108,base=1,trigger=0;E1:effect=6,aura=108,base=1,trigger=0"
Mage,Frost,11160,Frost Channeling,utility/rank,0,0,,,,,,0,0,,,,,,,,"E0:effect=6,aura=108,base=-6,trigger=0;E1:effect=6,aura=10,base=-5,trigger=0"
Mage,Frost,11165,Improved Frost Nova,passive/talent,0,0,,,,-0.001,-0.001,0,0,,,,,,,,"E0:effect=6,aura=107,base=-2001,trigger=0"
Mage,Frost,11170,Shatter,utility/rank,0,0,,,,-0.001,-0.001,0,0,,,,,,,,"E0:effect=6,aura=112,base=0,trigger=0"
Mage,Frost,11175,Permafrost,utility/rank,0,0,,,,-0.001,-0.001,0,0,,,,,,,,"E0:effect=6,aura=107,base=999,trigger=0;E1:effect=6,aura=107,base=-5,trigger=0"
Mage,Frost,11180,Winter's Chill,utility/rank,0,0,,,,-0.001,-0.001,0,0,,,,,,,,"E0:effect=6,aura=42,base=-1,trigger=12579"
Mage,Frost,11185,Improved Blizzard,passive/talent,0,0,,,,-0.001,-0.001,0,0,,,,,,,,"E0:effect=6,aura=112,base=0,trigger=0"
Mage,Frost,11189,Frost Warding,utility/rank,0,0,,,,-0.001,-0.001,0,0,,,,,,,,"E0:effect=6,aura=108,base=14,trigger=0;E1:effect=3,aura=0,base=9,trigger=0"
Mage,Frost,11190,Improved Cone of Cold,passive/talent,0,0,,,,,,0,0,,,,,,,,"E0:effect=6,aura=108,base=14,trigger=0"
Mage,Frost,11207,Ice Shards,utility/rank,0,0,,,,-0.001,-0.001,0,0,,,,,,,,"E0:effect=6,aura=108,base=19,trigger=0"
Mage,Frost,11426,Ice Barrier,utility/rank,0,0,1.5,0,30,60,60,0,0,type0:305,,,,,,,"E0:effect=6,aura=69,base=437,trigger=0"
Mage,Frost,11958,Cold Snap,utility/rank,0,0,0,480,0,,,0,0,,,,,,,,"E0:effect=3,aura=0,base=0,trigger=0"
Mage,Frost,12472,Icy Veins,utility/rank,0,0,0,180,0,20,20,0,0,type0:3%,,,,,,,"E0:effect=6,aura=65,base=19,trigger=0;E1:effect=6,aura=108,base=99,trigger=0"
Mage,Frost,12473,Improved Frostbolt,damage,0,0,,,,-0.001,-0.001,0,0,,,,,,,,"E0:effect=6,aura=107,base=-201,trigger=0"
Mage,Frost,12475,Improved Frost Nova,passive/talent,0,0,,,,-0.001,-0.001,0,0,,,,,,,,"E0:effect=6,aura=107,base=-4001,trigger=0"
Mage,Frost,12484,Chilled,utility/rank,0,0,,,,1.5,1.5,0,50000,,,,,,,,"E0:effect=6,aura=33,base=-31,trigger=0"
Mage,Frost,12485,Chilled,utility/rank,0,0,,,,1.5,1.5,0,50000,,,,,,,,"E0:effect=6,aura=33,base=-51,trigger=0"
Mage,Frost,12486,Chilled,utility/rank,0,0,,,,1.5,1.5,0,50000,,,,,,,,"E0:effect=6,aura=33,base=-66,trigger=0"
Mage,Frost,12487,Improved Blizzard,passive/talent,0,0,,,,-0.001,-0.001,0,0,,,,,,,,"E0:effect=6,aura=112,base=0,trigger=0"
Mage,Frost,12488,Improved Blizzard,passive/talent,0,0,,,,-0.001,-0.001,0,0,,,,,,,,"E0:effect=6,aura=112,base=0,trigger=0"
Mage,Frost,12489,Improved Cone of Cold,passive/talent,0,0,,,,,,0,0,,,,,,,,"E0:effect=6,aura=108,base=24,trigger=0"
Mage,Frost,12490,Improved Cone of Cold,passive/talent,0,0,,,,,,0,0,,,,,,,,"E0:effect=6,aura=108,base=34,trigger=0"
Mage,Frost,12494,Frostbite,utility/rank,0,0,,,,5,5,0,100,,,,,,,,"E0:effect=6,aura=26,base=-1,trigger=0"
Mage,Frost,12496,Frostbite,utility/rank,0,0,,,,,,0,0,,,,,,,,"E0:effect=6,aura=109,base=9,trigger=12494"
Mage,Frost,12497,Frostbite,utility/rank,0,0,,,,,,0,0,,,,,,,,"E0:effect=6,aura=109,base=14,trigger=12494"
Mage,Frost,12518,Frost Channeling,utility/rank,0,0,,,,,,0,0,,,,,,,,"E0:effect=6,aura=108,base=-11,trigger=0;E1:effect=6,aura=10,base=-8,trigger=0"
Mage,Frost,12519,Frost Channeling,utility/rank,0,0,,,,,,0,0,,,,,,,,"E0:effect=6,aura=108,base=-16,trigger=0;E1:effect=6,aura=10,base=-11,trigger=0"
Mage,Frost,12569,Permafrost,utility/rank,0,0,,,,-0.001,-0.001,0,0,,,,,,,,"E0:effect=6,aura=107,base=1999,trigger=0;E1:effect=6,aura=107,base=-8,trigger=0"
Mage,Frost,12571,Permafrost,utility/rank,0,0,,,,-0.001,-0.001,0,0,,,,,,,,"E0:effect=6,aura=107,base=2999,trigger=0;E1:effect=6,aura=107,base=-11,trigger=0"
Mage,Frost,12672,Ice Shards,utility/rank,0,0,,,,-0.001,-0.001,0,0,,,,,,,,"E0:effect=6,aura=108,base=39,trigger=0"
Mage,Frost,12952,Piercing Ice,utility/rank,0,0,,,,-0.001,-0.001,0,0,,,,,,,,"E0:effect=6,aura=108,base=3,trigger=0;E1:effect=6,aura=108,base=3,trigger=0"
Mage,Frost,12953,Piercing Ice,utility/rank,0,0,,,,-0.001,-0.001,0,0,,,,,,,,"E0:effect=6,aura=108,base=5,trigger=0;E1:effect=6,aura=108,base=5,trigger=0"
Mage,Frost,12982,Shatter,utility/rank,0,0,,,,-0.001,-0.001,0,0,,,,,,,,"E0:effect=6,aura=112,base=0,trigger=0"
Mage,Frost,12983,Shatter,utility/rank,0,0,,,,-0.001,-0.001,0,0,,,,,,,,"E0:effect=6,aura=112,base=0,trigger=0"
Mage,Frost,12984,Shatter,utility/rank,0,0,,,,-0.001,-0.001,0,0,,,,,,,,"E0:effect=6,aura=112,base=0,trigger=0"
Mage,Frost,12985,Shatter,utility/rank,0,0,,,,-0.001,-0.001,0,0,,,,,,,,"E0:effect=6,aura=112,base=0,trigger=0"
Mage,Frost,13031,Ice Barrier,utility/rank,0,0,1.5,0,30,60,60,0,0,type0:360,,,,,,,"E0:effect=6,aura=69,base=548,trigger=0"
Mage,Frost,13032,Ice Barrier,utility/rank,0,0,1.5,0,30,60,60,0,0,type0:420,,,,,,,"E0:effect=6,aura=69,base=677,trigger=0"
Mage,Frost,13033,Ice Barrier,utility/rank,0,0,1.5,0,30,60,60,0,0,type0:480,,,,,,,"E0:effect=6,aura=69,base=817,trigger=0"
Mage,Frost,15047,Ice Shards,utility/rank,0,0,,,,-0.001,-0.001,0,0,,,,,,,,"E0:effect=6,aura=108,base=59,trigger=0"
Mage,Frost,15052,Ice Shards,utility/rank,0,0,,,,-0.001,-0.001,0,0,,,,,,,,"E0:effect=6,aura=108,base=79,trigger=0"
Mage,Frost,15053,Ice Shards,utility/rank,0,0,,,,-0.001,-0.001,0,0,,,,,,,,"E0:effect=6,aura=108,base=99,trigger=0"
Mage,Frost,16757,Arctic Reach,utility/rank,0,0,,,,,,0,0,,,,,,,,"E0:effect=6,aura=108,base=9,trigger=0;E1:effect=6,aura=108,base=9,trigger=0"
Mage,Frost,16758,Arctic Reach,utility/rank,0,0,,,,,,0,0,,,,,,,,"E0:effect=6,aura=108,base=19,trigger=0;E1:effect=6,aura=108,base=19,trigger=0"
Mage,Frost,16763,Improved Frostbolt,damage,0,0,,,,-0.001,-0.001,0,0,,,,,,,,"E0:effect=6,aura=107,base=-301,trigger=0"
Mage,Frost,16765,Improved Frostbolt,damage,0,0,,,,-0.001,-0.001,0,0,,,,,,,,"E0:effect=6,aura=107,base=-401,trigger=0"
Mage,Frost,16766,Improved Frostbolt,damage,0,0,,,,-0.001,-0.001,0,0,,,,,,,,"E0:effect=6,aura=107,base=-501,trigger=0"
Mage,Frost,25304,Frostbolt,damage,3,3,1.5,0,0,9,9,0,30,type0:290,,,,,,,"E0:effect=6,aura=33,base=-41,trigger=0;E1:effect=2,aura=0,base=514,trigger=0"
Mage,Frost,27071,Frostbolt,damage,3,3,1.5,0,0,9,9,0,30,type0:300,,,,,,,"E0:effect=6,aura=33,base=-41,trigger=0;E1:effect=2,aura=0,base=535,trigger=0"
Mage,Frost,27072,Frostbolt,damage,3,3,1.5,0,0,9,9,0,30,type0:330,,,,,,,"E0:effect=6,aura=33,base=-41,trigger=0;E1:effect=2,aura=0,base=596,trigger=0"
Mage,Frost,27085,Blizzard,utility/rank,0,0,1.5,0,0,8,8,0,30,type0:1645,,,,,,,"E0:effect=27,aura=4,base=183,trigger=0;E1:effect=6,aura=23,base=-1,trigger=42198"
Mage,Frost,27087,Cone of Cold,utility/rank,0,0,1.5,0,10,8,8,0,0,type0:645,,,,,,,"E0:effect=6,aura=33,base=-51,trigger=0;E1:effect=2,aura=0,base=409,trigger=0"
Mage,Frost,27088,Frost Nova,utility/rank,0,0,1.5,0,25,8,8,0,0,type0:185,,,,,,,"E0:effect=2,aura=0,base=98,trigger=0;E1:effect=6,aura=26,base=-1,trigger=0"
Mage,Frost,27124,Ice Armor,utility/rank,0,0,1.5,0,0,1800,1800,0,0,type0:630,,,,,,,"E0:effect=6,aura=22,base=644,trigger=0;E1:effect=6,aura=42,base=0,trigger=7321;E2:effect=6,aura=22,base=17,trigger=0"
Mage,Frost,27134,Ice Barrier,utility/rank,0,0,1.5,0,30,60,60,0,0,type0:495,,,,,,,"E0:effect=6,aura=69,base=924,trigger=0"
Mage,Frost,28332,Frost Warding,utility/rank,0,0,,,,-0.001,-0.001,0,0,,,,,,,,"E0:effect=6,aura=108,base=29,trigger=0;E1:effect=3,aura=0,base=19,trigger=0"
Mage,Frost,28592,Winter's Chill,utility/rank,0,0,,,,-0.001,-0.001,0,0,,,,,,,,"E0:effect=6,aura=42,base=-1,trigger=12579"
Mage,Frost,28593,Winter's Chill,utility/rank,0,0,,,,-0.001,-0.001,0,0,,,,,,,,"E0:effect=6,aura=42,base=-1,trigger=12579"
Mage,Frost,28594,Winter's Chill,utility/rank,0,0,,,,-0.001,-0.001,0,0,,,,,,,,"E0:effect=6,aura=42,base=-1,trigger=12579"
Mage,Frost,28595,Winter's Chill,utility/rank,0,0,,,,-0.001,-0.001,0,0,,,,,,,,"E0:effect=6,aura=42,base=-1,trigger=12579"
Mage,Frost,28609,Frost Ward,utility/rank,0,0,1.5,0,30,30,30,0,0,type0:320,,,,,,,"E0:effect=6,aura=69,base=874,trigger=0;E1:effect=6,aura=74,base=-1,trigger=0"
Mage,Frost,29438,Elemental Precision,passive/talent,0,0,,,,-0.001,-0.001,0,0,,,,,,,,"E0:effect=6,aura=107,base=0,trigger=0;E1:effect=6,aura=72,base=-2,trigger=0"
Mage,Frost,29439,Elemental Precision,passive/talent,0,0,,,,-0.001,-0.001,0,0,,,,,,,,"E0:effect=6,aura=107,base=1,trigger=0;E1:effect=6,aura=72,base=-3,trigger=0"
Mage,Frost,29440,Elemental Precision,passive/talent,0,0,,,,-0.001,-0.001,0,0,,,,,,,,"E0:effect=6,aura=107,base=2,trigger=0;E1:effect=6,aura=72,base=-4,trigger=0"
Mage,Frost,30455,Ice Lance,utility/rank,0,0,1.5,0,0,,,0,30,type0:150,,,,,,,"E0:effect=2,aura=0,base=160,trigger=0"
Mage,Frost,31667,Frozen Core,utility/rank,0,0,,,,-0.001,-0.001,0,0,,,,,,,,"E0:effect=6,aura=87,base=-3,trigger=0"
Mage,Frost,31668,Frozen Core,utility/rank,0,0,,,,-0.001,-0.001,0,0,,,,,,,,"E0:effect=6,aura=87,base=-5,trigger=0"
Mage,Frost,31669,Frozen Core,utility/rank,0,0,,,,-0.001,-0.001,0,0,,,,,,,,"E0:effect=6,aura=87,base=-7,trigger=0"
Mage,Frost,31670,Ice Floes,utility/rank,0,0,,,,-0.001,-0.001,0,0,,,,,,,,"E0:effect=6,aura=108,base=-11,trigger=0"
Mage,Frost,31672,Ice Floes,utility/rank,0,0,,,,-0.001,-0.001,0,0,,,,,,,,"E0:effect=6,aura=108,base=-21,trigger=0"
Mage,Frost,31674,Arctic Winds,utility/rank,0,0,,,,-0.001,-0.001,0,0,,,,,,,,"E0:effect=6,aura=184,base=-2,trigger=0;E1:effect=6,aura=185,base=-2,trigger=0;E2:effect=6,aura=79,base=0,trigger=0"
Mage,Frost,31675,Arctic Winds,utility/rank,0,0,,,,-0.001,-0.001,0,0,,,,,,,,"E0:effect=6,aura=184,base=-3,trigger=0;E1:effect=6,aura=185,base=-3,trigger=0;E2:effect=6,aura=79,base=1,trigger=0"
Mage,Frost,31676,Arctic Winds,utility/rank,0,0,,,,-0.001,-0.001,0,0,,,,,,,,"E0:effect=6,aura=184,base=-4,trigger=0;E1:effect=6,aura=185,base=-4,trigger=0;E2:effect=6,aura=79,base=2,trigger=0"
Mage,Frost,31677,Arctic Winds,utility/rank,0,0,,,,-0.001,-0.001,0,0,,,,,,,,"E0:effect=6,aura=184,base=-5,trigger=0;E1:effect=6,aura=185,base=-5,trigger=0;E2:effect=6,aura=79,base=3,trigger=0"
Mage,Frost,31678,Arctic Winds,utility/rank,0,0,,,,-0.001,-0.001,0,0,,,,,,,,"E0:effect=6,aura=184,base=-6,trigger=0;E1:effect=6,aura=185,base=-6,trigger=0;E2:effect=6,aura=79,base=4,trigger=0"
Mage,Frost,31682,Empowered Frostbolt,damage,0,0,,,,-0.001,-0.001,0,0,,,,,,,,"E0:effect=6,aura=107,base=1,trigger=0;E1:effect=6,aura=107,base=0,trigger=0"
Mage,Frost,31683,Empowered Frostbolt,damage,0,0,,,,-0.001,-0.001,0,0,,,,,,,,"E0:effect=6,aura=107,base=3,trigger=0;E1:effect=6,aura=107,base=1,trigger=0"
Mage,Frost,31684,Empowered Frostbolt,damage,0,0,,,,-0.001,-0.001,0,0,,,,,,,,"E0:effect=6,aura=107,base=5,trigger=0;E1:effect=6,aura=107,base=2,trigger=0"
Mage,Frost,31685,Empowered Frostbolt,damage,0,0,,,,-0.001,-0.001,0,0,,,,,,,,"E0:effect=6,aura=107,base=7,trigger=0;E1:effect=6,aura=107,base=3,trigger=0"
Mage,Frost,31686,Empowered Frostbolt,damage,0,0,,,,-0.001,-0.001,0,0,,,,,,,,"E0:effect=6,aura=107,base=9,trigger=0;E1:effect=6,aura=107,base=4,trigger=0"
Mage,Frost,31687,Summon Water Elemental,utility/rank,0,0,1.5,180,0,45,45,0,0,type0:16%,,,,,,,"E0:effect=28,aura=0,base=0,trigger=0"
Mage,Frost,32796,Frost Ward,utility/rank,0,0,1.5,0,30,30,30,0,0,type0:360,,,,,,,"E0:effect=6,aura=69,base=1124,trigger=0;E1:effect=6,aura=74,base=-1,trigger=0"
Mage,Frost,33405,Ice Barrier,utility/rank,0,0,1.5,0,30,60,60,0,0,type0:565,,,,,,,"E0:effect=6,aura=69,base=1074,trigger=0"
Mage,Frost,38697,Frostbolt,damage,3,3,1.5,0,0,9,9,0,30,type0:345,,,,,,,"E0:effect=6,aura=33,base=-41,trigger=0;E1:effect=2,aura=0,base=629,trigger=0"
Mage,Frost,42198,Blizzard,utility/rank,0,0,,,,,,0,100,,,,,,,,"E0:effect=2,aura=0,base=183,trigger=0"
Mage,Frost,42208,Blizzard,utility/rank,0,0,,,,,,0,100,,,,,,,,"E0:effect=2,aura=0,base=24,trigger=0"
Mage,Frost,42209,Blizzard,utility/rank,0,0,,,,,,0,100,,,,,,,,"E0:effect=2,aura=0,base=43,trigger=0"
Mage,Frost,42210,Blizzard,utility/rank,0,0,,,,,,0,100,,,,,,,,"E0:effect=2,aura=0,base=64,trigger=0"
Mage,Frost,42211,Blizzard,utility/rank,0,0,,,,,,0,100,,,,,,,,"E0:effect=2,aura=0,base=89,trigger=0"
Mage,Frost,42212,Blizzard,utility/rank,0,0,,,,,,0,100,,,,,,,,"E0:effect=2,aura=0,base=116,trigger=0"
Mage,Frost,42213,Blizzard,utility/rank,0,0,,,,,,0,100,,,,,,,,"E0:effect=2,aura=0,base=148,trigger=0"
Mage,Frost,45438,Ice Block,utility/rank,0,0,1.5,0,300,10,10,0,0,type0:15,,,,,,,"E0:effect=6,aura=12,base=-1,trigger=0;E1:effect=6,aura=39,base=-1,trigger=0;E2:effect=6,aura=39,base=0,trigger=0"
Mage,Fire,133,Fireball,damage,1.5,1.5,1.5,0,0,4,4,0,35,type0:30,,,,,,,"E0:effect=2,aura=0,base=13,trigger=0;E1:effect=6,aura=3,base=0,trigger=0"
Mage,Fire,143,Fireball,damage,2,2,1.5,0,0,6,6,0,35,type0:45,,,,,,,"E0:effect=2,aura=0,base=30,trigger=0;E1:effect=6,aura=3,base=0,trigger=0"
Mage,Fire,145,Fireball,damage,2.5,2.5,1.5,0,0,6,6,0,35,type0:65,,,,,,,"E0:effect=2,aura=0,base=52,trigger=0;E1:effect=6,aura=3,base=1,trigger=0"
Mage,Fire,543,Fire Ward,utility/rank,0,0,1.5,0,30,30,30,0,0,type0:85,,,,,,,"E0:effect=6,aura=69,base=164,trigger=0;E1:effect=6,aura=74,base=-1,trigger=0"
Mage,Fire,2120,Flamestrike,damage,3,3,1.5,0,0,8,8,0,30,type0:195,,,,,,,"E0:effect=2,aura=0,base=51,trigger=0;E1:effect=27,aura=3,base=11,trigger=0"
Mage,Fire,2121,Flamestrike,damage,3,3,1.5,0,0,8,8,0,30,type0:330,,,,,,,"E0:effect=2,aura=0,base=95,trigger=0;E1:effect=27,aura=3,base=21,trigger=0"
Mage,Fire,2136,Fire Blast,damage,0,0,1.5,0,8,,,0,20,type0:40,,,,,,,"E0:effect=2,aura=0,base=23,trigger=0"
Mage,Fire,2137,Fire Blast,damage,0,0,1.5,0,8,,,0,20,type0:75,,,,,,,"E0:effect=2,aura=0,base=56,trigger=0"
Mage,Fire,2138,Fire Blast,damage,0,0,1.5,0,8,,,0,20,type0:115,,,,,,,"E0:effect=2,aura=0,base=102,trigger=0"
Mage,Fire,2948,Scorch,utility/rank,1.5,1.5,1.5,0,0,,,0,30,type0:50,,,,,,,"E0:effect=2,aura=0,base=52,trigger=0"
Mage,Fire,3140,Fireball,damage,3,3,1.5,0,0,8,8,0,35,type0:95,,,,,,,"E0:effect=2,aura=0,base=83,trigger=0;E1:effect=6,aura=3,base=2,trigger=0"
Mage,Fire,8400,Fireball,damage,3.5,3.5,1.5,0,0,8,8,0,35,type0:140,,,,,,,"E0:effect=2,aura=0,base=138,trigger=0;E1:effect=6,aura=3,base=4,trigger=0"
Mage,Fire,8401,Fireball,damage,3.5,3.5,1.5,0,0,8,8,0,35,type0:185,,,,,,,"E0:effect=2,aura=0,base=198,trigger=0;E1:effect=6,aura=3,base=6,trigger=0"
Mage,Fire,8402,Fireball,damage,3.5,3.5,1.5,0,0,8,8,0,35,type0:220,,,,,,,"E0:effect=2,aura=0,base=254,trigger=0;E1:effect=6,aura=3,base=7,trigger=0"
Mage,Fire,8412,Fire Blast,damage,0,0,1.5,0,8,,,0,20,type0:165,,,,,,,"E0:effect=2,aura=0,base=167,trigger=0"
Mage,Fire,8413,Fire Blast,damage,0,0,1.5,0,8,,,0,20,type0:220,,,,,,,"E0:effect=2,aura=0,base=241,trigger=0"
Mage,Fire,8422,Flamestrike,damage,3,3,1.5,0,0,8,8,0,30,type0:490,,,,,,,"E0:effect=2,aura=0,base=153,trigger=0;E1:effect=27,aura=3,base=34,trigger=0"
Mage,Fire,8423,Flamestrike,damage,3,3,1.5,0,0,8,8,0,30,type0:650,,,,,,,"E0:effect=2,aura=0,base=219,trigger=0;E1:effect=27,aura=3,base=48,trigger=0"
Mage,Fire,8444,Scorch,utility/rank,1.5,1.5,1.5,0,0,,,0,30,type0:65,,,,,,,"E0:effect=2,aura=0,base=76,trigger=0"
Mage,Fire,8445,Scorch,utility/rank,1.5,1.5,1.5,0,0,,,0,30,type0:80,,,,,,,"E0:effect=2,aura=0,base=99,trigger=0"
Mage,Fire,8446,Scorch,utility/rank,1.5,1.5,1.5,0,0,,,0,30,type0:100,,,,,,,"E0:effect=2,aura=0,base=132,trigger=0"
Mage,Fire,8457,Fire Ward,utility/rank,0,0,1.5,0,30,30,30,0,0,type0:135,,,,,,,"E0:effect=6,aura=69,base=289,trigger=0;E1:effect=6,aura=74,base=-1,trigger=0"
Mage,Fire,8458,Fire Ward,utility/rank,0,0,1.5,0,30,30,30,0,0,type0:195,,,,,,,"E0:effect=6,aura=69,base=469,trigger=0;E1:effect=6,aura=74,base=-1,trigger=0"
Mage,Fire,10148,Fireball,damage,3.5,3.5,1.5,0,0,8,8,0,35,type0:260,,,,,,,"E0:effect=2,aura=0,base=317,trigger=0;E1:effect=6,aura=3,base=9,trigger=0"
Mage,Fire,10149,Fireball,damage,3.5,3.5,1.5,0,0,8,8,0,35,type0:305,,,,,,,"E0:effect=2,aura=0,base=391,trigger=0;E1:effect=6,aura=3,base=12,trigger=0"
Mage,Fire,10150,Fireball,damage,3.5,3.5,1.5,0,0,8,8,0,35,type0:350,,,,,,,"E0:effect=2,aura=0,base=474,trigger=0;E1:effect=6,aura=3,base=14,trigger=0"
Mage,Fire,10151,Fireball,damage,3.5,3.5,1.5,0,0,8,8,0,35,type0:395,,,,,,,"E0:effect=2,aura=0,base=560,trigger=0;E1:effect=6,aura=3,base=17,trigger=0"
Mage,Fire,10197,Fire Blast,damage,0,0,1.5,0,8,,,0,20,type0:280,,,,,,,"E0:effect=2,aura=0,base=331,trigger=0"
Mage,Fire,10199,Fire Blast,damage,0,0,1.5,0,8,,,0,20,type0:340,,,,,,,"E0:effect=2,aura=0,base=430,trigger=0"
Mage,Fire,10205,Scorch,utility/rank,1.5,1.5,1.5,0,0,,,0,30,type0:115,,,,,,,"E0:effect=2,aura=0,base=161,trigger=0"
Mage,Fire,10206,Scorch,utility/rank,1.5,1.5,1.5,0,0,,,0,30,type0:135,,,,,,,"E0:effect=2,aura=0,base=199,trigger=0"
Mage,Fire,10207,Scorch,utility/rank,1.5,1.5,1.5,0,0,,,0,30,type0:150,,,,,,,"E0:effect=2,aura=0,base=232,trigger=0"
Mage,Fire,10215,Flamestrike,damage,3,3,1.5,0,0,8,8,0,30,type0:815,,,,,,,"E0:effect=2,aura=0,base=290,trigger=0;E1:effect=27,aura=3,base=65,trigger=0"
Mage,Fire,10216,Flamestrike,damage,3,3,1.5,0,0,8,8,0,30,type0:990,,,,,,,"E0:effect=2,aura=0,base=374,trigger=0;E1:effect=27,aura=3,base=84,trigger=0"
Mage,Fire,10223,Fire Ward,utility/rank,0,0,1.5,0,30,30,30,0,0,type0:255,,,,,,,"E0:effect=6,aura=69,base=674,trigger=0;E1:effect=6,aura=74,base=-1,trigger=0"
Mage,Fire,10225,Fire Ward,utility/rank,0,0,1.5,0,30,30,30,0,0,type0:320,,,,,,,"E0:effect=6,aura=69,base=874,trigger=0;E1:effect=6,aura=74,base=-1,trigger=0"
Mage,Fire,11069,Improved Fireball,damage,0,0,,,,,,0,0,,,,,,,,"E0:effect=6,aura=107,base=-101,trigger=0"
Mage,Fire,11078,Improved Fire Blast,damage,0,0,,,,-0.001,-0.001,0,0,,,,,,,,"E0:effect=6,aura=107,base=-501,trigger=0"
Mage,Fire,11080,Improved Fire Blast,damage,0,0,,,,-0.001,-0.001,0,0,,,,,,,,"E0:effect=6,aura=107,base=-1001,trigger=0"
Mage,Fire,11083,Burning Soul,utility/rank,0,0,,,,-0.001,-0.001,0,0,,,,,,,,"E0:effect=6,aura=108,base=34,trigger=0;E1:effect=6,aura=10,base=-6,trigger=0"
Mage,Fire,11094,Molten Shields,utility/rank,0,0,,,,,,0,0,,,,,,,,"E0:effect=3,aura=0,base=9,trigger=0"
Mage,Fire,11095,Improved Scorch,passive/talent,0,0,,,,-0.001,-0.001,0,0,,,,,,,,"E0:effect=6,aura=109,base=32,trigger=22959"
Mage,Fire,11100,Flame Throwing,utility/rank,0,0,,,,,,0,0,,,,,,,,"E0:effect=6,aura=107,base=2,trigger=0"
Mage,Fire,11103,Impact,utility/rank,0,0,,,,-0.001,-0.001,0,0,,,,,,,,"E0:effect=6,aura=42,base=-1,trigger=12355"
Mage,Fire,11108,Improved Flamestrike,damage,0,0,,,,-0.001,-0.001,0,0,,,,,,,,"E0:effect=6,aura=107,base=4,trigger=0"
Mage,Fire,11113,Blast Wave,damage,0,0,1.5,0,30,6,6,0,0,type0:215,,,,,,,"E0:effect=2,aura=0,base=153,trigger=0;E1:effect=6,aura=33,base=-51,trigger=0"
Mage,Fire,11115,Critical Mass,utility/rank,0,0,,,,-0.001,-0.001,0,0,,,,,,,,"E0:effect=6,aura=552,base=1,trigger=0"
Mage,Fire,11119,Ignite,utility/rank,0,0,,,,-0.001,-0.001,0,0,,,,,,,,"E0:effect=6,aura=4,base=0,trigger=0"
Mage,Fire,11120,Ignite,utility/rank,0,0,,,,-0.001,-0.001,0,0,,,,,,,,"E0:effect=6,aura=4,base=0,trigger=0"
Mage,Fire,11124,Fire Power,passive/talent,0,0,,,,-0.001,-0.001,0,0,,,,,,,,"E0:effect=6,aura=108,base=1,trigger=0;E1:effect=6,aura=108,base=1,trigger=0"
Mage,Fire,11129,Combustion,utility/rank,0,0,0,180,0,-0.001,-0.001,0,0,,,,,,,,"E0:effect=6,aura=4,base=0,trigger=0;E1:effect=64,aura=0,base=0,trigger=28682"
Mage,Fire,11366,Pyroblast,damage,6,6,1.5,0,0,12,12,0,35,type0:125,,,,,,,"E0:effect=2,aura=0,base=140,trigger=0;E1:effect=6,aura=3,base=13,trigger=0"
Mage,Fire,11367,Critical Mass,utility/rank,0,0,,,,-0.001,-0.001,0,0,,,,,,,,"E0:effect=6,aura=552,base=3,trigger=0"
Mage,Fire,11368,Critical Mass,utility/rank,0,0,,,,-0.001,-0.001,0,0,,,,,,,,"E0:effect=6,aura=552,base=5,trigger=0"
Mage,Fire,12338,Improved Fireball,damage,0,0,,,,-0.001,-0.001,0,0,,,,,,,,"E0:effect=6,aura=107,base=-201,trigger=0"
Mage,Fire,12339,Improved Fireball,damage,0,0,,,,-0.001,-0.001,0,0,,,,,,,,"E0:effect=6,aura=107,base=-301,trigger=0"
Mage,Fire,12340,Improved Fireball,damage,0,0,,,,-0.001,-0.001,0,0,,,,,,,,"E0:effect=6,aura=107,base=-401,trigger=0"
Mage,Fire,12341,Improved Fireball,damage,0,0,,,,-0.001,-0.001,0,0,,,,,,,,"E0:effect=6,aura=107,base=-501,trigger=0"
Mage,Fire,12342,Improved Fire Blast,damage,0,0,,,,-0.001,-0.001,0,0,,,,,,,,"E0:effect=6,aura=107,base=-1501,trigger=0"
Mage,Fire,12349,Improved Flamestrike,damage,0,0,,,,-0.001,-0.001,0,0,,,,,,,,"E0:effect=6,aura=107,base=9,trigger=0"
Mage,Fire,12350,Improved Flamestrike,damage,0,0,,,,-0.001,-0.001,0,0,,,,,,,,"E0:effect=6,aura=107,base=14,trigger=0"
Mage,Fire,12351,Burning Soul,utility/rank,0,0,,,,-0.001,-0.001,0,0,,,,,,,,"E0:effect=6,aura=108,base=69,trigger=0;E1:effect=6,aura=10,base=-11,trigger=0"
Mage,Fire,12353,Flame Throwing,utility/rank,0,0,,,,,,0,0,,,,,,,,"E0:effect=6,aura=107,base=5,trigger=0"
Mage,Fire,12355,Impact,utility/rank,0,0,,,,2,2,0,100,,,,,,,,"E0:effect=6,aura=12,base=99,trigger=0"
Mage,Fire,12357,Impact,utility/rank,0,0,,,,-0.001,-0.001,0,0,,,,,,,,"E0:effect=6,aura=42,base=-1,trigger=12355"
Mage,Fire,12358,Impact,utility/rank,0,0,,,,-0.001,-0.001,0,0,,,,,,,,"E0:effect=6,aura=42,base=-1,trigger=12355"
Mage,Fire,12359,Impact,utility/rank,0,0,,,,-0.001,-0.001,0,0,,,,,,,,"E0:effect=6,aura=42,base=-1,trigger=12355"
Mage,Fire,12360,Impact,utility/rank,0,0,,,,-0.001,-0.001,0,0,,,,,,,,"E0:effect=6,aura=42,base=-1,trigger=12355"
Mage,Fire,12378,Fire Power,passive/talent,0,0,,,,-0.001,-0.001,0,0,,,,,,,,"E0:effect=6,aura=108,base=3,trigger=0;E1:effect=6,aura=108,base=3,trigger=0"
Mage,Fire,12398,Fire Power,passive/talent,0,0,,,,-0.001,-0.001,0,0,,,,,,,,"E0:effect=6,aura=108,base=5,trigger=0;E1:effect=6,aura=108,base=5,trigger=0"
Mage,Fire,12399,Fire Power,passive/talent,0,0,,,,-0.001,-0.001,0,0,,,,,,,,"E0:effect=6,aura=108,base=7,trigger=0;E1:effect=6,aura=108,base=7,trigger=0"
Mage,Fire,12400,Fire Power,passive/talent,0,0,,,,-0.001,-0.001,0,0,,,,,,,,"E0:effect=6,aura=108,base=9,trigger=0;E1:effect=6,aura=108,base=9,trigger=0"
Mage,Fire,12505,Pyroblast,damage,6,6,1.5,0,0,12,12,0,35,type0:150,,,,,,,"E0:effect=2,aura=0,base=179,trigger=0;E1:effect=6,aura=3,base=17,trigger=0"
Mage,Fire,12522,Pyroblast,damage,6,6,1.5,0,0,12,12,0,35,type0:195,,,,,,,"E0:effect=2,aura=0,base=254,trigger=0;E1:effect=6,aura=3,base=23,trigger=0"
Mage,Fire,12523,Pyroblast,damage,6,6,1.5,0,0,12,12,0,35,type0:240,,,,,,,"E0:effect=2,aura=0,base=328,trigger=0;E1:effect=6,aura=3,base=30,trigger=0"
Mage,Fire,12524,Pyroblast,damage,6,6,1.5,0,0,12,12,0,35,type0:285,,,,,,,"E0:effect=2,aura=0,base=406,trigger=0;E1:effect=6,aura=3,base=38,trigger=0"
Mage,Fire,12525,Pyroblast,damage,6,6,1.5,0,0,12,12,0,35,type0:335,,,,,,,"E0:effect=2,aura=0,base=502,trigger=0;E1:effect=6,aura=3,base=46,trigger=0"
Mage,Fire,12526,Pyroblast,damage,6,6,1.5,0,0,12,12,0,35,type0:385,,,,,,,"E0:effect=2,aura=0,base=599,trigger=0;E1:effect=6,aura=3,base=56,trigger=0"
Mage,Fire,12654,Ignite,utility/rank,0,0,,,,4,4,0,50000,,,,,,,,"E0:effect=6,aura=3,base=-1,trigger=0;E1:effect=6,aura=4,base=-1,trigger=0"
Mage,Fire,12846,Ignite,utility/rank,0,0,,,,-0.001,-0.001,0,0,,,,,,,,"E0:effect=6,aura=4,base=0,trigger=0"
Mage,Fire,12847,Ignite,utility/rank,0,0,,,,-0.001,-0.001,0,0,,,,,,,,"E0:effect=6,aura=4,base=0,trigger=0"
Mage,Fire,12848,Ignite,utility/rank,0,0,,,,-0.001,-0.001,0,0,,,,,,,,"E0:effect=6,aura=4,base=0,trigger=0"
Mage,Fire,12872,Improved Scorch,passive/talent,0,0,,,,-0.001,-0.001,0,0,,,,,,,,"E0:effect=6,aura=109,base=65,trigger=22959"
Mage,Fire,12873,Improved Scorch,passive/talent,0,0,,,,-0.001,-0.001,0,0,,,,,,,,"E0:effect=6,aura=109,base=99,trigger=22959"
Mage,Fire,13018,Blast Wave,damage,0,0,1.5,0,30,6,6,0,0,type0:270,,,,,,,"E0:effect=2,aura=0,base=200,trigger=0;E1:effect=6,aura=33,base=-51,trigger=0"
Mage,Fire,13019,Blast Wave,damage,0,0,1.5,0,30,6,6,0,0,type0:355,,,,,,,"E0:effect=2,aura=0,base=276,trigger=0;E1:effect=6,aura=33,base=-51,trigger=0"
Mage,Fire,13020,Blast Wave,damage,0,0,1.5,0,30,6,6,0,0,type0:450,,,,,,,"E0:effect=2,aura=0,base=364,trigger=0;E1:effect=6,aura=33,base=-51,trigger=0"
Mage,Fire,13021,Blast Wave,damage,0,0,1.5,0,30,6,6,0,0,type0:545,,,,,,,"E0:effect=2,aura=0,base=461,trigger=0;E1:effect=6,aura=33,base=-51,trigger=0"
Mage,Fire,13043,Molten Shields,utility/rank,0,0,,,,,,0,0,,,,,,,,"E0:effect=3,aura=0,base=19,trigger=0"
Mage,Fire,18459,Incineration,utility/rank,0,0,,,,-0.001,-0.001,0,0,,,,,,,,"E0:effect=6,aura=107,base=1,trigger=0"
Mage,Fire,18460,Incineration,utility/rank,0,0,,,,-0.001,-0.001,0,0,,,,,,,,"E0:effect=6,aura=107,base=3,trigger=0"
Mage,Fire,18809,Pyroblast,damage,6,6,1.5,0,0,12,12,0,35,type0:440,,,,,,,"E0:effect=2,aura=0,base=707,trigger=0;E1:effect=6,aura=3,base=66,trigger=0"
Mage,Fire,22959,Fire Vulnerability,utility/rank,0,0,,,,30,30,0,100,,,,,,,,"E0:effect=6,aura=87,base=2,trigger=0"
Mage,Fire,24530,Felfire,utility/rank,0,0,1.5,0,0,,,0,100,type0:100,,,,,,,"E0:effect=2,aura=0,base=499,trigger=0"
Mage,Fire,25306,Fireball,damage,3.5,3.5,1.5,0,0,8,8,0,35,type0:410,,,,,,,"E0:effect=2,aura=0,base=595,trigger=0;E1:effect=6,aura=3,base=18,trigger=0"
Mage,Fire,27070,Fireball,damage,3.5,3.5,1.5,0,0,8,8,0,35,type0:425,,,,,,,"E0:effect=2,aura=0,base=632,trigger=0;E1:effect=6,aura=3,base=20,trigger=0"
Mage,Fire,27073,Scorch,utility/rank,1.5,1.5,1.5,0,0,,,0,30,type0:165,,,,,,,"E0:effect=2,aura=0,base=268,trigger=0"
Mage,Fire,27074,Scorch,utility/rank,1.5,1.5,1.5,0,0,,,0,30,type0:180,,,,,,,"E0:effect=2,aura=0,base=304,trigger=0"
Mage,Fire,27078,Fire Blast,damage,0,0,1.5,0,8,,,0,20,type0:400,,,,,,,"E0:effect=2,aura=0,base=538,trigger=0"
Mage,Fire,27079,Fire Blast,damage,0,0,1.5,0,8,,,0,20,type0:465,,,,,,,"E0:effect=2,aura=0,base=663,trigger=0"
Mage,Fire,27086,Flamestrike,damage,3,3,1.5,0,0,8,8,0,30,type0:1175,,,,,,,"E0:effect=2,aura=0,base=470,trigger=0;E1:effect=27,aura=3,base=105,trigger=0"
Mage,Fire,27128,Fire Ward,utility/rank,0,0,1.5,0,30,30,30,0,0,type0:360,,,,,,,"E0:effect=6,aura=69,base=1124,trigger=0;E1:effect=6,aura=74,base=-1,trigger=0"
Mage,Fire,27132,Pyroblast,damage,6,6,1.5,0,0,12,12,0,35,type0:460,,,,,,,"E0:effect=2,aura=0,base=845,trigger=0;E1:effect=6,aura=3,base=77,trigger=0"
Mage,Fire,27133,Blast Wave,damage,0,0,1.5,0,30,6,6,0,0,type0:555,,,,,,,"E0:effect=2,aura=0,base=532,trigger=0;E1:effect=6,aura=33,base=-51,trigger=0"
Mage,Fire,29074,Master of Elements,utility/rank,0,0,,,,-0.001,-0.001,0,0,,,,,,,,"E0:effect=6,aura=4,base=9,trigger=0"
Mage,Fire,29075,Master of Elements,utility/rank,0,0,,,,-0.001,-0.001,0,0,,,,,,,,"E0:effect=6,aura=4,base=19,trigger=0"
Mage,Fire,29076,Master of Elements,utility/rank,0,0,,,,-0.001,-0.001,0,0,,,,,,,,"E0:effect=6,aura=4,base=29,trigger=0"
Mage,Fire,29077,Master of Elements,utility/rank,0,0,,,,,,0,50000,,,,,,,,"E0:effect=30,aura=0,base=0,trigger=0"
Mage,Fire,30482,Molten Armor,utility/rank,0,0,1.5,0,0,1800,1800,0,0,type0:630,,,,,,,"E0:effect=6,aura=42,base=-1,trigger=34913;E1:effect=6,aura=197,base=-6,trigger=0;E2:effect=6,aura=57,base=2,trigger=0"
Mage,Fire,31638,Playing with Fire,utility/rank,0,0,,,,-0.001,-0.001,0,0,,,,,,,,"E0:effect=6,aura=79,base=0,trigger=0;E1:effect=6,aura=87,base=0,trigger=0"
Mage,Fire,31639,Playing with Fire,utility/rank,0,0,,,,-0.001,-0.001,0,0,,,,,,,,"E0:effect=6,aura=79,base=1,trigger=0;E1:effect=6,aura=87,base=1,trigger=0"
Mage,Fire,31640,Playing with Fire,utility/rank,0,0,,,,-0.001,-0.001,0,0,,,,,,,,"E0:effect=6,aura=79,base=2,trigger=0;E1:effect=6,aura=87,base=2,trigger=0"
Mage,Fire,31641,Blazing Speed,utility/rank,0,0,,,,-0.001,-0.001,0,0,,,,,,,,"E0:effect=6,aura=42,base=-1,trigger=18350"
Mage,Fire,31642,Blazing Speed,utility/rank,0,0,,,,-0.001,-0.001,0,0,,,,,,,,"E0:effect=6,aura=42,base=-1,trigger=18350"
Mage,Fire,31643,Blazing Speed,utility/rank,0,0,,,,8,8,0,0,,,,,,,,"E0:effect=6,aura=31,base=49,trigger=0;E1:effect=108,aura=0,base=99,trigger=0;E2:effect=108,aura=0,base=99,trigger=0"
Mage,Fire,31656,Empowered Fireball,damage,0,0,,,,-0.001,-0.001,0,0,,,,,,,,"E0:effect=6,aura=107,base=2,trigger=0"
Mage,Fire,31657,Empowered Fireball,damage,0,0,,,,-0.001,-0.001,0,0,,,,,,,,"E0:effect=6,aura=107,base=5,trigger=0"
Mage,Fire,31658,Empowered Fireball,damage,0,0,,,,-0.001,-0.001,0,0,,,,,,,,"E0:effect=6,aura=107,base=8,trigger=0"
Mage,Fire,31659,Empowered Fireball,damage,0,0,,,,-0.001,-0.001,0,0,,,,,,,,"E0:effect=6,aura=107,base=11,trigger=0"
Mage,Fire,31660,Empowered Fireball,damage,0,0,,,,-0.001,-0.001,0,0,,,,,,,,"E0:effect=6,aura=107,base=14,trigger=0"
Mage,Fire,31661,Dragon's Breath,utility/rank,0,0,1.5,0,20,3,3,0,0,type0:475,,,,,,,"E0:effect=2,aura=0,base=369,trigger=0;E1:effect=6,aura=5,base=-1,trigger=0;E2:effect=6,aura=33,base=-51,trigger=0"
Mage,Fire,31679,Molten Fury,utility/rank,0,0,,,,-0.001,-0.001,0,0,,,,,,,,"E0:effect=6,aura=112,base=9,trigger=0"
Mage,Fire,31680,Molten Fury,utility/rank,0,0,,,,-0.001,-0.001,0,0,,,,,,,,"E0:effect=6,aura=112,base=19,trigger=0"
Mage,Fire,33041,Dragon's Breath,utility/rank,0,0,1.5,0,20,3,3,0,0,type0:575,,,,,,,"E0:effect=2,aura=0,base=453,trigger=0;E1:effect=6,aura=5,base=-1,trigger=0;E2:effect=6,aura=33,base=-51,trigger=0"
Mage,Fire,33042,Dragon's Breath,utility/rank,0,0,1.5,0,20,3,3,0,0,type0:660,,,,,,,"E0:effect=2,aura=0,base=573,trigger=0;E1:effect=6,aura=5,base=-1,trigger=0;E2:effect=6,aura=33,base=-51,trigger=0"
Mage,Fire,33043,Dragon's Breath,utility/rank,0,0,1.5,0,20,3,3,0,0,type0:700,,,,,,,"E0:effect=2,aura=0,base=679,trigger=0;E1:effect=6,aura=5,base=-1,trigger=0;E2:effect=6,aura=33,base=-51,trigger=0"
Mage,Fire,33933,Blast Wave,damage,0,0,1.5,0,30,6,6,0,0,type0:620,,,,,,,"E0:effect=2,aura=0,base=615,trigger=0;E1:effect=6,aura=33,base=-51,trigger=0"
Mage,Fire,33938,Pyroblast,damage,6,6,1.5,0,0,12,12,0,35,type0:500,,,,,,,"E0:effect=2,aura=0,base=938,trigger=0;E1:effect=6,aura=3,base=88,trigger=0"
Mage,Fire,34293,Pyromaniac,utility/rank,0,0,,,,-0.001,-0.001,0,0,,,,,,,,"E0:effect=6,aura=552,base=0,trigger=0;E1:effect=6,aura=72,base=-2,trigger=0"
Mage,Fire,34295,Pyromaniac,utility/rank,0,0,,,,-0.001,-0.001,0,0,,,,,,,,"E0:effect=6,aura=552,base=1,trigger=0;E1:effect=6,aura=72,base=-3,trigger=0"
Mage,Fire,34296,Pyromaniac,utility/rank,0,0,,,,-0.001,-0.001,0,0,,,,,,,,"E0:effect=6,aura=552,base=2,trigger=0;E1:effect=6,aura=72,base=-4,trigger=0"
Mage,Fire,38692,Fireball,damage,3.5,3.5,1.5,0,0,8,8,0,35,type0:465,,,,,,,"E0:effect=2,aura=0,base=716,trigger=0;E1:effect=6,aura=3,base=20,trigger=0"
Mage,Arcane,66,Invisibility,utility/rank,0,0,1.5,0,300,6,6,0,0,type0:16%,,,,,,,"E0:effect=6,aura=23,base=-1,trigger=35009"
Mage,Arcane,118,Polymorph,pvp-control,1.5,1.5,1.5,0,0,20,20,0,30,type0:60,,,,,,,"E0:effect=6,aura=5,base=-1,trigger=0;E1:effect=6,aura=56,base=0,trigger=0"
Mage,Arcane,130,Slow Fall,utility/rank,0,0,1.5,0,0,30,30,0,0,type0:40,,,,17056,,,"E0:effect=6,aura=105,base=0,trigger=0"
Mage,Arcane,475,Remove Lesser Curse,damage,0,0,1.5,0,0,,,0,40,type0:8%,,,,,,,"E0:effect=38,aura=0,base=0,trigger=0"
Mage,Arcane,587,Conjure Food,utility/rank,3,3,1.5,0,0,,,0,0,type0:60,,,,,,,"E0:effect=24,aura=0,base=1,trigger=0"
Mage,Arcane,597,Conjure Food,utility/rank,3,3,1.5,0,0,,,0,0,type0:105,,,,,,,"E0:effect=24,aura=0,base=1,trigger=0"
Mage,Arcane,604,Dampen Magic,utility/rank,0,0,1.5,0,0,600,600,0,30,type0:100,,,,,,,"E0:effect=6,aura=14,base=-11,trigger=0;E1:effect=6,aura=115,base=-21,trigger=0"
Mage,Arcane,759,Conjure Mana Agate,utility/rank,3,3,1.5,0,0,,,0,0,type0:530,,,,,,,"E0:effect=24,aura=0,base=0,trigger=0"
Mage,Arcane,990,Conjure Food,utility/rank,3,3,1.5,0,0,,,0,0,type0:180,,,,,,,"E0:effect=24,aura=0,base=1,trigger=0"
Mage,Arcane,1008,Amplify Magic,utility/rank,0,0,1.5,0,0,600,600,0,30,type0:150,,,,,,,"E0:effect=6,aura=14,base=14,trigger=0;E1:effect=6,aura=115,base=29,trigger=0"
Mage,Arcane,1449,Arcane Explosion,utility/rank,0,0,1.5,0,0,,,0,0,type0:75,,,,,,,"E0:effect=2,aura=0,base=31,trigger=0"
Mage,Arcane,1459,Arcane Intellect,utility/rank,0,0,1.5,0,0,1800,1800,0,30,type0:25,,,,,,,"E0:effect=6,aura=29,base=1,trigger=0"
Mage,Arcane,1460,Arcane Intellect,utility/rank,0,0,1.5,0,0,1800,1800,0,30,type0:100,,,,,,,"E0:effect=6,aura=29,base=6,trigger=0"
Mage,Arcane,1461,Arcane Intellect,utility/rank,0,0,1.5,0,0,1800,1800,0,30,type0:250,,,,,,,"E0:effect=6,aura=29,base=14,trigger=0"
Mage,Arcane,1463,Mana Shield,utility/rank,0,0,1.5,0,0,60,60,0,0,type0:40,,,,,,,"E0:effect=6,aura=97,base=119,trigger=0"
Mage,Arcane,1953,Blink,utility/rank,0,0,1.5,0,15,1,1,0,0,type0:21%,,,,,,,"E0:effect=29,aura=0,base=0,trigger=0;E1:effect=6,aura=77,base=0,trigger=0;E2:effect=6,aura=77,base=0,trigger=0"
Mage,Arcane,2139,Counterspell,pvp-control,0,0,0,0,24,8,8,0,30,type0:100,,,,,,,"E0:effect=68,aura=0,base=-1,trigger=0"
Mage,Arcane,3552,Conjure Mana Jade,utility/rank,3,3,1.5,0,0,,,0,0,type0:800,,,,,,,"E0:effect=24,aura=0,base=0,trigger=0"
Mage,Arcane,3561,Teleport: Stormwind,utility/rank,10,10,1.5,0,0,,,0,0,type0:120,,,,17031,,,"E0:effect=252,aura=0,base=-1,trigger=0;E1:effect=77,aura=0,base=0,trigger=0"
Mage,Arcane,3562,Teleport: Ironforge,utility/rank,10,10,1.5,0,0,,,0,0,type0:120,,,,17031,,,"E0:effect=252,aura=0,base=-1,trigger=0;E1:effect=77,aura=0,base=0,trigger=0"
Mage,Arcane,3563,Teleport: Undercity,utility/rank,10,10,1.5,0,0,,,0,0,type0:120,,,,17031,,,"E0:effect=252,aura=0,base=-1,trigger=0;E1:effect=77,aura=0,base=0,trigger=0"
Mage,Arcane,3565,Teleport: Darnassus,utility/rank,10,10,1.5,0,0,,,0,0,type0:120,,,,17031,,,"E0:effect=252,aura=0,base=-1,trigger=0;E1:effect=77,aura=0,base=0,trigger=0"
Mage,Arcane,3566,Teleport: Thunder Bluff,utility/rank,10,10,1.5,0,0,,,0,0,type0:120,,,,17031,,,"E0:effect=252,aura=0,base=-1,trigger=0;E1:effect=77,aura=0,base=0,trigger=0"
Mage,Arcane,3567,Teleport: Orgrimmar,utility/rank,10,10,1.5,0,0,,,0,0,type0:120,,,,17031,,,"E0:effect=252,aura=0,base=-1,trigger=0;E1:effect=77,aura=0,base=0,trigger=0"
Mage,Arcane,5143,Arcane Missiles,utility/rank,0,0,1.5,0,0,3,3,0,30,type0:85,,,,,,,"E0:effect=6,aura=4,base=0,trigger=0;E1:effect=6,aura=23,base=0,trigger=7268"
Mage,Arcane,5144,Arcane Missiles,utility/rank,0,0,1.5,0,0,4,4,0,30,type0:140,,,,,,,"E0:effect=6,aura=4,base=0,trigger=0;E1:effect=6,aura=23,base=0,trigger=7269"
Mage,Arcane,5145,Arcane Missiles,utility/rank,0,0,1.5,0,0,5,5,0,30,type0:235,,,,,,,"E0:effect=6,aura=4,base=0,trigger=0;E1:effect=6,aura=23,base=0,trigger=7270"
Mage,Arcane,5504,Conjure Water,utility/rank,3,3,1.5,0,0,,,0,0,type0:60,,,,,,,"E0:effect=24,aura=0,base=1,trigger=0"
Mage,Arcane,5505,Conjure Water,utility/rank,3,3,1.5,0,0,,,0,0,type0:105,,,,,,,"E0:effect=24,aura=0,base=1,trigger=0"
Mage,Arcane,5506,Conjure Water,utility/rank,3,3,1.5,0,0,,,0,0,type0:180,,,,,,,"E0:effect=24,aura=0,base=1,trigger=0"
Mage,Arcane,6057,Wand Specialization,passive/talent,0,0,,,,-0.001,-0.001,0,0,,,,,,2,524288,"E0:effect=6,aura=79,base=12,trigger=0"
Mage,Arcane,6085,Wand Specialization,passive/talent,0,0,,,,-0.001,-0.001,0,0,,,,,,2,524288,"E0:effect=6,aura=79,base=24,trigger=0"
Mage,Arcane,6117,Mage Armor,utility/rank,0,0,1.5,0,0,1800,1800,0,0,type0:270,,,,,,,"E0:effect=6,aura=22,base=4,trigger=0;E1:effect=6,aura=134,base=29,trigger=0"
Mage,Arcane,6127,Conjure Water,utility/rank,3,3,1.5,0,0,,,0,0,type0:285,,,,,,,"E0:effect=24,aura=0,base=1,trigger=0"
Mage,Arcane,6129,Conjure Food,utility/rank,3,3,1.5,0,0,,,0,0,type0:285,,,,,,,"E0:effect=24,aura=0,base=1,trigger=0"
Mage,Arcane,7268,Arcane Missile,utility/rank,0,0,,,,,,0,30,,,,,,,,"E0:effect=2,aura=0,base=23,trigger=0"
Mage,Arcane,7269,Arcane Missiles,utility/rank,0,0,,,,,,0,30,,,,,,,,"E0:effect=2,aura=0,base=35,trigger=0"
Mage,Arcane,7270,Arcane Missiles,utility/rank,0,0,,,,,,0,30,,,,,,,,"E0:effect=2,aura=0,base=55,trigger=0"
Mage,Arcane,8416,Arcane Missiles,utility/rank,0,0,1.5,0,0,5,5,0,30,type0:320,,,,,,,"E0:effect=6,aura=4,base=0,trigger=0;E1:effect=6,aura=23,base=0,trigger=8419"
Mage,Arcane,8417,Arcane Missiles,utility/rank,0,0,1.5,0,0,5,5,0,30,type0:410,,,,,,,"E0:effect=6,aura=4,base=0,trigger=0;E1:effect=6,aura=23,base=0,trigger=8418"
Mage,Arcane,8418,Arcane Missiles,utility/rank,0,0,,,,,,0,30,,,,,,,,"E0:effect=2,aura=0,base=114,trigger=0"
Mage,Arcane,8419,Arcane Missiles,utility/rank,0,0,,,,,,0,30,,,,,,,,"E0:effect=2,aura=0,base=82,trigger=0"
Mage,Arcane,8437,Arcane Explosion,utility/rank,0,0,1.5,0,0,,,0,0,type0:120,,,,,,,"E0:effect=2,aura=0,base=56,trigger=0"
Mage,Arcane,8438,Arcane Explosion,utility/rank,0,0,1.5,0,0,,,0,0,type0:185,,,,,,,"E0:effect=2,aura=0,base=96,trigger=0"
Mage,Arcane,8439,Arcane Explosion,utility/rank,0,0,1.5,0,0,,,0,0,type0:250,,,,,,,"E0:effect=2,aura=0,base=138,trigger=0"
Mage,Arcane,8450,Dampen Magic,utility/rank,0,0,1.5,0,0,600,600,0,30,type0:200,,,,,,,"E0:effect=6,aura=14,base=-21,trigger=0;E1:effect=6,aura=115,base=-41,trigger=0"
Mage,Arcane,8451,Dampen Magic,utility/rank,0,0,1.5,0,0,600,600,0,30,type0:300,,,,,,,"E0:effect=6,aura=14,base=-41,trigger=0;E1:effect=6,aura=115,base=-81,trigger=0"
Mage,Arcane,8455,Amplify Magic,utility/rank,0,0,1.5,0,0,600,600,0,30,type0:250,,,,,,,"E0:effect=6,aura=14,base=29,trigger=0;E1:effect=6,aura=115,base=59,trigger=0"
Mage,Arcane,8494,Mana Shield,utility/rank,0,0,1.5,0,0,60,60,0,0,type0:60,,,,,,,"E0:effect=6,aura=97,base=209,trigger=0"
Mage,Arcane,8495,Mana Shield,utility/rank,0,0,1.5,0,0,60,60,0,0,type0:80,,,,,,,"E0:effect=6,aura=97,base=299,trigger=0"
Mage,Arcane,10053,Conjure Mana Citrine,utility/rank,3,3,1.5,0,0,,,0,0,type0:1130,,,,,,,"E0:effect=24,aura=0,base=0,trigger=0"
Mage,Arcane,10054,Conjure Mana Ruby,utility/rank,3,3,1.5,0,0,,,0,0,type0:1470,,,,,,,"E0:effect=24,aura=0,base=0,trigger=0"
Mage,Arcane,10059,Portal: Stormwind,utility/rank,10,10,1.5,60,0,60,60,0,10,type0:850,,,,17032,,,"E0:effect=50,aura=0,base=-1,trigger=0"
Mage,Arcane,10138,Conjure Water,utility/rank,3,3,1.5,0,0,,,0,0,type0:420,,,,,,,"E0:effect=24,aura=0,base=1,trigger=0"
Mage,Arcane,10139,Conjure Water,utility/rank,3,3,1.5,0,0,,,0,0,type0:585,,,,,,,"E0:effect=24,aura=0,base=1,trigger=0"
Mage,Arcane,10140,Conjure Water,utility/rank,3,3,1.5,0,0,,,0,0,type0:780,,,,,,,"E0:effect=24,aura=0,base=9,trigger=0"
Mage,Arcane,10144,Conjure Food,utility/rank,3,3,1.5,0,0,,,0,0,type0:420,,,,,,,"E0:effect=24,aura=0,base=1,trigger=0"
Mage,Arcane,10145,Conjure Food,utility/rank,3,3,1.5,0,0,,,0,0,type0:585,,,,,,,"E0:effect=24,aura=0,base=1,trigger=0"
Mage,Arcane,10156,Arcane Intellect,utility/rank,0,0,1.5,0,0,1800,1800,0,30,type0:415,,,,,,,"E0:effect=6,aura=29,base=21,trigger=0"
Mage,Arcane,10157,Arcane Intellect,utility/rank,0,0,1.5,0,0,1800,1800,0,30,type0:575,,,,,,,"E0:effect=6,aura=29,base=30,trigger=0"
Mage,Arcane,10169,Amplify Magic,utility/rank,0,0,1.5,0,0,600,600,0,30,type0:350,,,,,,,"E0:effect=6,aura=14,base=49,trigger=0;E1:effect=6,aura=115,base=99,trigger=0"
Mage,Arcane,10170,Amplify Magic,utility/rank,0,0,1.5,0,0,600,600,0,30,type0:450,,,,,,,"E0:effect=6,aura=14,base=74,trigger=0;E1:effect=6,aura=115,base=149,trigger=0"
Mage,Arcane,10173,Dampen Magic,utility/rank,0,0,1.5,0,0,600,600,0,30,type0:400,,,,,,,"E0:effect=6,aura=14,base=-61,trigger=0;E1:effect=6,aura=115,base=-121,trigger=0"
Mage,Arcane,10174,Dampen Magic,utility/rank,0,0,1.5,0,0,600,600,0,30,type0:500,,,,,,,"E0:effect=6,aura=14,base=-91,trigger=0;E1:effect=6,aura=115,base=-181,trigger=0"
Mage,Arcane,10191,Mana Shield,utility/rank,0,0,1.5,0,0,60,60,0,0,type0:100,,,,,,,"E0:effect=6,aura=97,base=389,trigger=0"
Mage,Arcane,10192,Mana Shield,utility/rank,0,0,1.5,0,0,60,60,0,0,type0:120,,,,,,,"E0:effect=6,aura=97,base=479,trigger=0"
Mage,Arcane,10193,Mana Shield,utility/rank,0,0,1.5,0,0,60,60,0,0,type0:140,,,,,,,"E0:effect=6,aura=97,base=569,trigger=0"
Mage,Arcane,10201,Arcane Explosion,utility/rank,0,0,1.5,0,0,,,0,0,type0:315,,,,,,,"E0:effect=2,aura=0,base=185,trigger=0"
Mage,Arcane,10202,Arcane Explosion,utility/rank,0,0,1.5,0,0,,,0,0,type0:390,,,,,,,"E0:effect=2,aura=0,base=242,trigger=0"
Mage,Arcane,10211,Arcane Missiles,utility/rank,0,0,1.5,0,0,5,5,0,30,type0:500,,,,,,,"E0:effect=6,aura=4,base=0,trigger=0;E1:effect=6,aura=23,base=0,trigger=10273"
Mage,Arcane,10212,Arcane Missiles,utility/rank,0,0,1.5,0,0,5,5,0,30,type0:595,,,,,,,"E0:effect=6,aura=4,base=0,trigger=0;E1:effect=6,aura=23,base=0,trigger=10274"
Mage,Arcane,10273,Arcane Missiles,utility/rank,0,0,,,,,,0,30,,,,,,,,"E0:effect=2,aura=0,base=150,trigger=0"
Mage,Arcane,10274,Arcane Missiles,utility/rank,0,0,,,,,,0,30,,,,,,,,"E0:effect=2,aura=0,base=191,trigger=0"
Mage,Arcane,11210,Arcane Subtlety,passive/talent,0,0,,,,-0.001,-0.001,0,0,,,,,,,,"E0:effect=6,aura=10,base=-21,trigger=0;E1:effect=6,aura=123,base=-6,trigger=0"
Mage,Arcane,11213,Arcane Concentration,utility/rank,0,0,,,,-0.001,-0.001,0,0,,,,,,,,"E0:effect=6,aura=42,base=-1,trigger=12536"
Mage,Arcane,11222,Arcane Focus,passive/talent,0,0,,,,-0.001,-0.001,0,0,,,,,,,,"E0:effect=6,aura=107,base=1,trigger=0"
Mage,Arcane,11232,Arcane Mind,utility/rank,0,0,,,,-0.001,-0.001,0,0,,,,,,,,"E0:effect=6,aura=137,base=2,trigger=0"
Mage,Arcane,11237,Improved Arcane Missiles,passive/talent,0,0,,,,,,0,0,,,,,,,,"E0:effect=6,aura=108,base=19,trigger=0"
Mage,Arcane,11242,Arcane Impact,utility/rank,0,0,,,,-0.001,-0.001,0,0,,,,,,,,"E0:effect=6,aura=107,base=1,trigger=0"
Mage,Arcane,11247,Magic Attunement,utility/rank,0,0,,,,-0.001,-0.001,0,0,,,,,,,,"E0:effect=6,aura=108,base=24,trigger=0"
Mage,Arcane,11252,Improved Mana Shield,passive/talent,0,0,,,,-0.001,-0.001,0,0,,,,,,,,"E0:effect=6,aura=108,base=-11,trigger=0"
Mage,Arcane,11255,Improved Counterspell,pvp-control,0,0,,,,-0.001,-0.001,0,0,,,,,,,,"E0:effect=6,aura=42,base=-1,trigger=18469"
Mage,Arcane,11416,Portal: Ironforge,utility/rank,10,10,1.5,60,0,60,60,0,10,type0:850,,,,17032,,,"E0:effect=50,aura=0,base=-1,trigger=0"
Mage,Arcane,11417,Portal: Orgrimmar,utility/rank,10,10,1.5,60,0,60,60,0,10,type0:850,,,,17032,,,"E0:effect=50,aura=0,base=-1,trigger=0"
Mage,Arcane,11418,Portal: Undercity,utility/rank,10,10,1.5,60,0,60,60,0,10,type0:850,,,,17032,,,"E0:effect=50,aura=0,base=-1,trigger=0"
Mage,Arcane,11419,Portal: Darnassus,utility/rank,10,10,1.5,60,0,60,60,0,10,type0:850,,,,17032,,,"E0:effect=50,aura=0,base=-1,trigger=0"
Mage,Arcane,11420,Portal: Thunder Bluff,utility/rank,10,10,1.5,60,0,60,60,0,10,type0:850,,,,17032,,,"E0:effect=50,aura=0,base=-1,trigger=0"
Mage,Arcane,12042,Arcane Power,passive/talent,0,0,0,180,0,15,15,0,0,,,,,,,,"E0:effect=6,aura=108,base=29,trigger=0;E1:effect=6,aura=108,base=29,trigger=0;E2:effect=6,aura=108,base=29,trigger=0"
Mage,Arcane,12043,Presence of Mind,utility/rank,0,0,0,180,1.5,-0.001,-0.001,0,0,,,,,,,,"E0:effect=6,aura=108,base=-101,trigger=0"
Mage,Arcane,12051,Evocation,utility/rank,0,0,1.5,480,0,8,8,0,0,,,,,,,,"E0:effect=6,aura=21,base=14,trigger=0"
Mage,Arcane,12463,Improved Arcane Missiles,passive/talent,0,0,,,,,,0,0,,,,,,,,"E0:effect=6,aura=108,base=39,trigger=0"
Mage,Arcane,12464,Improved Arcane Missiles,passive/talent,0,0,,,,,,0,0,,,,,,,,"E0:effect=6,aura=108,base=59,trigger=0"
Mage,Arcane,12467,Arcane Impact,utility/rank,0,0,,,,-0.001,-0.001,0,0,,,,,,,,"E0:effect=6,aura=107,base=3,trigger=0"
Mage,Arcane,12469,Arcane Impact,utility/rank,0,0,,,,-0.001,-0.001,0,0,,,,,,,,"E0:effect=6,aura=107,base=5,trigger=0"
Mage,Arcane,12500,Arcane Mind,utility/rank,0,0,,,,-0.001,-0.001,0,0,,,,,,,,"E0:effect=6,aura=137,base=5,trigger=0"
Mage,Arcane,12501,Arcane Mind,utility/rank,0,0,,,,-0.001,-0.001,0,0,,,,,,,,"E0:effect=6,aura=137,base=8,trigger=0"
Mage,Arcane,12502,Arcane Mind,utility/rank,0,0,,,,-0.001,-0.001,0,0,,,,,,,,"E0:effect=6,aura=137,base=11,trigger=0"
Mage,Arcane,12503,Arcane Mind,utility/rank,0,0,,,,-0.001,-0.001,0,0,,,,,,,,"E0:effect=6,aura=137,base=14,trigger=0"
Mage,Arcane,12536,Clearcasting,utility/rank,0,0,,,,15,15,0,100,,,,,,,,"E0:effect=6,aura=108,base=-1001,trigger=0;E1:effect=6,aura=57,base=-1,trigger=0"
Mage,Arcane,12574,Arcane Concentration,utility/rank,0,0,,,,-0.001,-0.001,0,0,,,,,,,,"E0:effect=6,aura=42,base=-1,trigger=12536"
Mage,Arcane,12575,Arcane Concentration,utility/rank,0,0,,,,-0.001,-0.001,0,0,,,,,,,,"E0:effect=6,aura=42,base=-1,trigger=12536"
Mage,Arcane,12576,Arcane Concentration,utility/rank,0,0,,,,-0.001,-0.001,0,0,,,,,,,,"E0:effect=6,aura=42,base=-1,trigger=12536"
Mage,Arcane,12577,Arcane Concentration,utility/rank,0,0,,,,-0.001,-0.001,0,0,,,,,,,,"E0:effect=6,aura=42,base=-1,trigger=12536"
Mage,Arcane,12592,Arcane Subtlety,passive/talent,0,0,,,,-0.001,-0.001,0,0,,,,,,,,"E0:effect=6,aura=10,base=-41,trigger=0;E1:effect=6,aura=123,base=-11,trigger=0"
Mage,Arcane,12598,Improved Counterspell,pvp-control,0,0,,,,-0.001,-0.001,0,0,,,,,,,,"E0:effect=6,aura=42,base=-1,trigger=18469"
Mage,Arcane,12605,Improved Mana Shield,passive/talent,0,0,,,,-0.001,-0.001,0,0,,,,,,,,"E0:effect=6,aura=108,base=-21,trigger=0"
Mage,Arcane,12606,Magic Attunement,utility/rank,0,0,,,,-0.001,-0.001,0,0,,,,,,,,"E0:effect=6,aura=108,base=49,trigger=0"
Mage,Arcane,12824,Polymorph,pvp-control,1.5,1.5,1.5,0,0,30,30,0,30,type0:90,,,,,,,"E0:effect=6,aura=5,base=-1,trigger=0;E1:effect=6,aura=56,base=0,trigger=0"
Mage,Arcane,12825,Polymorph,pvp-control,1.5,1.5,1.5,0,0,40,40,0,30,type0:120,,,,,,,"E0:effect=6,aura=5,base=-1,trigger=0;E1:effect=6,aura=56,base=0,trigger=0"
Mage,Arcane,12826,Polymorph,pvp-control,1.5,1.5,1.5,0,0,50,50,0,30,type0:150,,,,,,,"E0:effect=6,aura=5,base=-1,trigger=0;E1:effect=6,aura=56,base=0,trigger=0"
Mage,Arcane,12839,Arcane Focus,passive/talent,0,0,,,,-0.001,-0.001,0,0,,,,,,,,"E0:effect=6,aura=107,base=3,trigger=0"
Mage,Arcane,12840,Arcane Focus,passive/talent,0,0,,,,-0.001,-0.001,0,0,,,,,,,,"E0:effect=6,aura=107,base=5,trigger=0"
Mage,Arcane,12841,Arcane Focus,passive/talent,0,0,,,,-0.001,-0.001,0,0,,,,,,,,"E0:effect=6,aura=107,base=7,trigger=0"
Mage,Arcane,12842,Arcane Focus,passive/talent,0,0,,,,-0.001,-0.001,0,0,,,,,,,,"E0:effect=6,aura=107,base=9,trigger=0"
Mage,Arcane,15058,Arcane Instability,utility/rank,0,0,,,,-0.001,-0.001,0,0,,,,,,,,"E0:effect=6,aura=79,base=0,trigger=0;E1:effect=6,aura=552,base=0,trigger=0"
Mage,Arcane,15059,Arcane Instability,utility/rank,0,0,,,,-0.001,-0.001,0,0,,,,,,,,"E0:effect=6,aura=79,base=1,trigger=0;E1:effect=6,aura=552,base=1,trigger=0"
Mage,Arcane,15060,Arcane Instability,utility/rank,0,0,,,,-0.001,-0.001,0,0,,,,,,,,"E0:effect=6,aura=79,base=2,trigger=0;E1:effect=6,aura=552,base=2,trigger=0"
Mage,Arcane,16769,Improved Arcane Missiles,passive/talent,0,0,,,,,,0,0,,,,,,,,"E0:effect=6,aura=108,base=79,trigger=0"
Mage,Arcane,16770,Improved Arcane Missiles,passive/talent,0,0,,,,,,0,0,,,,,,,,"E0:effect=6,aura=108,base=99,trigger=0"
Mage,Arcane,18462,Arcane Meditation,utility/rank,0,0,,,,-0.001,-0.001,0,0,,,,,,,,"E0:effect=6,aura=134,base=9,trigger=0"
Mage,Arcane,18463,Arcane Meditation,utility/rank,0,0,,,,-0.001,-0.001,0,0,,,,,,,,"E0:effect=6,aura=134,base=19,trigger=0"
Mage,Arcane,18464,Arcane Meditation,utility/rank,0,0,,,,-0.001,-0.001,0,0,,,,,,,,"E0:effect=6,aura=134,base=29,trigger=0"
Mage,Arcane,22782,Mage Armor,utility/rank,0,0,1.5,0,0,1800,1800,0,0,type0:380,,,,,,,"E0:effect=6,aura=22,base=9,trigger=0;E1:effect=6,aura=134,base=29,trigger=0"
Mage,Arcane,22783,Mage Armor,utility/rank,0,0,1.5,0,0,1800,1800,0,0,type0:490,,,,,,,"E0:effect=6,aura=22,base=14,trigger=0;E1:effect=6,aura=134,base=29,trigger=0"
Mage,Arcane,23028,Arcane Brilliance,utility/rank,0,0,1.5,0,0,3600,3600,0,40,type0:1500,,,,17020,,,"E0:effect=6,aura=29,base=30,trigger=0"
Mage,Arcane,25345,Arcane Missiles,utility/rank,0,0,1.5,0,0,5,5,0,30,type0:655,,,,,,,"E0:effect=6,aura=4,base=0,trigger=0;E1:effect=6,aura=23,base=0,trigger=25346"
Mage,Arcane,25346,Arcane Missiles,utility/rank,0,0,,,,,,0,30,,,,,,,,"E0:effect=2,aura=0,base=229,trigger=0"
Mage,Arcane,27075,Arcane Missiles,utility/rank,0,0,1.5,0,0,5,5,0,30,type0:685,,,,,,,"E0:effect=6,aura=4,base=0,trigger=0;E1:effect=6,aura=23,base=0,trigger=27076"
Mage,Arcane,27076,Arcane Missiles,utility/rank,0,0,,,,,,0,30,,,,,,,,"E0:effect=2,aura=0,base=239,trigger=0"
Mage,Arcane,27080,Arcane Explosion,utility/rank,0,0,1.5,0,0,,,0,0,type0:465,,,,,,,"E0:effect=2,aura=0,base=305,trigger=0"
Mage,Arcane,27082,Arcane Explosion,utility/rank,0,0,1.5,0,0,,,0,0,type0:545,,,,,,,"E0:effect=2,aura=0,base=376,trigger=0"
Mage,Arcane,27090,Conjure Water,utility/rank,3,3,1.5,0,0,,,0,0,type0:885,,,,,,,"E0:effect=24,aura=0,base=9,trigger=0"
Mage,Arcane,27101,Conjure Mana Emerald,utility/rank,3,3,1.5,0,0,,,0,0,type0:1670,,,,,,,"E0:effect=24,aura=0,base=0,trigger=0"
Mage,Arcane,27125,Mage Armor,utility/rank,0,0,1.5,0,0,1800,1800,0,0,type0:575,,,,,,,"E0:effect=6,aura=22,base=17,trigger=0;E1:effect=6,aura=134,base=29,trigger=0"
Mage,Arcane,27126,Arcane Intellect,utility/rank,0,0,1.5,0,0,1800,1800,0,30,type0:700,,,,,,,"E0:effect=6,aura=29,base=39,trigger=0"
Mage,Arcane,27127,Arcane Brilliance,utility/rank,0,0,1.5,0,0,3600,3600,0,40,type0:1800,,,,17020,,,"E0:effect=6,aura=29,base=39,trigger=0"
Mage,Arcane,27130,Amplify Magic,utility/rank,0,0,1.5,0,0,600,600,0,30,type0:500,,,,,,,"E0:effect=6,aura=14,base=89,trigger=0;E1:effect=6,aura=115,base=179,trigger=0"
Mage,Arcane,27131,Mana Shield,utility/rank,0,0,1.5,0,0,60,60,0,0,type0:155,,,,,,,"E0:effect=6,aura=97,base=714,trigger=0"
Mage,Arcane,28271,Polymorph,pvp-control,1.5,1.5,1.5,0,0,50,50,0,30,type0:150,,,,,,,"E0:effect=6,aura=5,base=-1,trigger=0;E1:effect=6,aura=56,base=0,trigger=0"
Mage,Arcane,28272,Polymorph,pvp-control,1.5,1.5,1.5,0,0,50,50,0,30,type0:150,,,,,,,"E0:effect=6,aura=5,base=-1,trigger=0;E1:effect=6,aura=56,base=0,trigger=0"
Mage,Arcane,28574,Arcane Fortitude,utility/rank,0,0,,,,,,0,0,,,,,,,,"E0:effect=6,aura=571,base=99,trigger=0"
Mage,Arcane,28612,Conjure Food,utility/rank,3,3,1.5,0,0,,,0,0,type0:650,,,,,,,"E0:effect=24,aura=0,base=9,trigger=0"
Mage,Arcane,29441,Magic Absorption,utility/rank,0,0,,,,-0.001,-0.001,0,0,,,,,,,,"E0:effect=6,aura=4,base=0,trigger=0;E1:effect=6,aura=22,base=1,trigger=0"
Mage,Arcane,29442,Magic Absorption,utility/rank,0,0,,,,,,0,0,,,,,,,,"E0:effect=30,aura=0,base=-1,trigger=0"
Mage,Arcane,29444,Magic Absorption,utility/rank,0,0,,,,-0.001,-0.001,0,0,,,,,,,,"E0:effect=6,aura=4,base=1,trigger=0;E1:effect=6,aura=22,base=3,trigger=0"
Mage,Arcane,29445,Magic Absorption,utility/rank,0,0,,,,-0.001,-0.001,0,0,,,,,,,,"E0:effect=6,aura=4,base=2,trigger=0;E1:effect=6,aura=22,base=5,trigger=0"
Mage,Arcane,29446,Magic Absorption,utility/rank,0,0,,,,-0.001,-0.001,0,0,,,,,,,,"E0:effect=6,aura=4,base=3,trigger=0;E1:effect=6,aura=22,base=7,trigger=0"
Mage,Arcane,29447,Magic Absorption,utility/rank,0,0,,,,-0.001,-0.001,0,0,,,,,,,,"E0:effect=6,aura=4,base=4,trigger=0;E1:effect=6,aura=22,base=9,trigger=0"
Mage,Arcane,30449,Spellsteal,utility/rank,0,0,1.5,0,0,,,0,30,type0:20%,,,,,,,"E0:effect=126,aura=0,base=0,trigger=0"
Mage,Arcane,30451,Arcane Blast,damage,2.5,2.5,1.5,0,0,,,0,30,type0:195,,,,,,,"E0:effect=2,aura=0,base=647,trigger=0"
Mage,Arcane,31569,Improved Blink,passive/talent,0,0,,,,,,0,0,,,,,,,,"E1:effect=6,aura=42,base=0,trigger=47000"
Mage,Arcane,31570,Improved Blink,passive/talent,0,0,,,,,,0,0,,,,,,,,"E1:effect=6,aura=42,base=0,trigger=46989"
Mage,Arcane,31571,Arcane Potency,utility/rank,0,0,,,,-0.001,-0.001,0,0,,,,,,,,"E0:effect=6,aura=107,base=9,trigger=0"
Mage,Arcane,31572,Arcane Potency,utility/rank,0,0,,,,-0.001,-0.001,0,0,,,,,,,,"E0:effect=6,aura=107,base=19,trigger=0"
Mage,Arcane,31573,Arcane Potency,utility/rank,0,0,,,,-0.001,-0.001,0,0,,,,,,,,"E0:effect=6,aura=107,base=29,trigger=0"
Mage,Arcane,31574,Prismatic Cloak,utility/rank,0,0,,,,-0.001,-0.001,0,0,,,,,,,,"E0:effect=6,aura=87,base=-3,trigger=0"
Mage,Arcane,31575,Prismatic Cloak,utility/rank,0,0,,,,-0.001,-0.001,0,0,,,,,,,,"E0:effect=6,aura=87,base=-5,trigger=0"
Mage,Arcane,31579,Empowered Arcane Missiles,passive/talent,0,0,,,,-0.001,-0.001,0,0,,,,,,,,"E0:effect=6,aura=107,base=2,trigger=0;E1:effect=6,aura=108,base=1,trigger=0"
Mage,Arcane,31582,Empowered Arcane Missiles,passive/talent,0,0,,,,-0.001,-0.001,0,0,,,,,,,,"E0:effect=6,aura=107,base=5,trigger=0;E1:effect=6,aura=108,base=3,trigger=0"
Mage,Arcane,31583,Empowered Arcane Missiles,passive/talent,0,0,,,,-0.001,-0.001,0,0,,,,,,,,"E0:effect=6,aura=107,base=8,trigger=0;E1:effect=6,aura=108,base=5,trigger=0"
Mage,Arcane,31584,Mind Mastery,passive/talent,0,0,,,,-0.001,-0.001,0,0,,,,,,,,"E0:effect=6,aura=174,base=4,trigger=0"
Mage,Arcane,31585,Mind Mastery,passive/talent,0,0,,,,-0.001,-0.001,0,0,,,,,,,,"E0:effect=6,aura=174,base=9,trigger=0"
Mage,Arcane,31586,Mind Mastery,passive/talent,0,0,,,,-0.001,-0.001,0,0,,,,,,,,"E0:effect=6,aura=174,base=14,trigger=0"
Mage,Arcane,31587,Mind Mastery,passive/talent,0,0,,,,-0.001,-0.001,0,0,,,,,,,,"E0:effect=6,aura=174,base=19,trigger=0"
Mage,Arcane,31588,Mind Mastery,passive/talent,0,0,,,,-0.001,-0.001,0,0,,,,,,,,"E0:effect=6,aura=174,base=24,trigger=0"
Mage,Arcane,31589,Slow,utility/rank,0,0,1.5,0,0,15,15,0,30,type0:20%,,,,,,,"E0:effect=6,aura=33,base=-51,trigger=0;E1:effect=6,aura=218,base=-51,trigger=0;E2:effect=6,aura=216,base=-51,trigger=0"
Mage,Arcane,32266,Portal: Exodar,utility/rank,10,10,1.5,60,0,60,60,0,10,type0:850,,,,17032,,,"E0:effect=50,aura=0,base=-1,trigger=0"
Mage,Arcane,32267,Portal: Silvermoon,utility/rank,10,10,1.5,60,0,60,60,0,10,type0:850,,,,17032,,,"E0:effect=50,aura=0,base=-1,trigger=0"
Mage,Arcane,32271,Teleport: Exodar,utility/rank,10,10,1.5,0,0,,,0,0,type0:120,,,,17031,,,"E0:effect=252,aura=0,base=-1,trigger=0;E1:effect=77,aura=0,base=0,trigger=0"
Mage,Arcane,32272,Teleport: Silvermoon,utility/rank,10,10,1.5,0,0,,,0,0,type0:120,,,,17031,,,"E0:effect=252,aura=0,base=-1,trigger=0;E1:effect=77,aura=0,base=0,trigger=0"
Mage,Arcane,33690,Teleport: Shattrath,utility/rank,10,10,1.5,0,0,,,0,0,type0:120,,,,17031,,,"E0:effect=252,aura=0,base=-1,trigger=0;E1:effect=77,aura=0,base=0,trigger=0"
Mage,Arcane,33691,Portal: Shattrath,utility/rank,10,10,1.5,60,0,60,60,0,10,type0:850,,,,17032,,,"E0:effect=50,aura=0,base=-1,trigger=0"
Mage,Arcane,33717,Conjure Food,utility/rank,3,3,1.5,0,0,,,0,0,type0:885,,,,,,,"E0:effect=24,aura=0,base=9,trigger=0"
Mage,Arcane,33944,Dampen Magic,utility/rank,0,0,1.5,0,0,600,600,0,30,type0:600,,,,,,,"E0:effect=6,aura=14,base=-121,trigger=0;E1:effect=6,aura=115,base=-241,trigger=0"
Mage,Arcane,33946,Amplify Magic,utility/rank,0,0,1.5,0,0,600,600,0,30,type0:600,,,,,,,"E0:effect=6,aura=14,base=119,trigger=0;E1:effect=6,aura=115,base=239,trigger=0"
Mage,Arcane,35578,Spell Power,passive/talent,0,0,,,,-0.001,-0.001,0,0,,,,,,,,"E0:effect=6,aura=108,base=24,trigger=0"
Mage,Arcane,35581,Spell Power,passive/talent,0,0,,,,-0.001,-0.001,0,0,,,,,,,,"E0:effect=6,aura=108,base=49,trigger=0"
Mage,Arcane,35715,Teleport: Shattrath,utility/rank,10,10,1.5,0,0,,,0,0,type0:120,,,,17031,,,"E0:effect=252,aura=0,base=-1,trigger=0;E1:effect=77,aura=0,base=0,trigger=0"
Mage,Arcane,35717,Portal: Shattrath,utility/rank,10,10,1.5,60,0,60,60,0,10,type0:850,,,,17032,,,"E0:effect=50,aura=0,base=-1,trigger=0"
Mage,Arcane,37420,Conjure Water,utility/rank,3,3,1.5,0,0,,,0,0,type0:845,,,,,,,"E0:effect=24,aura=0,base=9,trigger=0"
Mage,Arcane,38699,Arcane Missiles,utility/rank,0,0,1.5,0,0,5,5,0,30,type0:740,,,,,,,"E0:effect=6,aura=4,base=0,trigger=0;E1:effect=6,aura=23,base=0,trigger=38700"
Mage,Arcane,38700,Arcane Missiles,utility/rank,0,0,,,,,,0,30,,,,,,,,"E0:effect=2,aura=0,base=259,trigger=0"
Mage,Arcane,38703,Arcane Missiles,utility/rank,0,0,,,,,,0,30,,,,,,,,"E0:effect=2,aura=0,base=279,trigger=0"
Mage,Arcane,38704,Arcane Missiles,utility/rank,0,0,1.5,0,0,5,5,0,30,type0:785,,,,,,,"E0:effect=6,aura=4,base=0,trigger=0;E1:effect=6,aura=23,base=0,trigger=38703"
Mage,Arcane,43987,Ritual of Refreshment,utility/rank,0,0,1.5,0,300,60,60,0,30,type0:80%,,,,17020,,,"E0:effect=50,aura=0,base=0,trigger=0"
Mage,Arcane,49358,Teleport: Stonard,utility/rank,10,10,1.5,0,0,,,0,0,type0:120,,,,17031,,,"E0:effect=252,aura=0,base=-1,trigger=0;E1:effect=77,aura=0,base=0,trigger=0"
Mage,Arcane,49359,Teleport: Theramore,utility/rank,10,10,1.5,0,0,,,0,0,type0:120,,,,17031,,,"E0:effect=252,aura=0,base=-1,trigger=0;E1:effect=77,aura=0,base=0,trigger=0"
Mage,Arcane,49360,Portal: Theramore,utility/rank,10,10,1.5,60,0,60,60,0,10,type0:850,,,,17032,,,"E0:effect=50,aura=0,base=-1,trigger=0"
Mage,Arcane,49361,Portal: Stonard,utility/rank,10,10,1.5,60,0,60,60,0,10,type0:850,,,,17032,,,"E0:effect=50,aura=0,base=-1,trigger=0"
Priest,Holy,139,Renew,healing,0,0,1.5,0,0,15,15,0,40,type0:30,-2147483648,134217728,,,,,"E0:effect=6,aura=8,base=8,trigger=0;E1:effect=6,aura=22,base=-1,trigger=0"
Priest,Holy,528,Cure Disease,utility/rank,0,0,1.5,0,0,,,0,40,type0:12%,0,134217728,,,,,"E0:effect=38,aura=0,base=0,trigger=0"
Priest,Holy,552,Abolish Disease,utility/rank,0,0,1.5,0,0,20,20,0,40,type0:12%,0,134217728,,,,,"E0:effect=6,aura=23,base=-1,trigger=10872;E1:effect=38,aura=0,base=0,trigger=0"
Priest,Holy,585,Smite,utility/rank,1.5,1.5,1.5,0,0,,,0,30,type0:20,0,134217728,,,,,"E0:effect=2,aura=0,base=12,trigger=0"
Priest,Holy,591,Smite,utility/rank,2,2,1.5,0,0,,,0,30,type0:30,0,134217728,,,,,"E0:effect=2,aura=0,base=24,trigger=0"
Priest,Holy,596,Prayer of Healing,healing,3,3,1.5,0,0,,,0,0,type0:410,-2147483648,134217728,,,,,"E0:effect=10,aura=0,base=300,trigger=0"
Priest,Holy,598,Smite,utility/rank,2.5,2.5,1.5,0,0,,,0,30,type0:60,0,134217728,,,,,"E0:effect=2,aura=0,base=53,trigger=0"
Priest,Holy,724,Lightwell,utility/rank,1.5,1.5,1.5,0,360,180,180,0,40,type0:225,-2147483648,134217728,,,,,"E0:effect=50,aura=0,base=0,trigger=0"
Priest,Holy,984,Smite,utility/rank,2.5,2.5,1.5,0,0,,,0,30,type0:95,0,134217728,,,,,"E0:effect=2,aura=0,base=90,trigger=0"
Priest,Holy,996,Prayer of Healing,healing,3,3,1.5,0,0,,,0,0,type0:560,-2147483648,134217728,,,,,"E0:effect=10,aura=0,base=443,trigger=0"
Priest,Holy,1004,Smite,utility/rank,2.5,2.5,1.5,0,0,,,0,30,type0:140,0,134217728,,,,,"E0:effect=2,aura=0,base=149,trigger=0"
Priest,Holy,2006,Resurrection,utility/rank,10,10,1.5,0,0,,,0,30,type0:60%,0,134217728,,,,,"E0:effect=329,aura=0,base=69,trigger=0"
Priest,Holy,2010,Resurrection,utility/rank,10,10,1.5,0,0,,,0,30,type0:60%,0,134217728,,,,,"E0:effect=329,aura=0,base=159,trigger=0"
Priest,Holy,2050,Lesser Heal,healing,1.5,1.5,1.5,0,0,,,0,40,type0:30,-2147483648,134217728,,,,,"E0:effect=10,aura=0,base=45,trigger=0"
Priest,Holy,2052,Lesser Heal,healing,2,2,1.5,0,0,,,0,40,type0:45,-2147483648,134217728,,,,,"E0:effect=10,aura=0,base=70,trigger=0"
Priest,Holy,2053,Lesser Heal,healing,2.5,2.5,1.5,0,0,,,0,40,type0:75,-2147483648,134217728,,,,,"E0:effect=10,aura=0,base=134,trigger=0"
Priest,Holy,2054,Heal,healing,3,3,1.5,0,0,,,0,40,type0:155,-2147483648,134217728,,,,,"E0:effect=10,aura=0,base=294,trigger=0"
Priest,Holy,2055,Heal,healing,3,3,1.5,0,0,,,0,40,type0:205,-2147483648,134217728,,,,,"E0:effect=10,aura=0,base=428,trigger=0"
Priest,Holy,2060,Greater Heal,healing,3,3,1.5,0,0,,,0,40,type0:370,-2147483648,134217728,,,,,"E0:effect=10,aura=0,base=898,trigger=0"
Priest,Holy,2061,Flash Heal,healing,1.5,1.5,1.5,0,0,,,0,40,type0:125,-2147483648,134217728,,,,,"E0:effect=10,aura=0,base=192,trigger=0"
Priest,Holy,6060,Smite,utility/rank,2.5,2.5,1.5,0,0,,,0,30,type0:185,0,134217728,,,,,"E0:effect=2,aura=0,base=211,trigger=0"
Priest,Holy,6063,Heal,healing,3,3,1.5,0,0,,,0,40,type0:255,-2147483648,134217728,,,,,"E0:effect=10,aura=0,base=565,trigger=0"
Priest,Holy,6064,Heal,healing,3,3,1.5,0,0,,,0,40,type0:305,-2147483648,134217728,,,,,"E0:effect=10,aura=0,base=711,trigger=0"
Priest,Holy,6074,Renew,healing,0,0,1.5,0,0,15,15,0,40,type0:65,-2147483648,134217728,,,,,"E0:effect=6,aura=8,base=19,trigger=0;E1:effect=6,aura=22,base=-1,trigger=0"
Priest,Holy,6075,Renew,healing,0,0,1.5,0,0,15,15,0,40,type0:105,-2147483648,134217728,,,,,"E0:effect=6,aura=8,base=34,trigger=0;E1:effect=6,aura=22,base=-1,trigger=0"
Priest,Holy,6076,Renew,healing,0,0,1.5,0,0,15,15,0,40,type0:140,-2147483648,134217728,,,,,"E0:effect=6,aura=8,base=48,trigger=0;E1:effect=6,aura=22,base=-1,trigger=0"
Priest,Holy,6077,Renew,healing,0,0,1.5,0,0,15,15,0,40,type0:170,-2147483648,134217728,,,,,"E0:effect=6,aura=8,base=62,trigger=0;E1:effect=6,aura=22,base=-1,trigger=0"
Priest,Holy,6078,Renew,healing,0,0,1.5,0,0,15,15,0,40,type0:205,-2147483648,134217728,,,,,"E0:effect=6,aura=8,base=79,trigger=0;E1:effect=6,aura=22,base=-1,trigger=0"
Priest,Holy,7001,Lightwell Renew,healing,0,0,,,,6,6,0,5,,,,,,,,"E0:effect=6,aura=8,base=266,trigger=0"
Priest,Holy,9472,Flash Heal,healing,1.5,1.5,1.5,0,0,,,0,40,type0:155,-2147483648,134217728,,,,,"E0:effect=10,aura=0,base=257,trigger=0"
Priest,Holy,9473,Flash Heal,healing,1.5,1.5,1.5,0,0,,,0,40,type0:185,-2147483648,134217728,,,,,"E0:effect=10,aura=0,base=326,trigger=0"
Priest,Holy,9474,Flash Heal,healing,1.5,1.5,1.5,0,0,,,0,40,type0:215,-2147483648,134217728,,,,,"E0:effect=10,aura=0,base=399,trigger=0"
Priest,Holy,10880,Resurrection,utility/rank,10,10,1.5,0,0,,,0,30,type0:60%,0,134217728,,,,,"E0:effect=329,aura=0,base=299,trigger=0"
Priest,Holy,10881,Resurrection,utility/rank,10,10,1.5,0,0,,,0,30,type0:60%,0,134217728,,,,,"E0:effect=329,aura=0,base=499,trigger=0"
Priest,Holy,10915,Flash Heal,healing,1.5,1.5,1.5,0,0,,,0,40,type0:265,-2147483648,134217728,,,,,"E0:effect=10,aura=0,base=517,trigger=0"
Priest,Holy,10916,Flash Heal,healing,1.5,1.5,1.5,0,0,,,0,40,type0:315,-2147483648,134217728,,,,,"E0:effect=10,aura=0,base=643,trigger=0"
Priest,Holy,10917,Flash Heal,healing,1.5,1.5,1.5,0,0,,,0,40,type0:380,-2147483648,134217728,,,,,"E0:effect=10,aura=0,base=811,trigger=0"
Priest,Holy,10927,Renew,healing,0,0,1.5,0,0,15,15,0,40,type0:250,-2147483648,134217728,,,,,"E0:effect=6,aura=8,base=101,trigger=0;E1:effect=6,aura=22,base=-1,trigger=0"
Priest,Holy,10928,Renew,healing,0,0,1.5,0,0,15,15,0,40,type0:305,-2147483648,134217728,,,,,"E0:effect=6,aura=8,base=129,trigger=0;E1:effect=6,aura=22,base=-1,trigger=0"
Priest,Holy,10929,Renew,healing,0,0,1.5,0,0,15,15,0,40,type0:365,-2147483648,134217728,,,,,"E0:effect=6,aura=8,base=161,trigger=0;E1:effect=6,aura=22,base=-1,trigger=0"
Priest,Holy,10933,Smite,utility/rank,2.5,2.5,1.5,0,0,,,0,30,type0:230,0,134217728,,,,,"E0:effect=2,aura=0,base=286,trigger=0"
Priest,Holy,10934,Smite,utility/rank,2.5,2.5,1.5,0,0,,,0,30,type0:280,0,134217728,,,,,"E0:effect=2,aura=0,base=370,trigger=0"
Priest,Holy,10960,Prayer of Healing,healing,3,3,1.5,0,0,,,0,0,type0:770,-2147483648,134217728,,,,,"E0:effect=10,aura=0,base=656,trigger=0"
Priest,Holy,10961,Prayer of Healing,healing,3,3,1.5,0,0,,,0,0,type0:1030,-2147483648,134217728,,,,,"E0:effect=10,aura=0,base=938,trigger=0"
Priest,Holy,10963,Greater Heal,healing,3,3,1.5,0,0,,,0,40,type0:455,-2147483648,134217728,,,,,"E0:effect=10,aura=0,base=1148,trigger=0"
Priest,Holy,10964,Greater Heal,healing,3,3,1.5,0,0,,,0,40,type0:545,-2147483648,134217728,,,,,"E0:effect=10,aura=0,base=1436,trigger=0"
Priest,Holy,10965,Greater Heal,healing,3,3,1.5,0,0,,,0,40,type0:655,-2147483648,134217728,,,,,"E0:effect=10,aura=0,base=1797,trigger=0"
Priest,Holy,13908,Desperate Prayer,healing,0,0,1.5,0,600,,,0,0,,0,134217728,,,,,"E0:effect=10,aura=0,base=133,trigger=0"
Priest,Holy,14889,Holy Specialization,passive/talent,0,0,,,,-0.001,-0.001,0,0,,0,134217728,,,,,"E0:effect=6,aura=552,base=0,trigger=0"
Priest,Holy,14892,Inspiration,utility/rank,0,0,,,,-0.001,-0.001,0,0,,0,134217728,,,,,"E0:effect=6,aura=42,base=-1,trigger=14893"
Priest,Holy,14898,Spiritual Healing,healing,0,0,,,,-0.001,-0.001,0,0,,0,134217728,,,,,"E0:effect=6,aura=136,base=1,trigger=0"
Priest,Holy,14901,Spiritual Guidance,passive/talent,0,0,,,,-0.001,-0.001,0,0,,,,,,,,"E0:effect=6,aura=174,base=4,trigger=0;E1:effect=6,aura=175,base=4,trigger=0"
Priest,Holy,14908,Improved Renew,healing,0,0,,,,-0.001,-0.001,0,0,,0,134217728,,,,,"E0:effect=6,aura=108,base=4,trigger=0"
Priest,Holy,14909,Searing Light,utility/rank,0,0,,,,-0.001,-0.001,0,0,,0,134217728,,,,,"E0:effect=6,aura=108,base=4,trigger=0;E1:effect=6,aura=108,base=4,trigger=0"
Priest,Holy,14911,Healing Prayers,healing,0,0,,,,-0.001,-0.001,0,0,,0,134217728,,,,,"E0:effect=6,aura=108,base=-11,trigger=0"
Priest,Holy,14912,Improved Healing,healing,0,0,,,,-0.001,-0.001,0,0,,0,134217728,,,,,"E0:effect=6,aura=108,base=-6,trigger=0"
Priest,Holy,14913,Healing Focus,healing,0,0,,,,-0.001,-0.001,0,0,,0,134217728,,,,,"E0:effect=6,aura=108,base=34,trigger=0"
Priest,Holy,14914,Holy Fire,utility/rank,3.5,3.5,1.5,0,0,10,10,0,30,type0:85,0,134217728,,,,,"E0:effect=2,aura=0,base=77,trigger=0;E1:effect=6,aura=3,base=5,trigger=0"
Priest,Holy,15008,Holy Specialization,passive/talent,0,0,,,,-0.001,-0.001,0,0,,0,134217728,,,,,"E0:effect=6,aura=552,base=1,trigger=0"
Priest,Holy,15009,Holy Specialization,passive/talent,0,0,,,,-0.001,-0.001,0,0,,0,134217728,,,,,"E0:effect=6,aura=552,base=2,trigger=0"
Priest,Holy,15010,Holy Specialization,passive/talent,0,0,,,,-0.001,-0.001,0,0,,0,134217728,,,,,"E0:effect=6,aura=552,base=3,trigger=0"
Priest,Holy,15011,Holy Specialization,passive/talent,0,0,,,,-0.001,-0.001,0,0,,0,134217728,,,,,"E0:effect=6,aura=552,base=4,trigger=0"
Priest,Holy,15012,Healing Focus,healing,0,0,,,,-0.001,-0.001,0,0,,0,134217728,,,,,"E0:effect=6,aura=108,base=69,trigger=0"
Priest,Holy,15013,Improved Healing,healing,0,0,,,,-0.001,-0.001,0,0,,0,134217728,,,,,"E0:effect=6,aura=108,base=-11,trigger=0"
Priest,Holy,15014,Improved Healing,healing,0,0,,,,-0.001,-0.001,0,0,,0,134217728,,,,,"E0:effect=6,aura=108,base=-16,trigger=0"
Priest,Holy,15017,Searing Light,utility/rank,0,0,,,,-0.001,-0.001,0,0,,0,134217728,,,,,"E0:effect=6,aura=108,base=9,trigger=0;E1:effect=6,aura=108,base=9,trigger=0"
Priest,Holy,15018,Healing Prayers,healing,0,0,,,,-0.001,-0.001,0,0,,0,134217728,,,,,"E0:effect=6,aura=108,base=-21,trigger=0"
Priest,Holy,15020,Improved Renew,healing,0,0,,,,-0.001,-0.001,0,0,,0,134217728,,,,,"E0:effect=6,aura=108,base=9,trigger=0"
Priest,Holy,15028,Spiritual Guidance,passive/talent,0,0,,,,-0.001,-0.001,0,0,,,,,,,,"E0:effect=6,aura=174,base=9,trigger=0;E1:effect=6,aura=175,base=9,trigger=0"
Priest,Holy,15029,Spiritual Guidance,passive/talent,0,0,,,,-0.001,-0.001,0,0,,,,,,,,"E0:effect=6,aura=174,base=14,trigger=0;E1:effect=6,aura=175,base=14,trigger=0"
Priest,Holy,15030,Spiritual Guidance,passive/talent,0,0,,,,-0.001,-0.001,0,0,,,,,,,,"E0:effect=6,aura=174,base=19,trigger=0;E1:effect=6,aura=175,base=19,trigger=0"
Priest,Holy,15031,Spiritual Guidance,passive/talent,0,0,,,,-0.001,-0.001,0,0,,,,,,,,"E0:effect=6,aura=174,base=24,trigger=0;E1:effect=6,aura=175,base=24,trigger=0"
Priest,Holy,15237,Holy Nova,utility/rank,0,0,1.5,0,0,,,0,0,type0:185,0,134217728,,,,,"E0:effect=2,aura=0,base=27,trigger=0"
Priest,Holy,15261,Holy Fire,utility/rank,3.5,3.5,1.5,0,0,10,10,0,30,type0:255,0,134217728,,,,,"E0:effect=2,aura=0,base=354,trigger=0;E1:effect=6,aura=3,base=28,trigger=0"
Priest,Holy,15262,Holy Fire,utility/rank,3.5,3.5,1.5,0,0,10,10,0,30,type0:95,0,134217728,,,,,"E0:effect=2,aura=0,base=95,trigger=0;E1:effect=6,aura=3,base=7,trigger=0"
Priest,Holy,15263,Holy Fire,utility/rank,3.5,3.5,1.5,0,0,10,10,0,30,type0:125,0,134217728,,,,,"E0:effect=2,aura=0,base=131,trigger=0;E1:effect=6,aura=3,base=10,trigger=0"
Priest,Holy,15264,Holy Fire,utility/rank,3.5,3.5,1.5,0,0,10,10,0,30,type0:145,0,134217728,,,,,"E0:effect=2,aura=0,base=164,trigger=0;E1:effect=6,aura=3,base=12,trigger=0"
Priest,Holy,15265,Holy Fire,utility/rank,3.5,3.5,1.5,0,0,10,10,0,30,type0:170,0,134217728,,,,,"E0:effect=2,aura=0,base=203,trigger=0;E1:effect=6,aura=3,base=16,trigger=0"
Priest,Holy,15266,Holy Fire,utility/rank,3.5,3.5,1.5,0,0,10,10,0,30,type0:200,0,134217728,,,,,"E0:effect=2,aura=0,base=253,trigger=0;E1:effect=6,aura=3,base=19,trigger=0"
Priest,Holy,15267,Holy Fire,utility/rank,3.5,3.5,1.5,0,0,10,10,0,30,type0:230,0,134217728,,,,,"E0:effect=2,aura=0,base=303,trigger=0;E1:effect=6,aura=3,base=24,trigger=0"
Priest,Holy,15349,Spiritual Healing,healing,0,0,,,,-0.001,-0.001,0,0,,0,134217728,,,,,"E0:effect=6,aura=136,base=3,trigger=0"
Priest,Holy,15354,Spiritual Healing,healing,0,0,,,,-0.001,-0.001,0,0,,0,134217728,,,,,"E0:effect=6,aura=136,base=5,trigger=0"
Priest,Holy,15355,Spiritual Healing,healing,0,0,,,,-0.001,-0.001,0,0,,0,134217728,,,,,"E0:effect=6,aura=136,base=7,trigger=0"
Priest,Holy,15356,Spiritual Healing,healing,0,0,,,,-0.001,-0.001,0,0,,0,134217728,,,,,"E0:effect=6,aura=136,base=9,trigger=0"
Priest,Holy,15362,Inspiration,utility/rank,0,0,,,,-0.001,-0.001,0,0,,0,134217728,,,,,"E0:effect=6,aura=42,base=-1,trigger=15357"
Priest,Holy,15363,Inspiration,utility/rank,0,0,,,,-0.001,-0.001,0,0,,0,134217728,,,,,"E0:effect=6,aura=42,base=-1,trigger=15359"
Priest,Holy,15430,Holy Nova,utility/rank,0,0,1.5,0,0,,,0,0,type0:290,0,134217728,,,,,"E0:effect=2,aura=0,base=49,trigger=0"
Priest,Holy,15431,Holy Nova,utility/rank,0,0,1.5,0,0,,,0,0,type0:400,0,134217728,,,,,"E0:effect=2,aura=0,base=75,trigger=0"
Priest,Holy,17191,Improved Renew,healing,0,0,,,,-0.001,-0.001,0,0,,0,134217728,,,,,"E0:effect=6,aura=108,base=14,trigger=0"
Priest,Holy,18530,Divine Fury,utility/rank,0,0,,,,-0.001,-0.001,0,0,,0,134217728,,,,,"E0:effect=6,aura=107,base=-101,trigger=0"
Priest,Holy,18531,Divine Fury,utility/rank,0,0,,,,-0.001,-0.001,0,0,,0,134217728,,,,,"E0:effect=6,aura=107,base=-201,trigger=0"
Priest,Holy,18533,Divine Fury,utility/rank,0,0,,,,-0.001,-0.001,0,0,,0,134217728,,,,,"E0:effect=6,aura=107,base=-301,trigger=0"
Priest,Holy,18534,Divine Fury,utility/rank,0,0,,,,-0.001,-0.001,0,0,,0,134217728,,,,,"E0:effect=6,aura=107,base=-401,trigger=0"
Priest,Holy,18535,Divine Fury,utility/rank,0,0,,,,-0.001,-0.001,0,0,,0,134217728,,,,,"E0:effect=6,aura=107,base=-501,trigger=0"
Priest,Holy,19236,Desperate Prayer,healing,0,0,1.5,0,600,,,0,0,,0,134217728,,,,,"E0:effect=10,aura=0,base=262,trigger=0"
Priest,Holy,19238,Desperate Prayer,healing,0,0,1.5,0,600,,,0,0,,0,134217728,,,,,"E0:effect=10,aura=0,base=446,trigger=0"
Priest,Holy,19240,Desperate Prayer,healing,0,0,1.5,0,600,,,0,0,,0,134217728,,,,,"E0:effect=10,aura=0,base=587,trigger=0"
Priest,Holy,19241,Desperate Prayer,healing,0,0,1.5,0,600,,,0,0,,0,134217728,,,,,"E0:effect=10,aura=0,base=833,trigger=0"
Priest,Holy,19242,Desperate Prayer,healing,0,0,1.5,0,600,,,0,0,,0,134217728,,,,,"E0:effect=10,aura=0,base=1100,trigger=0"
Priest,Holy,19243,Desperate Prayer,healing,0,0,1.5,0,600,,,0,0,,0,134217728,,,,,"E0:effect=10,aura=0,base=1323,trigger=0"
Priest,Holy,20711,Spirit of Redemption,utility/rank,0,0,,,,-0.001,-0.001,0,0,,,,,,,,"E0:effect=6,aura=4,base=0,trigger=0;E1:effect=6,aura=137,base=4,trigger=0"
Priest,Holy,20770,Resurrection,utility/rank,10,10,1.5,0,0,,,0,30,type0:60%,0,134217728,,,,,"E0:effect=329,aura=0,base=749,trigger=0"
Priest,Holy,23455,Holy Nova,utility/rank,0,0,,,,,,0,0,,0,134217728,,,,,"E0:effect=10,aura=0,base=51,trigger=0"
Priest,Holy,23458,Holy Nova,utility/rank,0,0,,,,,,0,0,,0,134217728,,,,,"E0:effect=10,aura=0,base=85,trigger=0"
Priest,Holy,23459,Holy Nova,utility/rank,0,0,,,,,,0,0,,0,134217728,,,,,"E0:effect=10,aura=0,base=120,trigger=0"
Priest,Holy,25210,Greater Heal,healing,3,3,1.5,0,0,,,0,40,type0:750,-2147483648,134217728,,,,,"E0:effect=10,aura=0,base=2073,trigger=0"
Priest,Holy,25213,Greater Heal,healing,3,3,1.5,0,0,,,0,40,type0:825,-2147483648,134217728,,,,,"E0:effect=10,aura=0,base=2395,trigger=0"
Priest,Holy,25221,Renew,healing,0,0,1.5,0,0,15,15,0,40,type0:430,-2147483648,134217728,,,,,"E0:effect=6,aura=8,base=201,trigger=0;E1:effect=6,aura=22,base=-1,trigger=0"
Priest,Holy,25222,Renew,healing,0,0,1.5,0,0,15,15,0,40,type0:450,-2147483648,134217728,,,,,"E0:effect=6,aura=8,base=221,trigger=0;E1:effect=6,aura=22,base=-1,trigger=0"
Priest,Holy,25233,Flash Heal,healing,1.5,1.5,1.5,0,0,,,0,40,type0:400,-2147483648,134217728,,,,,"E0:effect=10,aura=0,base=912,trigger=0"
Priest,Holy,25235,Flash Heal,healing,1.5,1.5,1.5,0,0,,,0,40,type0:470,-2147483648,134217728,,,,,"E0:effect=10,aura=0,base=1100,trigger=0"
Priest,Holy,25308,Prayer of Healing,healing,3,3,1.5,0,0,,,0,0,type0:1255,-2147483648,134217728,,,,,"E0:effect=10,aura=0,base=1245,trigger=0"
Priest,Holy,25314,Greater Heal,healing,3,3,1.5,0,0,,,0,40,type0:710,-2147483648,134217728,,,,,"E0:effect=10,aura=0,base=1965,trigger=0"
Priest,Holy,25314,Greater Heal,healing,3,3,1.5,0,0,,,0,40,type0:710,-2147483648,134217728,,,,,"E0:effect=10,aura=0,base=1965,trigger=0"
Priest,Holy,25315,Renew,healing,0,0,1.5,0,0,15,15,0,40,type0:410,-2147483648,134217728,,,,,"E0:effect=6,aura=8,base=193,trigger=0;E1:effect=6,aura=22,base=-1,trigger=0"
Priest,Holy,25316,Prayer of Healing,healing,3,3,1.5,0,0,,,0,0,type0:1070,-2147483648,134217728,,,,,"E0:effect=10,aura=0,base=996,trigger=0"
Priest,Holy,25329,Holy Nova,utility/rank,0,0,,,,,,0,0,,0,134217728,,,,,"E0:effect=10,aura=0,base=383,trigger=0"
Priest,Holy,25331,Holy Nova,utility/rank,0,0,1.5,0,0,,,0,0,type0:875,0,134217728,,,,,"E0:effect=2,aura=0,base=241,trigger=0"
Priest,Holy,25363,Smite,utility/rank,2.5,2.5,1.5,0,0,,,0,30,type0:300,0,134217728,,,,,"E0:effect=2,aura=0,base=404,trigger=0"
Priest,Holy,25364,Smite,utility/rank,2.5,2.5,1.5,0,0,,,0,30,type0:385,0,134217728,,,,,"E0:effect=2,aura=0,base=544,trigger=0"
Priest,Holy,25384,Holy Fire,utility/rank,3.5,3.5,1.5,0,0,10,10,0,30,type0:290,0,134217728,,,,,"E0:effect=2,aura=0,base=411,trigger=0;E1:effect=6,aura=3,base=32,trigger=0"
Priest,Holy,25435,Resurrection,utility/rank,10,10,1.5,0,0,,,0,30,type0:60%,0,134217728,,,,,"E0:effect=329,aura=0,base=1099,trigger=0"
Priest,Holy,25437,Desperate Prayer,healing,0,0,1.5,0,600,,,0,0,,0,134217728,,,,,"E0:effect=10,aura=0,base=1600,trigger=0"
Priest,Holy,27789,Holy Reach,utility/rank,0,0,,,,-0.001,-0.001,0,0,,,,,,,,"E0:effect=6,aura=108,base=9,trigger=0;E1:effect=6,aura=108,base=9,trigger=0"
Priest,Holy,27790,Holy Reach,utility/rank,0,0,,,,-0.001,-0.001,0,0,,,,,,,,"E0:effect=6,aura=108,base=19,trigger=0;E1:effect=6,aura=108,base=19,trigger=0"
Priest,Holy,27799,Holy Nova,utility/rank,0,0,1.5,0,0,,,0,0,type0:520,0,134217728,,,,,"E0:effect=2,aura=0,base=105,trigger=0"
Priest,Holy,27800,Holy Nova,utility/rank,0,0,1.5,0,0,,,0,0,type0:635,0,134217728,,,,,"E0:effect=2,aura=0,base=139,trigger=0"
Priest,Holy,27801,Holy Nova,utility/rank,0,0,1.5,0,0,,,0,0,type0:750,0,134217728,,,,,"E0:effect=2,aura=0,base=180,trigger=0"
Priest,Holy,27803,Holy Nova,utility/rank,0,0,,,,,,0,0,,0,134217728,,,,,"E0:effect=10,aura=0,base=160,trigger=0"
Priest,Holy,27804,Holy Nova,utility/rank,0,0,,,,,,0,0,,0,134217728,,,,,"E0:effect=10,aura=0,base=234,trigger=0"
Priest,Holy,27805,Holy Nova,utility/rank,0,0,,,,,,0,0,,0,134217728,,,,,"E0:effect=10,aura=0,base=301,trigger=0"
Priest,Holy,27811,Blessed Recovery,utility/rank,0,0,,,,,,0,0,,,,,,,,"E0:effect=6,aura=42,base=7,trigger=18350"
Priest,Holy,27813,Blessed Recovery,utility/rank,0,0,1.5,0,0,6,6,0,0,,0,1073741824,,,,,"E0:effect=6,aura=8,base=0,trigger=0"
Priest,Holy,27815,Blessed Recovery,utility/rank,0,0,,,,,,0,0,,,,,,,,"E0:effect=6,aura=42,base=15,trigger=18350"
Priest,Holy,27816,Blessed Recovery,utility/rank,0,0,,,,,,0,0,,,,,,,,"E0:effect=6,aura=42,base=24,trigger=18350"
Priest,Holy,27817,Blessed Recovery,utility/rank,0,0,1.5,0,0,6,6,0,0,,0,1073741824,,,,,"E0:effect=6,aura=8,base=0,trigger=0"
Priest,Holy,27818,Blessed Recovery,utility/rank,0,0,1.5,0,0,6,6,0,0,,0,1073741824,,,,,"E0:effect=6,aura=8,base=0,trigger=0"
Priest,Holy,27870,Lightwell,utility/rank,1.5,1.5,1.5,0,360,180,180,0,40,type0:295,-2147483648,134217728,,,,,"E0:effect=50,aura=0,base=0,trigger=0"
Priest,Holy,27871,Lightwell,utility/rank,1.5,1.5,1.5,0,360,180,180,0,40,type0:365,-2147483648,134217728,,,,,"E0:effect=50,aura=0,base=0,trigger=0"
Priest,Holy,27873,Lightwell Renew,healing,0,0,,,,6,6,0,5,,,,,,,,"E0:effect=6,aura=8,base=387,trigger=0"
Priest,Holy,27874,Lightwell Renew,healing,0,0,,,,6,6,0,5,,,,,,,,"E0:effect=6,aura=8,base=532,trigger=0"
Priest,Holy,27900,Spell Warding,utility/rank,0,0,,,,-0.001,-0.001,0,0,,,,,,,,"E0:effect=6,aura=87,base=-3,trigger=0"
Priest,Holy,27901,Spell Warding,utility/rank,0,0,,,,-0.001,-0.001,0,0,,,,,,,,"E0:effect=6,aura=87,base=-5,trigger=0"
Priest,Holy,27902,Spell Warding,utility/rank,0,0,,,,-0.001,-0.001,0,0,,,,,,,,"E0:effect=6,aura=87,base=-7,trigger=0"
Priest,Holy,27903,Spell Warding,utility/rank,0,0,,,,-0.001,-0.001,0,0,,,,,,,,"E0:effect=6,aura=87,base=-9,trigger=0"
Priest,Holy,27904,Spell Warding,utility/rank,0,0,,,,-0.001,-0.001,0,0,,,,,,,,"E0:effect=6,aura=87,base=-11,trigger=0"
Priest,Holy,28275,Lightwell,utility/rank,1.5,1.5,1.5,0,360,180,180,0,40,type0:445,-2147483648,134217728,,,,,"E0:effect=50,aura=0,base=0,trigger=0"
Priest,Holy,28276,Lightwell Renew,healing,0,0,,,,6,6,0,5,,,,,,,,"E0:effect=6,aura=8,base=786,trigger=0"
Priest,Holy,32546,Binding Heal,healing,1.5,1.5,1.5,0,0,,,0,40,type0:705,-2147483648,134217728,,,,,"E0:effect=10,aura=0,base=1041,trigger=0;E1:effect=10,aura=0,base=1041,trigger=0"
Priest,Holy,33076,Prayer of Mending,healing,0,0,1.5,0,10,,,0,40,type0:390,-2147483648,134217728,,,,,"E0:effect=3,aura=0,base=800,trigger=0;E1:effect=3,aura=0,base=5,trigger=0"
Priest,Holy,33142,Blessed Resilience,utility/rank,0,0,,,,,,0,0,,,,,,,,"E0:effect=6,aura=42,base=-1,trigger=33143"
Priest,Holy,33143,Blessed Resilience,utility/rank,0,0,,,,6,6,0,0,,0,1073741824,,,,,"E0:effect=6,aura=197,base=-1001,trigger=0"
Priest,Holy,33145,Blessed Resilience,utility/rank,0,0,,,,,,0,0,,,,,,,,"E0:effect=6,aura=42,base=-1,trigger=33143"
Priest,Holy,33146,Blessed Resilience,utility/rank,0,0,,,,,,0,0,,,,,,,,"E0:effect=6,aura=42,base=-1,trigger=33143"
Priest,Holy,33150,Surge of Light,utility/rank,0,0,,,,-0.001,-0.001,0,0,,,,,,,,"E0:effect=6,aura=42,base=-1,trigger=33151"
Priest,Holy,33151,Surge of Light,utility/rank,0,0,,,,10,10,0,0,,0,1073741824,,,,,"E0:effect=6,aura=108,base=-101,trigger=0;E1:effect=6,aura=108,base=-101,trigger=0;E2:effect=6,aura=108,base=-10001,trigger=0"
Priest,Holy,33154,Surge of Light,utility/rank,0,0,,,,,,0,0,,,,,,,,"E0:effect=6,aura=42,base=-1,trigger=33151"
Priest,Holy,33158,Empowered Healing,healing,0,0,,,,-0.001,-0.001,0,0,,,,,,,,"E0:effect=6,aura=107,base=3,trigger=0;E1:effect=6,aura=107,base=1,trigger=0"
Priest,Holy,33159,Empowered Healing,healing,0,0,,,,-0.001,-0.001,0,0,,,,,,,,"E0:effect=6,aura=107,base=7,trigger=0;E1:effect=6,aura=107,base=3,trigger=0"
Priest,Holy,33160,Empowered Healing,healing,0,0,,,,-0.001,-0.001,0,0,,,,,,,,"E0:effect=6,aura=107,base=11,trigger=0;E1:effect=6,aura=107,base=5,trigger=0"
Priest,Holy,33161,Empowered Healing,healing,0,0,,,,-0.001,-0.001,0,0,,,,,,,,"E0:effect=6,aura=107,base=15,trigger=0;E1:effect=6,aura=107,base=7,trigger=0"
Priest,Holy,33162,Empowered Healing,healing,0,0,,,,-0.001,-0.001,0,0,,,,,,,,"E0:effect=6,aura=107,base=19,trigger=0;E1:effect=6,aura=107,base=9,trigger=0"
Priest,Holy,34753,Holy Concentration,utility/rank,0,0,,,,-0.001,-0.001,0,0,,,,,,,,"E0:effect=6,aura=42,base=-1,trigger=34754"
Priest,Holy,34754,Clearcasting,utility/rank,0,0,,,,15,15,0,100,,,,,,,,"E0:effect=6,aura=108,base=-101,trigger=0"
Priest,Holy,34859,Holy Concentration,utility/rank,0,0,,,,-0.001,-0.001,0,0,,,,,,,,"E0:effect=6,aura=42,base=-1,trigger=34754"
Priest,Holy,34860,Holy Concentration,utility/rank,0,0,,,,-0.001,-0.001,0,0,,,,,,,,"E0:effect=6,aura=42,base=-1,trigger=34754"
Priest,Holy,34861,Circle of Healing,healing,0,0,1.5,0,0,,,0,40,type0:300,-2147483648,134217728,,,,,"E0:effect=10,aura=0,base=245,trigger=0"
Priest,Holy,34863,Circle of Healing,healing,0,0,1.5,0,0,,,0,40,type0:337,-2147483648,134217728,,,,,"E0:effect=10,aura=0,base=287,trigger=0"
Priest,Holy,34864,Circle of Healing,healing,0,0,1.5,0,0,,,0,40,type0:375,-2147483648,134217728,,,,,"E0:effect=10,aura=0,base=326,trigger=0"
Priest,Holy,34865,Circle of Healing,healing,0,0,1.5,0,0,,,0,40,type0:412,-2147483648,134217728,,,,,"E0:effect=10,aura=0,base=369,trigger=0"
Priest,Holy,34866,Circle of Healing,healing,0,0,1.5,0,0,,,0,40,type0:450,-2147483648,134217728,,,,,"E0:effect=10,aura=0,base=408,trigger=0"
Priest,Holy,44041,Chastise,utility/rank,0,0,0.5,0,30,2,2,0,20,type0:50,0,134217728,,,,,"E0:effect=2,aura=0,base=46,trigger=0;E1:effect=6,aura=26,base=0,trigger=0"
Priest,Holy,44043,Chastise,utility/rank,0,0,0.5,0,30,2,2,0,20,type0:100,0,134217728,,,,,"E0:effect=2,aura=0,base=92,trigger=0;E1:effect=6,aura=26,base=0,trigger=0"
Priest,Holy,44044,Chastise,utility/rank,0,0,0.5,0,30,2,2,0,20,type0:135,0,134217728,,,,,"E0:effect=2,aura=0,base=138,trigger=0;E1:effect=6,aura=26,base=0,trigger=0"
Priest,Holy,44045,Chastise,utility/rank,0,0,0.5,0,30,2,2,0,20,type0:180,0,134217728,,,,,"E0:effect=2,aura=0,base=208,trigger=0;E1:effect=6,aura=26,base=0,trigger=0"
Priest,Holy,44046,Chastise,utility/rank,0,0,0.5,0,30,2,2,0,20,type0:225,0,134217728,,,,,"E0:effect=2,aura=0,base=277,trigger=0;E1:effect=6,aura=26,base=0,trigger=0"
Priest,Holy,44047,Chastise,utility/rank,0,0,0.5,0,30,2,2,0,20,type0:300,0,134217728,,,,,"E0:effect=2,aura=0,base=369,trigger=0;E1:effect=6,aura=26,base=0,trigger=0"
Priest,Shadow Magic,453,Mind Soothe,utility/rank,0,0,1.5,0,0,15,15,0,40,type0:50,134217728,0,,,,,"E0:effect=6,aura=91,base=-11,trigger=0"
Priest,Shadow Magic,586,Fade,utility/rank,0,0,1.5,0,30,10,10,0,0,type0:40,134217728,0,,,,,"E0:effect=6,aura=103,base=-56,trigger=0"
Priest,Shadow Magic,589,Shadow Word: Pain,utility/rank,0,0,1.5,0,0,18,18,0,30,type0:25,134217728,0,,,,,"E0:effect=6,aura=3,base=4,trigger=0"
Priest,Shadow Magic,594,Shadow Word: Pain,utility/rank,0,0,1.5,0,0,18,18,0,30,type0:50,134217728,0,,,,,"E0:effect=6,aura=3,base=10,trigger=0"
Priest,Shadow Magic,605,Mind Control,utility/rank,3,3,1.5,0,0,60,60,0,20,type0:350,134217728,0,,,,,"E0:effect=6,aura=2,base=31,trigger=0;E1:effect=6,aura=4,base=0,trigger=0;E2:effect=6,aura=138,base=-26,trigger=0"
Priest,Shadow Magic,970,Shadow Word: Pain,utility/rank,0,0,1.5,0,0,18,18,0,30,type0:95,134217728,0,,,,,"E0:effect=6,aura=3,base=21,trigger=0"
Priest,Shadow Magic,976,Shadow Protection,utility/rank,0,0,1.5,0,0,600,600,0,30,type0:250,134217728,0,,,,,"E0:effect=6,aura=558,base=29,trigger=0"
Priest,Shadow Magic,992,Shadow Word: Pain,utility/rank,0,0,1.5,0,0,18,18,0,30,type0:155,134217728,0,,,,,"E0:effect=6,aura=3,base=38,trigger=0"
Priest,Shadow Magic,2096,Mind Vision,utility/rank,0,0,1.5,0,0,60,60,0,100,type0:65,134217728,0,,,,,"E0:effect=6,aura=1,base=0,trigger=0;E1:effect=6,aura=4,base=0,trigger=0;E2:effect=6,aura=68,base=0,trigger=0"
Priest,Shadow Magic,2652,Touch of Weakness,utility/rank,0,0,1.5,0,0,600,600,0,0,type0:25,134217728,0,,,,,"E0:effect=6,aura=42,base=-1,trigger=28598"
Priest,Shadow Magic,2767,Shadow Word: Pain,utility/rank,0,0,1.5,0,0,18,18,0,30,type0:230,134217728,0,,,,,"E0:effect=6,aura=3,base=60,trigger=0"
Priest,Shadow Magic,2943,Touch of Weakness,utility/rank,0,0,,,,120,120,0,100,,,,,,,,"E0:effect=2,aura=0,base=7,trigger=0;E1:effect=6,aura=13,base=-3,trigger=0"
Priest,Shadow Magic,2944,Devouring Plague,utility/rank,0,0,1.5,0,180,24,24,0,30,type0:215,134217728,0,,,,,"E0:effect=6,aura=53,base=18,trigger=0"
Priest,Shadow Magic,8092,Mind Blast,damage,1.5,1.5,1.5,0,8,,,0,30,type0:50,134217728,0,,,,,"E0:effect=2,aura=0,base=38,trigger=0"
Priest,Shadow Magic,8102,Mind Blast,damage,1.5,1.5,1.5,0,8,,,0,30,type0:80,134217728,0,,,,,"E0:effect=2,aura=0,base=71,trigger=0"
Priest,Shadow Magic,8103,Mind Blast,damage,1.5,1.5,1.5,0,8,,,0,30,type0:110,134217728,0,,,,,"E0:effect=2,aura=0,base=111,trigger=0"
Priest,Shadow Magic,8104,Mind Blast,damage,1.5,1.5,1.5,0,8,,,0,30,type0:150,134217728,0,,,,,"E0:effect=2,aura=0,base=166,trigger=0"
Priest,Shadow Magic,8105,Mind Blast,damage,1.5,1.5,1.5,0,8,,,0,30,type0:185,134217728,0,,,,,"E0:effect=2,aura=0,base=216,trigger=0"
Priest,Shadow Magic,8106,Mind Blast,damage,1.5,1.5,1.5,0,8,,,0,30,type0:225,134217728,0,,,,,"E0:effect=2,aura=0,base=278,trigger=0"
Priest,Shadow Magic,8122,Psychic Scream,utility/rank,0,0,1.5,0,30,8,8,0,0,type0:100,134217728,0,,,,,"E0:effect=6,aura=7,base=-1,trigger=0;E1:effect=6,aura=31,base=24,trigger=0"
Priest,Shadow Magic,8124,Psychic Scream,utility/rank,0,0,1.5,0,30,8,8,0,0,type0:140,134217728,0,,,,,"E0:effect=6,aura=7,base=-1,trigger=0;E1:effect=6,aura=31,base=24,trigger=0"
Priest,Shadow Magic,8192,Mind Soothe,utility/rank,0,0,1.5,0,0,15,15,0,40,type0:70,134217728,0,,,,,"E0:effect=6,aura=91,base=-11,trigger=0"
Priest,Shadow Magic,9035,Hex of Weakness,utility/rank,0,0,1.5,0,0,120,120,0,30,type0:35,134217728,0,,,,,"E0:effect=6,aura=13,base=-3,trigger=0;E1:effect=6,aura=118,base=-21,trigger=0"
Priest,Shadow Magic,9578,Fade,utility/rank,0,0,1.5,0,30,10,10,0,0,type0:75,134217728,0,,,,,"E0:effect=6,aura=103,base=-156,trigger=0"
Priest,Shadow Magic,9579,Fade,utility/rank,0,0,1.5,0,30,10,10,0,0,type0:125,134217728,0,,,,,"E0:effect=6,aura=103,base=-286,trigger=0"
Priest,Shadow Magic,9592,Fade,utility/rank,0,0,1.5,0,30,10,10,0,0,type0:175,134217728,0,,,,,"E0:effect=6,aura=103,base=-441,trigger=0"
Priest,Shadow Magic,10888,Psychic Scream,utility/rank,0,0,1.5,0,30,8,8,0,0,type0:180,134217728,0,,,,,"E0:effect=6,aura=7,base=-1,trigger=0;E1:effect=6,aura=31,base=24,trigger=0"
Priest,Shadow Magic,10890,Psychic Scream,utility/rank,0,0,1.5,0,30,8,8,0,0,type0:210,134217728,0,,,,,"E0:effect=6,aura=7,base=-1,trigger=0;E1:effect=6,aura=31,base=24,trigger=0"
Priest,Shadow Magic,10892,Shadow Word: Pain,utility/rank,0,0,1.5,0,0,18,18,0,30,type0:305,134217728,0,,,,,"E0:effect=6,aura=3,base=84,trigger=0"
Priest,Shadow Magic,10893,Shadow Word: Pain,utility/rank,0,0,1.5,0,0,18,18,0,30,type0:385,134217728,0,,,,,"E0:effect=6,aura=3,base=111,trigger=0"
Priest,Shadow Magic,10894,Shadow Word: Pain,utility/rank,0,0,1.5,0,0,18,18,0,30,type0:470,134217728,0,,,,,"E0:effect=6,aura=3,base=141,trigger=0"
Priest,Shadow Magic,10909,Mind Vision,utility/rank,0,0,1.5,0,0,60,60,0,50000,type0:150,134217728,0,,,,,"E0:effect=6,aura=1,base=0,trigger=0;E1:effect=6,aura=4,base=0,trigger=0;E2:effect=6,aura=68,base=0,trigger=0"
Priest,Shadow Magic,10911,Mind Control,utility/rank,3,3,1.5,0,0,60,60,0,20,type0:550,134217728,0,,,,,"E0:effect=6,aura=2,base=46,trigger=0;E1:effect=6,aura=4,base=0,trigger=0;E2:effect=6,aura=138,base=-26,trigger=0"
Priest,Shadow Magic,10912,Mind Control,utility/rank,3,3,1.5,0,0,60,60,0,20,type0:750,134217728,0,,,,,"E0:effect=6,aura=2,base=61,trigger=0;E1:effect=6,aura=4,base=0,trigger=0;E2:effect=6,aura=138,base=-26,trigger=0"
Priest,Shadow Magic,10941,Fade,utility/rank,0,0,1.5,0,30,10,10,0,0,type0:225,134217728,0,,,,,"E0:effect=6,aura=103,base=-621,trigger=0"
Priest,Shadow Magic,10942,Fade,utility/rank,0,0,1.5,0,30,10,10,0,0,type0:275,134217728,0,,,,,"E0:effect=6,aura=103,base=-821,trigger=0"
Priest,Shadow Magic,10945,Mind Blast,damage,1.5,1.5,1.5,0,8,,,0,30,type0:265,134217728,0,,,,,"E0:effect=2,aura=0,base=345,trigger=0"
Priest,Shadow Magic,10946,Mind Blast,damage,1.5,1.5,1.5,0,8,,,0,30,type0:310,134217728,0,,,,,"E0:effect=2,aura=0,base=424,trigger=0"
Priest,Shadow Magic,10947,Mind Blast,damage,1.5,1.5,1.5,0,8,,,0,30,type0:350,134217728,0,,,,,"E0:effect=2,aura=0,base=502,trigger=0"
Priest,Shadow Magic,10953,Mind Soothe,utility/rank,0,0,1.5,0,0,15,15,0,40,type0:90,134217728,0,,,,,"E0:effect=6,aura=91,base=-11,trigger=0"
Priest,Shadow Magic,10957,Shadow Protection,utility/rank,0,0,1.5,0,0,600,600,0,30,type0:450,134217728,0,,,,,"E0:effect=6,aura=558,base=44,trigger=0"
Priest,Shadow Magic,10958,Shadow Protection,utility/rank,0,0,1.5,0,0,600,600,0,30,type0:650,134217728,0,,,,,"E0:effect=6,aura=558,base=59,trigger=0"
Priest,Shadow Magic,14910,Shadow Resilience,utility/rank,0,0,,,,-0.001,-0.001,0,0,,,,,,,,"E0:effect=6,aura=569,base=-3,trigger=0"
Priest,Shadow Magic,15257,Shadow Weaving,utility/rank,0,0,,,,-0.001,-0.001,0,0,,,,,,,,"E0:effect=6,aura=109,base=19,trigger=15258"
Priest,Shadow Magic,15259,Darkness,utility/rank,0,0,,,,-0.001,-0.001,0,0,,,,,,,,"E0:effect=6,aura=108,base=1,trigger=0;E1:effect=6,aura=108,base=1,trigger=0;E2:effect=6,aura=108,base=1,trigger=0"
Priest,Shadow Magic,15260,Shadow Focus,passive/talent,0,0,,,,,,0,0,,,,,,,,"E0:effect=6,aura=107,base=1,trigger=0"
Priest,Shadow Magic,15268,Blackout,utility/rank,0,0,,,,-0.001,-0.001,0,0,,,,,,,,"E0:effect=6,aura=42,base=-1,trigger=15269"
Priest,Shadow Magic,15270,Spirit Tap,utility/rank,0,0,,,,-0.001,-0.001,0,0,,,,,,,,"E0:effect=6,aura=42,base=-1,trigger=15271"
Priest,Shadow Magic,15272,Shadow Affinity,utility/rank,0,0,,,,-0.001,-0.001,0,0,,,,,,,,"E0:effect=6,aura=108,base=-17,trigger=0"
Priest,Shadow Magic,15273,Improved Mind Blast,damage,0,0,,,,-0.001,-0.001,0,0,,,,,,,,"E0:effect=6,aura=107,base=-501,trigger=0"
Priest,Shadow Magic,15274,Improved Fade,passive/talent,0,0,,,,-0.001,-0.001,0,0,,,,,,,,"E0:effect=6,aura=107,base=-3001,trigger=0"
Priest,Shadow Magic,15275,Improved Shadow Word: Pain,passive/talent,0,0,,,,-0.001,-0.001,0,0,,,,,,,,"E0:effect=6,aura=107,base=2999,trigger=0"
Priest,Shadow Magic,15286,Vampiric Embrace,utility/rank,0,0,1.5,10,0,60,60,0,30,type0:2%,,,,,,,"E0:effect=6,aura=4,base=14,trigger=0"
Priest,Shadow Magic,15307,Darkness,utility/rank,0,0,,,,-0.001,-0.001,0,0,,,,,,,,"E0:effect=6,aura=108,base=3,trigger=0;E1:effect=6,aura=108,base=3,trigger=0;E2:effect=6,aura=108,base=3,trigger=0"
Priest,Shadow Magic,15308,Darkness,utility/rank,0,0,,,,-0.001,-0.001,0,0,,,,,,,,"E0:effect=6,aura=108,base=5,trigger=0;E1:effect=6,aura=108,base=5,trigger=0;E2:effect=6,aura=108,base=5,trigger=0"
Priest,Shadow Magic,15309,Darkness,utility/rank,0,0,,,,-0.001,-0.001,0,0,,,,,,,,"E0:effect=6,aura=108,base=7,trigger=0;E1:effect=6,aura=108,base=7,trigger=0;E2:effect=6,aura=108,base=7,trigger=0"
Priest,Shadow Magic,15310,Darkness,utility/rank,0,0,,,,-0.001,-0.001,0,0,,,,,,,,"E0:effect=6,aura=108,base=9,trigger=0;E1:effect=6,aura=108,base=9,trigger=0;E2:effect=6,aura=108,base=9,trigger=0"
Priest,Shadow Magic,15311,Improved Fade,passive/talent,0,0,,,,-0.001,-0.001,0,0,,,,,,,,"E0:effect=6,aura=107,base=-6001,trigger=0"
Priest,Shadow Magic,15312,Improved Mind Blast,damage,0,0,,,,-0.001,-0.001,0,0,,,,,,,,"E0:effect=6,aura=107,base=-1001,trigger=0"
Priest,Shadow Magic,15313,Improved Mind Blast,damage,0,0,,,,-0.001,-0.001,0,0,,,,,,,,"E0:effect=6,aura=107,base=-1501,trigger=0"
Priest,Shadow Magic,15314,Improved Mind Blast,damage,0,0,,,,-0.001,-0.001,0,0,,,,,,,,"E0:effect=6,aura=107,base=-2001,trigger=0"
Priest,Shadow Magic,15316,Improved Mind Blast,damage,0,0,,,,-0.001,-0.001,0,0,,,,,,,,"E0:effect=6,aura=107,base=-2501,trigger=0"
Priest,Shadow Magic,15317,Improved Shadow Word: Pain,passive/talent,0,0,,,,-0.001,-0.001,0,0,,,,,,,,"E0:effect=6,aura=107,base=5999,trigger=0"
Priest,Shadow Magic,15318,Shadow Affinity,utility/rank,0,0,,,,-0.001,-0.001,0,0,,,,,,,,"E0:effect=6,aura=108,base=-9,trigger=0"
Priest,Shadow Magic,15320,Shadow Affinity,utility/rank,0,0,,,,-0.001,-0.001,0,0,,,,,,,,"E0:effect=6,aura=108,base=-26,trigger=0"
Priest,Shadow Magic,15323,Blackout,utility/rank,0,0,,,,-0.001,-0.001,0,0,,,,,,,,"E0:effect=6,aura=42,base=-1,trigger=15269"
Priest,Shadow Magic,15324,Blackout,utility/rank,0,0,,,,-0.001,-0.001,0,0,,,,,,,,"E0:effect=6,aura=42,base=-1,trigger=15269"
Priest,Shadow Magic,15325,Blackout,utility/rank,0,0,,,,-0.001,-0.001,0,0,,,,,,,,"E0:effect=6,aura=42,base=-1,trigger=15269"
Priest,Shadow Magic,15326,Blackout,utility/rank,0,0,,,,-0.001,-0.001,0,0,,,,,,,,"E0:effect=6,aura=42,base=-1,trigger=15269"
Priest,Shadow Magic,15327,Shadow Focus,passive/talent,0,0,,,,,,0,0,,,,,,,,"E0:effect=6,aura=107,base=3,trigger=0"
Priest,Shadow Magic,15328,Shadow Focus,passive/talent,0,0,,,,,,0,0,,,,,,,,"E0:effect=6,aura=107,base=5,trigger=0"
Priest,Shadow Magic,15329,Shadow Focus,passive/talent,0,0,,,,,,0,0,,,,,,,,"E0:effect=6,aura=107,base=7,trigger=0"
Priest,Shadow Magic,15330,Shadow Focus,passive/talent,0,0,,,,,,0,0,,,,,,,,"E0:effect=6,aura=107,base=9,trigger=0"
Priest,Shadow Magic,15331,Shadow Weaving,utility/rank,0,0,,,,-0.001,-0.001,0,0,,,,,,,,"E0:effect=6,aura=109,base=39,trigger=15258"
Priest,Shadow Magic,15332,Shadow Weaving,utility/rank,0,0,,,,-0.001,-0.001,0,0,,,,,,,,"E0:effect=6,aura=109,base=59,trigger=15258"
Priest,Shadow Magic,15333,Shadow Weaving,utility/rank,0,0,,,,-0.001,-0.001,0,0,,,,,,,,"E0:effect=6,aura=109,base=79,trigger=15258"
Priest,Shadow Magic,15334,Shadow Weaving,utility/rank,0,0,,,,-0.001,-0.001,0,0,,,,,,,,"E0:effect=6,aura=109,base=99,trigger=15258"
Priest,Shadow Magic,15335,Spirit Tap,utility/rank,0,0,,,,-0.001,-0.001,0,0,,,,,,,,"E0:effect=6,aura=42,base=-1,trigger=15271"
Priest,Shadow Magic,15336,Spirit Tap,utility/rank,0,0,,,,-0.001,-0.001,0,0,,,,,,,,"E0:effect=6,aura=42,base=-1,trigger=15271"
Priest,Shadow Magic,15337,Spirit Tap,utility/rank,0,0,,,,-0.001,-0.001,0,0,,,,,,,,"E0:effect=6,aura=42,base=-1,trigger=15271"
Priest,Shadow Magic,15338,Spirit Tap,utility/rank,0,0,,,,-0.001,-0.001,0,0,,,,,,,,"E0:effect=6,aura=42,base=-1,trigger=15271"
Priest,Shadow Magic,15392,Improved Psychic Scream,passive/talent,0,0,,,,-0.001,-0.001,0,0,,,,,,,,"E0:effect=6,aura=107,base=-2001,trigger=0"
Priest,Shadow Magic,15407,Mind Flay,damage,0,0,1.5,0,0,3,3,0,20,type0:45,134217728,0,,,,,"E0:effect=6,aura=3,base=24,trigger=0;E1:effect=6,aura=33,base=-51,trigger=0"
Priest,Shadow Magic,15448,Improved Psychic Scream,passive/talent,0,0,,,,-0.001,-0.001,0,0,,,,,,,,"E0:effect=6,aura=107,base=-4001,trigger=0"
Priest,Shadow Magic,15473,Shadowform,utility/rank,0,0,1.5,0,1.5,-0.001,-0.001,0,0,type0:32%,,,,,,,"E0:effect=6,aura=36,base=0,trigger=0;E1:effect=6,aura=79,base=14,trigger=0;E2:effect=6,aura=87,base=-16,trigger=0"
Priest,Shadow Magic,15487,Silence,pvp-control,0,0,1.5,45,0,5,5,0,20,type0:225,134217728,0,,,,,"E0:effect=6,aura=27,base=0,trigger=0"
Priest,Shadow Magic,17311,Mind Flay,damage,0,0,1.5,0,0,3,3,0,20,type0:70,134217728,0,,,,,"E0:effect=6,aura=3,base=41,trigger=0;E1:effect=6,aura=33,base=-51,trigger=0"
Priest,Shadow Magic,17312,Mind Flay,damage,0,0,1.5,0,0,3,3,0,20,type0:100,134217728,0,,,,,"E0:effect=6,aura=3,base=61,trigger=0;E1:effect=6,aura=33,base=-51,trigger=0"
Priest,Shadow Magic,17313,Mind Flay,damage,0,0,1.5,0,0,3,3,0,20,type0:135,134217728,0,,,,,"E0:effect=6,aura=3,base=86,trigger=0;E1:effect=6,aura=33,base=-51,trigger=0"
Priest,Shadow Magic,17314,Mind Flay,damage,0,0,1.5,0,0,3,3,0,20,type0:165,134217728,0,,,,,"E0:effect=6,aura=3,base=109,trigger=0;E1:effect=6,aura=33,base=-51,trigger=0"
Priest,Shadow Magic,17322,Shadow Reach,utility/rank,0,0,,,,-0.001,-0.001,0,0,,,,,,,,"E0:effect=6,aura=108,base=9,trigger=0"
Priest,Shadow Magic,17323,Shadow Reach,utility/rank,0,0,,,,-0.001,-0.001,0,0,,,,,,,,"E0:effect=6,aura=108,base=19,trigger=0"
Priest,Shadow Magic,18137,Shadowguard,utility/rank,0,0,1.5,0,0,600,600,0,0,type0:50,134217728,0,,,,,"E0:effect=6,aura=42,base=19,trigger=28376"
Priest,Shadow Magic,18807,Mind Flay,damage,0,0,1.5,0,0,3,3,0,20,type0:205,134217728,0,,,,,"E0:effect=6,aura=3,base=141,trigger=0;E1:effect=6,aura=33,base=-51,trigger=0"
Priest,Shadow Magic,19249,Touch of Weakness,utility/rank,0,0,,,,120,120,0,100,,,,,,,,"E0:effect=2,aura=0,base=14,trigger=0;E1:effect=6,aura=13,base=-5,trigger=0"
Priest,Shadow Magic,19251,Touch of Weakness,utility/rank,0,0,,,,120,120,0,100,,,,,,,,"E0:effect=2,aura=0,base=23,trigger=0;E1:effect=6,aura=13,base=-8,trigger=0"
Priest,Shadow Magic,19252,Touch of Weakness,utility/rank,0,0,,,,120,120,0,100,,,,,,,,"E0:effect=2,aura=0,base=34,trigger=0;E1:effect=6,aura=13,base=-12,trigger=0"
Priest,Shadow Magic,19253,Touch of Weakness,utility/rank,0,0,,,,120,120,0,100,,,,,,,,"E0:effect=2,aura=0,base=47,trigger=0;E1:effect=6,aura=13,base=-16,trigger=0"
Priest,Shadow Magic,19254,Touch of Weakness,utility/rank,0,0,,,,120,120,0,100,,,,,,,,"E0:effect=2,aura=0,base=63,trigger=0;E1:effect=6,aura=13,base=-21,trigger=0"
Priest,Shadow Magic,19261,Touch of Weakness,utility/rank,0,0,1.5,0,0,600,600,0,0,type0:45,134217728,0,,,,,"E0:effect=6,aura=42,base=-1,trigger=28598"
Priest,Shadow Magic,19262,Touch of Weakness,utility/rank,0,0,1.5,0,0,600,600,0,0,type0:75,134217728,0,,,,,"E0:effect=6,aura=42,base=-1,trigger=28598"
Priest,Shadow Magic,19264,Touch of Weakness,utility/rank,0,0,1.5,0,0,600,600,0,0,type0:105,134217728,0,,,,,"E0:effect=6,aura=42,base=-1,trigger=28598"
Priest,Shadow Magic,19265,Touch of Weakness,utility/rank,0,0,1.5,0,0,600,600,0,0,type0:145,134217728,0,,,,,"E0:effect=6,aura=42,base=-1,trigger=28598"
Priest,Shadow Magic,19266,Touch of Weakness,utility/rank,0,0,1.5,0,0,600,600,0,0,type0:195,134217728,0,,,,,"E0:effect=6,aura=42,base=-1,trigger=28598"
Priest,Shadow Magic,19276,Devouring Plague,utility/rank,0,0,1.5,0,180,24,24,0,30,type0:350,134217728,0,,,,,"E0:effect=6,aura=53,base=33,trigger=0"
Priest,Shadow Magic,19277,Devouring Plague,utility/rank,0,0,1.5,0,180,24,24,0,30,type0:495,134217728,0,,,,,"E0:effect=6,aura=53,base=49,trigger=0"
Priest,Shadow Magic,19278,Devouring Plague,utility/rank,0,0,1.5,0,180,24,24,0,30,type0:645,134217728,0,,,,,"E0:effect=6,aura=53,base=67,trigger=0"
Priest,Shadow Magic,19279,Devouring Plague,utility/rank,0,0,1.5,0,180,24,24,0,30,type0:810,134217728,0,,,,,"E0:effect=6,aura=53,base=88,trigger=0"
Priest,Shadow Magic,19280,Devouring Plague,utility/rank,0,0,1.5,0,180,24,24,0,30,type0:985,134217728,0,,,,,"E0:effect=6,aura=53,base=112,trigger=0"
Priest,Shadow Magic,19281,Hex of Weakness,utility/rank,0,0,1.5,0,0,120,120,0,30,type0:55,134217728,0,,,,,"E0:effect=6,aura=13,base=-5,trigger=0;E1:effect=6,aura=118,base=-21,trigger=0"
Priest,Shadow Magic,19282,Hex of Weakness,utility/rank,0,0,1.5,0,0,120,120,0,30,type0:90,134217728,0,,,,,"E0:effect=6,aura=13,base=-8,trigger=0;E1:effect=6,aura=118,base=-21,trigger=0"
Priest,Shadow Magic,19283,Hex of Weakness,utility/rank,0,0,1.5,0,0,120,120,0,30,type0:130,134217728,0,,,,,"E0:effect=6,aura=13,base=-12,trigger=0;E1:effect=6,aura=118,base=-21,trigger=0"
Priest,Shadow Magic,19284,Hex of Weakness,utility/rank,0,0,1.5,0,0,120,120,0,30,type0:180,134217728,0,,,,,"E0:effect=6,aura=13,base=-16,trigger=0;E1:effect=6,aura=118,base=-21,trigger=0"
Priest,Shadow Magic,19285,Hex of Weakness,utility/rank,0,0,1.5,0,0,120,120,0,30,type0:240,134217728,0,,,,,"E0:effect=6,aura=13,base=-21,trigger=0;E1:effect=6,aura=118,base=-21,trigger=0"
Priest,Shadow Magic,19308,Shadowguard,utility/rank,0,0,1.5,0,0,600,600,0,0,type0:85,134217728,0,,,,,"E0:effect=6,aura=42,base=34,trigger=28376"
Priest,Shadow Magic,19309,Shadowguard,utility/rank,0,0,1.5,0,0,600,600,0,0,type0:120,134217728,0,,,,,"E0:effect=6,aura=42,base=50,trigger=28376"
Priest,Shadow Magic,19310,Shadowguard,utility/rank,0,0,1.5,0,0,600,600,0,0,type0:160,134217728,0,,,,,"E0:effect=6,aura=42,base=69,trigger=28376"
Priest,Shadow Magic,19311,Shadowguard,utility/rank,0,0,1.5,0,0,600,600,0,0,type0:200,134217728,0,,,,,"E0:effect=6,aura=42,base=89,trigger=28376"
Priest,Shadow Magic,19312,Shadowguard,utility/rank,0,0,1.5,0,0,600,600,0,0,type0:250,134217728,0,,,,,"E0:effect=6,aura=42,base=115,trigger=28376"
Priest,Shadow Magic,25367,Shadow Word: Pain,utility/rank,0,0,1.5,0,0,18,18,0,30,type0:510,134217728,0,,,,,"E0:effect=6,aura=3,base=166,trigger=0"
Priest,Shadow Magic,25368,Shadow Word: Pain,utility/rank,0,0,1.5,0,0,18,18,0,30,type0:575,134217728,0,,,,,"E0:effect=6,aura=3,base=205,trigger=0"
Priest,Shadow Magic,25372,Mind Blast,damage,1.5,1.5,1.5,0,8,,,0,30,type0:380,134217728,0,,,,,"E0:effect=2,aura=0,base=556,trigger=0"
Priest,Shadow Magic,25375,Mind Blast,damage,1.5,1.5,1.5,0,8,,,0,30,type0:450,134217728,0,,,,,"E0:effect=2,aura=0,base=707,trigger=0"
Priest,Shadow Magic,25387,Mind Flay,damage,0,0,1.5,0,0,3,3,0,20,type0:230,134217728,0,,,,,"E0:effect=6,aura=3,base=175,trigger=0;E1:effect=6,aura=33,base=-51,trigger=0"
Priest,Shadow Magic,25429,Fade,utility/rank,0,0,1.5,0,30,10,10,0,0,type0:330,134217728,0,,,,,"E0:effect=6,aura=103,base=-1501,trigger=0"
Priest,Shadow Magic,25433,Shadow Protection,utility/rank,0,0,1.5,0,0,600,600,0,30,type0:810,134217728,0,,,,,"E0:effect=6,aura=558,base=69,trigger=0"
Priest,Shadow Magic,25460,Touch of Weakness,utility/rank,0,0,,,,120,120,0,100,,,,,,,,"E0:effect=2,aura=0,base=79,trigger=0;E1:effect=6,aura=13,base=-36,trigger=0"
Priest,Shadow Magic,25461,Touch of Weakness,utility/rank,0,0,1.5,0,0,600,600,0,0,type0:235,134217728,0,,,,,"E0:effect=6,aura=42,base=-1,trigger=28598"
Priest,Shadow Magic,25467,Devouring Plague,utility/rank,0,0,1.5,0,180,24,24,0,30,type0:1145,134217728,0,,,,,"E0:effect=6,aura=53,base=151,trigger=0"
Priest,Shadow Magic,25470,Hex of Weakness,utility/rank,0,0,1.5,0,0,120,120,0,30,type0:295,134217728,0,,,,,"E0:effect=6,aura=13,base=-36,trigger=0;E1:effect=6,aura=118,base=-21,trigger=0"
Priest,Shadow Magic,25477,Shadowguard,utility/rank,0,0,1.5,0,0,600,600,0,0,type0:270,134217728,0,,,,,"E0:effect=6,aura=42,base=129,trigger=28376"
Priest,Shadow Magic,25596,Mind Soothe,utility/rank,0,0,1.5,0,0,15,15,0,40,type0:120,134217728,0,,,,,"E0:effect=6,aura=91,base=-11,trigger=0"
Priest,Shadow Magic,27683,Prayer of Shadow Protection,healing,0,0,1.5,0,0,1200,1200,0,40,type0:1300,134217728,0,,17029,,,"E0:effect=6,aura=558,base=59,trigger=0"
Priest,Shadow Magic,27839,Improved Vampiric Embrace,passive/talent,0,0,,,,-0.001,-0.001,0,0,,,,,,,,"E0:effect=6,aura=107,base=4,trigger=0"
Priest,Shadow Magic,27840,Improved Vampiric Embrace,passive/talent,0,0,,,,-0.001,-0.001,0,0,,,,,,,,"E0:effect=6,aura=107,base=9,trigger=0"
Priest,Shadow Magic,28377,Shadowguard,utility/rank,0,0,,,,,,0,100,,,,,,,,"E0:effect=2,aura=0,base=19,trigger=0"
Priest,Shadow Magic,28378,Shadowguard,utility/rank,0,0,,,,,,0,100,,,,,,,,"E0:effect=2,aura=0,base=34,trigger=0"
Priest,Shadow Magic,28379,Shadowguard,utility/rank,0,0,,,,,,0,100,,,,,,,,"E0:effect=2,aura=0,base=50,trigger=0"
Priest,Shadow Magic,28380,Shadowguard,utility/rank,0,0,,,,,,0,100,,,,,,,,"E0:effect=2,aura=0,base=69,trigger=0"
Priest,Shadow Magic,28381,Shadowguard,utility/rank,0,0,,,,,,0,100,,,,,,,,"E0:effect=2,aura=0,base=89,trigger=0"
Priest,Shadow Magic,28382,Shadowguard,utility/rank,0,0,,,,,,0,100,,,,,,,,"E0:effect=2,aura=0,base=115,trigger=0"
Priest,Shadow Magic,28385,Shadowguard,utility/rank,0,0,,,,,,0,100,,,,,,,,"E0:effect=2,aura=0,base=129,trigger=0"
Priest,Shadow Magic,32379,Shadow Word: Death,utility/rank,0,0,1.5,0,12,,,0,30,type0:243,134217728,0,,,,,"E0:effect=2,aura=0,base=449,trigger=0"
Priest,Shadow Magic,32996,Shadow Word: Death,utility/rank,0,0,1.5,0,12,,,0,30,type0:309,134217728,0,,,,,"E0:effect=2,aura=0,base=571,trigger=0"
Priest,Shadow Magic,33191,Misery,utility/rank,0,0,,,,-0.001,-0.001,0,0,,,,,,,,"E0:effect=6,aura=42,base=99,trigger=33196;E1:effect=6,aura=112,base=99,trigger=0"
Priest,Shadow Magic,33192,Misery,utility/rank,0,0,,,,-0.001,-0.001,0,0,,,,,,,,"E0:effect=6,aura=42,base=99,trigger=33197;E1:effect=6,aura=112,base=0,trigger=0"
Priest,Shadow Magic,33193,Misery,utility/rank,0,0,,,,-0.001,-0.001,0,0,,,,,,,,"E0:effect=6,aura=42,base=99,trigger=33198;E1:effect=6,aura=112,base=0,trigger=0"
Priest,Shadow Magic,33194,Misery,utility/rank,0,0,,,,-0.001,-0.001,0,0,,,,,,,,"E0:effect=6,aura=42,base=99,trigger=33199;E1:effect=6,aura=112,base=0,trigger=0"
Priest,Shadow Magic,33195,Misery,utility/rank,0,0,,,,-0.001,-0.001,0,0,,,,,,,,"E0:effect=6,aura=42,base=99,trigger=33200;E1:effect=6,aura=112,base=0,trigger=0"
Priest,Shadow Magic,33196,Misery,utility/rank,0,0,,,,24,24,0,0,,,,,,,,"E0:effect=6,aura=87,base=0,trigger=0"
Priest,Shadow Magic,33197,Misery,utility/rank,0,0,,,,24,24,0,0,,,,,,,,"E0:effect=6,aura=87,base=1,trigger=0"
Priest,Shadow Magic,33198,Misery,utility/rank,0,0,,,,24,24,0,0,,,,,,,,"E0:effect=6,aura=87,base=2,trigger=0"
Priest,Shadow Magic,33199,Misery,utility/rank,0,0,,,,24,24,0,0,,,,,,,,"E0:effect=6,aura=87,base=3,trigger=0"
Priest,Shadow Magic,33200,Misery,utility/rank,0,0,,,,24,24,0,0,,,,,,,,"E0:effect=6,aura=87,base=4,trigger=0"
Priest,Shadow Magic,33213,Focused Mind,passive/talent,0,0,,,,-0.001,-0.001,0,0,,,,,,,,"E0:effect=6,aura=108,base=-6,trigger=0"
Priest,Shadow Magic,33214,Focused Mind,passive/talent,0,0,,,,-0.001,-0.001,0,0,,,,,,,,"E0:effect=6,aura=108,base=-11,trigger=0"
Priest,Shadow Magic,33215,Focused Mind,passive/talent,0,0,,,,-0.001,-0.001,0,0,,,,,,,,"E0:effect=6,aura=108,base=-16,trigger=0"
Priest,Shadow Magic,33221,Shadow Power,passive/talent,0,0,,,,-0.001,-0.001,0,0,,,,,,,,"E0:effect=6,aura=107,base=2,trigger=0"
Priest,Shadow Magic,33222,Shadow Power,passive/talent,0,0,,,,-0.001,-0.001,0,0,,,,,,,,"E0:effect=6,aura=107,base=5,trigger=0"
Priest,Shadow Magic,33223,Shadow Power,passive/talent,0,0,,,,-0.001,-0.001,0,0,,,,,,,,"E0:effect=6,aura=107,base=8,trigger=0"
Priest,Shadow Magic,33224,Shadow Power,passive/talent,0,0,,,,-0.001,-0.001,0,0,,,,,,,,"E0:effect=6,aura=107,base=11,trigger=0"
Priest,Shadow Magic,33225,Shadow Power,passive/talent,0,0,,,,-0.001,-0.001,0,0,,,,,,,,"E0:effect=6,aura=107,base=14,trigger=0"
Priest,Shadow Magic,33371,Shadow Resilience,utility/rank,0,0,,,,-0.001,-0.001,0,0,,,,,,,,"E0:effect=6,aura=569,base=-5,trigger=0"
Priest,Shadow Magic,34433,Shadowfiend,utility/rank,0,0,1.5,300,0,15,15,0,30,type0:6%,134217728,0,,,,,"E0:effect=28,aura=0,base=0,trigger=0"
Priest,Shadow Magic,34914,Vampiric Touch,utility/rank,1.5,1.5,1.5,0,0,15,15,0,30,type0:325,,,,,,,"E0:effect=6,aura=4,base=4,trigger=0;E1:effect=6,aura=3,base=89,trigger=0"
Priest,Shadow Magic,34916,Vampiric Touch,utility/rank,1.5,1.5,1.5,0,0,15,15,0,30,type0:400,,,,,,,"E0:effect=6,aura=4,base=4,trigger=0;E1:effect=6,aura=3,base=119,trigger=0"
Priest,Shadow Magic,34917,Vampiric Touch,utility/rank,1.5,1.5,1.5,0,0,15,15,0,30,type0:425,,,,,,,"E0:effect=6,aura=4,base=4,trigger=0;E1:effect=6,aura=3,base=129,trigger=0"
Priest,Shadow Magic,34919,Vampiric Touch,utility/rank,0,0,,,,,,0,30,,,,,,,,"E0:effect=30,aura=0,base=-1,trigger=0"
Priest,Shadow Magic,39374,Prayer of Shadow Protection,healing,0,0,1.5,0,0,1200,1200,0,40,type0:1620,134217728,0,,17029,,,"E0:effect=6,aura=558,base=69,trigger=0"
Priest,Discipline,17,Power Word: Shield,passive/talent,0,0,1.5,0,4,30,30,0,40,type0:45,134217728,0,,,,,"E0:effect=6,aura=69,base=43,trigger=0"
Priest,Discipline,527,Dispel Magic,utility/rank,0,0,1.5,0,0,,,0,30,type0:14%,134217728,0,,,,,"E0:effect=38,aura=0,base=0,trigger=0"
Priest,Discipline,588,Inner Fire,utility/rank,0,0,1.5,0,0,600,600,0,0,type0:30,134217728,0,,,,,"E0:effect=6,aura=22,base=314,trigger=0"
Priest,Discipline,592,Power Word: Shield,passive/talent,0,0,1.5,0,4,30,30,0,40,type0:80,134217728,0,,,,,"E0:effect=6,aura=69,base=87,trigger=0"
Priest,Discipline,600,Power Word: Shield,passive/talent,0,0,1.5,0,4,30,30,0,40,type0:130,134217728,0,,,,,"E0:effect=6,aura=69,base=157,trigger=0"
Priest,Discipline,602,Inner Fire,utility/rank,0,0,1.5,0,0,600,600,0,0,type0:105,134217728,0,,,,,"E0:effect=6,aura=22,base=719,trigger=0"
Priest,Discipline,988,Dispel Magic,utility/rank,0,0,1.5,0,0,,,0,30,type0:14%,134217728,0,,,,,"E0:effect=38,aura=0,base=1,trigger=0"
Priest,Discipline,1006,Inner Fire,utility/rank,0,0,1.5,0,0,600,600,0,0,type0:165,134217728,0,,,,,"E0:effect=6,aura=22,base=944,trigger=0"
Priest,Discipline,1243,Power Word: Fortitude,passive/talent,0,0,1.5,0,0,1800,1800,0,30,type0:20,134217728,0,,,,,"E0:effect=6,aura=29,base=2,trigger=0"
Priest,Discipline,1244,Power Word: Fortitude,passive/talent,0,0,1.5,0,0,1800,1800,0,30,type0:70,134217728,0,,,,,"E0:effect=6,aura=29,base=7,trigger=0"
Priest,Discipline,1245,Power Word: Fortitude,passive/talent,0,0,1.5,0,0,1800,1800,0,30,type0:200,134217728,0,,,,,"E0:effect=6,aura=29,base=19,trigger=0"
Priest,Discipline,1706,Levitate,utility/rank,0,0,1.5,0,0,120,120,0,0,type0:100,134217728,0,,17056,,,"E0:effect=6,aura=105,base=0,trigger=0;E1:effect=6,aura=106,base=0,trigger=0;E2:effect=6,aura=104,base=0,trigger=0"
Priest,Discipline,2651,Elune's Grace,utility/rank,0,0,1.5,0,180,15,15,0,0,type0:3%,134217728,0,,,,,"E0:effect=6,aura=184,base=-21,trigger=0;E1:effect=6,aura=185,base=-21,trigger=0"
Priest,Discipline,2791,Power Word: Fortitude,passive/talent,0,0,1.5,0,0,1800,1800,0,30,type0:300,134217728,0,,,,,"E0:effect=6,aura=29,base=31,trigger=0"
Priest,Discipline,3747,Power Word: Shield,passive/talent,0,0,1.5,0,4,30,30,0,40,type0:175,134217728,0,,,,,"E0:effect=6,aura=69,base=233,trigger=0"
Priest,Discipline,6065,Power Word: Shield,passive/talent,0,0,1.5,0,4,30,30,0,40,type0:210,134217728,0,,,,,"E0:effect=6,aura=69,base=300,trigger=0"
Priest,Discipline,6066,Power Word: Shield,passive/talent,0,0,1.5,0,4,30,30,0,40,type0:250,134217728,0,,,,,"E0:effect=6,aura=69,base=380,trigger=0"
Priest,Discipline,6346,Fear Ward,pvp-control,0,0,1.5,180,0,180,180,0,30,type0:3%,,,,,,,"E0:effect=6,aura=77,base=-1,trigger=0"
Priest,Discipline,7128,Inner Fire,utility/rank,0,0,1.5,0,0,600,600,0,0,type0:65,134217728,0,,,,,"E0:effect=6,aura=22,base=494,trigger=0"
Priest,Discipline,8129,Mana Burn,pvp-control,3,3,1.5,0,0,,,0,30,type0:95,134217728,0,,,,,"E0:effect=62,aura=0,base=190,trigger=0"
Priest,Discipline,8131,Mana Burn,pvp-control,3,3,1.5,0,0,,,0,30,type0:140,134217728,0,,,,,"E0:effect=62,aura=0,base=308,trigger=0"
Priest,Discipline,9484,Shackle Undead,utility/rank,1.5,1.5,1.5,0,0,30,30,0,30,type0:90,134217728,0,,,,,"E0:effect=6,aura=12,base=0,trigger=0"
Priest,Discipline,9485,Shackle Undead,utility/rank,1.5,1.5,1.5,0,0,40,40,0,30,type0:120,134217728,0,,,,,"E0:effect=6,aura=12,base=0,trigger=0"
Priest,Discipline,10060,Power Infusion,passive/talent,0,0,0,180,0,15,15,0,30,type0:16%,,,,,,,"E0:effect=6,aura=65,base=19,trigger=0;E1:effect=6,aura=72,base=-21,trigger=0"
Priest,Discipline,10797,Starshards,utility/rank,0,0,1.5,0,30,15,15,0,30,,134217728,0,,,,,"E0:effect=6,aura=3,base=11,trigger=0"
Priest,Discipline,10874,Mana Burn,pvp-control,3,3,1.5,0,0,,,0,30,type0:185,134217728,0,,,,,"E0:effect=62,aura=0,base=441,trigger=0"
Priest,Discipline,10875,Mana Burn,pvp-control,3,3,1.5,0,0,,,0,30,type0:225,134217728,0,,,,,"E0:effect=62,aura=0,base=575,trigger=0"
Priest,Discipline,10876,Mana Burn,pvp-control,3,3,1.5,0,0,,,0,30,type0:270,134217728,0,,,,,"E0:effect=62,aura=0,base=737,trigger=0"
Priest,Discipline,10898,Power Word: Shield,passive/talent,0,0,1.5,0,4,30,30,0,40,type0:300,134217728,0,,,,,"E0:effect=6,aura=69,base=483,trigger=0"
Priest,Discipline,10899,Power Word: Shield,passive/talent,0,0,1.5,0,4,30,30,0,40,type0:355,134217728,0,,,,,"E0:effect=6,aura=69,base=604,trigger=0"
Priest,Discipline,10900,Power Word: Shield,passive/talent,0,0,1.5,0,4,30,30,0,40,type0:425,134217728,0,,,,,"E0:effect=6,aura=69,base=762,trigger=0"
Priest,Discipline,10901,Power Word: Shield,passive/talent,0,0,1.5,0,4,30,30,0,40,type0:500,134217728,0,,,,,"E0:effect=6,aura=69,base=941,trigger=0"
Priest,Discipline,10937,Power Word: Fortitude,passive/talent,0,0,1.5,0,0,1800,1800,0,30,type0:450,134217728,0,,,,,"E0:effect=6,aura=29,base=42,trigger=0"
Priest,Discipline,10938,Power Word: Fortitude,passive/talent,0,0,1.5,0,0,1800,1800,0,30,type0:600,134217728,0,,,,,"E0:effect=6,aura=29,base=53,trigger=0"
Priest,Discipline,10951,Inner Fire,utility/rank,0,0,1.5,0,0,600,600,0,0,type0:235,134217728,0,,,,,"E0:effect=6,aura=22,base=1169,trigger=0"
Priest,Discipline,10952,Inner Fire,utility/rank,0,0,1.5,0,0,600,600,0,0,type0:315,134217728,0,,,,,"E0:effect=6,aura=22,base=1394,trigger=0"
Priest,Discipline,10955,Shackle Undead,utility/rank,1.5,1.5,1.5,0,0,50,50,0,30,type0:150,134217728,0,,,,,"E0:effect=6,aura=12,base=0,trigger=0"
Priest,Discipline,13896,Feedback,utility/rank,0,0,1.5,0,180,15,15,0,0,type0:140,134217728,0,,,,,"E0:effect=6,aura=42,base=-1,trigger=6347"
Priest,Discipline,14520,Mental Agility,utility/rank,0,0,,,,,,0,0,,,,,,,,"E0:effect=6,aura=108,base=-3,trigger=0"
Priest,Discipline,14521,Meditation,utility/rank,0,0,,,,-0.001,-0.001,0,0,,,,,,,,"E0:effect=6,aura=134,base=9,trigger=0"
Priest,Discipline,14522,Unbreakable Will,utility/rank,0,0,,,,-0.001,-0.001,0,0,,,,,,,,"E0:effect=6,aura=117,base=2,trigger=0;E1:effect=6,aura=117,base=2,trigger=0;E2:effect=6,aura=117,base=2,trigger=0"
Priest,Discipline,14523,Silent Resolve,utility/rank,0,0,,,,-0.001,-0.001,0,0,,,,,,,,"E0:effect=6,aura=10,base=-5,trigger=0;E1:effect=6,aura=107,base=3,trigger=0;E2:effect=6,aura=108,base=-5,trigger=0"
Priest,Discipline,14524,Wand Specialization,passive/talent,0,0,,,,-0.001,-0.001,0,0,,,,,,2,524288,"E0:effect=6,aura=79,base=4,trigger=0"
Priest,Discipline,14525,Wand Specialization,passive/talent,0,0,,,,-0.001,-0.001,0,0,,,,,,2,524288,"E0:effect=6,aura=79,base=9,trigger=0"
Priest,Discipline,14526,Wand Specialization,passive/talent,0,0,,,,-0.001,-0.001,0,0,,,,,,2,524288,"E0:effect=6,aura=79,base=14,trigger=0"
Priest,Discipline,14527,Wand Specialization,passive/talent,0,0,,,,-0.001,-0.001,0,0,,,,,,2,524288,"E0:effect=6,aura=79,base=19,trigger=0"
Priest,Discipline,14528,Wand Specialization,passive/talent,0,0,,,,-0.001,-0.001,0,0,,,,,,2,524288,"E0:effect=6,aura=79,base=24,trigger=0"
Priest,Discipline,14531,Martyrdom,utility/rank,0,0,,,,,,0,0,,,,,,,,"E0:effect=6,aura=42,base=0,trigger=14743"
Priest,Discipline,14743,Focused Casting,passive/talent,0,0,,,,6,6,0,0,,,,,,,,"E0:effect=6,aura=108,base=99,trigger=0;E1:effect=6,aura=117,base=9,trigger=0"
Priest,Discipline,14747,Improved Inner Fire,passive/talent,0,0,,,,-0.001,-0.001,0,0,,,,,,,,"E0:effect=6,aura=108,base=9,trigger=0"
Priest,Discipline,14748,Improved Power Word: Shield,passive/talent,0,0,,,,-0.001,-0.001,0,0,,,,,,,,"E0:effect=6,aura=108,base=4,trigger=0"
Priest,Discipline,14749,Improved Power Word: Fortitude,passive/talent,0,0,,,,-0.001,-0.001,0,0,,,,,,,,"E0:effect=6,aura=108,base=14,trigger=0"
Priest,Discipline,14750,Improved Mana Burn,pvp-control,0,0,,,,-0.001,-0.001,0,0,,,,,,,,"E0:effect=6,aura=107,base=-501,trigger=0"
Priest,Discipline,14751,Inner Focus,passive/talent,0,0,0,180,0,-0.001,-0.001,0,0,,134217728,0,,,,,"E0:effect=6,aura=108,base=-101,trigger=0;E1:effect=6,aura=107,base=24,trigger=0"
Priest,Discipline,14752,Divine Spirit,utility/rank,0,0,1.5,0,0,1800,1800,0,30,type0:250,134217728,0,,,,,"E0:effect=6,aura=29,base=16,trigger=0;E1:effect=6,aura=174,base=-1,trigger=0;E2:effect=6,aura=175,base=-1,trigger=0"
Priest,Discipline,14767,Improved Power Word: Fortitude,passive/talent,0,0,,,,-0.001,-0.001,0,0,,,,,,,,"E0:effect=6,aura=108,base=29,trigger=0"
Priest,Discipline,14768,Improved Power Word: Shield,passive/talent,0,0,,,,-0.001,-0.001,0,0,,,,,,,,"E0:effect=6,aura=108,base=9,trigger=0"
Priest,Discipline,14769,Improved Power Word: Shield,passive/talent,0,0,,,,-0.001,-0.001,0,0,,,,,,,,"E0:effect=6,aura=108,base=14,trigger=0"
Priest,Discipline,14770,Improved Inner Fire,passive/talent,0,0,,,,-0.001,-0.001,0,0,,,,,,,,"E0:effect=6,aura=108,base=19,trigger=0"
Priest,Discipline,14771,Improved Inner Fire,passive/talent,0,0,,,,-0.001,-0.001,0,0,,,,,,,,"E0:effect=6,aura=108,base=29,trigger=0"
Priest,Discipline,14772,Improved Mana Burn,pvp-control,0,0,,,,-0.001,-0.001,0,0,,,,,,,,"E0:effect=6,aura=107,base=-1001,trigger=0"
Priest,Discipline,14774,Martyrdom,utility/rank,0,0,,,,,,0,0,,,,,,,,"E0:effect=6,aura=42,base=0,trigger=27828"
Priest,Discipline,14776,Meditation,utility/rank,0,0,,,,-0.001,-0.001,0,0,,,,,,,,"E0:effect=6,aura=134,base=19,trigger=0"
Priest,Discipline,14777,Meditation,utility/rank,0,0,,,,-0.001,-0.001,0,0,,,,,,,,"E0:effect=6,aura=134,base=29,trigger=0"
Priest,Discipline,14780,Mental Agility,utility/rank,0,0,,,,,,0,0,,,,,,,,"E0:effect=6,aura=108,base=-5,trigger=0"
Priest,Discipline,14781,Mental Agility,utility/rank,0,0,,,,,,0,0,,,,,,,,"E0:effect=6,aura=108,base=-7,trigger=0"
Priest,Discipline,14782,Mental Agility,utility/rank,0,0,,,,,,0,0,,,,,,,,"E0:effect=6,aura=108,base=-9,trigger=0"
Priest,Discipline,14783,Mental Agility,utility/rank,0,0,,,,,,0,0,,,,,,,,"E0:effect=6,aura=108,base=-11,trigger=0"
Priest,Discipline,14784,Silent Resolve,utility/rank,0,0,,,,-0.001,-0.001,0,0,,,,,,,,"E0:effect=6,aura=10,base=-9,trigger=0;E1:effect=6,aura=107,base=7,trigger=0;E2:effect=6,aura=108,base=-9,trigger=0"
Priest,Discipline,14785,Silent Resolve,utility/rank,0,0,,,,-0.001,-0.001,0,0,,,,,,,,"E0:effect=6,aura=10,base=-13,trigger=0;E1:effect=6,aura=107,base=11,trigger=0;E2:effect=6,aura=108,base=-13,trigger=0"
Priest,Discipline,14786,Silent Resolve,utility/rank,0,0,,,,-0.001,-0.001,0,0,,,,,,,,"E0:effect=6,aura=10,base=-17,trigger=0;E1:effect=6,aura=107,base=15,trigger=0;E2:effect=6,aura=108,base=-17,trigger=0"
Priest,Discipline,14787,Silent Resolve,utility/rank,0,0,,,,-0.001,-0.001,0,0,,,,,,,,"E0:effect=6,aura=10,base=-21,trigger=0;E1:effect=6,aura=107,base=19,trigger=0;E2:effect=6,aura=108,base=-21,trigger=0"
Priest,Discipline,14788,Unbreakable Will,utility/rank,0,0,,,,-0.001,-0.001,0,0,,,,,,,,"E0:effect=6,aura=117,base=5,trigger=0;E1:effect=6,aura=117,base=5,trigger=0;E2:effect=6,aura=117,base=5,trigger=0"
Priest,Discipline,14789,Unbreakable Will,utility/rank,0,0,,,,-0.001,-0.001,0,0,,,,,,,,"E0:effect=6,aura=117,base=8,trigger=0;E1:effect=6,aura=117,base=8,trigger=0;E2:effect=6,aura=117,base=8,trigger=0"
Priest,Discipline,14790,Unbreakable Will,utility/rank,0,0,,,,-0.001,-0.001,0,0,,,,,,,,"E0:effect=6,aura=117,base=11,trigger=0;E1:effect=6,aura=117,base=11,trigger=0;E2:effect=6,aura=117,base=11,trigger=0"
Priest,Discipline,14791,Unbreakable Will,utility/rank,0,0,,,,-0.001,-0.001,0,0,,,,,,,,"E0:effect=6,aura=117,base=14,trigger=0;E1:effect=6,aura=117,base=14,trigger=0;E2:effect=6,aura=117,base=14,trigger=0"
Priest,Discipline,14818,Divine Spirit,utility/rank,0,0,1.5,0,0,1800,1800,0,30,type0:350,134217728,0,,,,,"E0:effect=6,aura=29,base=22,trigger=0;E1:effect=6,aura=174,base=-1,trigger=0;E2:effect=6,aura=175,base=-1,trigger=0"
Priest,Discipline,14819,Divine Spirit,utility/rank,0,0,1.5,0,0,1800,1800,0,30,type0:450,134217728,0,,,,,"E0:effect=6,aura=29,base=32,trigger=0;E1:effect=6,aura=174,base=-1,trigger=0;E2:effect=6,aura=175,base=-1,trigger=0"
Priest,Discipline,18544,Force of Will,utility/rank,0,0,,,,-0.001,-0.001,0,0,,,,,,,,"E0:effect=6,aura=107,base=0,trigger=0;E1:effect=6,aura=108,base=0,trigger=0;E2:effect=6,aura=108,base=0,trigger=0"
Priest,Discipline,18547,Force of Will,utility/rank,0,0,,,,-0.001,-0.001,0,0,,,,,,,,"E0:effect=6,aura=107,base=1,trigger=0;E1:effect=6,aura=108,base=1,trigger=0;E2:effect=6,aura=108,base=1,trigger=0"
Priest,Discipline,18548,Force of Will,utility/rank,0,0,,,,-0.001,-0.001,0,0,,,,,,,,"E0:effect=6,aura=107,base=2,trigger=0;E1:effect=6,aura=108,base=2,trigger=0;E2:effect=6,aura=108,base=2,trigger=0"
Priest,Discipline,18549,Force of Will,utility/rank,0,0,,,,-0.001,-0.001,0,0,,,,,,,,"E0:effect=6,aura=107,base=3,trigger=0;E1:effect=6,aura=108,base=3,trigger=0;E2:effect=6,aura=108,base=3,trigger=0"
Priest,Discipline,18550,Force of Will,utility/rank,0,0,,,,-0.001,-0.001,0,0,,,,,,,,"E0:effect=6,aura=107,base=4,trigger=0;E1:effect=6,aura=108,base=4,trigger=0;E2:effect=6,aura=108,base=4,trigger=0"
Priest,Discipline,18551,Mental Strength,utility/rank,0,0,,,,-0.001,-0.001,0,0,,,,,,,,"E0:effect=6,aura=132,base=1,trigger=0"
Priest,Discipline,18552,Mental Strength,utility/rank,0,0,,,,-0.001,-0.001,0,0,,,,,,,,"E0:effect=6,aura=132,base=3,trigger=0"
Priest,Discipline,18553,Mental Strength,utility/rank,0,0,,,,-0.001,-0.001,0,0,,,,,,,,"E0:effect=6,aura=132,base=5,trigger=0"
Priest,Discipline,18554,Mental Strength,utility/rank,0,0,,,,-0.001,-0.001,0,0,,,,,,,,"E0:effect=6,aura=132,base=7,trigger=0"
Priest,Discipline,18555,Mental Strength,utility/rank,0,0,,,,-0.001,-0.001,0,0,,,,,,,,"E0:effect=6,aura=132,base=9,trigger=0"
Priest,Discipline,19271,Feedback,utility/rank,0,0,1.5,0,180,15,15,0,0,type0:245,134217728,0,,,,,"E0:effect=6,aura=42,base=-1,trigger=19267"
Priest,Discipline,19273,Feedback,utility/rank,0,0,1.5,0,180,15,15,0,0,type0:355,134217728,0,,,,,"E0:effect=6,aura=42,base=-1,trigger=19268"
Priest,Discipline,19274,Feedback,utility/rank,0,0,1.5,0,180,15,15,0,0,type0:470,134217728,0,,,,,"E0:effect=6,aura=42,base=-1,trigger=19269"
Priest,Discipline,19275,Feedback,utility/rank,0,0,1.5,0,180,15,15,0,0,type0:580,134217728,0,,,,,"E0:effect=6,aura=42,base=-1,trigger=19270"
Priest,Discipline,19296,Starshards,utility/rank,0,0,1.5,0,30,15,15,0,30,,134217728,0,,,,,"E0:effect=6,aura=3,base=22,trigger=0"
Priest,Discipline,19299,Starshards,utility/rank,0,0,1.5,0,30,15,15,0,30,,134217728,0,,,,,"E0:effect=6,aura=3,base=39,trigger=0"
Priest,Discipline,19302,Starshards,utility/rank,0,0,1.5,0,30,15,15,0,30,,134217728,0,,,,,"E0:effect=6,aura=3,base=57,trigger=0"
Priest,Discipline,19303,Starshards,utility/rank,0,0,1.5,0,30,15,15,0,30,,134217728,0,,,,,"E0:effect=6,aura=3,base=78,trigger=0"
Priest,Discipline,19304,Starshards,utility/rank,0,0,1.5,0,30,15,15,0,30,,134217728,0,,,,,"E0:effect=6,aura=3,base=104,trigger=0"
Priest,Discipline,19305,Starshards,utility/rank,0,0,1.5,0,30,15,15,0,30,,134217728,0,,,,,"E0:effect=6,aura=3,base=129,trigger=0"
Priest,Discipline,21562,Prayer of Fortitude,healing,0,0,1.5,0,0,3600,3600,0,40,type0:1200,134217728,0,,17028,,,"E0:effect=6,aura=29,base=42,trigger=0"
Priest,Discipline,21564,Prayer of Fortitude,healing,0,0,1.5,0,0,3600,3600,0,40,type0:1500,134217728,0,,17029,,,"E0:effect=6,aura=29,base=53,trigger=0"
Priest,Discipline,25217,Power Word: Shield,passive/talent,0,0,1.5,0,4,30,30,0,40,type0:540,134217728,0,,,,,"E0:effect=6,aura=69,base=1124,trigger=0"
Priest,Discipline,25218,Power Word: Shield,passive/talent,0,0,1.5,0,4,30,30,0,40,type0:600,134217728,0,,,,,"E0:effect=6,aura=69,base=1264,trigger=0"
Priest,Discipline,25312,Divine Spirit,utility/rank,0,0,1.5,0,0,1800,1800,0,30,type0:680,134217728,0,,,,,"E0:effect=6,aura=29,base=49,trigger=0;E1:effect=6,aura=174,base=-1,trigger=0;E2:effect=6,aura=175,base=-1,trigger=0"
Priest,Discipline,25379,Mana Burn,pvp-control,3,3,1.5,0,0,,,0,30,type0:300,134217728,0,,,,,"E0:effect=62,aura=0,base=875,trigger=0"
Priest,Discipline,25380,Mana Burn,pvp-control,3,3,1.5,0,0,,,0,30,type0:355,134217728,0,,,,,"E0:effect=62,aura=0,base=1020,trigger=0"
Priest,Discipline,25389,Power Word: Fortitude,passive/talent,0,0,1.5,0,0,1800,1800,0,30,type0:700,134217728,0,,,,,"E0:effect=6,aura=29,base=78,trigger=0"
Priest,Discipline,25392,Prayer of Fortitude,healing,0,0,1.5,0,0,3600,3600,0,40,type0:1800,134217728,0,,17029,,,"E0:effect=6,aura=29,base=78,trigger=0"
Priest,Discipline,25431,Inner Fire,utility/rank,0,0,1.5,0,0,600,600,0,0,type0:375,134217728,0,,,,,"E0:effect=6,aura=22,base=1579,trigger=0"
Priest,Discipline,25441,Feedback,utility/rank,0,0,1.5,0,180,15,15,0,0,type0:705,134217728,0,,,,,"E0:effect=6,aura=42,base=-1,trigger=25440"
Priest,Discipline,25446,Starshards,utility/rank,0,0,1.5,0,30,15,15,0,30,,134217728,0,,,,,"E0:effect=6,aura=3,base=156,trigger=0"
Priest,Discipline,27681,Prayer of Spirit,healing,0,0,1.5,0,0,3600,3600,0,40,type0:1500,134217728,0,,17029,,,"E0:effect=6,aura=29,base=39,trigger=0;E1:effect=6,aura=174,base=-1,trigger=0;E2:effect=6,aura=175,base=-1,trigger=0"
Priest,Discipline,27828,Focused Casting,passive/talent,0,0,,,,6,6,0,0,,,,,,,,"E0:effect=6,aura=108,base=99,trigger=0;E1:effect=6,aura=117,base=19,trigger=0"
Priest,Discipline,27841,Divine Spirit,utility/rank,0,0,1.5,0,0,1800,1800,0,30,type0:555,134217728,0,,,,,"E0:effect=6,aura=29,base=39,trigger=0;E1:effect=6,aura=174,base=-1,trigger=0;E2:effect=6,aura=175,base=-1,trigger=0"
Priest,Discipline,32375,Mass Dispel,utility/rank,1.5,1.5,1.5,0,0,,,0,30,type0:33%,134217728,0,,,,,"E0:effect=38,aura=0,base=0,trigger=0;E1:effect=64,aura=0,base=0,trigger=32592"
Priest,Discipline,32548,Symbol of Hope,utility/rank,0,0,1.5,300,0,15,15,0,0,type0:15,134217728,0,,,,,"E0:effect=6,aura=85,base=32,trigger=0"
Priest,Discipline,32676,Consume Magic,utility/rank,0,0,1.5,120,0,,,0,0,,,,,,,,"E0:effect=30,aura=0,base=119,trigger=0"
Priest,Discipline,32999,Prayer of Spirit,healing,0,0,1.5,0,0,3600,3600,0,40,type0:1800,134217728,0,,17029,,,"E0:effect=6,aura=29,base=49,trigger=0;E1:effect=6,aura=174,base=-1,trigger=0;E2:effect=6,aura=175,base=-1,trigger=0"
Priest,Discipline,33167,Absolution,utility/rank,0,0,,,,-0.001,-0.001,0,0,,,,,,,,"E0:effect=6,aura=108,base=-6,trigger=0"
Priest,Discipline,33171,Absolution,utility/rank,0,0,,,,-0.001,-0.001,0,0,,,,,,,,"E0:effect=6,aura=108,base=-11,trigger=0"
Priest,Discipline,33172,Absolution,utility/rank,0,0,,,,-0.001,-0.001,0,0,,,,,,,,"E0:effect=6,aura=108,base=-16,trigger=0"
Priest,Discipline,33174,Improved Divine Spirit,passive/talent,0,0,,,,-0.001,-0.001,0,0,,,,,,,,"E0:effect=6,aura=107,base=4,trigger=0;E1:effect=6,aura=107,base=4,trigger=0"
Priest,Discipline,33182,Improved Divine Spirit,passive/talent,0,0,,,,-0.001,-0.001,0,0,,,,,,,,"E0:effect=6,aura=107,base=9,trigger=0;E1:effect=6,aura=107,base=9,trigger=0"
Priest,Discipline,33186,Focused Power,passive/talent,0,0,,,,-0.001,-0.001,0,0,,,,,,,,"E0:effect=6,aura=107,base=-501,trigger=0;E1:effect=6,aura=107,base=1,trigger=0"
Priest,Discipline,33190,Focused Power,passive/talent,0,0,,,,-0.001,-0.001,0,0,,,,,,,,"E0:effect=6,aura=107,base=-1001,trigger=0;E1:effect=6,aura=107,base=3,trigger=0"
Priest,Discipline,33201,Reflective Shield,utility/rank,0,0,,,,,,0,0,,,,,,,,"E0:effect=6,aura=4,base=9,trigger=0"
Priest,Discipline,33202,Reflective Shield,utility/rank,0,0,,,,,,0,0,,,,,,,,"E0:effect=6,aura=4,base=19,trigger=0"
Priest,Discipline,33203,Reflective Shield,utility/rank,0,0,,,,,,0,0,,,,,,,,"E0:effect=6,aura=4,base=29,trigger=0"
Priest,Discipline,33204,Reflective Shield,utility/rank,0,0,,,,,,0,0,,,,,,,,"E0:effect=6,aura=4,base=39,trigger=0"
Priest,Discipline,33205,Reflective Shield,utility/rank,0,0,,,,,,0,0,,,,,,,,"E0:effect=6,aura=4,base=49,trigger=0"
Priest,Discipline,33206,Pain Suppression,utility/rank,0,0,1.5,120,0,8,8,0,40,type0:8%,,,,,,,"E0:effect=6,aura=87,base=-41,trigger=0;E1:effect=6,aura=588,base=64,trigger=0"
Priest,Discipline,34908,Enlightenment,utility/rank,0,0,,,,-0.001,-0.001,0,0,,,,,,,,"E0:effect=6,aura=137,base=0,trigger=0;E1:effect=6,aura=137,base=0,trigger=0;E2:effect=6,aura=137,base=0,trigger=0"
Priest,Discipline,34909,Enlightenment,utility/rank,0,0,,,,-0.001,-0.001,0,0,,,,,,,,"E0:effect=6,aura=137,base=1,trigger=0;E1:effect=6,aura=137,base=1,trigger=0;E2:effect=6,aura=137,base=1,trigger=0"
Priest,Discipline,34910,Enlightenment,utility/rank,0,0,,,,-0.001,-0.001,0,0,,,,,,,,"E0:effect=6,aura=137,base=2,trigger=0;E1:effect=6,aura=137,base=2,trigger=0;E2:effect=6,aura=137,base=2,trigger=0"
Priest,Discipline,34911,Enlightenment,utility/rank,0,0,,,,-0.001,-0.001,0,0,,,,,,,,"E0:effect=6,aura=137,base=3,trigger=0;E1:effect=6,aura=137,base=3,trigger=0;E2:effect=6,aura=137,base=3,trigger=0"
Priest,Discipline,34912,Enlightenment,utility/rank,0,0,,,,-0.001,-0.001,0,0,,,,,,,,"E0:effect=6,aura=137,base=4,trigger=0;E1:effect=6,aura=137,base=4,trigger=0;E2:effect=6,aura=137,base=4,trigger=0"
Priest,Discipline,44416,Pain Suppression,utility/rank,0,0,,,,,,0,0,,,,,,,,"E0:effect=125,aura=0,base=-6,trigger=0"
Priest,Discipline,45234,Focused Will,passive/talent,0,0,,,,,,0,0,,,,,,,,"E0:effect=6,aura=42,base=-1,trigger=45237"
Priest,Discipline,45237,Focused Will,passive/talent,0,0,,,,8,8,0,0,,,,,,,,"E0:effect=6,aura=87,base=-3,trigger=0;E1:effect=6,aura=118,base=3,trigger=0"
Priest,Discipline,45241,Focused Will,passive/talent,0,0,,,,8,8,0,0,,,,,,,,"E0:effect=6,aura=87,base=-4,trigger=0;E1:effect=6,aura=118,base=6,trigger=0"
Priest,Discipline,45242,Focused Will,passive/talent,0,0,,,,8,8,0,0,,,,,,,,"E0:effect=6,aura=87,base=-5,trigger=0;E1:effect=6,aura=118,base=9,trigger=0"
Priest,Discipline,45243,Focused Will,passive/talent,0,0,,,,,,0,0,,,,,,,,"E0:effect=6,aura=42,base=-1,trigger=45241"
Priest,Discipline,45244,Focused Will,passive/talent,0,0,,,,,,0,0,,,,,,,,"E0:effect=6,aura=42,base=-1,trigger=45242"
Rogue,Combat,53,Backstab,utility/rank,0,0,1,0,0,,,0,5,type3:60,,,,,2,32768,"E0:effect=121,aura=0,base=9,trigger=0;E1:effect=31,aura=0,base=149,trigger=0;E2:effect=328,aura=0,base=0,trigger=0"
Rogue,Combat,1752,Sinister Strike,damage,0,0,1,0,0,,,0,5,type3:45,,,,,2,173555,"E0:effect=121,aura=0,base=2,trigger=0;E1:effect=328,aura=0,base=0,trigger=0"
Rogue,Combat,1757,Sinister Strike,damage,0,0,1,0,0,,,0,5,type3:45,,,,,2,173555,"E0:effect=121,aura=0,base=5,trigger=0;E1:effect=328,aura=0,base=0,trigger=0"
Rogue,Combat,1758,Sinister Strike,damage,0,0,1,0,0,,,0,5,type3:45,,,,,2,173555,"E0:effect=121,aura=0,base=9,trigger=0;E1:effect=328,aura=0,base=0,trigger=0"
Rogue,Combat,1759,Sinister Strike,damage,0,0,1,0,0,,,0,5,type3:45,,,,,2,173555,"E0:effect=121,aura=0,base=14,trigger=0;E1:effect=328,aura=0,base=0,trigger=0"
Rogue,Combat,1760,Sinister Strike,damage,0,0,1,0,0,,,0,5,type3:45,,,,,2,173555,"E0:effect=121,aura=0,base=21,trigger=0;E1:effect=328,aura=0,base=0,trigger=0"
Rogue,Combat,1766,Kick,utility/rank,0,0,1,0,10,5,5,0,5,type3:25,,,,,,,"E0:effect=68,aura=0,base=0,trigger=0;E1:effect=2,aura=0,base=14,trigger=0"
Rogue,Combat,1767,Kick,utility/rank,0,0,1,0,10,5,5,0,5,type3:25,,,,,,,"E0:effect=68,aura=0,base=0,trigger=0;E1:effect=2,aura=0,base=29,trigger=0"
Rogue,Combat,1768,Kick,utility/rank,0,0,1,0,10,5,5,0,5,type3:25,,,,,,,"E0:effect=68,aura=0,base=0,trigger=0;E1:effect=2,aura=0,base=44,trigger=0"
Rogue,Combat,1769,Kick,utility/rank,0,0,1,0,10,5,5,0,5,type3:25,,,,,,,"E0:effect=68,aura=0,base=-1,trigger=0;E1:effect=2,aura=0,base=79,trigger=0"
Rogue,Combat,1776,Gouge,utility/rank,0,0,1,0,10,4,4,0,5,type3:45,,,,,2,173555,"E0:effect=2,aura=0,base=9,trigger=0;E1:effect=328,aura=0,base=0,trigger=0;E2:effect=6,aura=12,base=0,trigger=0"
Rogue,Combat,1777,Gouge,utility/rank,0,0,1,0,10,4,4,0,5,type3:45,,,,,2,173555,"E0:effect=2,aura=0,base=19,trigger=0;E1:effect=328,aura=0,base=0,trigger=0;E2:effect=6,aura=12,base=0,trigger=0"
Rogue,Combat,1966,Feint,utility/rank,0,0,1,0,10,,,0,5,type3:20,,,,,,,"E0:effect=63,aura=0,base=-151,trigger=0"
Rogue,Combat,2589,Backstab,utility/rank,0,0,1,0,0,,,0,5,type3:60,,,,,2,32768,"E0:effect=121,aura=0,base=19,trigger=0;E1:effect=31,aura=0,base=149,trigger=0;E2:effect=328,aura=0,base=0,trigger=0"
Rogue,Combat,2590,Backstab,utility/rank,0,0,1,0,0,,,0,5,type3:60,,,,,2,32768,"E0:effect=121,aura=0,base=31,trigger=0;E1:effect=31,aura=0,base=149,trigger=0;E2:effect=328,aura=0,base=0,trigger=0"
Rogue,Combat,2591,Backstab,utility/rank,0,0,1,0,0,,,0,5,type3:60,,,,,2,32768,"E0:effect=121,aura=0,base=45,trigger=0;E1:effect=31,aura=0,base=149,trigger=0;E2:effect=328,aura=0,base=0,trigger=0"
Rogue,Combat,2983,Sprint,utility/rank,0,0,0,0,300,15,15,0,0,,,,,,,,"E0:effect=6,aura=31,base=49,trigger=0"
Rogue,Combat,5277,Evasion,utility/rank,0,0,0,0,300,15,15,0,0,,,,,,,,"E0:effect=6,aura=49,base=49,trigger=0"
Rogue,Combat,5938,Shiv,utility/rank,0,0,1,0,0,,,0,5,type3:20,,,,,2,173555,"E0:effect=3,aura=0,base=0,trigger=0"
Rogue,Combat,6768,Feint,utility/rank,0,0,1,0,10,,,0,5,type3:20,,,,,,,"E0:effect=63,aura=0,base=-241,trigger=0"
Rogue,Combat,8621,Sinister Strike,damage,0,0,1,0,0,,,0,5,type3:45,,,,,2,173555,"E0:effect=121,aura=0,base=32,trigger=0;E1:effect=328,aura=0,base=0,trigger=0"
Rogue,Combat,8629,Gouge,utility/rank,0,0,1,0,10,4,4,0,5,type3:45,,,,,2,173555,"E0:effect=2,aura=0,base=31,trigger=0;E1:effect=328,aura=0,base=0,trigger=0;E2:effect=6,aura=12,base=0,trigger=0"
Rogue,Combat,8637,Feint,utility/rank,0,0,1,0,10,,,0,5,type3:20,,,,,,,"E0:effect=63,aura=0,base=-391,trigger=0"
Rogue,Combat,8696,Sprint,utility/rank,0,0,0,0,300,15,15,0,0,,,,,,,,"E0:effect=6,aura=31,base=59,trigger=0"
Rogue,Combat,8721,Backstab,utility/rank,0,0,1,0,0,,,0,5,type3:60,,,,,2,32768,"E0:effect=121,aura=0,base=59,trigger=0;E1:effect=31,aura=0,base=149,trigger=0;E2:effect=328,aura=0,base=0,trigger=0"
Rogue,Combat,11279,Backstab,utility/rank,0,0,1,0,0,,,0,5,type3:60,,,,,2,32768,"E0:effect=121,aura=0,base=89,trigger=0;E1:effect=31,aura=0,base=149,trigger=0;E2:effect=328,aura=0,base=0,trigger=0"
Rogue,Combat,11280,Backstab,utility/rank,0,0,1,0,0,,,0,5,type3:60,,,,,2,32768,"E0:effect=121,aura=0,base=109,trigger=0;E1:effect=31,aura=0,base=149,trigger=0;E2:effect=328,aura=0,base=0,trigger=0"
Rogue,Combat,11281,Backstab,utility/rank,0,0,1,0,0,,,0,5,type3:60,,,,,2,32768,"E0:effect=121,aura=0,base=139,trigger=0;E1:effect=31,aura=0,base=149,trigger=0;E2:effect=328,aura=0,base=0,trigger=0"
Rogue,Combat,11285,Gouge,utility/rank,0,0,1,0,10,4,4,0,5,type3:45,,,,,2,173555,"E0:effect=2,aura=0,base=54,trigger=0;E1:effect=328,aura=0,base=0,trigger=0;E2:effect=6,aura=12,base=0,trigger=0"
Rogue,Combat,11286,Gouge,utility/rank,0,0,1,0,10,4,4,0,5,type3:45,,,,,2,173555,"E0:effect=2,aura=0,base=74,trigger=0;E1:effect=328,aura=0,base=0,trigger=0;E2:effect=6,aura=12,base=0,trigger=0"
Rogue,Combat,11293,Sinister Strike,damage,0,0,1,0,0,,,0,5,type3:45,,,,,2,173555,"E0:effect=121,aura=0,base=51,trigger=0;E1:effect=328,aura=0,base=0,trigger=0"
Rogue,Combat,11294,Sinister Strike,damage,0,0,1,0,0,,,0,5,type3:45,,,,,2,173555,"E0:effect=121,aura=0,base=67,trigger=0;E1:effect=328,aura=0,base=0,trigger=0"
Rogue,Combat,11303,Feint,utility/rank,0,0,1,0,10,,,0,5,type3:20,,,,,,,"E0:effect=63,aura=0,base=-601,trigger=0"
Rogue,Combat,11305,Sprint,utility/rank,0,0,0,0,300,15,15,0,0,,,,,,,,"E0:effect=6,aura=31,base=69,trigger=0"
Rogue,Combat,13705,Precision,passive/talent,0,0,,,,,,0,0,,,,,,2,368796,"E0:effect=6,aura=54,base=0,trigger=0"
Rogue,Combat,13706,Dagger Specialization,passive/talent,0,0,,,,-0.001,-0.001,0,0,,,,,,2,32768,"E0:effect=6,aura=52,base=0,trigger=0"
Rogue,Combat,13706,Dagger Specialization,passive/talent,0,0,,,,-0.001,-0.001,0,0,,,,,,2,32768,"E0:effect=6,aura=52,base=0,trigger=0"
Rogue,Combat,13707,Fist Weapon Specialization,passive/talent,0,0,,,,-0.001,-0.001,0,0,,,,,,2,8192,"E0:effect=6,aura=52,base=0,trigger=0"
Rogue,Combat,13709,Mace Specialization,passive/talent,0,0,,,,,,0,0,,,,,,2,16,"E0:effect=6,aura=42,base=0,trigger=5530;E1:effect=6,aura=163,base=0,trigger=0"
Rogue,Combat,13712,Lightning Reflexes,utility/rank,0,0,,,,-0.001,-0.001,0,0,,,,,,,,"E0:effect=6,aura=49,base=0,trigger=0"
Rogue,Combat,13713,Deflection,utility/rank,0,0,,,,-0.001,-0.001,0,0,,,,,,,,"E0:effect=6,aura=47,base=0,trigger=0"
Rogue,Combat,13715,Dual Wield Specialization,passive/talent,0,0,,,,-0.001,-0.001,0,0,,,,,,,,"E0:effect=6,aura=122,base=9,trigger=0"
Rogue,Combat,13732,Improved Sinister Strike,damage,0,0,,,,-0.001,-0.001,0,0,,,,,,,,"E0:effect=6,aura=107,base=-4,trigger=0"
Rogue,Combat,13733,Puncturing Wounds,utility/rank,0,0,,,,,,0,0,,,,,,,,"E0:effect=6,aura=107,base=9,trigger=0;E1:effect=6,aura=107,base=4,trigger=0"
Rogue,Combat,13741,Improved Gouge,passive/talent,0,0,,,,-0.001,-0.001,0,0,,,,,,,,"E0:effect=6,aura=107,base=499,trigger=0"
Rogue,Combat,13742,Endurance,utility/rank,0,0,,,,-0.001,-0.001,0,0,,,,,,,,"E0:effect=6,aura=107,base=-45001,trigger=0"
Rogue,Combat,13743,Improved Sprint,passive/talent,0,0,,,,-0.001,-0.001,0,0,,,,,,,,"E0:effect=6,aura=109,base=49,trigger=30918"
Rogue,Combat,13750,Adrenaline Rush,utility/rank,0,0,1,300,0,15,15,0,0,,,,,,,,"E0:effect=6,aura=110,base=99,trigger=0"
Rogue,Combat,13754,Improved Kick,passive/talent,0,0,,,,-0.001,-0.001,0,0,,,,,,,,"E0:effect=6,aura=42,base=-1,trigger=18425"
Rogue,Combat,13788,Lightning Reflexes,utility/rank,0,0,,,,-0.001,-0.001,0,0,,,,,,,,"E0:effect=6,aura=49,base=1,trigger=0"
Rogue,Combat,13789,Lightning Reflexes,utility/rank,0,0,,,,-0.001,-0.001,0,0,,,,,,,,"E0:effect=6,aura=49,base=2,trigger=0"
Rogue,Combat,13790,Lightning Reflexes,utility/rank,0,0,,,,-0.001,-0.001,0,0,,,,,,,,"E0:effect=6,aura=49,base=3,trigger=0"
Rogue,Combat,13791,Lightning Reflexes,utility/rank,0,0,,,,-0.001,-0.001,0,0,,,,,,,,"E0:effect=6,aura=49,base=4,trigger=0"
Rogue,Combat,13792,Improved Gouge,passive/talent,0,0,,,,-0.001,-0.001,0,0,,,,,,,,"E0:effect=6,aura=107,base=1499,trigger=0"
Rogue,Combat,13793,Improved Gouge,passive/talent,0,0,,,,-0.001,-0.001,0,0,,,,,,,,"E0:effect=6,aura=107,base=999,trigger=0"
Rogue,Combat,13800,Mace Specialization,passive/talent,0,0,,,,,,0,0,,,,,,2,16,"E0:effect=6,aura=42,base=0,trigger=5530;E1:effect=6,aura=163,base=1,trigger=0"
Rogue,Combat,13801,Mace Specialization,passive/talent,0,0,,,,,,0,0,,,,,,2,16,"E0:effect=6,aura=42,base=0,trigger=5530;E1:effect=6,aura=163,base=2,trigger=0"
Rogue,Combat,13802,Mace Specialization,passive/talent,0,0,,,,,,0,0,,,,,,2,16,"E0:effect=6,aura=42,base=0,trigger=5530;E1:effect=6,aura=163,base=3,trigger=0"
Rogue,Combat,13803,Mace Specialization,passive/talent,0,0,,,,,,0,0,,,,,,2,16,"E0:effect=6,aura=42,base=0,trigger=5530;E1:effect=6,aura=163,base=4,trigger=0"
Rogue,Combat,13804,Dagger Specialization,passive/talent,0,0,,,,-0.001,-0.001,0,0,,,,,,2,32768,"E0:effect=6,aura=52,base=1,trigger=0"
Rogue,Combat,13805,Dagger Specialization,passive/talent,0,0,,,,-0.001,-0.001,0,0,,,,,,2,32768,"E0:effect=6,aura=52,base=2,trigger=0"
Rogue,Combat,13806,Dagger Specialization,passive/talent,0,0,,,,-0.001,-0.001,0,0,,,,,,2,32768,"E0:effect=6,aura=52,base=3,trigger=0"
Rogue,Combat,13807,Dagger Specialization,passive/talent,0,0,,,,-0.001,-0.001,0,0,,,,,,2,32768,"E0:effect=6,aura=52,base=4,trigger=0"
Rogue,Combat,13832,Precision,passive/talent,0,0,,,,,,0,0,,,,,,2,368796,"E0:effect=6,aura=54,base=1,trigger=0"
Rogue,Combat,13843,Precision,passive/talent,0,0,,,,,,0,0,,,,,,2,368796,"E0:effect=6,aura=54,base=2,trigger=0"
Rogue,Combat,13844,Precision,passive/talent,0,0,,,,,,0,0,,,,,,2,368796,"E0:effect=6,aura=54,base=3,trigger=0"
Rogue,Combat,13845,Precision,passive/talent,0,0,,,,,,0,0,,,,,,2,368796,"E0:effect=6,aura=54,base=4,trigger=0"
Rogue,Combat,13848,Dual Wield Specialization,passive/talent,0,0,,,,-0.001,-0.001,0,0,,,,,,,,"E0:effect=6,aura=122,base=19,trigger=0"
Rogue,Combat,13849,Dual Wield Specialization,passive/talent,0,0,,,,-0.001,-0.001,0,0,,,,,,,,"E0:effect=6,aura=122,base=29,trigger=0"
Rogue,Combat,13851,Dual Wield Specialization,passive/talent,0,0,,,,-0.001,-0.001,0,0,,,,,,,,"E0:effect=6,aura=122,base=39,trigger=0"
Rogue,Combat,13852,Dual Wield Specialization,passive/talent,0,0,,,,-0.001,-0.001,0,0,,,,,,,,"E0:effect=6,aura=122,base=49,trigger=0"
Rogue,Combat,13853,Deflection,utility/rank,0,0,,,,-0.001,-0.001,0,0,,,,,,,,"E0:effect=6,aura=47,base=1,trigger=0"
Rogue,Combat,13854,Deflection,utility/rank,0,0,,,,-0.001,-0.001,0,0,,,,,,,,"E0:effect=6,aura=47,base=2,trigger=0"
Rogue,Combat,13855,Deflection,utility/rank,0,0,,,,-0.001,-0.001,0,0,,,,,,,,"E0:effect=6,aura=47,base=3,trigger=0"
Rogue,Combat,13856,Deflection,utility/rank,0,0,,,,-0.001,-0.001,0,0,,,,,,,,"E0:effect=6,aura=47,base=4,trigger=0"
Rogue,Combat,13863,Improved Sinister Strike,damage,0,0,,,,-0.001,-0.001,0,0,,,,,,,,"E0:effect=6,aura=107,base=-6,trigger=0"
Rogue,Combat,13865,Puncturing Wounds,utility/rank,0,0,,,,,,0,0,,,,,,,,"E0:effect=6,aura=107,base=19,trigger=0;E1:effect=6,aura=107,base=9,trigger=0"
Rogue,Combat,13866,Puncturing Wounds,utility/rank,0,0,,,,,,0,0,,,,,,,,"E0:effect=6,aura=107,base=29,trigger=0;E1:effect=6,aura=107,base=14,trigger=0"
Rogue,Combat,13867,Improved Kick,passive/talent,0,0,,,,-0.001,-0.001,0,0,,,,,,,,"E0:effect=6,aura=42,base=-1,trigger=18425"
Rogue,Combat,13872,Endurance,utility/rank,0,0,,,,-0.001,-0.001,0,0,,,,,,,,"E0:effect=6,aura=107,base=-90001,trigger=0"
Rogue,Combat,13875,Improved Sprint,passive/talent,0,0,,,,-0.001,-0.001,0,0,,,,,,,,"E0:effect=6,aura=109,base=99,trigger=30918"
Rogue,Combat,13877,Blade Flurry,utility/rank,0,0,1,120,0,15,15,0,0,type3:25,,,,,,,"E0:effect=6,aura=138,base=19,trigger=0"
Rogue,Combat,13960,Sword Specialization,passive/talent,0,0,,,,,,0,0,,,,,,2,128,"E0:effect=6,aura=42,base=0,trigger=16459"
Rogue,Combat,13961,Sword Specialization,passive/talent,0,0,,,,,,0,0,,,,,,2,128,"E0:effect=6,aura=42,base=1,trigger=16459"
Rogue,Combat,13962,Sword Specialization,passive/talent,0,0,,,,,,0,0,,,,,,2,128,"E0:effect=6,aura=42,base=2,trigger=16459"
Rogue,Combat,13963,Sword Specialization,passive/talent,0,0,,,,,,0,0,,,,,,2,128,"E0:effect=6,aura=42,base=3,trigger=16459"
Rogue,Combat,13964,Sword Specialization,passive/talent,0,0,,,,,,0,0,,,,,,2,128,"E0:effect=6,aura=42,base=4,trigger=16459"
Rogue,Combat,13966,Fist Weapon Specialization,passive/talent,0,0,,,,-0.001,-0.001,0,0,,,,,,2,8192,"E0:effect=6,aura=52,base=1,trigger=0"
Rogue,Combat,13967,Fist Weapon Specialization,passive/talent,0,0,,,,-0.001,-0.001,0,0,,,,,,2,8192,"E0:effect=6,aura=52,base=2,trigger=0"
Rogue,Combat,13968,Fist Weapon Specialization,passive/talent,0,0,,,,-0.001,-0.001,0,0,,,,,,2,8192,"E0:effect=6,aura=52,base=3,trigger=0"
Rogue,Combat,13969,Fist Weapon Specialization,passive/talent,0,0,,,,-0.001,-0.001,0,0,,,,,,2,8192,"E0:effect=6,aura=52,base=4,trigger=0"
Rogue,Combat,14251,Riposte,utility/rank,0,0,1,6,0,6,6,0,5,type3:10,,,,,,,"E0:effect=31,aura=0,base=149,trigger=0;E1:effect=6,aura=67,base=0,trigger=0"
Rogue,Combat,18427,Aggression,utility/rank,0,0,,,,,,0,0,,,,,,,,"E0:effect=6,aura=108,base=1,trigger=0"
Rogue,Combat,18428,Aggression,utility/rank,0,0,,,,,,0,0,,,,,,,,"E0:effect=6,aura=108,base=3,trigger=0"
Rogue,Combat,18429,Aggression,utility/rank,0,0,,,,,,0,0,,,,,,,,"E0:effect=6,aura=108,base=5,trigger=0"
Rogue,Combat,21184,Rogue Passive (DND),utility/rank,0,0,,,,-0.001,-0.001,0,0,,,,,,,,"E0:effect=6,aura=10,base=-30,trigger=0"
Rogue,Combat,25300,Backstab,utility/rank,0,0,1,0,0,,,0,5,type3:60,,,,,2,32768,"E0:effect=121,aura=0,base=149,trigger=0;E1:effect=31,aura=0,base=149,trigger=0;E2:effect=328,aura=0,base=0,trigger=0"
Rogue,Combat,25302,Feint,utility/rank,0,0,1,0,10,,,0,5,type3:20,,,,,,,"E0:effect=63,aura=0,base=-801,trigger=0"
Rogue,Combat,26669,Evasion,utility/rank,0,0,0,0,300,15,15,0,0,,,,,,,,"E0:effect=6,aura=49,base=49,trigger=0;E1:effect=6,aura=185,base=-26,trigger=0"
Rogue,Combat,26861,Sinister Strike,damage,0,0,1,0,0,,,0,5,type3:45,,,,,2,173555,"E0:effect=121,aura=0,base=79,trigger=0;E1:effect=328,aura=0,base=0,trigger=0"
Rogue,Combat,26862,Sinister Strike,damage,0,0,1,0,0,,,0,5,type3:45,,,,,2,173555,"E0:effect=121,aura=0,base=97,trigger=0;E1:effect=328,aura=0,base=0,trigger=0"
Rogue,Combat,26863,Backstab,utility/rank,0,0,1,0,0,,,0,5,type3:60,,,,,2,32768,"E0:effect=121,aura=0,base=169,trigger=0;E1:effect=31,aura=0,base=149,trigger=0;E2:effect=328,aura=0,base=0,trigger=0"
Rogue,Combat,27448,Feint,utility/rank,0,0,1,0,10,,,0,5,type3:20,,,,,,,"E0:effect=63,aura=0,base=-1051,trigger=0"
Rogue,Combat,30919,Weapon Expertise,utility/rank,0,0,,,,-0.001,-0.001,0,0,,,,,,,,"E0:effect=6,aura=240,base=4,trigger=0"
Rogue,Combat,30920,Weapon Expertise,utility/rank,0,0,,,,-0.001,-0.001,0,0,,,,,,,,"E0:effect=6,aura=240,base=9,trigger=0"
Rogue,Combat,31122,Vitality,utility/rank,0,0,,,,-0.001,-0.001,0,0,,,,,,,,"E0:effect=6,aura=137,base=1,trigger=0;E1:effect=6,aura=137,base=0,trigger=0"
Rogue,Combat,31123,Vitality,utility/rank,0,0,,,,-0.001,-0.001,0,0,,,,,,,,"E0:effect=6,aura=137,base=3,trigger=0;E1:effect=6,aura=137,base=1,trigger=0"
Rogue,Combat,31124,Blade Twisting,utility/rank,0,0,,,,-0.001,-0.001,0,0,,,,,,2,173555,"E0:effect=6,aura=42,base=-1,trigger=31125"
Rogue,Combat,31125,Dazed,utility/rank,0,0,,,,8,8,0,0,,,,,,,,"E0:effect=6,aura=33,base=-51,trigger=0"
Rogue,Combat,31126,Blade Twisting,utility/rank,0,0,,,,-0.001,-0.001,0,0,,,,,,2,173555,"E0:effect=6,aura=42,base=-1,trigger=31125"
Rogue,Combat,31130,Nerves of Steel,utility/rank,0,0,,,,-0.001,-0.001,0,0,,,,,,,,"E0:effect=6,aura=117,base=4,trigger=0;E1:effect=6,aura=117,base=4,trigger=0"
Rogue,Combat,31131,Nerves of Steel,utility/rank,0,0,,,,-0.001,-0.001,0,0,,,,,,,,"E0:effect=6,aura=117,base=9,trigger=0;E1:effect=6,aura=117,base=9,trigger=0"
Rogue,Combat,32601,Surprise Attacks,utility/rank,0,0,,,,-0.001,-0.001,0,0,,,,,,,,"E0:effect=6,aura=202,base=-1,trigger=0;E1:effect=6,aura=108,base=9,trigger=0"
Rogue,Combat,35541,Combat Potency,utility/rank,0,0,,,,-0.001,-0.001,0,0,,,,,,,,"E0:effect=6,aura=42,base=-1,trigger=35542"
Rogue,Combat,35550,Combat Potency,utility/rank,0,0,,,,-0.001,-0.001,0,0,,,,,,,,"E0:effect=6,aura=42,base=-1,trigger=35545"
Rogue,Combat,35551,Combat Potency,utility/rank,0,0,,,,-0.001,-0.001,0,0,,,,,,,,"E0:effect=6,aura=42,base=-1,trigger=35546"
Rogue,Combat,35552,Combat Potency,utility/rank,0,0,,,,-0.001,-0.001,0,0,,,,,,,,"E0:effect=6,aura=42,base=-1,trigger=35547"
Rogue,Combat,35553,Combat Potency,utility/rank,0,0,,,,-0.001,-0.001,0,0,,,,,,,,"E0:effect=6,aura=42,base=-1,trigger=35548"
Rogue,Combat,38764,Gouge,utility/rank,0,0,1,0,10,4,4,0,5,type3:45,,,,,2,173555,"E0:effect=2,aura=0,base=104,trigger=0;E1:effect=328,aura=0,base=0,trigger=0;E2:effect=6,aura=12,base=0,trigger=0"
Rogue,Combat,38768,Kick,utility/rank,0,0,1,0,10,5,5,0,5,type3:25,,,,,,,"E0:effect=68,aura=0,base=-1,trigger=0;E1:effect=2,aura=0,base=109,trigger=0"
Rogue,Subtlety,921,Pick Pocket,passive/talent,0,0,,,,,,0,5,,536870912,0,,,,,"E0:effect=71,aura=0,base=-1,trigger=0"
Rogue,Subtlety,1725,Distract,passive/talent,0,0,1,0,30,,,0,30,type3:30,,,,,,,"E0:effect=69,aura=0,base=9,trigger=0"
Rogue,Subtlety,1784,Stealth,passive/talent,0,0,0,0,10,-0.001,-0.001,0,0,,,,,,,,"E0:effect=6,aura=36,base=-1,trigger=0;E1:effect=6,aura=16,base=4,trigger=0;E2:effect=6,aura=33,base=-51,trigger=0"
Rogue,Subtlety,1785,Stealth,passive/talent,0,0,0,0,10,-0.001,-0.001,0,0,,,,,,,,"E0:effect=6,aura=36,base=-1,trigger=0;E1:effect=6,aura=16,base=99,trigger=0;E2:effect=6,aura=33,base=-41,trigger=0"
Rogue,Subtlety,1786,Stealth,passive/talent,0,0,0,0,10,-0.001,-0.001,0,0,,,,,,,,"E0:effect=6,aura=36,base=-1,trigger=0;E1:effect=6,aura=16,base=199,trigger=0;E2:effect=6,aura=33,base=-36,trigger=0"
Rogue,Subtlety,1787,Stealth,passive/talent,0,0,0,0,10,-0.001,-0.001,0,0,,,,,,,,"E0:effect=6,aura=36,base=0,trigger=0;E1:effect=6,aura=16,base=299,trigger=0;E2:effect=6,aura=33,base=-31,trigger=0"
Rogue,Subtlety,1842,Disarm Trap,pvp-control,2,2,,,,,,0,5,,,,5060,,,,"E0:effect=33,aura=0,base=199,trigger=0"
Rogue,Subtlety,1856,Vanish,passive/talent,0,0,0,0,300,,,0,0,,,,,5140,,,"E0:effect=64,aura=0,base=-1,trigger=11327;E1:effect=64,aura=0,base=-1,trigger=18461;E2:effect=79,aura=0,base=-1,trigger=0"
Rogue,Subtlety,1857,Vanish,passive/talent,0,0,0,0,300,,,0,0,,,,,5140,,,"E0:effect=64,aura=0,base=-1,trigger=11329;E1:effect=64,aura=0,base=-1,trigger=18461;E2:effect=79,aura=0,base=-1,trigger=0"
Rogue,Subtlety,1860,Safe Fall,passive/talent,0,0,,,,-0.001,-0.001,0,0,,,,,,,,"E0:effect=6,aura=144,base=16,trigger=0"
Rogue,Subtlety,2070,Sap,pvp-control,0,0,1,0,0,35,35,0,5,type3:65,536870912,0,,,2,173555,"E0:effect=6,aura=12,base=-1,trigger=0"
Rogue,Subtlety,2094,Blind,pvp-control,0,0,1,180,20,10,10,0,10,type3:30,,,,,,,"E0:effect=6,aura=33,base=-61,trigger=0;E1:effect=6,aura=5,base=0,trigger=0"
Rogue,Subtlety,2836,Detect Traps,pvp-control,0,0,1.5,0,0,-0.001,-0.001,0,0,,,,,,,,"E0:effect=6,aura=17,base=69,trigger=0;E1:effect=6,aura=19,base=299,trigger=0"
Rogue,Subtlety,6770,Sap,pvp-control,0,0,1,0,0,25,25,0,5,type3:65,536870912,0,,,2,173555,"E0:effect=6,aura=12,base=-1,trigger=0"
Rogue,Subtlety,11297,Sap,pvp-control,0,0,1,0,0,45,45,0,5,type3:65,536870912,0,,,2,173555,"E0:effect=6,aura=12,base=-1,trigger=0"
Rogue,Subtlety,13958,Master of Deception,passive/talent,0,0,,,,-0.001,-0.001,0,0,,,,,,,,"E0:effect=6,aura=154,base=2,trigger=0"
Rogue,Subtlety,13970,Master of Deception,passive/talent,0,0,,,,-0.001,-0.001,0,0,,,,,,,,"E0:effect=6,aura=154,base=5,trigger=0"
Rogue,Subtlety,13971,Master of Deception,passive/talent,0,0,,,,-0.001,-0.001,0,0,,,,,,,,"E0:effect=6,aura=154,base=8,trigger=0"
Rogue,Subtlety,13972,Master of Deception,passive/talent,0,0,,,,-0.001,-0.001,0,0,,,,,,,,"E0:effect=6,aura=154,base=11,trigger=0"
Rogue,Subtlety,13973,Master of Deception,passive/talent,0,0,,,,-0.001,-0.001,0,0,,,,,,,,"E0:effect=6,aura=154,base=14,trigger=0"
Rogue,Subtlety,13975,Camouflage,passive/talent,0,0,,,,-0.001,-0.001,0,0,,,,,,,,"E0:effect=6,aura=107,base=2,trigger=0;E1:effect=6,aura=107,base=-1001,trigger=0"
Rogue,Subtlety,13976,Initiative,passive/talent,0,0,,,,-0.001,-0.001,0,0,,,,,,,,"E0:effect=6,aura=109,base=24,trigger=13977"
Rogue,Subtlety,13977,Initiative,passive/talent,0,0,,,,,,0,5,,,,,,,,"E0:effect=328,aura=0,base=0,trigger=0"
Rogue,Subtlety,13979,Initiative,passive/talent,0,0,,,,-0.001,-0.001,0,0,,,,,,,,"E0:effect=6,aura=109,base=49,trigger=13977"
Rogue,Subtlety,13980,Initiative,passive/talent,0,0,,,,-0.001,-0.001,0,0,,,,,,,,"E0:effect=6,aura=109,base=74,trigger=13977"
Rogue,Subtlety,13981,Elusiveness,passive/talent,0,0,,,,-0.001,-0.001,0,0,,,,,,,,"E0:effect=6,aura=107,base=-45001,trigger=0;E1:effect=6,aura=107,base=-45001,trigger=0"
Rogue,Subtlety,13983,Setup,passive/talent,0,0,,,,-0.001,-0.001,0,0,,,,,,,,"E0:effect=6,aura=42,base=-1,trigger=15250"
Rogue,Subtlety,14057,Opportunity,passive/talent,0,0,,,,-0.001,-0.001,0,0,,,,,,,,"E0:effect=6,aura=108,base=3,trigger=0;E1:effect=6,aura=108,base=3,trigger=0"
Rogue,Subtlety,14062,Camouflage,passive/talent,0,0,,,,-0.001,-0.001,0,0,,,,,,,,"E0:effect=6,aura=107,base=5,trigger=0;E1:effect=6,aura=107,base=-2001,trigger=0"
Rogue,Subtlety,14063,Camouflage,passive/talent,0,0,,,,-0.001,-0.001,0,0,,,,,,,,"E0:effect=6,aura=107,base=8,trigger=0;E1:effect=6,aura=107,base=-3001,trigger=0"
Rogue,Subtlety,14064,Camouflage,passive/talent,0,0,,,,-0.001,-0.001,0,0,,,,,,,,"E0:effect=6,aura=107,base=11,trigger=0;E1:effect=6,aura=107,base=-4001,trigger=0"
Rogue,Subtlety,14065,Camouflage,passive/talent,0,0,,,,-0.001,-0.001,0,0,,,,,,,,"E0:effect=6,aura=107,base=14,trigger=0;E1:effect=6,aura=107,base=-5001,trigger=0"
Rogue,Subtlety,14066,Elusiveness,passive/talent,0,0,,,,-0.001,-0.001,0,0,,,,,,,,"E0:effect=6,aura=107,base=-90001,trigger=0;E1:effect=6,aura=107,base=-90001,trigger=0"
Rogue,Subtlety,14070,Setup,passive/talent,0,0,,,,-0.001,-0.001,0,0,,,,,,,,"E0:effect=6,aura=42,base=-1,trigger=15250"
Rogue,Subtlety,14071,Setup,passive/talent,0,0,,,,-0.001,-0.001,0,0,,,,,,,,"E0:effect=6,aura=42,base=-1,trigger=15250"
Rogue,Subtlety,14072,Opportunity,passive/talent,0,0,,,,,,0,0,,,,,,,,"E0:effect=6,aura=108,base=7,trigger=0;E1:effect=6,aura=108,base=7,trigger=0"
Rogue,Subtlety,14073,Opportunity,passive/talent,0,0,,,,-0.001,-0.001,0,0,,,,,,,,"E0:effect=6,aura=108,base=11,trigger=0;E1:effect=6,aura=108,base=11,trigger=0"
Rogue,Subtlety,14074,Opportunity,passive/talent,0,0,,,,-0.001,-0.001,0,0,,,,,,,,"E0:effect=6,aura=108,base=15,trigger=0;E1:effect=6,aura=108,base=15,trigger=0"
Rogue,Subtlety,14075,Opportunity,passive/talent,0,0,,,,-0.001,-0.001,0,0,,,,,,,,"E0:effect=6,aura=108,base=19,trigger=0;E1:effect=6,aura=108,base=19,trigger=0"
Rogue,Subtlety,14076,Dirty Tricks,passive/talent,0,0,,,,-0.001,-0.001,0,0,,,,,,,,"E0:effect=6,aura=107,base=1,trigger=0;E1:effect=6,aura=108,base=-26,trigger=0"
Rogue,Subtlety,14079,Improved Ambush,passive/talent,0,0,,,,-0.001,-0.001,0,0,,,,,,,,"E0:effect=6,aura=107,base=14,trigger=0"
Rogue,Subtlety,14080,Improved Ambush,passive/talent,0,0,,,,-0.001,-0.001,0,0,,,,,,,,"E0:effect=6,aura=107,base=29,trigger=0"
Rogue,Subtlety,14081,Improved Ambush,passive/talent,0,0,,,,-0.001,-0.001,0,0,,,,,,,,"E0:effect=6,aura=107,base=44,trigger=0"
Rogue,Subtlety,14082,Dirty Deeds,passive/talent,0,0,,,,,,0,0,,,,,,,,"E0:effect=6,aura=107,base=-11,trigger=0;E1:effect=6,aura=112,base=0,trigger=0;E2:effect=6,aura=112,base=0,trigger=0"
Rogue,Subtlety,14083,Dirty Deeds,passive/talent,0,0,,,,,,0,0,,,,,,,,"E0:effect=6,aura=107,base=-21,trigger=0;E1:effect=6,aura=112,base=0,trigger=0;E2:effect=6,aura=112,base=0,trigger=0"
Rogue,Subtlety,14093,Vanished,passive/talent,0,0,,,,,,0,0,,,,,,,,"E0:effect=79,aura=0,base=0,trigger=0"
Rogue,Subtlety,14094,Dirty Tricks,passive/talent,0,0,,,,-0.001,-0.001,0,0,,,,,,,,"E0:effect=6,aura=107,base=4,trigger=0;E1:effect=6,aura=108,base=-51,trigger=0"
Rogue,Subtlety,14171,Serrated Blades,passive/talent,0,0,,,,-0.001,-0.001,0,0,,,,,,,,"E0:effect=6,aura=108,base=9,trigger=0;E1:effect=6,aura=123,base=-1,trigger=0"
Rogue,Subtlety,14172,Serrated Blades,passive/talent,0,0,,,,-0.001,-0.001,0,0,,,,,,,,"E0:effect=6,aura=108,base=19,trigger=0;E1:effect=6,aura=123,base=-1,trigger=0"
Rogue,Subtlety,14173,Serrated Blades,passive/talent,0,0,,,,-0.001,-0.001,0,0,,,,,,,,"E0:effect=6,aura=108,base=29,trigger=0;E1:effect=6,aura=123,base=-1,trigger=0"
Rogue,Subtlety,14183,Premeditation,passive/talent,0,0,0,120,0,10,10,0,30,,536870912,0,,,,,"E0:effect=328,aura=0,base=1,trigger=0;E1:effect=6,aura=560,base=1,trigger=0"
Rogue,Subtlety,14185,Preparation,passive/talent,0,0,1,600,0,,,0,0,,,,,,,,"E0:effect=3,aura=0,base=0,trigger=0"
Rogue,Subtlety,14278,Ghostly Strike,damage,0,0,1,20,0,7,7,0,5,type3:40,,,,,2,173555,"E0:effect=31,aura=0,base=124,trigger=0;E1:effect=6,aura=49,base=14,trigger=0;E2:effect=328,aura=0,base=0,trigger=0"
Rogue,Subtlety,16511,Hemorrhage,passive/talent,0,0,1,0,0,15,15,0,5,type3:35,,,,,2,173555,"E0:effect=121,aura=0,base=0,trigger=0;E1:effect=31,aura=0,base=109,trigger=0;E2:effect=6,aura=14,base=12,trigger=0"
Rogue,Subtlety,17347,Hemorrhage,passive/talent,0,0,1,0,0,15,15,0,5,type3:35,,,,,2,173555,"E0:effect=121,aura=0,base=0,trigger=0;E1:effect=31,aura=0,base=109,trigger=0;E2:effect=6,aura=14,base=20,trigger=0"
Rogue,Subtlety,17348,Hemorrhage,passive/talent,0,0,1,0,0,15,15,0,5,type3:35,,,,,2,173555,"E0:effect=121,aura=0,base=0,trigger=0;E1:effect=31,aura=0,base=109,trigger=0;E2:effect=6,aura=14,base=28,trigger=0"
Rogue,Subtlety,24224,Intuition,passive/talent,0,0,,,,-0.001,-0.001,0,0,,,,,,,,"E0:effect=6,aura=108,base=0,trigger=0;E1:effect=6,aura=4,base=19,trigger=0"
Rogue,Subtlety,26864,Hemorrhage,passive/talent,0,0,1,0,0,15,15,0,5,type3:35,,,,,2,173555,"E0:effect=121,aura=0,base=0,trigger=0;E1:effect=31,aura=0,base=109,trigger=0;E2:effect=6,aura=14,base=41,trigger=0"
Rogue,Subtlety,26889,Vanish,passive/talent,0,0,0,0,300,,,0,0,,,,,5140,,,"E0:effect=64,aura=0,base=-1,trigger=26888;E1:effect=64,aura=0,base=-1,trigger=18461;E2:effect=79,aura=0,base=-1,trigger=0"
Rogue,Subtlety,27095,Intuition,passive/talent,0,0,,,,-0.001,-0.001,0,0,,,,,,,,"E0:effect=6,aura=108,base=1,trigger=0;E1:effect=6,aura=4,base=39,trigger=0"
Rogue,Subtlety,27096,Intuition,passive/talent,0,0,,,,-0.001,-0.001,0,0,,,,,,,,"E0:effect=6,aura=108,base=2,trigger=0;E1:effect=6,aura=4,base=59,trigger=0"
Rogue,Subtlety,27097,Intuition,passive/talent,0,0,,,,-0.001,-0.001,0,0,,,,,,,,"E0:effect=6,aura=108,base=3,trigger=0;E1:effect=6,aura=4,base=79,trigger=0"
Rogue,Subtlety,27099,Intuition,passive/talent,0,0,,,,-0.001,-0.001,0,0,,,,,,,,"E0:effect=6,aura=108,base=4,trigger=0;E1:effect=6,aura=4,base=99,trigger=0"
Rogue,Subtlety,30892,Sleight of Hand,passive/talent,0,0,,,,-0.001,-0.001,0,0,,,,,,,,"E0:effect=6,aura=108,base=9,trigger=0;E1:effect=6,aura=187,base=-2,trigger=0;E2:effect=6,aura=573,base=-2,trigger=0"
Rogue,Subtlety,30893,Sleight of Hand,passive/talent,0,0,,,,-0.001,-0.001,0,0,,,,,,,,"E0:effect=6,aura=108,base=19,trigger=0;E1:effect=6,aura=187,base=-3,trigger=0;E2:effect=6,aura=573,base=-3,trigger=0"
Rogue,Subtlety,30894,Heightened Senses,passive/talent,0,0,,,,-0.001,-0.001,0,0,,,,,,,,"E0:effect=6,aura=17,base=2,trigger=0;E1:effect=6,aura=185,base=-3,trigger=0;E2:effect=6,aura=186,base=-3,trigger=0"
Rogue,Subtlety,30895,Heightened Senses,passive/talent,0,0,,,,-0.001,-0.001,0,0,,,,,,,,"E0:effect=6,aura=17,base=5,trigger=0;E1:effect=6,aura=185,base=-5,trigger=0;E2:effect=6,aura=186,base=-5,trigger=0"
Rogue,Subtlety,30902,Deadliness,passive/talent,0,0,,,,,,0,0,,,,,,,,"E0:effect=6,aura=166,base=1,trigger=0"
Rogue,Subtlety,30903,Deadliness,passive/talent,0,0,,,,,,0,0,,,,,,,,"E0:effect=6,aura=166,base=3,trigger=0"
Rogue,Subtlety,30904,Deadliness,passive/talent,0,0,,,,,,0,0,,,,,,,,"E0:effect=6,aura=166,base=5,trigger=0"
Rogue,Subtlety,30905,Deadliness,passive/talent,0,0,,,,,,0,0,,,,,,,,"E0:effect=6,aura=166,base=7,trigger=0"
Rogue,Subtlety,30906,Deadliness,passive/talent,0,0,,,,,,0,0,,,,,,,,"E0:effect=6,aura=166,base=9,trigger=0"
Rogue,Subtlety,31211,Enveloping Shadows,passive/talent,0,0,,,,-0.001,-0.001,0,0,,,,,,,,"E0:effect=6,aura=565,base=4,trigger=0"
Rogue,Subtlety,31212,Enveloping Shadows,passive/talent,0,0,,,,-0.001,-0.001,0,0,,,,,,,,"E0:effect=6,aura=565,base=9,trigger=0"
Rogue,Subtlety,31213,Enveloping Shadows,passive/talent,0,0,,,,-0.001,-0.001,0,0,,,,,,,,"E0:effect=6,aura=565,base=14,trigger=0"
Rogue,Subtlety,31216,Sinister Calling,damage,0,0,,,,,,0,0,,,,,,,,"E0:effect=6,aura=137,base=2,trigger=0;E1:effect=6,aura=107,base=0,trigger=0"
Rogue,Subtlety,31217,Sinister Calling,damage,0,0,,,,,,0,0,,,,,,,,"E0:effect=6,aura=137,base=5,trigger=0;E1:effect=6,aura=107,base=1,trigger=0"
Rogue,Subtlety,31218,Sinister Calling,damage,0,0,,,,,,0,0,,,,,,,,"E0:effect=6,aura=137,base=8,trigger=0;E1:effect=6,aura=107,base=2,trigger=0"
Rogue,Subtlety,31219,Sinister Calling,damage,0,0,,,,,,0,0,,,,,,,,"E0:effect=6,aura=137,base=11,trigger=0;E1:effect=6,aura=107,base=3,trigger=0"
Rogue,Subtlety,31220,Sinister Calling,damage,0,0,,,,,,0,0,,,,,,,,"E0:effect=6,aura=137,base=14,trigger=0;E1:effect=6,aura=107,base=4,trigger=0"
Rogue,Subtlety,31221,Master of Subtlety,passive/talent,0,0,,,,-0.001,-0.001,0,0,,,,,,,,"E0:effect=6,aura=4,base=3,trigger=0"
Rogue,Subtlety,31222,Master of Subtlety,passive/talent,0,0,,,,-0.001,-0.001,0,0,,,,,,,,"E0:effect=6,aura=4,base=6,trigger=0"
Rogue,Subtlety,31223,Master of Subtlety,passive/talent,0,0,,,,-0.001,-0.001,0,0,,,,,,,,"E0:effect=6,aura=4,base=9,trigger=0"
Rogue,Subtlety,31224,Cloak of Shadows,passive/talent,0,0,1,60,0,5,5,0,0,,,,,,,,"E0:effect=6,aura=186,base=-91,trigger=0;E1:effect=64,aura=0,base=-1,trigger=35729"
Rogue,Subtlety,31228,Cheat Death,passive/talent,0,0,,,,,,0,0,,,,,,,,"E0:effect=6,aura=69,base=32,trigger=0"
Rogue,Subtlety,31229,Cheat Death,passive/talent,0,0,,,,,,0,0,,,,,,,,"E0:effect=6,aura=69,base=65,trigger=0"
Rogue,Subtlety,31230,Cheat Death,passive/talent,0,0,,,,,,0,0,,,,,,,,"E0:effect=6,aura=69,base=99,trigger=0"
Rogue,Subtlety,36554,Shadowstep,passive/talent,0,0,0,30,0,3,3,0,25,type3:10,,,,,,,"E0:effect=64,aura=0,base=0,trigger=36563;E1:effect=64,aura=0,base=0,trigger=44373;E2:effect=6,aura=31,base=69,trigger=0"
Rogue,Poisons,2835,Deadly Poison,utility/rank,3,3,,,,,,0,0,,,,,5173;3372,,,"E0:effect=24,aura=0,base=0,trigger=0"
Rogue,Poisons,2837,Deadly Poison II,utility/rank,3,3,,,,,,0,0,,,,,5173;3372,,,"E0:effect=24,aura=0,base=0,trigger=0"
Rogue,Poisons,2842,Poisons,utility/rank,0,0,,,,,,0,0,,,,,,,,"E0:effect=47,aura=0,base=0,trigger=0"
Rogue,Poisons,3420,Crippling Poison,utility/rank,3,3,,,,,,0,0,,,,,2930;3371,,,"E0:effect=24,aura=0,base=0,trigger=0"
Rogue,Poisons,3421,Crippling Poison II,utility/rank,3,3,,,,,,0,0,,,,,8923;8925,,,"E0:effect=24,aura=0,base=0,trigger=0"
Rogue,Poisons,5763,Mind-numbing Poison,utility/rank,3,3,,,,,,0,0,,,,,2928;3371,,,"E0:effect=24,aura=0,base=0,trigger=0"
Rogue,Poisons,8681,Instant Poison,utility/rank,3,3,,,,,,0,0,,,,,2928;3371,,,"E0:effect=24,aura=0,base=0,trigger=0"
Rogue,Poisons,8687,Instant Poison II,utility/rank,3,3,,,,,,0,0,,,,,2928;3372,,,"E0:effect=24,aura=0,base=0,trigger=0"
Rogue,Poisons,8691,Instant Poison III,utility/rank,3,3,,,,,,0,0,,,,,8924;3372,,,"E0:effect=24,aura=0,base=0,trigger=0"
Rogue,Poisons,8694,Mind-numbing Poison II,utility/rank,3,3,,,,,,0,0,,,,,8923;3372,,,"E0:effect=24,aura=0,base=0,trigger=0"
Rogue,Poisons,11341,Instant Poison IV,utility/rank,3,3,,,,,,0,0,,,,,8924;8925,,,"E0:effect=24,aura=0,base=0,trigger=0"
Rogue,Poisons,11342,Instant Poison V,utility/rank,3,3,,,,,,0,0,,,,,8924;8925,,,"E0:effect=24,aura=0,base=0,trigger=0"
Rogue,Poisons,11343,Instant Poison VI,utility/rank,3,3,,,,,,0,0,,,,,8924;8925,,,"E0:effect=24,aura=0,base=0,trigger=0"
Rogue,Poisons,11357,Deadly Poison III,utility/rank,3,3,,,,,,0,0,,,,,5173;8925,,,"E0:effect=24,aura=0,base=0,trigger=0"
Rogue,Poisons,11358,Deadly Poison IV,utility/rank,3,3,,,,,,0,0,,,,,5173;8925,,,"E0:effect=24,aura=0,base=0,trigger=0"
Rogue,Poisons,11400,Mind-numbing Poison III,utility/rank,3,3,,,,,,0,0,,,,,8923;8925,,,"E0:effect=24,aura=0,base=0,trigger=0"
Rogue,Poisons,13220,Wound Poison,utility/rank,3,3,,,,,,0,0,,,,,2930;3372,,,"E0:effect=24,aura=0,base=0,trigger=0"
Rogue,Poisons,13228,Wound Poison II,utility/rank,3,3,,,,,,0,0,,,,,2930;5173;3372,,,"E0:effect=24,aura=0,base=0,trigger=0"
Rogue,Poisons,13229,Wound Poison III,utility/rank,3,3,,,,,,0,0,,,,,8923;8925,,,"E0:effect=24,aura=0,base=0,trigger=0"
Rogue,Poisons,13230,Wound Poison IV,utility/rank,3,3,,,,,,0,0,,,,,8923;5173;8925,,,"E0:effect=24,aura=0,base=0,trigger=0"
Rogue,Poisons,25347,Deadly Poison V,utility/rank,3,3,,,,,,0,0,,,,,5173;8925,,,"E0:effect=24,aura=0,base=0,trigger=0"
Rogue,Poisons,26786,Anesthetic Poison,utility/rank,3,3,,,,,,0,0,,,,,2931;5173;8925,,,"E0:effect=24,aura=0,base=0,trigger=0"
Rogue,Poisons,26892,Instant Poison VII,utility/rank,3,3,,,,,,0,0,,,,,2931;8925,,,"E0:effect=24,aura=0,base=0,trigger=0"
Rogue,Poisons,26969,Deadly Poison VI,utility/rank,3,3,,,,,,0,0,,,,,2931;8925,,,"E0:effect=24,aura=0,base=0,trigger=0"
Rogue,Poisons,27282,Deadly Poison VII,utility/rank,3,3,,,,,,0,0,,,,,2931;8925,,,"E0:effect=24,aura=0,base=0,trigger=0"
Rogue,Poisons,27283,Wound Poison V,utility/rank,3,3,,,,,,0,0,,,,,8923;8925,,,"E0:effect=24,aura=0,base=0,trigger=0"
Rogue,Assassination,408,Kidney Shot,pvp-control,0,0,1,0,20,0,5,0,5,type3:25,,,,,2,173555,"E0:effect=6,aura=12,base=0,trigger=0;E1:effect=3,aura=0,base=0,trigger=0;E2:effect=6,aura=87,base=0,trigger=0"
Rogue,Assassination,703,Garrote,utility/rank,0,0,1,0,0,18,18,0,5,type3:50,536870912,0,,,,,"E0:effect=6,aura=3,base=23,trigger=0;E1:effect=328,aura=0,base=0,trigger=0"
Rogue,Assassination,1329,Mutilate,utility/rank,0,0,1,0,0,,,0,5,type3:60,,,,,2,32768,"E0:effect=328,aura=0,base=1,trigger=0;E1:effect=64,aura=0,base=0,trigger=5374;E2:effect=64,aura=0,base=0,trigger=27576"
Rogue,Assassination,1833,Cheap Shot,damage,0,0,1,0,0,4,4,0,5,type3:60,536870912,0,,,2,173555,"E0:effect=6,aura=12,base=-1,trigger=0;E1:effect=328,aura=0,base=1,trigger=0"
Rogue,Assassination,1943,Rupture,utility/rank,0,0,1,0,0,6,16,0,5,type3:25,,,,,2,173555,"E0:effect=6,aura=3,base=7,trigger=0;E1:effect=3,aura=0,base=0,trigger=0"
Rogue,Assassination,2098,Eviscerate,utility/rank,0,0,1,0,0,,,0,5,type3:35,,,,,2,173555,"E0:effect=2,aura=0,base=0,trigger=0;E1:effect=3,aura=0,base=0,trigger=0"
Rogue,Assassination,5171,Slice and Dice,utility/rank,0,0,1,0,0,6,21,0,100,type3:25,,,,,,,"E0:effect=3,aura=0,base=0,trigger=0;E1:effect=6,aura=138,base=19,trigger=0"
Rogue,Assassination,6760,Eviscerate,utility/rank,0,0,1,0,0,,,0,5,type3:35,,,,,2,173555,"E0:effect=2,aura=0,base=2,trigger=0;E1:effect=3,aura=0,base=0,trigger=0"
Rogue,Assassination,6761,Eviscerate,utility/rank,0,0,1,0,0,,,0,5,type3:35,,,,,2,173555,"E0:effect=2,aura=0,base=5,trigger=0;E1:effect=3,aura=0,base=0,trigger=0"
Rogue,Assassination,6762,Eviscerate,utility/rank,0,0,1,0,0,,,0,5,type3:35,,,,,2,173555,"E0:effect=2,aura=0,base=9,trigger=0;E1:effect=3,aura=0,base=0,trigger=0"
Rogue,Assassination,6774,Slice and Dice,utility/rank,0,0,1,0,0,6,21,0,100,type3:25,,,,,,,"E0:effect=3,aura=0,base=0,trigger=0;E1:effect=6,aura=138,base=29,trigger=0"
Rogue,Assassination,8623,Eviscerate,utility/rank,0,0,1,0,0,,,0,5,type3:35,,,,,2,173555,"E0:effect=2,aura=0,base=14,trigger=0;E1:effect=3,aura=0,base=0,trigger=0"
Rogue,Assassination,8624,Eviscerate,utility/rank,0,0,1,0,0,,,0,5,type3:35,,,,,2,173555,"E0:effect=2,aura=0,base=21,trigger=0;E1:effect=3,aura=0,base=0,trigger=0"
Rogue,Assassination,8631,Garrote,utility/rank,0,0,1,0,0,18,18,0,5,type3:50,536870912,0,,,,,"E0:effect=6,aura=3,base=33,trigger=0;E1:effect=328,aura=0,base=0,trigger=0"
Rogue,Assassination,8632,Garrote,utility/rank,0,0,1,0,0,18,18,0,5,type3:50,536870912,0,,,,,"E0:effect=6,aura=3,base=46,trigger=0;E1:effect=328,aura=0,base=0,trigger=0"
Rogue,Assassination,8633,Garrote,utility/rank,0,0,1,0,0,18,18,0,5,type3:50,536870912,0,,,,,"E0:effect=6,aura=3,base=58,trigger=0;E1:effect=328,aura=0,base=0,trigger=0"
Rogue,Assassination,8639,Rupture,utility/rank,0,0,1,0,0,6,16,0,5,type3:25,,,,,2,173555,"E0:effect=6,aura=3,base=11,trigger=0;E1:effect=3,aura=0,base=0,trigger=0"
Rogue,Assassination,8640,Rupture,utility/rank,0,0,1,0,0,6,16,0,5,type3:25,,,,,2,173555,"E0:effect=6,aura=3,base=17,trigger=0;E1:effect=3,aura=0,base=0,trigger=0"
Rogue,Assassination,8643,Kidney Shot,pvp-control,0,0,1,0,20,1,6,0,5,type3:25,,,,,2,173555,"E0:effect=6,aura=12,base=0,trigger=0;E1:effect=3,aura=0,base=0,trigger=0;E2:effect=6,aura=87,base=0,trigger=0"
Rogue,Assassination,8647,Expose Armor,utility/rank,0,0,1,0,0,30,30,0,5,type3:25,,,,,2,173555,"E0:effect=6,aura=22,base=-1,trigger=0;E1:effect=3,aura=0,base=0,trigger=0"
Rogue,Assassination,8649,Expose Armor,utility/rank,0,0,1,0,0,30,30,0,5,type3:25,,,,,2,173555,"E0:effect=6,aura=22,base=-1,trigger=0;E1:effect=3,aura=0,base=0,trigger=0"
Rogue,Assassination,8650,Expose Armor,utility/rank,0,0,1,0,0,30,30,0,5,type3:25,,,,,2,173555,"E0:effect=6,aura=22,base=-1,trigger=0;E1:effect=3,aura=0,base=0,trigger=0"
Rogue,Assassination,8676,Ambush,utility/rank,0,0,1,0,0,,,0,5,type3:60,536870912,0,,,2,32768,"E0:effect=121,aura=0,base=27,trigger=0;E1:effect=31,aura=0,base=274,trigger=0;E2:effect=328,aura=0,base=0,trigger=0"
Rogue,Assassination,8724,Ambush,utility/rank,0,0,1,0,0,,,0,5,type3:60,536870912,0,,,2,32768,"E0:effect=121,aura=0,base=39,trigger=0;E1:effect=31,aura=0,base=274,trigger=0;E2:effect=328,aura=0,base=0,trigger=0"
Rogue,Assassination,8725,Ambush,utility/rank,0,0,1,0,0,,,0,5,type3:60,536870912,0,,,2,32768,"E0:effect=121,aura=0,base=49,trigger=0;E1:effect=31,aura=0,base=274,trigger=0;E2:effect=328,aura=0,base=0,trigger=0"
Rogue,Assassination,11197,Expose Armor,utility/rank,0,0,1,0,0,30,30,0,5,type3:25,,,,,2,173555,"E0:effect=6,aura=22,base=-1,trigger=0;E1:effect=3,aura=0,base=0,trigger=0"
Rogue,Assassination,11198,Expose Armor,utility/rank,0,0,1,0,0,30,30,0,5,type3:25,,,,,2,173555,"E0:effect=6,aura=22,base=-1,trigger=0;E1:effect=3,aura=0,base=0,trigger=0"
Rogue,Assassination,11267,Ambush,utility/rank,0,0,1,0,0,,,0,5,type3:60,536870912,0,,,2,32768,"E0:effect=121,aura=0,base=73,trigger=0;E1:effect=31,aura=0,base=274,trigger=0;E2:effect=328,aura=0,base=0,trigger=0"
Rogue,Assassination,11268,Ambush,utility/rank,0,0,1,0,0,,,0,5,type3:60,536870912,0,,,2,32768,"E0:effect=121,aura=0,base=91,trigger=0;E1:effect=31,aura=0,base=274,trigger=0;E2:effect=328,aura=0,base=0,trigger=0"
Rogue,Assassination,11269,Ambush,utility/rank,0,0,1,0,0,,,0,5,type3:60,536870912,0,,,2,32768,"E0:effect=121,aura=0,base=115,trigger=0;E1:effect=31,aura=0,base=274,trigger=0;E2:effect=328,aura=0,base=0,trigger=0"
Rogue,Assassination,11273,Rupture,utility/rank,0,0,1,0,0,6,16,0,5,type3:25,,,,,2,173555,"E0:effect=6,aura=3,base=26,trigger=0;E1:effect=3,aura=0,base=0,trigger=0"
Rogue,Assassination,11274,Rupture,utility/rank,0,0,1,0,0,6,16,0,5,type3:25,,,,,2,173555,"E0:effect=6,aura=3,base=36,trigger=0;E1:effect=3,aura=0,base=0,trigger=0"
Rogue,Assassination,11275,Rupture,utility/rank,0,0,1,0,0,6,16,0,5,type3:25,,,,,2,173555,"E0:effect=6,aura=3,base=59,trigger=0;E1:effect=3,aura=0,base=0,trigger=0"
Rogue,Assassination,11289,Garrote,utility/rank,0,0,1,0,0,18,18,0,5,type3:50,536870912,0,,,,,"E0:effect=6,aura=3,base=73,trigger=0;E1:effect=328,aura=0,base=0,trigger=0"
Rogue,Assassination,11290,Garrote,utility/rank,0,0,1,0,0,18,18,0,5,type3:50,536870912,0,,,,,"E0:effect=6,aura=3,base=91,trigger=0;E1:effect=328,aura=0,base=0,trigger=0"
Rogue,Assassination,11299,Eviscerate,utility/rank,0,0,1,0,0,,,0,5,type3:35,,,,,2,173555,"E0:effect=2,aura=0,base=33,trigger=0;E1:effect=3,aura=0,base=0,trigger=0"
Rogue,Assassination,11300,Eviscerate,utility/rank,0,0,1,0,0,,,0,5,type3:35,,,,,2,173555,"E0:effect=2,aura=0,base=47,trigger=0;E1:effect=3,aura=0,base=0,trigger=0"
Rogue,Assassination,14113,Improved Poisons,passive/talent,0,0,,,,-0.001,-0.001,0,0,,,,,,,,"E0:effect=6,aura=107,base=1,trigger=0"
Rogue,Assassination,14114,Improved Poisons,passive/talent,0,0,,,,-0.001,-0.001,0,0,,,,,,,,"E0:effect=6,aura=107,base=3,trigger=0"
Rogue,Assassination,14115,Improved Poisons,passive/talent,0,0,,,,-0.001,-0.001,0,0,,,,,,,,"E0:effect=6,aura=107,base=5,trigger=0"
Rogue,Assassination,14116,Improved Poisons,passive/talent,0,0,,,,-0.001,-0.001,0,0,,,,,,,,"E0:effect=6,aura=107,base=7,trigger=0"
Rogue,Assassination,14117,Improved Poisons,passive/talent,0,0,,,,-0.001,-0.001,0,0,,,,,,,,"E0:effect=6,aura=107,base=9,trigger=0"
Rogue,Assassination,14128,Lethality,utility/rank,0,0,,,,-0.001,-0.001,0,0,,,,,,,,"E0:effect=6,aura=108,base=5,trigger=0"
Rogue,Assassination,14132,Lethality,utility/rank,0,0,,,,-0.001,-0.001,0,0,,,,,,,,"E0:effect=6,aura=108,base=11,trigger=0"
Rogue,Assassination,14135,Lethality,utility/rank,0,0,,,,-0.001,-0.001,0,0,,,,,,,,"E0:effect=6,aura=108,base=17,trigger=0"
Rogue,Assassination,14136,Lethality,utility/rank,0,0,,,,-0.001,-0.001,0,0,,,,,,,,"E0:effect=6,aura=108,base=23,trigger=0"
Rogue,Assassination,14137,Lethality,utility/rank,0,0,,,,-0.001,-0.001,0,0,,,,,,,,"E0:effect=6,aura=108,base=29,trigger=0"
Rogue,Assassination,14138,Malice,utility/rank,0,0,,,,-0.001,-0.001,0,0,,,,,,,,"E0:effect=6,aura=52,base=0,trigger=0"
Rogue,Assassination,14139,Malice,utility/rank,0,0,,,,-0.001,-0.001,0,0,,,,,,,,"E0:effect=6,aura=52,base=1,trigger=0"
Rogue,Assassination,14140,Malice,utility/rank,0,0,,,,-0.001,-0.001,0,0,,,,,,,,"E0:effect=6,aura=52,base=2,trigger=0"
Rogue,Assassination,14141,Malice,utility/rank,0,0,,,,-0.001,-0.001,0,0,,,,,,,,"E0:effect=6,aura=52,base=3,trigger=0"
Rogue,Assassination,14142,Malice,utility/rank,0,0,,,,-0.001,-0.001,0,0,,,,,,,,"E0:effect=6,aura=52,base=4,trigger=0"
Rogue,Assassination,14144,Remorseless Attacks,utility/rank,0,0,,,,-0.001,-0.001,0,0,,,,,,,,"E0:effect=6,aura=42,base=0,trigger=14143"
Rogue,Assassination,14148,Remorseless Attacks,utility/rank,0,0,,,,-0.001,-0.001,0,0,,,,,,,,"E0:effect=6,aura=42,base=0,trigger=14149"
Rogue,Assassination,14156,Ruthlessness,utility/rank,0,0,,,,-0.001,-0.001,0,0,,,,,,,,"E0:effect=6,aura=42,base=-1,trigger=14157"
Rogue,Assassination,14158,Murder,utility/rank,0,0,,,,-0.001,-0.001,0,0,,,,,,,,"E0:effect=6,aura=168,base=0,trigger=0"
Rogue,Assassination,14159,Murder,utility/rank,0,0,,,,-0.001,-0.001,0,0,,,,,,,,"E0:effect=6,aura=168,base=1,trigger=0"
Rogue,Assassination,14160,Ruthlessness,utility/rank,0,0,,,,-0.001,-0.001,0,0,,,,,,,,"E0:effect=6,aura=42,base=-1,trigger=14157"
Rogue,Assassination,14161,Ruthlessness,utility/rank,0,0,,,,-0.001,-0.001,0,0,,,,,,,,"E0:effect=6,aura=42,base=-1,trigger=14157"
Rogue,Assassination,14162,Improved Eviscerate,passive/talent,0,0,,,,-0.001,-0.001,0,0,,,,,,,,"E0:effect=6,aura=108,base=4,trigger=0"
Rogue,Assassination,14163,Improved Eviscerate,passive/talent,0,0,,,,-0.001,-0.001,0,0,,,,,,,,"E0:effect=6,aura=108,base=9,trigger=0"
Rogue,Assassination,14164,Improved Eviscerate,passive/talent,0,0,,,,-0.001,-0.001,0,0,,,,,,,,"E0:effect=6,aura=108,base=14,trigger=0"
Rogue,Assassination,14165,Improved Slice and Dice,passive/talent,0,0,,,,-0.001,-0.001,0,0,,,,,,,,"E0:effect=6,aura=108,base=14,trigger=0"
Rogue,Assassination,14166,Improved Slice and Dice,passive/talent,0,0,,,,-0.001,-0.001,0,0,,,,,,,,"E0:effect=6,aura=108,base=29,trigger=0"
Rogue,Assassination,14167,Improved Slice and Dice,passive/talent,0,0,,,,-0.001,-0.001,0,0,,,,,,,,"E0:effect=6,aura=108,base=44,trigger=0"
Rogue,Assassination,14168,Improved Expose Armor,passive/talent,0,0,,,,-0.001,-0.001,0,0,,,,,,,,"E0:effect=6,aura=108,base=24,trigger=0"
Rogue,Assassination,14169,Improved Expose Armor,passive/talent,0,0,,,,-0.001,-0.001,0,0,,,,,,,,"E0:effect=6,aura=108,base=49,trigger=0"
Rogue,Assassination,14174,Improved Kidney Shot,pvp-control,0,0,,,,-0.001,-0.001,0,0,,,,,,,,"E0:effect=6,aura=107,base=2,trigger=0"
Rogue,Assassination,14175,Improved Kidney Shot,pvp-control,0,0,,,,-0.001,-0.001,0,0,,,,,,,,"E0:effect=6,aura=107,base=5,trigger=0"
Rogue,Assassination,14176,Improved Kidney Shot,pvp-control,0,0,,,,-0.001,-0.001,0,0,,,,,,,,"E0:effect=6,aura=107,base=8,trigger=0"
Rogue,Assassination,14177,Cold Blood,utility/rank,0,0,0,180,0,-0.001,-0.001,0,0,,,,,,,,"E0:effect=6,aura=107,base=99,trigger=0"
Rogue,Assassination,14179,Relentless Strikes,damage,0,0,,,,-0.001,-0.001,0,0,,,,,,,,"E0:effect=6,aura=109,base=-1,trigger=14181"
Rogue,Assassination,14186,Seal Fate,damage,0,0,,,,,,0,0,,,,,,,,"E0:effect=6,aura=42,base=0,trigger=14189"
Rogue,Assassination,14190,Seal Fate,damage,0,0,,,,,,0,0,,,,,,,,"E0:effect=6,aura=42,base=0,trigger=14189"
Rogue,Assassination,14193,Seal Fate,damage,0,0,,,,,,0,0,,,,,,,,"E0:effect=6,aura=42,base=0,trigger=14189"
Rogue,Assassination,14194,Seal Fate,damage,0,0,,,,,,0,0,,,,,,,,"E0:effect=6,aura=42,base=0,trigger=14189"
Rogue,Assassination,14195,Seal Fate,damage,0,0,,,,,,0,0,,,,,,,,"E0:effect=6,aura=42,base=0,trigger=14189"
Rogue,Assassination,14983,Vigor,utility/rank,0,0,,,,-0.001,-0.001,0,0,,,,,,,,"E0:effect=6,aura=35,base=9,trigger=0"
Rogue,Assassination,16513,Vile Poisons,utility/rank,0,0,,,,,,0,0,,,,,,,,"E0:effect=6,aura=108,base=3,trigger=0;E1:effect=6,aura=108,base=3,trigger=0;E2:effect=6,aura=107,base=7,trigger=0"
Rogue,Assassination,16514,Vile Poisons,utility/rank,0,0,,,,,,0,0,,,,,,,,"E0:effect=6,aura=108,base=7,trigger=0;E1:effect=6,aura=108,base=7,trigger=0;E2:effect=6,aura=107,base=15,trigger=0"
Rogue,Assassination,16515,Vile Poisons,utility/rank,0,0,,,,,,0,0,,,,,,,,"E0:effect=6,aura=108,base=11,trigger=0;E1:effect=6,aura=108,base=11,trigger=0;E2:effect=6,aura=107,base=23,trigger=0"
Rogue,Assassination,16719,Vile Poisons,utility/rank,0,0,,,,,,0,0,,,,,,,,"E0:effect=6,aura=108,base=15,trigger=0;E1:effect=6,aura=108,base=15,trigger=0;E2:effect=6,aura=107,base=31,trigger=0"
Rogue,Assassination,16720,Vile Poisons,utility/rank,0,0,,,,,,0,0,,,,,,,,"E0:effect=6,aura=108,base=19,trigger=0;E1:effect=6,aura=108,base=19,trigger=0;E2:effect=6,aura=107,base=39,trigger=0"
Rogue,Assassination,26679,Deadly Throw,utility/rank,-1000,-1000,1,0,0,6,6,0,30,type3:35,,,,,2,65536,"E0:effect=58,aura=0,base=58,trigger=0;E1:effect=6,aura=33,base=-51,trigger=0;E2:effect=3,aura=0,base=0,trigger=0"
Rogue,Assassination,26839,Garrote,utility/rank,0,0,1,0,0,18,18,0,5,type3:50,536870912,0,,,,,"E0:effect=6,aura=3,base=110,trigger=0;E1:effect=328,aura=0,base=0,trigger=0;E2:effect=64,aura=0,base=0,trigger=1330"
Rogue,Assassination,26865,Eviscerate,utility/rank,0,0,1,0,0,,,0,5,type3:35,,,,,2,173555,"E0:effect=2,aura=0,base=59,trigger=0;E1:effect=3,aura=0,base=0,trigger=0"
Rogue,Assassination,26866,Expose Armor,utility/rank,0,0,1,0,0,30,30,0,5,type3:25,,,,,2,173555,"E0:effect=6,aura=22,base=-1,trigger=0;E1:effect=3,aura=0,base=0,trigger=0"
Rogue,Assassination,26867,Rupture,utility/rank,0,0,1,0,0,6,16,0,5,type3:25,,,,,2,173555,"E0:effect=6,aura=3,base=69,trigger=0;E1:effect=3,aura=0,base=0,trigger=0"
Rogue,Assassination,26884,Garrote,utility/rank,0,0,1,0,0,18,18,0,5,type3:50,536870912,0,,,,,"E0:effect=6,aura=3,base=134,trigger=0;E1:effect=328,aura=0,base=0,trigger=0;E2:effect=64,aura=0,base=0,trigger=1330"
Rogue,Assassination,27441,Ambush,utility/rank,0,0,1,0,0,,,0,5,type3:60,536870912,0,,,2,32768,"E0:effect=121,aura=0,base=133,trigger=0;E1:effect=31,aura=0,base=274,trigger=0;E2:effect=328,aura=0,base=0,trigger=0"
Rogue,Assassination,31016,Eviscerate,utility/rank,0,0,1,0,0,,,0,5,type3:35,,,,,2,173555,"E0:effect=2,aura=0,base=53,trigger=0;E1:effect=3,aura=0,base=0,trigger=0"
Rogue,Assassination,31208,Fleet Footed,utility/rank,0,0,,,,-0.001,-0.001,0,0,,,,,,,,"E0:effect=6,aura=117,base=4,trigger=0;E1:effect=6,aura=117,base=4,trigger=0;E2:effect=6,aura=31,base=7,trigger=0"
Rogue,Assassination,31209,Fleet Footed,utility/rank,0,0,,,,-0.001,-0.001,0,0,,,,,,,,"E0:effect=6,aura=117,base=9,trigger=0;E1:effect=6,aura=117,base=9,trigger=0;E2:effect=6,aura=31,base=14,trigger=0"
Rogue,Assassination,31226,Master Poisoner,utility/rank,0,0,,,,,,0,0,,,,,,,,"E0:effect=6,aura=107,base=4,trigger=0;E1:effect=6,aura=568,base=14,trigger=0"
Rogue,Assassination,31227,Master Poisoner,utility/rank,0,0,,,,,,0,0,,,,,,,,"E0:effect=6,aura=107,base=9,trigger=0;E1:effect=6,aura=568,base=29,trigger=0"
Rogue,Assassination,31233,Find Weakness,utility/rank,0,0,,,,-0.001,-0.001,0,0,,,,,,,,"E0:effect=6,aura=42,base=-1,trigger=31234"
Rogue,Assassination,31234,Find Weakness,utility/rank,0,0,,,,10,10,0,0,,,,,,,,"E0:effect=6,aura=108,base=1,trigger=0;E1:effect=6,aura=108,base=1,trigger=0"
Rogue,Assassination,31235,Find Weakness,utility/rank,0,0,,,,10,10,0,0,,,,,,,,"E0:effect=6,aura=108,base=3,trigger=0;E1:effect=6,aura=108,base=3,trigger=0"
Rogue,Assassination,31236,Find Weakness,utility/rank,0,0,,,,10,10,0,0,,,,,,,,"E0:effect=6,aura=108,base=5,trigger=0;E1:effect=6,aura=108,base=5,trigger=0"
Rogue,Assassination,31237,Find Weakness,utility/rank,0,0,,,,10,10,0,0,,,,,,,,"E0:effect=6,aura=108,base=7,trigger=0;E1:effect=6,aura=108,base=7,trigger=0"
Rogue,Assassination,31238,Find Weakness,utility/rank,0,0,,,,10,10,0,0,,,,,,,,"E0:effect=6,aura=108,base=9,trigger=0;E1:effect=6,aura=108,base=9,trigger=0"
Rogue,Assassination,31239,Find Weakness,utility/rank,0,0,,,,-0.001,-0.001,0,0,,,,,,,,"E0:effect=6,aura=42,base=-1,trigger=31235"
Rogue,Assassination,31240,Find Weakness,utility/rank,0,0,,,,-0.001,-0.001,0,0,,,,,,,,"E0:effect=6,aura=42,base=-1,trigger=31236"
Rogue,Assassination,31241,Find Weakness,utility/rank,0,0,,,,-0.001,-0.001,0,0,,,,,,,,"E0:effect=6,aura=42,base=-1,trigger=31237"
Rogue,Assassination,31242,Find Weakness,utility/rank,0,0,,,,-0.001,-0.001,0,0,,,,,,,,"E0:effect=6,aura=42,base=-1,trigger=31238"
Rogue,Assassination,31244,Quick Recovery,utility/rank,0,0,,,,-0.001,-0.001,0,0,,,,,,,,"E0:effect=6,aura=4,base=39,trigger=0;E1:effect=6,aura=118,base=9,trigger=0"
Rogue,Assassination,31245,Quick Recovery,utility/rank,0,0,,,,-0.001,-0.001,0,0,,,,,,,,"E0:effect=6,aura=4,base=79,trigger=0;E1:effect=6,aura=118,base=19,trigger=0"
Rogue,Assassination,31380,Deadened Nerves,utility/rank,0,0,,,,-0.001,-0.001,0,0,,,,,,,,"E0:effect=6,aura=87,base=-2,trigger=0"
Rogue,Assassination,31382,Deadened Nerves,utility/rank,0,0,,,,-0.001,-0.001,0,0,,,,,,,,"E0:effect=6,aura=87,base=-3,trigger=0"
Rogue,Assassination,31383,Deadened Nerves,utility/rank,0,0,,,,-0.001,-0.001,0,0,,,,,,,,"E0:effect=6,aura=87,base=-4,trigger=0"
Rogue,Assassination,31384,Deadened Nerves,utility/rank,0,0,,,,-0.001,-0.001,0,0,,,,,,,,"E0:effect=6,aura=87,base=-5,trigger=0"
Rogue,Assassination,31385,Deadened Nerves,utility/rank,0,0,,,,-0.001,-0.001,0,0,,,,,,,,"E0:effect=6,aura=87,base=-6,trigger=0"
Rogue,Assassination,32645,Envenom,utility/rank,0,0,1,0,0,,,0,5,type3:35,,,,,2,173555,"E0:effect=2,aura=0,base=143,trigger=0;E1:effect=3,aura=0,base=143,trigger=0"
Rogue,Assassination,32684,Envenom,utility/rank,0,0,1,0,0,,,0,5,type3:35,,,,,2,173555,"E0:effect=2,aura=0,base=179,trigger=0;E1:effect=3,aura=0,base=179,trigger=0"
Rogue,Assassination,34411,Mutilate,utility/rank,0,0,1,0,0,,,0,5,type3:60,,,,,2,32768,"E0:effect=328,aura=0,base=1,trigger=0;E1:effect=64,aura=0,base=0,trigger=34414;E2:effect=64,aura=0,base=0,trigger=34415"
Rogue,Assassination,34412,Mutilate,utility/rank,0,0,1,0,0,,,0,5,type3:60,,,,,2,32768,"E0:effect=328,aura=0,base=1,trigger=0;E1:effect=64,aura=0,base=0,trigger=34416;E2:effect=64,aura=0,base=0,trigger=34417"
Rogue,Assassination,34413,Mutilate,utility/rank,0,0,1,0,0,,,0,5,type3:60,,,,,2,32768,"E0:effect=328,aura=0,base=1,trigger=0;E1:effect=64,aura=0,base=0,trigger=34419;E2:effect=64,aura=0,base=0,trigger=34418"
Rogue,Assassination,39967,Envenom,utility/rank,0,0,1,0,0,,,0,5,type3:35,,,,,2,173555,"E0:effect=2,aura=0,base=152,trigger=0"
Rogue,Lockpicking,1804,Pick Lock,utility/rank,5,5,,,,,,0,5,,,,5060,,,,"E0:effect=33,aura=0,base=4,trigger=0"
Shaman,Enhancement,131,Water Breathing,utility/rank,0,0,1.5,0,0,600,600,0,30,type0:50,,,,17057,,,"E0:effect=6,aura=82,base=-1,trigger=0"
Shaman,Enhancement,324,Lightning Shield,utility/rank,0,0,1.5,0,0,600,600,0,0,type0:25,,,,,,,"E0:effect=6,aura=42,base=12,trigger=26545"
Shaman,Enhancement,325,Lightning Shield,utility/rank,0,0,1.5,0,0,600,600,0,0,type0:60,,,,,,,"E0:effect=6,aura=42,base=28,trigger=26545"
Shaman,Enhancement,546,Water Walking,utility/rank,0,0,1.5,0,0,600,600,0,30,type0:95,,,,17058,,,"E0:effect=6,aura=104,base=-1,trigger=0"
Shaman,Enhancement,556,Astral Recall,utility/rank,10,10,1.5,0,900,,,0,0,type0:150,,,,,,,"E0:effect=252,aura=0,base=-1,trigger=0"
Shaman,Enhancement,905,Lightning Shield,utility/rank,0,0,1.5,0,0,600,600,0,0,type0:100,,,,,,,"E0:effect=6,aura=42,base=50,trigger=26545"
Shaman,Enhancement,945,Lightning Shield,utility/rank,0,0,1.5,0,0,600,600,0,0,type0:150,,,,,,,"E0:effect=6,aura=42,base=79,trigger=26545"
Shaman,Enhancement,2062,Earth Elemental Totem,utility/rank,0,0,1,1200,120,120,120,0,0,type0:705,,,,,,,"E0:effect=28,aura=0,base=7399,trigger=0"
Shaman,Enhancement,2645,Ghost Wolf,utility/rank,2,2,1.5,0,0,-0.001,-0.001,0,0,type0:100,,,,,,,"E0:effect=6,aura=36,base=-1,trigger=0;E1:effect=6,aura=31,base=39,trigger=0"
Shaman,Enhancement,2825,Bloodlust,utility/rank,0,0,1.5,600,0,40,40,0,0,type0:750,,,,,,,"E0:effect=6,aura=192,base=29,trigger=0;E1:effect=6,aura=61,base=29,trigger=0;E2:effect=6,aura=65,base=29,trigger=0"
Shaman,Enhancement,3738,Wrath of Air Totem,damage,0,0,1,0,0,120,120,0,0,type0:320,,,,,,,"E0:effect=28,aura=0,base=4,trigger=0"
Shaman,Enhancement,6196,Far Sight,utility/rank,2,2,1.5,0,0,60,60,0,50000,type0:80,,,,,,,"E0:effect=72,aura=0,base=0,trigger=0;E1:effect=6,aura=4,base=0,trigger=0"
Shaman,Enhancement,6495,Sentry Totem,utility/rank,0,0,1,0,0,300,300,0,0,type0:65,,,,,,,"E0:effect=28,aura=0,base=99,trigger=0;E1:effect=6,aura=4,base=0,trigger=0"
Shaman,Enhancement,8017,Rockbiter Weapon,utility/rank,0,0,1.5,0,0,,,0,0,type0:15,,,,,,,"E0:effect=3,aura=0,base=1,trigger=0"
Shaman,Enhancement,8018,Rockbiter Weapon,utility/rank,0,0,1.5,0,0,,,0,0,type0:25,,,,,,,"E0:effect=3,aura=0,base=3,trigger=0"
Shaman,Enhancement,8019,Rockbiter Weapon,utility/rank,0,0,1.5,0,0,,,0,0,type0:50,,,,,,,"E0:effect=3,aura=0,base=5,trigger=0"
Shaman,Enhancement,8024,Flametongue Weapon,utility/rank,0,0,1.5,0,0,,,0,0,type0:30,,,,,2,173555,"E0:effect=54,aura=0,base=1799,trigger=0"
Shaman,Enhancement,8027,Flametongue Weapon,utility/rank,0,0,1.5,0,0,,,0,0,type0:55,,,,,2,173555,"E0:effect=54,aura=0,base=1799,trigger=0"
Shaman,Enhancement,8030,Flametongue Weapon,utility/rank,0,0,1.5,0,0,,,0,0,type0:80,,,,,2,173555,"E0:effect=54,aura=0,base=1799,trigger=0"
Shaman,Enhancement,8033,Frostbrand Weapon,utility/rank,0,0,1.5,0,0,,,0,0,type0:60,,,,,2,173555,"E0:effect=54,aura=0,base=1799,trigger=0"
Shaman,Enhancement,8038,Frostbrand Weapon,utility/rank,0,0,1.5,0,0,,,0,0,type0:85,,,,,2,173555,"E0:effect=54,aura=0,base=1799,trigger=0"
Shaman,Enhancement,8071,Stoneskin Totem,utility/rank,0,0,1,0,0,120,120,0,0,type0:30,,,,,,,"E0:effect=28,aura=0,base=4,trigger=0"
Shaman,Enhancement,8075,Strength of Earth Totem,utility/rank,0,0,1,0,0,120,120,0,0,type0:25,,,,,,,"E0:effect=28,aura=0,base=4,trigger=0"
Shaman,Enhancement,8134,Lightning Shield,utility/rank,0,0,1.5,0,0,600,600,0,0,type0:200,,,,,,,"E0:effect=6,aura=42,base=113,trigger=26545"
Shaman,Enhancement,8154,Stoneskin Totem,utility/rank,0,0,1,0,0,120,120,0,0,type0:60,,,,,,,"E0:effect=28,aura=0,base=4,trigger=0"
Shaman,Enhancement,8155,Stoneskin Totem,utility/rank,0,0,1,0,0,120,120,0,0,type0:90,,,,,,,"E0:effect=28,aura=0,base=4,trigger=0"
Shaman,Enhancement,8160,Strength of Earth Totem,utility/rank,0,0,1,0,0,120,120,0,0,type0:65,,,,,,,"E0:effect=28,aura=0,base=4,trigger=0"
Shaman,Enhancement,8161,Strength of Earth Totem,utility/rank,0,0,1,0,0,120,120,0,0,type0:125,,,,,,,"E0:effect=28,aura=0,base=4,trigger=0"
Shaman,Enhancement,8177,Grounding Totem,utility/rank,0,0,1,0,15,45,45,0,0,type0:5%,,,,,,,"E0:effect=28,aura=0,base=4,trigger=0"
Shaman,Enhancement,8181,Frost Resistance Totem,utility/rank,0,0,1,0,0,120,120,0,0,type0:75,,,,,,,"E0:effect=28,aura=0,base=4,trigger=0"
Shaman,Enhancement,8184,Fire Resistance Totem,utility/rank,0,0,1,0,0,120,120,0,0,type0:75,,,,,,,"E0:effect=28,aura=0,base=4,trigger=0"
Shaman,Enhancement,8227,Flametongue Totem,utility/rank,0,0,1,0,0,120,120,0,0,type0:90,,,,,,,"E0:effect=28,aura=0,base=4,trigger=0"
Shaman,Enhancement,8232,Windfury Weapon,utility/rank,0,0,1.5,0,0,,,0,0,type0:90,,,,,2,173555,"E0:effect=54,aura=0,base=1799,trigger=0"
Shaman,Enhancement,8235,Windfury Weapon,utility/rank,0,0,1.5,0,0,,,0,0,type0:115,,,,,2,173555,"E0:effect=54,aura=0,base=1799,trigger=0"
Shaman,Enhancement,8249,Flametongue Totem,utility/rank,0,0,1,0,0,120,120,0,0,type0:140,,,,,,,"E0:effect=28,aura=0,base=4,trigger=0"
Shaman,Enhancement,8512,Windfury Totem,utility/rank,0,0,1,0,0,120,120,0,0,type0:95,,,,,,,"E0:effect=28,aura=0,base=4,trigger=0"
Shaman,Enhancement,8835,Grace of Air Totem,utility/rank,0,0,1,0,0,120,120,0,0,type0:155,,,,,,,"E0:effect=28,aura=0,base=4,trigger=0"
Shaman,Enhancement,10399,Rockbiter Weapon,utility/rank,0,0,1.5,0,0,,,0,0,type0:75,,,,,,,"E0:effect=3,aura=0,base=8,trigger=0"
Shaman,Enhancement,10406,Stoneskin Totem,utility/rank,0,0,1,0,0,120,120,0,0,type0:115,,,,,,,"E0:effect=28,aura=0,base=4,trigger=0"
Shaman,Enhancement,10407,Stoneskin Totem,utility/rank,0,0,1,0,0,120,120,0,0,type0:160,,,,,,,"E0:effect=28,aura=0,base=4,trigger=0"
Shaman,Enhancement,10408,Stoneskin Totem,utility/rank,0,0,1,0,0,120,120,0,0,type0:210,,,,,,,"E0:effect=28,aura=0,base=4,trigger=0"
Shaman,Enhancement,10431,Lightning Shield,utility/rank,0,0,1.5,0,0,600,600,0,0,type0:250,,,,,,,"E0:effect=6,aura=42,base=153,trigger=26545"
Shaman,Enhancement,10432,Lightning Shield,utility/rank,0,0,1.5,0,0,600,600,0,0,type0:275,,,,,,,"E0:effect=6,aura=42,base=197,trigger=26545"
Shaman,Enhancement,10442,Strength of Earth Totem,utility/rank,0,0,1,0,0,120,120,0,0,type0:225,,,,,,,"E0:effect=28,aura=0,base=4,trigger=0"
Shaman,Enhancement,10456,Frostbrand Weapon,utility/rank,0,0,1.5,0,0,,,0,0,type0:110,,,,,2,173555,"E0:effect=54,aura=0,base=1799,trigger=0"
Shaman,Enhancement,10478,Frost Resistance Totem,utility/rank,0,0,1,0,0,120,120,0,0,type0:120,,,,,,,"E0:effect=28,aura=0,base=4,trigger=0"
Shaman,Enhancement,10479,Frost Resistance Totem,utility/rank,0,0,1,0,0,120,120,0,0,type0:180,,,,,,,"E0:effect=28,aura=0,base=4,trigger=0"
Shaman,Enhancement,10486,Windfury Weapon,utility/rank,0,0,1.5,0,0,,,0,0,type0:140,,,,,2,173555,"E0:effect=54,aura=0,base=1799,trigger=0"
Shaman,Enhancement,10526,Flametongue Totem,utility/rank,0,0,1,0,0,120,120,0,0,type0:200,,,,,,,"E0:effect=28,aura=0,base=4,trigger=0"
Shaman,Enhancement,10537,Fire Resistance Totem,utility/rank,0,0,1,0,0,120,120,0,0,type0:120,,,,,,,"E0:effect=28,aura=0,base=4,trigger=0"
Shaman,Enhancement,10538,Fire Resistance Totem,utility/rank,0,0,1,0,0,120,120,0,0,type0:180,,,,,,,"E0:effect=28,aura=0,base=4,trigger=0"
Shaman,Enhancement,10595,Nature Resistance Totem,utility/rank,0,0,1,0,0,120,120,0,0,type0:75,,,,,,,"E0:effect=28,aura=0,base=4,trigger=0"
Shaman,Enhancement,10600,Nature Resistance Totem,utility/rank,0,0,1,0,0,120,120,0,0,type0:120,,,,,,,"E0:effect=28,aura=0,base=4,trigger=0"
Shaman,Enhancement,10601,Nature Resistance Totem,utility/rank,0,0,1,0,0,120,120,0,0,type0:180,,,,,,,"E0:effect=28,aura=0,base=4,trigger=0"
Shaman,Enhancement,10613,Windfury Totem,utility/rank,0,0,1,0,0,120,120,0,0,type0:140,,,,,,,"E0:effect=28,aura=0,base=4,trigger=0"
Shaman,Enhancement,10614,Windfury Totem,utility/rank,0,0,1,0,0,120,120,0,0,type0:200,,,,,,,"E0:effect=28,aura=0,base=4,trigger=0"
Shaman,Enhancement,10627,Grace of Air Totem,utility/rank,0,0,1,0,0,120,120,0,0,type0:250,,,,,,,"E0:effect=28,aura=0,base=4,trigger=0"
Shaman,Enhancement,15107,Windwall Totem,utility/rank,0,0,1,0,0,120,120,0,0,type0:115,,,,,,,"E0:effect=28,aura=0,base=4,trigger=0"
Shaman,Enhancement,15111,Windwall Totem,utility/rank,0,0,1,0,0,120,120,0,0,type0:170,,,,,,,"E0:effect=28,aura=0,base=4,trigger=0"
Shaman,Enhancement,15112,Windwall Totem,utility/rank,0,0,1,0,0,120,120,0,0,type0:225,,,,,,,"E0:effect=28,aura=0,base=4,trigger=0"
Shaman,Enhancement,16252,Toughness,utility/rank,0,0,,,,,,0,0,,,,,,,,"E0:effect=6,aura=142,base=1,trigger=0;E1:effect=6,aura=232,base=-11,trigger=0"
Shaman,Enhancement,16253,Shield Specialization,passive/talent,0,0,,,,-0.001,-0.001,0,0,,,,,,,,"E0:effect=6,aura=51,base=0,trigger=0;E1:effect=6,aura=561,base=4,trigger=0"
Shaman,Enhancement,16254,Anticipation,utility/rank,0,0,,,,-0.001,-0.001,0,0,,,,,,,,"E0:effect=6,aura=49,base=0,trigger=0"
Shaman,Enhancement,16255,Thundering Strikes,damage,0,0,,,,-0.001,-0.001,0,0,,,,,,2,173555,"E0:effect=6,aura=52,base=0,trigger=0"
Shaman,Enhancement,16256,Flurry,utility/rank,0,0,,,,-0.001,-0.001,0,0,,,,,,,,"E0:effect=6,aura=42,base=0,trigger=16257"
Shaman,Enhancement,16258,Guardian Totems,utility/rank,0,0,,,,-0.001,-0.001,0,0,,,,,,,,"E0:effect=6,aura=108,base=9,trigger=0;E1:effect=6,aura=107,base=-1001,trigger=0"
Shaman,Enhancement,16259,Enhancing Totems,utility/rank,0,0,,,,-0.001,-0.001,0,0,,,,,,,,"E0:effect=6,aura=108,base=7,trigger=0;E1:effect=6,aura=108,base=7,trigger=0"
Shaman,Enhancement,16261,Improved Lightning Shield,passive/talent,0,0,,,,-0.001,-0.001,0,0,,,,,,,,"E0:effect=6,aura=108,base=4,trigger=0"
Shaman,Enhancement,16262,Improved Ghost Wolf,passive/talent,0,0,,,,-0.001,-0.001,0,0,,,,,,,,"E0:effect=6,aura=107,base=-1001,trigger=0"
Shaman,Enhancement,16266,Elemental Weapons,utility/rank,0,0,,,,-0.001,-0.001,0,0,,,,,,,,"E0:effect=6,aura=108,base=6,trigger=0;E1:effect=6,aura=108,base=4,trigger=0;E2:effect=6,aura=108,base=12,trigger=0"
Shaman,Enhancement,16268,Spirit Weapons,utility/rank,0,0,,,,,,0,0,,,,,,,,"E0:effect=36,aura=0,base=0,trigger=18848;E1:effect=36,aura=0,base=-1,trigger=36591"
Shaman,Enhancement,16271,Anticipation,utility/rank,0,0,,,,-0.001,-0.001,0,0,,,,,,,,"E0:effect=6,aura=49,base=1,trigger=0"
Shaman,Enhancement,16272,Anticipation,utility/rank,0,0,,,,-0.001,-0.001,0,0,,,,,,,,"E0:effect=6,aura=49,base=2,trigger=0"
Shaman,Enhancement,16273,Anticipation,utility/rank,0,0,,,,-0.001,-0.001,0,0,,,,,,,,"E0:effect=6,aura=49,base=3,trigger=0"
Shaman,Enhancement,16274,Anticipation,utility/rank,0,0,,,,-0.001,-0.001,0,0,,,,,,,,"E0:effect=6,aura=49,base=4,trigger=0"
Shaman,Enhancement,16281,Flurry,utility/rank,0,0,,,,-0.001,-0.001,0,0,,,,,,,,"E0:effect=6,aura=42,base=0,trigger=16277"
Shaman,Enhancement,16282,Flurry,utility/rank,0,0,,,,-0.001,-0.001,0,0,,,,,,,,"E0:effect=6,aura=42,base=0,trigger=16278"
Shaman,Enhancement,16283,Flurry,utility/rank,0,0,,,,-0.001,-0.001,0,0,,,,,,,,"E0:effect=6,aura=42,base=0,trigger=16279"
Shaman,Enhancement,16284,Flurry,utility/rank,0,0,,,,-0.001,-0.001,0,0,,,,,,,,"E0:effect=6,aura=42,base=0,trigger=16280"
Shaman,Enhancement,16287,Improved Ghost Wolf,passive/talent,0,0,,,,-0.001,-0.001,0,0,,,,,,,,"E0:effect=6,aura=107,base=-2001,trigger=0"
Shaman,Enhancement,16290,Improved Lightning Shield,passive/talent,0,0,,,,-0.001,-0.001,0,0,,,,,,,,"E0:effect=6,aura=108,base=9,trigger=0"
Shaman,Enhancement,16291,Improved Lightning Shield,passive/talent,0,0,,,,-0.001,-0.001,0,0,,,,,,,,"E0:effect=6,aura=108,base=14,trigger=0"
Shaman,Enhancement,16293,Guardian Totems,utility/rank,0,0,,,,-0.001,-0.001,0,0,,,,,,,,"E0:effect=6,aura=108,base=19,trigger=0;E1:effect=6,aura=107,base=-2001,trigger=0"
Shaman,Enhancement,16295,Enhancing Totems,utility/rank,0,0,,,,-0.001,-0.001,0,0,,,,,,,,"E0:effect=6,aura=108,base=14,trigger=0;E1:effect=6,aura=108,base=14,trigger=0"
Shaman,Enhancement,16298,Shield Specialization,passive/talent,0,0,,,,-0.001,-0.001,0,0,,,,,,,,"E0:effect=6,aura=51,base=1,trigger=0;E1:effect=6,aura=561,base=9,trigger=0"
Shaman,Enhancement,16299,Shield Specialization,passive/talent,0,0,,,,-0.001,-0.001,0,0,,,,,,,,"E0:effect=6,aura=51,base=2,trigger=0;E1:effect=6,aura=561,base=14,trigger=0"
Shaman,Enhancement,16300,Shield Specialization,passive/talent,0,0,,,,-0.001,-0.001,0,0,,,,,,,,"E0:effect=6,aura=51,base=3,trigger=0;E1:effect=6,aura=561,base=19,trigger=0"
Shaman,Enhancement,16301,Shield Specialization,passive/talent,0,0,,,,-0.001,-0.001,0,0,,,,,,,,"E0:effect=6,aura=51,base=4,trigger=0;E1:effect=6,aura=561,base=24,trigger=0"
Shaman,Enhancement,16302,Thundering Strikes,damage,0,0,,,,-0.001,-0.001,0,0,,,,,,2,173555,"E0:effect=6,aura=52,base=1,trigger=0"
Shaman,Enhancement,16303,Thundering Strikes,damage,0,0,,,,-0.001,-0.001,0,0,,,,,,2,173555,"E0:effect=6,aura=52,base=2,trigger=0"
Shaman,Enhancement,16304,Thundering Strikes,damage,0,0,,,,-0.001,-0.001,0,0,,,,,,2,173555,"E0:effect=6,aura=52,base=3,trigger=0"
Shaman,Enhancement,16305,Thundering Strikes,damage,0,0,,,,-0.001,-0.001,0,0,,,,,,2,173555,"E0:effect=6,aura=52,base=4,trigger=0"
Shaman,Enhancement,16306,Toughness,utility/rank,0,0,,,,,,0,0,,,,,,,,"E0:effect=6,aura=142,base=3,trigger=0;E1:effect=6,aura=232,base=-21,trigger=0"
Shaman,Enhancement,16307,Toughness,utility/rank,0,0,,,,,,0,0,,,,,,,,"E0:effect=6,aura=142,base=5,trigger=0;E1:effect=6,aura=232,base=-31,trigger=0"
Shaman,Enhancement,16308,Toughness,utility/rank,0,0,,,,,,0,0,,,,,,,,"E0:effect=6,aura=142,base=7,trigger=0;E1:effect=6,aura=232,base=-41,trigger=0"
Shaman,Enhancement,16309,Toughness,utility/rank,0,0,,,,,,0,0,,,,,,,,"E0:effect=6,aura=142,base=9,trigger=0;E1:effect=6,aura=232,base=-51,trigger=0"
Shaman,Enhancement,16314,Rockbiter Weapon,utility/rank,0,0,1.5,0,0,,,0,0,type0:100,,,,,,,"E0:effect=3,aura=0,base=14,trigger=0"
Shaman,Enhancement,16315,Rockbiter Weapon,utility/rank,0,0,1.5,0,0,,,0,0,type0:125,,,,,,,"E0:effect=3,aura=0,base=27,trigger=0"
Shaman,Enhancement,16316,Rockbiter Weapon,utility/rank,0,0,1.5,0,0,,,0,0,type0:150,,,,,,,"E0:effect=3,aura=0,base=39,trigger=0"
Shaman,Enhancement,16339,Flametongue Weapon,utility/rank,0,0,1.5,0,0,,,0,0,type0:105,,,,,2,173555,"E0:effect=54,aura=0,base=1799,trigger=0"
Shaman,Enhancement,16341,Flametongue Weapon,utility/rank,0,0,1.5,0,0,,,0,0,type0:130,,,,,2,173555,"E0:effect=54,aura=0,base=1799,trigger=0"
Shaman,Enhancement,16342,Flametongue Weapon,utility/rank,0,0,1.5,0,0,,,0,0,type0:155,,,,,2,173555,"E0:effect=54,aura=0,base=1799,trigger=0"
Shaman,Enhancement,16355,Frostbrand Weapon,utility/rank,0,0,1.5,0,0,,,0,0,type0:135,,,,,2,173555,"E0:effect=54,aura=0,base=1799,trigger=0"
Shaman,Enhancement,16356,Frostbrand Weapon,utility/rank,0,0,1.5,0,0,,,0,0,type0:160,,,,,2,173555,"E0:effect=54,aura=0,base=1799,trigger=0"
Shaman,Enhancement,16362,Windfury Weapon,utility/rank,0,0,1.5,0,0,,,0,0,type0:165,,,,,2,173555,"E0:effect=54,aura=0,base=1799,trigger=0"
Shaman,Enhancement,16387,Flametongue Totem,utility/rank,0,0,1,0,0,120,120,0,0,type0:275,,,,,,,"E0:effect=28,aura=0,base=4,trigger=0"
Shaman,Enhancement,17364,Stormstrike,damage,0,0,1.5,10,0,12,12,0,5,type0:8%,,,,,2,173555,"E0:effect=6,aura=87,base=19,trigger=0;E1:effect=64,aura=0,base=0,trigger=32175;E2:effect=64,aura=0,base=-1,trigger=32176"
Shaman,Enhancement,17485,Ancestral Knowledge,passive/talent,0,0,,,,-0.001,-0.001,0,0,,,,,,,,"E0:effect=6,aura=132,base=0,trigger=0"
Shaman,Enhancement,17486,Ancestral Knowledge,passive/talent,0,0,,,,-0.001,-0.001,0,0,,,,,,,,"E0:effect=6,aura=132,base=1,trigger=0"
Shaman,Enhancement,17487,Ancestral Knowledge,passive/talent,0,0,,,,-0.001,-0.001,0,0,,,,,,,,"E0:effect=6,aura=132,base=2,trigger=0"
Shaman,Enhancement,17488,Ancestral Knowledge,passive/talent,0,0,,,,-0.001,-0.001,0,0,,,,,,,,"E0:effect=6,aura=132,base=3,trigger=0"
Shaman,Enhancement,17489,Ancestral Knowledge,passive/talent,0,0,,,,-0.001,-0.001,0,0,,,,,,,,"E0:effect=6,aura=132,base=4,trigger=0"
Shaman,Enhancement,25359,Grace of Air Totem,utility/rank,0,0,1,0,0,120,120,0,0,type0:310,,,,,,,"E0:effect=28,aura=0,base=4,trigger=0"
Shaman,Enhancement,25361,Strength of Earth Totem,utility/rank,0,0,1,0,0,120,120,0,0,type0:275,,,,,,,"E0:effect=28,aura=0,base=4,trigger=0"
Shaman,Enhancement,25469,Lightning Shield,utility/rank,0,0,1.5,0,0,600,600,0,0,type0:325,,,,,,,"E0:effect=6,aura=42,base=231,trigger=26545"
Shaman,Enhancement,25472,Lightning Shield,utility/rank,0,0,1.5,0,0,600,600,0,0,type0:400,,,,,,,"E0:effect=6,aura=42,base=286,trigger=26545"
Shaman,Enhancement,25479,Rockbiter Weapon,utility/rank,0,0,1.5,0,0,,,0,0,type0:170,,,,,,,"E1:effect=3,aura=0,base=48,trigger=0"
Shaman,Enhancement,25485,Rockbiter Weapon,utility/rank,0,0,1.5,0,0,,,0,0,type0:205,,,,,,,"E1:effect=3,aura=0,base=61,trigger=0"
Shaman,Enhancement,25489,Flametongue Weapon,utility/rank,0,0,1.5,0,0,,,0,0,type0:180,,,,,2,173555,"E0:effect=54,aura=0,base=1799,trigger=0"
Shaman,Enhancement,25500,Frostbrand Weapon,utility/rank,0,0,1.5,0,0,,,0,0,type0:185,,,,,2,173555,"E0:effect=54,aura=0,base=1799,trigger=0"
Shaman,Enhancement,25505,Windfury Weapon,utility/rank,0,0,1.5,0,0,,,0,0,type0:190,,,,,2,173555,"E0:effect=54,aura=0,base=1799,trigger=0"
Shaman,Enhancement,25508,Stoneskin Totem,utility/rank,0,0,1,0,0,120,120,0,0,type0:250,,,,,,,"E0:effect=28,aura=0,base=4,trigger=0"
Shaman,Enhancement,25509,Stoneskin Totem,utility/rank,0,0,1,0,0,120,120,0,0,type0:295,,,,,,,"E0:effect=28,aura=0,base=4,trigger=0"
Shaman,Enhancement,25528,Strength of Earth Totem,utility/rank,0,0,1,0,0,120,120,0,0,type0:300,,,,,,,"E0:effect=28,aura=0,base=4,trigger=0"
Shaman,Enhancement,25557,Flametongue Totem,utility/rank,0,0,1,0,0,120,120,0,0,type0:325,,,,,,,"E0:effect=28,aura=0,base=4,trigger=0"
Shaman,Enhancement,25560,Frost Resistance Totem,utility/rank,0,0,1,0,0,120,120,0,0,type0:235,,,,,,,"E0:effect=28,aura=0,base=4,trigger=0"
Shaman,Enhancement,25563,Fire Resistance Totem,utility/rank,0,0,1,0,0,120,120,0,0,type0:245,,,,,,,"E0:effect=28,aura=0,base=4,trigger=0"
Shaman,Enhancement,25574,Nature Resistance Totem,utility/rank,0,0,1,0,0,120,120,0,0,type0:245,,,,,,,"E0:effect=28,aura=0,base=4,trigger=0"
Shaman,Enhancement,25577,Windwall Totem,utility/rank,0,0,1,0,0,120,120,0,0,type0:265,,,,,,,"E0:effect=28,aura=0,base=4,trigger=0"
Shaman,Enhancement,25585,Windfury Totem,utility/rank,0,0,1,0,0,120,120,0,0,type0:275,,,,,,,"E0:effect=28,aura=0,base=4,trigger=0"
Shaman,Enhancement,25587,Windfury Totem,utility/rank,0,0,1,0,0,120,120,0,0,type0:325,,,,,,,"E0:effect=28,aura=0,base=4,trigger=0"
Shaman,Enhancement,26363,Lightning Shield,utility/rank,0,0,,,,,,0,100,,,,,,,,"E0:effect=2,aura=0,base=197,trigger=0"
Shaman,Enhancement,26364,Lightning Shield,utility/rank,0,0,,,,,,0,100,,,,,,,,"E0:effect=2,aura=0,base=12,trigger=0"
Shaman,Enhancement,26365,Lightning Shield,utility/rank,0,0,,,,,,0,100,,,,,,,,"E0:effect=2,aura=0,base=28,trigger=0"
Shaman,Enhancement,26366,Lightning Shield,utility/rank,0,0,,,,,,0,100,,,,,,,,"E0:effect=2,aura=0,base=50,trigger=0"
Shaman,Enhancement,26367,Lightning Shield,utility/rank,0,0,,,,,,0,100,,,,,,,,"E0:effect=2,aura=0,base=79,trigger=0"
Shaman,Enhancement,26369,Lightning Shield,utility/rank,0,0,,,,,,0,100,,,,,,,,"E0:effect=2,aura=0,base=113,trigger=0"
Shaman,Enhancement,26370,Lightning Shield,utility/rank,0,0,,,,,,0,100,,,,,,,,"E0:effect=2,aura=0,base=153,trigger=0"
Shaman,Enhancement,26371,Lightning Shield,utility/rank,0,0,,,,,,0,100,,,,,,,,"E0:effect=2,aura=0,base=231,trigger=0"
Shaman,Enhancement,26372,Lightning Shield,utility/rank,0,0,,,,,,0,100,,,,,,,,"E0:effect=2,aura=0,base=286,trigger=0"
Shaman,Enhancement,29079,Elemental Weapons,utility/rank,0,0,,,,-0.001,-0.001,0,0,,,,,,,,"E0:effect=6,aura=108,base=13,trigger=0;E1:effect=6,aura=108,base=9,trigger=0;E2:effect=6,aura=108,base=26,trigger=0"
Shaman,Enhancement,29080,Elemental Weapons,utility/rank,0,0,,,,-0.001,-0.001,0,0,,,,,,,,"E0:effect=6,aura=108,base=19,trigger=0;E1:effect=6,aura=108,base=14,trigger=0;E2:effect=6,aura=108,base=39,trigger=0"
Shaman,Enhancement,29082,Weapon Mastery,passive/talent,0,0,,,,,,0,0,,,,,,2,42035,"E0:effect=6,aura=79,base=1,trigger=0"
Shaman,Enhancement,29084,Weapon Mastery,passive/talent,0,0,,,,,,0,0,,,,,,2,42035,"E0:effect=6,aura=79,base=3,trigger=0"
Shaman,Enhancement,29086,Weapon Mastery,passive/talent,0,0,,,,,,0,0,,,,,,2,42035,"E0:effect=6,aura=79,base=5,trigger=0"
Shaman,Enhancement,29087,Weapon Mastery,passive/talent,0,0,,,,,,0,0,,,,,,2,42035,"E0:effect=6,aura=79,base=7,trigger=0"
Shaman,Enhancement,29088,Weapon Mastery,passive/talent,0,0,,,,,,0,0,,,,,,2,42035,"E0:effect=6,aura=79,base=9,trigger=0"
Shaman,Enhancement,29192,Improved Weapon Totems,passive/talent,0,0,,,,-0.001,-0.001,0,0,,,,,,,,"E0:effect=6,aura=4,base=14,trigger=0;E1:effect=6,aura=4,base=5,trigger=0"
Shaman,Enhancement,29193,Improved Weapon Totems,passive/talent,0,0,,,,-0.001,-0.001,0,0,,,,,,,,"E0:effect=6,aura=4,base=29,trigger=0;E1:effect=6,aura=4,base=11,trigger=0"
Shaman,Enhancement,30798,Dual Wield,utility/rank,0,0,,,,,,0,0,,,,,,,,"E0:effect=36,aura=0,base=0,trigger=674"
Shaman,Enhancement,30802,Unleashed Rage,utility/rank,0,0,,,,-0.001,-0.001,0,0,,,,,,,,"E0:effect=6,aura=42,base=-1,trigger=30803"
Shaman,Enhancement,30803,Unleashed Rage,utility/rank,0,0,,,,10,10,0,0,,,,,,,,"E0:effect=6,aura=166,base=1,trigger=0"
Shaman,Enhancement,30804,Unleashed Rage,utility/rank,0,0,,,,10,10,0,0,,,,,,,,"E0:effect=6,aura=166,base=3,trigger=0"
Shaman,Enhancement,30805,Unleashed Rage,utility/rank,0,0,,,,10,10,0,0,,,,,,,,"E0:effect=6,aura=166,base=5,trigger=0"
Shaman,Enhancement,30806,Unleashed Rage,utility/rank,0,0,,,,10,10,0,0,,,,,,,,"E0:effect=6,aura=166,base=7,trigger=0"
Shaman,Enhancement,30807,Unleashed Rage,utility/rank,0,0,,,,10,10,0,0,,,,,,,,"E0:effect=6,aura=166,base=9,trigger=0"
Shaman,Enhancement,30808,Unleashed Rage,utility/rank,0,0,,,,-0.001,-0.001,0,0,,,,,,,,"E0:effect=6,aura=42,base=-1,trigger=30804"
Shaman,Enhancement,30809,Unleashed Rage,utility/rank,0,0,,,,-0.001,-0.001,0,0,,,,,,,,"E0:effect=6,aura=42,base=-1,trigger=30805"
Shaman,Enhancement,30810,Unleashed Rage,utility/rank,0,0,,,,-0.001,-0.001,0,0,,,,,,,,"E0:effect=6,aura=42,base=-1,trigger=30806"
Shaman,Enhancement,30811,Unleashed Rage,utility/rank,0,0,,,,-0.001,-0.001,0,0,,,,,,,,"E0:effect=6,aura=42,base=-1,trigger=30807"
Shaman,Enhancement,30812,Mental Quickness,utility/rank,0,0,,,,,,0,0,,,,,,,,"E0:effect=6,aura=108,base=-3,trigger=0;E1:effect=6,aura=589,base=9,trigger=0;E2:effect=6,aura=590,base=9,trigger=0"
Shaman,Enhancement,30813,Mental Quickness,utility/rank,0,0,,,,,,0,0,,,,,,,,"E0:effect=6,aura=108,base=-5,trigger=0;E1:effect=6,aura=589,base=19,trigger=0;E2:effect=6,aura=590,base=19,trigger=0"
Shaman,Enhancement,30814,Mental Quickness,utility/rank,0,0,,,,,,0,0,,,,,,,,"E0:effect=6,aura=108,base=-7,trigger=0;E1:effect=6,aura=589,base=29,trigger=0;E2:effect=6,aura=590,base=29,trigger=0"
Shaman,Enhancement,30816,Dual Wield Specialization,passive/talent,0,0,,,,-0.001,-0.001,0,0,,,,,,,,"E0:effect=6,aura=54,base=1,trigger=0"
Shaman,Enhancement,30818,Dual Wield Specialization,passive/talent,0,0,,,,-0.001,-0.001,0,0,,,,,,,,"E0:effect=6,aura=54,base=3,trigger=0"
Shaman,Enhancement,30819,Dual Wield Specialization,passive/talent,0,0,,,,-0.001,-0.001,0,0,,,,,,,,"E0:effect=6,aura=54,base=5,trigger=0"
Shaman,Enhancement,30823,Shamanistic Rage,utility/rank,0,0,1.5,120,0,15,15,0,0,,,,,,,,"E0:effect=6,aura=42,base=29,trigger=30824;E1:effect=6,aura=87,base=-31,trigger=0"
Shaman,Enhancement,30824,Shamanistic Rage,utility/rank,0,0,,,,,,0,0,,,,,,,,"E0:effect=30,aura=0,base=-1,trigger=0"
Shaman,Enhancement,32175,Stormstrike,damage,0,0,,,,,,0,5,,,,,,2,173107,"E0:effect=58,aura=0,base=0,trigger=0"
Shaman,Enhancement,32176,Stormstrike,damage,0,0,,,,,,0,5,,,,,,2,40977,"E0:effect=58,aura=0,base=0,trigger=0"
Shaman,Enhancement,32182,Heroism,utility/rank,0,0,1.5,600,0,40,40,0,0,type0:750,,,,,,,"E0:effect=6,aura=192,base=29,trigger=0;E1:effect=6,aura=61,base=29,trigger=0;E2:effect=6,aura=65,base=29,trigger=0"
Shaman,Enhancement,36591,Spirit Weapons,utility/rank,0,0,,,,,,0,0,,,,,,2,173555,"E1:effect=6,aura=10,base=-31,trigger=0"
Shaman,Enhancement,43338,Shamanistic Focus,passive/talent,0,0,,,,-0.001,-0.001,0,0,,,,,,,,"E0:effect=6,aura=42,base=-1,trigger=43339"
Shaman,Enhancement,43339,Focused,passive/talent,0,0,,,,15,15,0,100,,,,,,,,"E0:effect=6,aura=108,base=-61,trigger=0"
Shaman,Restoration,331,Healing Wave,healing,1.5,1.5,1.5,0,0,,,0,40,type0:25,,,,,,,"E0:effect=10,aura=0,base=33,trigger=0"
Shaman,Restoration,332,Healing Wave,healing,2,2,1.5,0,0,,,0,40,type0:45,,,,,,,"E0:effect=10,aura=0,base=63,trigger=0"
Shaman,Restoration,379,Earth Shield,healing,0,0,,,,,,0,50000,,,,,,,,"E0:effect=10,aura=0,base=-1,trigger=0"
Shaman,Restoration,526,Cure Poison,utility/rank,0,0,1.5,0,0,,,0,40,type0:7%,,,,,,,"E0:effect=38,aura=0,base=0,trigger=0"
Shaman,Restoration,547,Healing Wave,healing,2.5,2.5,1.5,0,0,,,0,40,type0:80,,,,,,,"E0:effect=10,aura=0,base=128,trigger=0"
Shaman,Restoration,913,Healing Wave,healing,3,3,1.5,0,0,,,0,40,type0:155,,,,,,,"E0:effect=10,aura=0,base=267,trigger=0"
Shaman,Restoration,939,Healing Wave,healing,3,3,1.5,0,0,,,0,40,type0:200,,,,,,,"E0:effect=10,aura=0,base=375,trigger=0"
Shaman,Restoration,959,Healing Wave,healing,3,3,1.5,0,0,,,0,40,type0:265,,,,,,,"E0:effect=10,aura=0,base=535,trigger=0"
Shaman,Restoration,974,Earth Shield,healing,0,0,1.5,0,0,600,600,0,40,type0:300,,,,,,,"E0:effect=6,aura=4,base=149,trigger=0;E1:effect=6,aura=149,base=29,trigger=0"
Shaman,Restoration,1064,Chain Heal,healing,2.5,2.5,1.5,0,0,,,0,40,type0:260,,,,,,,"E0:effect=10,aura=0,base=319,trigger=0"
Shaman,Restoration,2008,Ancestral Spirit,utility/rank,10,10,1.5,0,0,,,0,30,type0:72%,,,,,,,"E0:effect=329,aura=0,base=64,trigger=0"
Shaman,Restoration,2870,Cure Disease,utility/rank,0,0,1.5,0,0,,,0,40,type0:7%,,,,,,,"E0:effect=38,aura=0,base=0,trigger=0"
Shaman,Restoration,5394,Healing Stream Totem,healing,0,0,1,0,0,120,120,0,0,type0:40,,,,,,,"E0:effect=28,aura=0,base=4,trigger=0"
Shaman,Restoration,5675,Mana Spring Totem,utility/rank,0,0,1,0,0,120,120,0,0,type0:40,,,,,,,"E0:effect=28,aura=0,base=4,trigger=0"
Shaman,Restoration,6375,Healing Stream Totem,healing,0,0,1,0,0,120,120,0,0,type0:50,,,,,,,"E0:effect=28,aura=0,base=4,trigger=0"
Shaman,Restoration,6377,Healing Stream Totem,healing,0,0,1,0,0,120,120,0,0,type0:60,,,,,,,"E0:effect=28,aura=0,base=4,trigger=0"
Shaman,Restoration,8004,Lesser Healing Wave,healing,1.5,1.5,1.5,0,0,,,0,40,type0:105,,,,,,,"E0:effect=10,aura=0,base=161,trigger=0"
Shaman,Restoration,8005,Healing Wave,healing,3,3,1.5,0,0,,,0,40,type0:340,,,,,,,"E0:effect=10,aura=0,base=739,trigger=0"
Shaman,Restoration,8008,Lesser Healing Wave,healing,1.5,1.5,1.5,0,0,,,0,40,type0:145,,,,,,,"E0:effect=10,aura=0,base=246,trigger=0"
Shaman,Restoration,8010,Lesser Healing Wave,healing,1.5,1.5,1.5,0,0,,,0,40,type0:185,,,,,,,"E0:effect=10,aura=0,base=336,trigger=0"
Shaman,Restoration,8143,Tremor Totem,utility/rank,0,0,1,0,0,120,120,0,0,type0:60,,,,,,,"E0:effect=28,aura=0,base=4,trigger=0"
Shaman,Restoration,8166,Poison Cleansing Totem,utility/rank,0,0,1,0,0,120,120,0,0,type0:8%,,,,,,,"E0:effect=28,aura=0,base=4,trigger=0"
Shaman,Restoration,8170,Disease Cleansing Totem,utility/rank,0,0,1,0,0,120,120,0,0,type0:8%,,,,,,,"E0:effect=28,aura=0,base=4,trigger=0"
Shaman,Restoration,10395,Healing Wave,healing,3,3,1.5,0,0,,,0,40,type0:440,,,,,,,"E0:effect=10,aura=0,base=1016,trigger=0"
Shaman,Restoration,10396,Healing Wave,healing,3,3,1.5,0,0,,,0,40,type0:560,,,,,,,"E0:effect=10,aura=0,base=1366,trigger=0"
Shaman,Restoration,10462,Healing Stream Totem,healing,0,0,1,0,0,120,120,0,0,type0:70,,,,,,,"E0:effect=28,aura=0,base=4,trigger=0"
Shaman,Restoration,10463,Healing Stream Totem,healing,0,0,1,0,0,120,120,0,0,type0:80,,,,,,,"E0:effect=28,aura=0,base=4,trigger=0"
Shaman,Restoration,10466,Lesser Healing Wave,healing,1.5,1.5,1.5,0,0,,,0,40,type0:235,,,,,,,"E0:effect=10,aura=0,base=457,trigger=0"
Shaman,Restoration,10467,Lesser Healing Wave,healing,1.5,1.5,1.5,0,0,,,0,40,type0:305,,,,,,,"E0:effect=10,aura=0,base=630,trigger=0"
Shaman,Restoration,10468,Lesser Healing Wave,healing,1.5,1.5,1.5,0,0,,,0,40,type0:380,,,,,,,"E0:effect=10,aura=0,base=831,trigger=0"
Shaman,Restoration,10495,Mana Spring Totem,utility/rank,0,0,1,0,0,120,120,0,0,type0:60,,,,,,,"E0:effect=28,aura=0,base=4,trigger=0"
Shaman,Restoration,10496,Mana Spring Totem,utility/rank,0,0,1,0,0,120,120,0,0,type0:80,,,,,,,"E0:effect=28,aura=0,base=4,trigger=0"
Shaman,Restoration,10497,Mana Spring Totem,utility/rank,0,0,1,0,0,120,120,0,0,type0:100,,,,,,,"E0:effect=28,aura=0,base=4,trigger=0"
Shaman,Restoration,10622,Chain Heal,healing,2.5,2.5,1.5,0,0,,,0,40,type0:315,,,,,,,"E0:effect=10,aura=0,base=404,trigger=0"
Shaman,Restoration,10623,Chain Heal,healing,2.5,2.5,1.5,0,0,,,0,40,type0:405,,,,,,,"E0:effect=10,aura=0,base=550,trigger=0"
Shaman,Restoration,16173,Totemic Focus,passive/talent,0,0,,,,-0.001,-0.001,0,0,,,,,,,,"E0:effect=6,aura=108,base=-6,trigger=0"
Shaman,Restoration,16176,Ancestral Healing,healing,0,0,,,,-0.001,-0.001,0,0,,,,,,,,"E0:effect=6,aura=42,base=-1,trigger=16177"
Shaman,Restoration,16177,Ancestral Fortitude,utility/rank,0,0,,,,15,15,0,0,,,,,,,,"E0:effect=6,aura=101,base=7,trigger=0"
Shaman,Restoration,16178,Purification,utility/rank,0,0,,,,-0.001,-0.001,0,0,,,,,,,,"E0:effect=6,aura=136,base=1,trigger=0"
Shaman,Restoration,16179,Tidal Focus,passive/talent,0,0,,,,-0.001,-0.001,0,0,,,,,,,,"E0:effect=6,aura=108,base=-2,trigger=0"
Shaman,Restoration,16180,Nature's Guidance,passive/talent,0,0,,,,-0.001,-0.001,0,0,,,,,,,,"E0:effect=6,aura=54,base=0,trigger=0;E1:effect=6,aura=55,base=0,trigger=0"
Shaman,Restoration,16181,Healing Focus,healing,0,0,,,,-0.001,-0.001,0,0,,,,,,,,"E0:effect=6,aura=108,base=13,trigger=0"
Shaman,Restoration,16182,Improved Healing Wave,healing,0,0,,,,-0.001,-0.001,0,0,,,,,,,,"E0:effect=6,aura=107,base=-101,trigger=0"
Shaman,Restoration,16184,Improved Reincarnation,passive/talent,0,0,,,,-0.001,-0.001,0,0,,,,,,,,"E0:effect=6,aura=107,base=-600001,trigger=0;E1:effect=6,aura=107,base=9,trigger=0"
Shaman,Restoration,16187,Restorative Totems,utility/rank,0,0,,,,-0.001,-0.001,0,0,,,,,,,,"E0:effect=6,aura=108,base=4,trigger=0;E1:effect=6,aura=108,base=4,trigger=0"
Shaman,Restoration,16188,Nature's Swiftness,utility/rank,0,0,0,180,0,-0.001,-0.001,0,0,,,,,,,,"E0:effect=6,aura=108,base=-101,trigger=0"
Shaman,Restoration,16189,Totemic Mastery,passive/talent,0,0,,,,,,0,0,,,,,,,,"E0:effect=6,aura=107,base=9,trigger=0"
Shaman,Restoration,16190,Mana Tide Totem,utility/rank,0,0,1,0,300,13,13,0,0,type0:3%,,,,,,,"E0:effect=28,aura=0,base=4,trigger=0"
Shaman,Restoration,16194,Tidal Mastery,passive/talent,0,0,,,,-0.001,-0.001,0,0,,,,,,,,"E0:effect=6,aura=107,base=0,trigger=0"
Shaman,Restoration,16196,Nature's Guidance,passive/talent,0,0,,,,-0.001,-0.001,0,0,,,,,,,,"E0:effect=6,aura=54,base=1,trigger=0;E1:effect=6,aura=55,base=1,trigger=0"
Shaman,Restoration,16198,Nature's Guidance,passive/talent,0,0,,,,-0.001,-0.001,0,0,,,,,,,,"E0:effect=6,aura=54,base=2,trigger=0;E1:effect=6,aura=55,base=2,trigger=0"
Shaman,Restoration,16205,Restorative Totems,utility/rank,0,0,,,,-0.001,-0.001,0,0,,,,,,,,"E0:effect=6,aura=108,base=9,trigger=0;E1:effect=6,aura=108,base=9,trigger=0"
Shaman,Restoration,16206,Restorative Totems,utility/rank,0,0,,,,-0.001,-0.001,0,0,,,,,,,,"E0:effect=6,aura=108,base=14,trigger=0;E1:effect=6,aura=108,base=14,trigger=0"
Shaman,Restoration,16207,Restorative Totems,utility/rank,0,0,,,,-0.001,-0.001,0,0,,,,,,,,"E0:effect=6,aura=108,base=19,trigger=0;E1:effect=6,aura=108,base=19,trigger=0"
Shaman,Restoration,16208,Restorative Totems,utility/rank,0,0,,,,-0.001,-0.001,0,0,,,,,,,,"E0:effect=6,aura=108,base=24,trigger=0;E1:effect=6,aura=108,base=24,trigger=0"
Shaman,Restoration,16209,Improved Reincarnation,passive/talent,0,0,,,,-0.001,-0.001,0,0,,,,,,,,"E0:effect=6,aura=107,base=-1200001,trigger=0;E1:effect=6,aura=107,base=19,trigger=0"
Shaman,Restoration,16210,Purification,utility/rank,0,0,,,,-0.001,-0.001,0,0,,,,,,,,"E0:effect=6,aura=136,base=3,trigger=0"
Shaman,Restoration,16211,Purification,utility/rank,0,0,,,,-0.001,-0.001,0,0,,,,,,,,"E0:effect=6,aura=136,base=5,trigger=0"
Shaman,Restoration,16212,Purification,utility/rank,0,0,,,,-0.001,-0.001,0,0,,,,,,,,"E0:effect=6,aura=136,base=7,trigger=0"
Shaman,Restoration,16213,Purification,utility/rank,0,0,,,,-0.001,-0.001,0,0,,,,,,,,"E0:effect=6,aura=136,base=9,trigger=0"
Shaman,Restoration,16214,Tidal Focus,passive/talent,0,0,,,,-0.001,-0.001,0,0,,,,,,,,"E0:effect=6,aura=108,base=-3,trigger=0"
Shaman,Restoration,16215,Tidal Focus,passive/talent,0,0,,,,-0.001,-0.001,0,0,,,,,,,,"E0:effect=6,aura=108,base=-4,trigger=0"
Shaman,Restoration,16216,Tidal Focus,passive/talent,0,0,,,,-0.001,-0.001,0,0,,,,,,,,"E0:effect=6,aura=108,base=-5,trigger=0"
Shaman,Restoration,16217,Tidal Focus,passive/talent,0,0,,,,-0.001,-0.001,0,0,,,,,,,,"E0:effect=6,aura=108,base=-6,trigger=0"
Shaman,Restoration,16218,Tidal Mastery,passive/talent,0,0,,,,-0.001,-0.001,0,0,,,,,,,,"E0:effect=6,aura=107,base=1,trigger=0"
Shaman,Restoration,16219,Tidal Mastery,passive/talent,0,0,,,,-0.001,-0.001,0,0,,,,,,,,"E0:effect=6,aura=107,base=2,trigger=0"
Shaman,Restoration,16220,Tidal Mastery,passive/talent,0,0,,,,-0.001,-0.001,0,0,,,,,,,,"E0:effect=6,aura=107,base=3,trigger=0"
Shaman,Restoration,16221,Tidal Mastery,passive/talent,0,0,,,,-0.001,-0.001,0,0,,,,,,,,"E0:effect=6,aura=107,base=4,trigger=0"
Shaman,Restoration,16222,Totemic Focus,passive/talent,0,0,,,,-0.001,-0.001,0,0,,,,,,,,"E0:effect=6,aura=108,base=-11,trigger=0"
Shaman,Restoration,16223,Totemic Focus,passive/talent,0,0,,,,-0.001,-0.001,0,0,,,,,,,,"E0:effect=6,aura=108,base=-16,trigger=0"
Shaman,Restoration,16224,Totemic Focus,passive/talent,0,0,,,,-0.001,-0.001,0,0,,,,,,,,"E0:effect=6,aura=108,base=-21,trigger=0"
Shaman,Restoration,16225,Totemic Focus,passive/talent,0,0,,,,-0.001,-0.001,0,0,,,,,,,,"E0:effect=6,aura=108,base=-26,trigger=0"
Shaman,Restoration,16226,Improved Healing Wave,healing,0,0,,,,-0.001,-0.001,0,0,,,,,,,,"E0:effect=6,aura=107,base=-201,trigger=0"
Shaman,Restoration,16227,Improved Healing Wave,healing,0,0,,,,-0.001,-0.001,0,0,,,,,,,,"E0:effect=6,aura=107,base=-301,trigger=0"
Shaman,Restoration,16228,Improved Healing Wave,healing,0,0,,,,-0.001,-0.001,0,0,,,,,,,,"E0:effect=6,aura=107,base=-401,trigger=0"
Shaman,Restoration,16229,Improved Healing Wave,healing,0,0,,,,-0.001,-0.001,0,0,,,,,,,,"E0:effect=6,aura=107,base=-501,trigger=0"
Shaman,Restoration,16230,Healing Focus,healing,0,0,,,,-0.001,-0.001,0,0,,,,,,,,"E0:effect=6,aura=108,base=27,trigger=0"
Shaman,Restoration,16232,Healing Focus,healing,0,0,,,,-0.001,-0.001,0,0,,,,,,,,"E0:effect=6,aura=108,base=41,trigger=0"
Shaman,Restoration,16233,Healing Focus,healing,0,0,,,,-0.001,-0.001,0,0,,,,,,,,"E0:effect=6,aura=108,base=55,trigger=0"
Shaman,Restoration,16234,Healing Focus,healing,0,0,,,,-0.001,-0.001,0,0,,,,,,,,"E0:effect=6,aura=108,base=69,trigger=0"
Shaman,Restoration,16235,Ancestral Healing,healing,0,0,,,,-0.001,-0.001,0,0,,,,,,,,"E0:effect=6,aura=42,base=-1,trigger=16236"
Shaman,Restoration,16236,Ancestral Fortitude,utility/rank,0,0,,,,15,15,0,0,,,,,,,,"E0:effect=6,aura=101,base=15,trigger=0"
Shaman,Restoration,16237,Ancestral Fortitude,utility/rank,0,0,,,,15,15,0,0,,,,,,,,"E0:effect=6,aura=101,base=24,trigger=0"
Shaman,Restoration,16240,Ancestral Healing,healing,0,0,,,,-0.001,-0.001,0,0,,,,,,,,"E0:effect=6,aura=42,base=-1,trigger=16237"
Shaman,Restoration,20608,Reincarnation,utility/rank,0,0,0,0,3600,-0.001,-0.001,0,0,,,,,17030,,,"E0:effect=6,aura=4,base=0,trigger=0"
Shaman,Restoration,20609,Ancestral Spirit,utility/rank,10,10,1.5,0,0,,,0,30,type0:72%,,,,,,,"E0:effect=329,aura=0,base=149,trigger=0"
Shaman,Restoration,20610,Ancestral Spirit,utility/rank,10,10,1.5,0,0,,,0,30,type0:72%,,,,,,,"E0:effect=329,aura=0,base=249,trigger=0"
Shaman,Restoration,20776,Ancestral Spirit,utility/rank,10,10,1.5,0,0,,,0,30,type0:72%,,,,,,,"E0:effect=329,aura=0,base=399,trigger=0"
Shaman,Restoration,20777,Ancestral Spirit,utility/rank,10,10,1.5,0,0,,,0,30,type0:72%,,,,,,,"E0:effect=329,aura=0,base=599,trigger=0"
Shaman,Restoration,21169,Reincarnation,utility/rank,0,0,0,0,3600,,,0,0,,0,0,,17030,,,"E0:effect=94,aura=0,base=19,trigger=0"
Shaman,Restoration,24398,Water Shield,utility/rank,0,0,1.5,0,0,600,600,0,0,,,,,,,,"E0:effect=6,aura=42,base=169,trigger=23575;E1:effect=6,aura=85,base=42,trigger=0"
Shaman,Restoration,25357,Healing Wave,healing,3,3,1.5,0,0,,,0,40,type0:620,,,,,,,"E0:effect=10,aura=0,base=1619,trigger=0"
Shaman,Restoration,25391,Healing Wave,healing,3,3,1.5,0,0,,,0,40,type0:655,,,,,,,"E0:effect=10,aura=0,base=1724,trigger=0"
Shaman,Restoration,25396,Healing Wave,healing,3,3,1.5,0,0,,,0,40,type0:720,,,,,,,"E0:effect=10,aura=0,base=2133,trigger=0"
Shaman,Restoration,25420,Lesser Healing Wave,healing,1.5,1.5,1.5,0,0,,,0,40,type0:440,,,,,,,"E0:effect=10,aura=0,base=1038,trigger=0"
Shaman,Restoration,25422,Chain Heal,healing,2.5,2.5,1.5,0,0,,,0,40,type0:435,,,,,,,"E0:effect=10,aura=0,base=604,trigger=0"
Shaman,Restoration,25423,Chain Heal,healing,2.5,2.5,1.5,0,0,,,0,40,type0:540,,,,,,,"E0:effect=10,aura=0,base=825,trigger=0"
Shaman,Restoration,25567,Healing Stream Totem,healing,0,0,1,0,0,120,120,0,0,type0:95,,,,,,,"E0:effect=28,aura=0,base=4,trigger=0"
Shaman,Restoration,25570,Mana Spring Totem,utility/rank,0,0,1,0,0,120,120,0,0,type0:120,,,,,,,"E0:effect=28,aura=0,base=4,trigger=0"
Shaman,Restoration,25908,Tranquil Air Totem,utility/rank,0,0,1,0,0,120,120,0,0,type0:6%,,,,,,,"E0:effect=28,aura=0,base=4,trigger=0"
Shaman,Restoration,29187,Healing Grace,healing,0,0,,,,,,0,0,,,,,,,,"E0:effect=6,aura=108,base=-6,trigger=0;E1:effect=6,aura=107,base=9,trigger=0"
Shaman,Restoration,29189,Healing Grace,healing,0,0,,,,,,0,0,,,,,,,,"E0:effect=6,aura=108,base=-11,trigger=0;E1:effect=6,aura=107,base=19,trigger=0"
Shaman,Restoration,29191,Healing Grace,healing,0,0,,,,,,0,0,,,,,,,,"E0:effect=6,aura=108,base=-16,trigger=0;E1:effect=6,aura=107,base=29,trigger=0"
Shaman,Restoration,29202,Healing Way,healing,0,0,,,,-0.001,-0.001,0,0,,,,,,,,"E0:effect=6,aura=109,base=99,trigger=29203"
Shaman,Restoration,29203,Healing Way,healing,0,0,,,,15,15,0,100,,,,,,,,"E0:effect=6,aura=4,base=5,trigger=0"
Shaman,Restoration,29205,Healing Way,healing,0,0,,,,-0.001,-0.001,0,0,,,,,,,,"E0:effect=6,aura=109,base=65,trigger=29203"
Shaman,Restoration,29206,Healing Way,healing,0,0,,,,-0.001,-0.001,0,0,,,,,,,,"E0:effect=6,aura=109,base=32,trigger=29203"
Shaman,Restoration,30864,Focused Mind,passive/talent,0,0,,,,-0.001,-0.001,0,0,,,,,,,,"E0:effect=6,aura=234,base=-11,trigger=0;E1:effect=6,aura=234,base=-11,trigger=0"
Shaman,Restoration,30865,Focused Mind,passive/talent,0,0,,,,-0.001,-0.001,0,0,,,,,,,,"E0:effect=6,aura=234,base=-21,trigger=0;E1:effect=6,aura=234,base=-21,trigger=0"
Shaman,Restoration,30866,Focused Mind,passive/talent,0,0,,,,-0.001,-0.001,0,0,,,,,,,,"E0:effect=6,aura=234,base=-31,trigger=0;E1:effect=6,aura=234,base=-31,trigger=0"
Shaman,Restoration,30867,Nature's Blessing,utility/rank,0,0,,,,-0.001,-0.001,0,0,,,,,,,,"E0:effect=6,aura=174,base=9,trigger=0;E1:effect=6,aura=175,base=9,trigger=0"
Shaman,Restoration,30868,Nature's Blessing,utility/rank,0,0,,,,-0.001,-0.001,0,0,,,,,,,,"E0:effect=6,aura=174,base=19,trigger=0;E1:effect=6,aura=175,base=19,trigger=0"
Shaman,Restoration,30869,Nature's Blessing,utility/rank,0,0,,,,-0.001,-0.001,0,0,,,,,,,,"E0:effect=6,aura=174,base=29,trigger=0;E1:effect=6,aura=175,base=29,trigger=0"
Shaman,Restoration,30872,Improved Chain Heal,healing,0,0,,,,-0.001,-0.001,0,0,,,,,,,,"E0:effect=6,aura=108,base=9,trigger=0"
Shaman,Restoration,30873,Improved Chain Heal,healing,0,0,,,,-0.001,-0.001,0,0,,,,,,,,"E0:effect=6,aura=108,base=19,trigger=0"
Shaman,Restoration,30874,Gift of the Water Spirit,utility/rank,0,0,1.5,300,0,10,10,0,0,,,,,,,,"E0:effect=6,aura=20,base=4,trigger=0;E1:effect=6,aura=21,base=4,trigger=0"
Shaman,Restoration,30881,Nature's Guardian,utility/rank,0,0,,,,-0.001,-0.001,0,0,,,,,,,,"E0:effect=6,aura=42,base=9,trigger=18350"
Shaman,Restoration,30883,Nature's Guardian,utility/rank,0,0,,,,-0.001,-0.001,0,0,,,,,,,,"E0:effect=6,aura=42,base=9,trigger=18350"
Shaman,Restoration,30884,Nature's Guardian,utility/rank,0,0,,,,-0.001,-0.001,0,0,,,,,,,,"E0:effect=6,aura=42,base=9,trigger=18350"
Shaman,Restoration,30885,Nature's Guardian,utility/rank,0,0,,,,-0.001,-0.001,0,0,,,,,,,,"E0:effect=6,aura=42,base=9,trigger=18350"
Shaman,Restoration,30886,Nature's Guardian,utility/rank,0,0,,,,-0.001,-0.001,0,0,,,,,,,,"E0:effect=6,aura=42,base=9,trigger=18350"
Shaman,Restoration,32593,Earth Shield,healing,0,0,1.5,0,0,600,600,0,40,type0:375,,,,,,,"E0:effect=6,aura=4,base=204,trigger=0;E1:effect=6,aura=149,base=29,trigger=0"
Shaman,Restoration,32594,Earth Shield,healing,0,0,1.5,0,0,600,600,0,40,type0:450,,,,,,,"E0:effect=6,aura=4,base=269,trigger=0;E1:effect=6,aura=149,base=29,trigger=0"
Shaman,Restoration,33736,Water Shield,utility/rank,0,0,1.5,0,0,600,600,0,0,,,,,,,,"E0:effect=6,aura=42,base=199,trigger=33737;E1:effect=6,aura=85,base=49,trigger=0"
Shaman,Restoration,36936,Totemic Call,utility/rank,0,0,1.5,0,0,,,0,0,,,,,,,,"E0:effect=110,aura=0,base=24,trigger=0"
Shaman,Elemental Combat,370,Purge,pvp-control,0,0,1.5,0,0,,,0,30,type0:8%,,,,,,,"E0:effect=38,aura=0,base=0,trigger=0"
Shaman,Elemental Combat,403,Lightning Bolt,damage,1.5,1.5,1.5,0,0,,,0,30,type0:15,,,,,,,"E0:effect=2,aura=0,base=12,trigger=0"
Shaman,Elemental Combat,421,Chain Lightning,utility/rank,2,2,1.5,0,6,,,0,30,type0:255,,,,,,,"E0:effect=2,aura=0,base=190,trigger=0"
Shaman,Elemental Combat,529,Lightning Bolt,damage,2,2,1.5,0,0,,,0,30,type0:25,,,,,,,"E0:effect=2,aura=0,base=25,trigger=0"
Shaman,Elemental Combat,548,Lightning Bolt,damage,2.5,2.5,1.5,0,0,,,0,30,type0:40,,,,,,,"E0:effect=2,aura=0,base=44,trigger=0"
Shaman,Elemental Combat,915,Lightning Bolt,damage,2.5,2.5,1.5,0,0,,,0,30,type0:70,,,,,,,"E0:effect=2,aura=0,base=82,trigger=0"
Shaman,Elemental Combat,930,Chain Lightning,utility/rank,2,2,1.5,0,6,,,0,30,type0:345,,,,,,,"E0:effect=2,aura=0,base=276,trigger=0"
Shaman,Elemental Combat,943,Lightning Bolt,damage,2.5,2.5,1.5,0,0,,,0,30,type0:95,,,,,,,"E0:effect=2,aura=0,base=124,trigger=0"
Shaman,Elemental Combat,1535,Fire Nova Totem,utility/rank,0,0,1,0,15,5,5,0,0,type0:95,,,,,,,"E0:effect=28,aura=0,base=4,trigger=0"
Shaman,Elemental Combat,2484,Earthbind Totem,utility/rank,0,0,1,15,0,45,45,0,0,type0:5%,,,,,,,"E0:effect=28,aura=0,base=4,trigger=0"
Shaman,Elemental Combat,2860,Chain Lightning,utility/rank,2,2,1.5,0,6,,,0,30,type0:445,,,,,,,"E0:effect=2,aura=0,base=377,trigger=0"
Shaman,Elemental Combat,2894,Fire Elemental Totem,utility/rank,0,0,1,1200,120,120,120,0,0,type0:680,,,,,,,"E0:effect=28,aura=0,base=3887,trigger=0"
Shaman,Elemental Combat,3599,Searing Totem,utility/rank,0,0,1,0,0,30,30,0,0,type0:25,,,,,,,"E0:effect=28,aura=0,base=4,trigger=0"
Shaman,Elemental Combat,5730,Stoneclaw Totem,utility/rank,0,0,1,0,30,15,15,0,0,type0:15,,,,,,,"E0:effect=28,aura=0,base=49,trigger=0"
Shaman,Elemental Combat,6041,Lightning Bolt,damage,2.5,2.5,1.5,0,0,,,0,30,type0:125,,,,,,,"E0:effect=2,aura=0,base=171,trigger=0"
Shaman,Elemental Combat,6363,Searing Totem,utility/rank,0,0,1,0,0,35,35,0,0,type0:45,,,,,,,"E0:effect=28,aura=0,base=4,trigger=0"
Shaman,Elemental Combat,6364,Searing Totem,utility/rank,0,0,1,0,0,40,40,0,0,type0:75,,,,,,,"E0:effect=28,aura=0,base=4,trigger=0"
Shaman,Elemental Combat,6365,Searing Totem,utility/rank,0,0,1,0,0,45,45,0,0,type0:110,,,,,,,"E0:effect=28,aura=0,base=4,trigger=0"
Shaman,Elemental Combat,6390,Stoneclaw Totem,utility/rank,0,0,1,0,30,15,15,0,0,type0:30,,,,,,,"E0:effect=28,aura=0,base=149,trigger=0"
Shaman,Elemental Combat,6391,Stoneclaw Totem,utility/rank,0,0,1,0,30,15,15,0,0,type0:55,,,,,,,"E0:effect=28,aura=0,base=219,trigger=0"
Shaman,Elemental Combat,6392,Stoneclaw Totem,utility/rank,0,0,1,0,30,15,15,0,0,type0:75,,,,,,,"E0:effect=28,aura=0,base=279,trigger=0"
Shaman,Elemental Combat,8012,Purge,pvp-control,0,0,1.5,0,0,,,0,30,type0:8%,,,,,,,"E0:effect=38,aura=0,base=1,trigger=0"
Shaman,Elemental Combat,8042,Earth Shock,utility/rank,0,0,1.5,0,6,2,2,0,20,type0:30,,,,,,,"E0:effect=68,aura=0,base=0,trigger=0;E1:effect=2,aura=0,base=16,trigger=0"
Shaman,Elemental Combat,8044,Earth Shock,utility/rank,0,0,1.5,0,6,2,2,0,20,type0:50,,,,,,,"E0:effect=68,aura=0,base=0,trigger=0;E1:effect=2,aura=0,base=31,trigger=0"
Shaman,Elemental Combat,8045,Earth Shock,utility/rank,0,0,1.5,0,6,2,2,0,20,type0:85,,,,,,,"E0:effect=68,aura=0,base=0,trigger=0;E1:effect=2,aura=0,base=59,trigger=0"
Shaman,Elemental Combat,8046,Earth Shock,utility/rank,0,0,1.5,0,6,2,2,0,20,type0:145,,,,,,,"E0:effect=68,aura=0,base=0,trigger=0;E1:effect=2,aura=0,base=118,trigger=0"
Shaman,Elemental Combat,8050,Flame Shock,utility/rank,0,0,1.5,0,6,12,12,0,20,type0:55,,,,,,,"E0:effect=2,aura=0,base=20,trigger=0;E1:effect=6,aura=3,base=6,trigger=0"
Shaman,Elemental Combat,8052,Flame Shock,utility/rank,0,0,1.5,0,6,12,12,0,20,type0:95,,,,,,,"E0:effect=2,aura=0,base=44,trigger=0;E1:effect=6,aura=3,base=11,trigger=0"
Shaman,Elemental Combat,8053,Flame Shock,utility/rank,0,0,1.5,0,6,12,12,0,20,type0:160,,,,,,,"E0:effect=2,aura=0,base=85,trigger=0;E1:effect=6,aura=3,base=23,trigger=0"
Shaman,Elemental Combat,8056,Frost Shock,utility/rank,0,0,1.5,0,6,8,8,0,20,type0:115,,,,,,,"E0:effect=6,aura=33,base=-51,trigger=0;E1:effect=2,aura=0,base=88,trigger=0"
Shaman,Elemental Combat,8058,Frost Shock,utility/rank,0,0,1.5,0,6,8,8,0,20,type0:225,,,,,,,"E0:effect=6,aura=33,base=-51,trigger=0;E1:effect=2,aura=0,base=205,trigger=0"
Shaman,Elemental Combat,8190,Magma Totem,utility/rank,0,0,1,0,0,21,21,0,0,type0:230,,,,,,,"E0:effect=28,aura=0,base=4,trigger=0"
Shaman,Elemental Combat,8498,Fire Nova Totem,utility/rank,0,0,1,0,15,5,5,0,0,type0:170,,,,,,,"E0:effect=28,aura=0,base=4,trigger=0"
Shaman,Elemental Combat,8499,Fire Nova Totem,utility/rank,0,0,1,0,15,5,5,0,0,type0:280,,,,,,,"E0:effect=28,aura=0,base=4,trigger=0"
Shaman,Elemental Combat,10391,Lightning Bolt,damage,2.5,2.5,1.5,0,0,,,0,30,type0:150,,,,,,,"E0:effect=2,aura=0,base=226,trigger=0"
Shaman,Elemental Combat,10392,Lightning Bolt,damage,2.5,2.5,1.5,0,0,,,0,30,type0:175,,,,,,,"E0:effect=2,aura=0,base=281,trigger=0"
Shaman,Elemental Combat,10412,Earth Shock,utility/rank,0,0,1.5,0,6,2,2,0,20,type0:240,,,,,,,"E0:effect=68,aura=0,base=0,trigger=0;E1:effect=2,aura=0,base=224,trigger=0"
Shaman,Elemental Combat,10413,Earth Shock,utility/rank,0,0,1.5,0,6,2,2,0,20,type0:345,,,,,,,"E0:effect=68,aura=0,base=0,trigger=0;E1:effect=2,aura=0,base=358,trigger=0"
Shaman,Elemental Combat,10414,Earth Shock,utility/rank,0,0,1.5,0,6,2,2,0,20,type0:450,,,,,,,"E0:effect=68,aura=0,base=0,trigger=0;E1:effect=2,aura=0,base=516,trigger=0"
Shaman,Elemental Combat,10427,Stoneclaw Totem,utility/rank,0,0,1,0,30,15,15,0,0,type0:105,,,,,,,"E0:effect=28,aura=0,base=389,trigger=0"
Shaman,Elemental Combat,10428,Stoneclaw Totem,utility/rank,0,0,1,0,30,15,15,0,0,type0:140,,,,,,,"E0:effect=28,aura=0,base=479,trigger=0"
Shaman,Elemental Combat,10437,Searing Totem,utility/rank,0,0,1,0,0,50,50,0,0,type0:145,,,,,,,"E0:effect=28,aura=0,base=4,trigger=0"
Shaman,Elemental Combat,10438,Searing Totem,utility/rank,0,0,1,0,0,55,55,0,0,type0:170,,,,,,,"E0:effect=28,aura=0,base=4,trigger=0"
Shaman,Elemental Combat,10447,Flame Shock,utility/rank,0,0,1.5,0,6,12,12,0,20,type0:250,,,,,,,"E0:effect=2,aura=0,base=151,trigger=0;E1:effect=6,aura=3,base=41,trigger=0"
Shaman,Elemental Combat,10448,Flame Shock,utility/rank,0,0,1.5,0,6,12,12,0,20,type0:345,,,,,,,"E0:effect=2,aura=0,base=229,trigger=0;E1:effect=6,aura=3,base=63,trigger=0"
Shaman,Elemental Combat,10472,Frost Shock,utility/rank,0,0,1.5,0,6,8,8,0,20,type0:325,,,,,,,"E0:effect=6,aura=33,base=-51,trigger=0;E1:effect=2,aura=0,base=332,trigger=0"
Shaman,Elemental Combat,10473,Frost Shock,utility/rank,0,0,1.5,0,6,8,8,0,20,type0:430,,,,,,,"E0:effect=6,aura=33,base=-51,trigger=0;E1:effect=2,aura=0,base=485,trigger=0"
Shaman,Elemental Combat,10585,Magma Totem,utility/rank,0,0,1,0,0,21,21,0,0,type0:360,,,,,,,"E0:effect=28,aura=0,base=4,trigger=0"
Shaman,Elemental Combat,10586,Magma Totem,utility/rank,0,0,1,0,0,21,21,0,0,type0:500,,,,,,,"E0:effect=28,aura=0,base=4,trigger=0"
Shaman,Elemental Combat,10587,Magma Totem,utility/rank,0,0,1,0,0,21,21,0,0,type0:650,,,,,,,"E0:effect=28,aura=0,base=4,trigger=0"
Shaman,Elemental Combat,10605,Chain Lightning,utility/rank,2,2,1.5,0,6,,,0,30,type0:550,,,,,,,"E0:effect=2,aura=0,base=492,trigger=0"
Shaman,Elemental Combat,11314,Fire Nova Totem,utility/rank,0,0,1,0,15,5,5,0,0,type0:395,,,,,,,"E0:effect=28,aura=0,base=4,trigger=0"
Shaman,Elemental Combat,11315,Fire Nova Totem,utility/rank,0,0,1,0,15,5,5,0,0,type0:520,,,,,,,"E0:effect=28,aura=0,base=4,trigger=0"
Shaman,Elemental Combat,15207,Lightning Bolt,damage,2.5,2.5,1.5,0,0,,,0,30,type0:210,,,,,,,"E0:effect=2,aura=0,base=346,trigger=0"
Shaman,Elemental Combat,15208,Lightning Bolt,damage,2.5,2.5,1.5,0,0,,,0,30,type0:240,,,,,,,"E0:effect=2,aura=0,base=418,trigger=0"
Shaman,Elemental Combat,16035,Concussion,utility/rank,0,0,,,,-0.001,-0.001,0,0,,,,,,,,"E0:effect=6,aura=108,base=0,trigger=0;E1:effect=6,aura=108,base=0,trigger=0"
Shaman,Elemental Combat,16038,Call of Flame,utility/rank,0,0,,,,-0.001,-0.001,0,0,,,,,,,,"E0:effect=6,aura=108,base=4,trigger=0"
Shaman,Elemental Combat,16039,Convection,utility/rank,0,0,,,,-0.001,-0.001,0,0,,,,,,,,"E0:effect=6,aura=108,base=-3,trigger=0"
Shaman,Elemental Combat,16040,Reverberation,utility/rank,0,0,,,,-0.001,-0.001,0,0,,,,,,,,"E0:effect=6,aura=107,base=-201,trigger=0"
Shaman,Elemental Combat,16041,Call of Thunder,utility/rank,0,0,,,,-0.001,-0.001,0,0,,,,,,,,"E0:effect=6,aura=107,base=0,trigger=0"
Shaman,Elemental Combat,16043,Earth's Grasp,utility/rank,0,0,,,,-0.001,-0.001,0,0,,,,,,,,"E0:effect=6,aura=108,base=24,trigger=0;E1:effect=6,aura=108,base=9,trigger=0"
Shaman,Elemental Combat,16086,Improved Fire Totems,passive/talent,0,0,,,,-0.001,-0.001,0,0,,,,,,,,"E0:effect=6,aura=107,base=-1001,trigger=0;E1:effect=6,aura=107,base=-1001,trigger=0;E2:effect=6,aura=108,base=-26,trigger=0"
Shaman,Elemental Combat,16089,Elemental Fury,utility/rank,0,0,,,,-0.001,-0.001,0,0,,,,,,,,"E0:effect=6,aura=108,base=99,trigger=0"
Shaman,Elemental Combat,16105,Concussion,utility/rank,0,0,,,,-0.001,-0.001,0,0,,,,,,,,"E0:effect=6,aura=108,base=1,trigger=0;E1:effect=6,aura=108,base=1,trigger=0"
Shaman,Elemental Combat,16106,Concussion,utility/rank,0,0,,,,-0.001,-0.001,0,0,,,,,,,,"E0:effect=6,aura=108,base=2,trigger=0;E1:effect=6,aura=108,base=2,trigger=0"
Shaman,Elemental Combat,16107,Concussion,utility/rank,0,0,,,,-0.001,-0.001,0,0,,,,,,,,"E0:effect=6,aura=108,base=3,trigger=0;E1:effect=6,aura=108,base=3,trigger=0"
Shaman,Elemental Combat,16108,Concussion,utility/rank,0,0,,,,-0.001,-0.001,0,0,,,,,,,,"E0:effect=6,aura=108,base=4,trigger=0;E1:effect=6,aura=108,base=4,trigger=0"
Shaman,Elemental Combat,16109,Convection,utility/rank,0,0,,,,-0.001,-0.001,0,0,,,,,,,,"E0:effect=6,aura=108,base=-5,trigger=0"
Shaman,Elemental Combat,16110,Convection,utility/rank,0,0,,,,-0.001,-0.001,0,0,,,,,,,,"E0:effect=6,aura=108,base=-7,trigger=0"
Shaman,Elemental Combat,16111,Convection,utility/rank,0,0,,,,-0.001,-0.001,0,0,,,,,,,,"E0:effect=6,aura=108,base=-9,trigger=0"
Shaman,Elemental Combat,16112,Convection,utility/rank,0,0,,,,-0.001,-0.001,0,0,,,,,,,,"E0:effect=6,aura=108,base=-11,trigger=0"
Shaman,Elemental Combat,16113,Reverberation,utility/rank,0,0,,,,-0.001,-0.001,0,0,,,,,,,,"E0:effect=6,aura=107,base=-401,trigger=0"
Shaman,Elemental Combat,16114,Reverberation,utility/rank,0,0,,,,-0.001,-0.001,0,0,,,,,,,,"E0:effect=6,aura=107,base=-601,trigger=0"
Shaman,Elemental Combat,16115,Reverberation,utility/rank,0,0,,,,-0.001,-0.001,0,0,,,,,,,,"E0:effect=6,aura=107,base=-801,trigger=0"
Shaman,Elemental Combat,16116,Reverberation,utility/rank,0,0,,,,-0.001,-0.001,0,0,,,,,,,,"E0:effect=6,aura=107,base=-1001,trigger=0"
Shaman,Elemental Combat,16117,Call of Thunder,utility/rank,0,0,,,,-0.001,-0.001,0,0,,,,,,,,"E0:effect=6,aura=107,base=1,trigger=0"
Shaman,Elemental Combat,16118,Call of Thunder,utility/rank,0,0,,,,-0.001,-0.001,0,0,,,,,,,,"E0:effect=6,aura=107,base=2,trigger=0"
Shaman,Elemental Combat,16119,Call of Thunder,utility/rank,0,0,,,,-0.001,-0.001,0,0,,,,,,,,"E0:effect=6,aura=107,base=3,trigger=0"
Shaman,Elemental Combat,16120,Call of Thunder,utility/rank,0,0,,,,,,0,0,,,,,,,,"E0:effect=6,aura=107,base=4,trigger=0"
Shaman,Elemental Combat,16130,Earth's Grasp,utility/rank,0,0,,,,-0.001,-0.001,0,0,,,,,,,,"E0:effect=6,aura=108,base=49,trigger=0;E1:effect=6,aura=108,base=19,trigger=0"
Shaman,Elemental Combat,16160,Call of Flame,utility/rank,0,0,,,,-0.001,-0.001,0,0,,,,,,,,"E0:effect=6,aura=108,base=9,trigger=0"
Shaman,Elemental Combat,16161,Call of Flame,utility/rank,0,0,,,,-0.001,-0.001,0,0,,,,,,,,"E0:effect=6,aura=108,base=14,trigger=0"
Shaman,Elemental Combat,16164,Elemental Focus,passive/talent,0,0,,,,-0.001,-0.001,0,0,,,,,,,,"E0:effect=6,aura=42,base=-1,trigger=16246"
Shaman,Elemental Combat,16166,Elemental Mastery,passive/talent,0,0,0,180,0,-0.001,-0.001,0,0,,,,,,,,"E0:effect=6,aura=107,base=99,trigger=0;E1:effect=6,aura=108,base=-101,trigger=0"
Shaman,Elemental Combat,16544,Improved Fire Totems,passive/talent,0,0,,,,-0.001,-0.001,0,0,,,,,,,,"E0:effect=6,aura=107,base=-2001,trigger=0;E1:effect=6,aura=107,base=-2001,trigger=0;E2:effect=6,aura=108,base=-51,trigger=0"
Shaman,Elemental Combat,16578,Lightning Mastery,passive/talent,0,0,,,,-0.001,-0.001,0,0,,,,,,,,"E0:effect=6,aura=107,base=-101,trigger=0"
Shaman,Elemental Combat,16579,Lightning Mastery,passive/talent,0,0,,,,-0.001,-0.001,0,0,,,,,,,,"E0:effect=6,aura=107,base=-201,trigger=0"
Shaman,Elemental Combat,16580,Lightning Mastery,passive/talent,0,0,,,,-0.001,-0.001,0,0,,,,,,,,"E0:effect=6,aura=107,base=-301,trigger=0"
Shaman,Elemental Combat,16581,Lightning Mastery,passive/talent,0,0,,,,-0.001,-0.001,0,0,,,,,,,,"E0:effect=6,aura=107,base=-401,trigger=0"
Shaman,Elemental Combat,16582,Lightning Mastery,passive/talent,0,0,,,,-0.001,-0.001,0,0,,,,,,,,"E0:effect=6,aura=107,base=-501,trigger=0"
Shaman,Elemental Combat,25439,Chain Lightning,utility/rank,2,2,1.5,0,6,,,0,30,type0:650,,,,,,,"E0:effect=2,aura=0,base=602,trigger=0"
Shaman,Elemental Combat,25442,Chain Lightning,utility/rank,2,2,1.5,0,6,,,0,30,type0:760,,,,,,,"E0:effect=2,aura=0,base=733,trigger=0"
Shaman,Elemental Combat,25448,Lightning Bolt,damage,2.5,2.5,1.5,0,0,,,0,30,type0:275,,,,,,,"E0:effect=2,aura=0,base=494,trigger=0"
Shaman,Elemental Combat,25449,Lightning Bolt,damage,2.5,2.5,1.5,0,0,,,0,30,type0:300,,,,,,,"E0:effect=2,aura=0,base=562,trigger=0"
Shaman,Elemental Combat,25454,Earth Shock,utility/rank,0,0,1.5,0,6,2,2,0,20,type0:535,,,,,,,"E0:effect=68,aura=0,base=0,trigger=0;E1:effect=2,aura=0,base=657,trigger=0"
Shaman,Elemental Combat,25457,Flame Shock,utility/rank,0,0,1.5,0,6,12,12,0,20,type0:500,,,,,,,"E0:effect=2,aura=0,base=376,trigger=0;E1:effect=6,aura=3,base=104,trigger=0"
Shaman,Elemental Combat,25464,Frost Shock,utility/rank,0,0,1.5,0,6,8,8,0,20,type0:525,,,,,,,"E0:effect=6,aura=33,base=-51,trigger=0;E1:effect=2,aura=0,base=639,trigger=0"
Shaman,Elemental Combat,25525,Stoneclaw Totem,utility/rank,0,0,1,0,30,15,15,0,0,type0:170,,,,,,,"E0:effect=28,aura=0,base=1314,trigger=0"
Shaman,Elemental Combat,25533,Searing Totem,utility/rank,0,0,1,0,0,60,60,0,0,type0:205,,,,,,,"E0:effect=28,aura=0,base=4,trigger=0"
Shaman,Elemental Combat,25546,Fire Nova Totem,utility/rank,0,0,1,0,15,5,5,0,0,type0:640,,,,,,,"E0:effect=28,aura=0,base=4,trigger=0"
Shaman,Elemental Combat,25547,Fire Nova Totem,utility/rank,0,0,1,0,15,5,5,0,0,type0:765,,,,,,,"E0:effect=28,aura=0,base=4,trigger=0"
Shaman,Elemental Combat,25552,Magma Totem,utility/rank,0,0,1,0,0,21,21,0,0,type0:800,,,,,,,"E0:effect=28,aura=0,base=4,trigger=0"
Shaman,Elemental Combat,28996,Elemental Warding,utility/rank,0,0,,,,-0.001,-0.001,0,0,,,,,,,,"E0:effect=6,aura=87,base=-5,trigger=0"
Shaman,Elemental Combat,28997,Elemental Warding,utility/rank,0,0,,,,-0.001,-0.001,0,0,,,,,,,,"E0:effect=6,aura=87,base=-8,trigger=0"
Shaman,Elemental Combat,28998,Elemental Warding,utility/rank,0,0,,,,-0.001,-0.001,0,0,,,,,,,,"E0:effect=6,aura=87,base=-11,trigger=0"
Shaman,Elemental Combat,28999,Storm Reach,utility/rank,0,0,,,,-0.001,-0.001,0,0,,,,,,,,"E0:effect=6,aura=107,base=2,trigger=0"
Shaman,Elemental Combat,29000,Storm Reach,utility/rank,0,0,,,,-0.001,-0.001,0,0,,,,,,,,"E0:effect=6,aura=107,base=5,trigger=0"
Shaman,Elemental Combat,29062,Eye of the Storm,utility/rank,0,0,,,,,,0,0,,,,,,,,"E0:effect=6,aura=42,base=0,trigger=29063"
Shaman,Elemental Combat,29063,Focused Casting,passive/talent,0,0,,,,6,6,0,0,,,,,,,,"E0:effect=6,aura=108,base=99,trigger=0"
Shaman,Elemental Combat,29064,Eye of the Storm,utility/rank,0,0,,,,,,0,0,,,,,,,,"E0:effect=6,aura=42,base=0,trigger=29063"
Shaman,Elemental Combat,29065,Eye of the Storm,utility/rank,0,0,,,,,,0,0,,,,,,,,"E0:effect=6,aura=42,base=0,trigger=29063"
Shaman,Elemental Combat,29177,Elemental Devastation,utility/rank,0,0,,,,10,10,0,0,,,,,,,,"E0:effect=6,aura=52,base=5,trigger=0"
Shaman,Elemental Combat,29178,Elemental Devastation,utility/rank,0,0,,,,10,10,0,0,,,,,,,,"E0:effect=6,aura=52,base=8,trigger=0"
Shaman,Elemental Combat,29179,Elemental Devastation,utility/rank,0,0,,,,,,0,0,,,,,,,,"E0:effect=6,aura=42,base=-1,trigger=29177"
Shaman,Elemental Combat,29180,Elemental Devastation,utility/rank,0,0,,,,,,0,0,,,,,,,,"E0:effect=6,aura=42,base=-1,trigger=29178"
Shaman,Elemental Combat,29228,Flame Shock,utility/rank,0,0,1.5,0,6,12,12,0,20,type0:450,,,,,,,"E0:effect=2,aura=0,base=308,trigger=0;E1:effect=6,aura=3,base=85,trigger=0"
Shaman,Elemental Combat,30160,Elemental Devastation,utility/rank,0,0,,,,,,0,0,,,,,,,,"E0:effect=6,aura=42,base=-1,trigger=30165"
Shaman,Elemental Combat,30165,Elemental Devastation,utility/rank,0,0,,,,10,10,0,0,,,,,,,,"E0:effect=6,aura=52,base=2,trigger=0"
Shaman,Elemental Combat,30664,Unrelenting Storm,utility/rank,0,0,,,,-0.001,-0.001,0,0,,,,,,,,"E0:effect=6,aura=582,base=1,trigger=0"
Shaman,Elemental Combat,30665,Unrelenting Storm,utility/rank,0,0,,,,-0.001,-0.001,0,0,,,,,,,,"E0:effect=6,aura=582,base=3,trigger=0"
Shaman,Elemental Combat,30666,Unrelenting Storm,utility/rank,0,0,,,,-0.001,-0.001,0,0,,,,,,,,"E0:effect=6,aura=582,base=5,trigger=0"
Shaman,Elemental Combat,30667,Unrelenting Storm,utility/rank,0,0,,,,-0.001,-0.001,0,0,,,,,,,,"E0:effect=6,aura=582,base=7,trigger=0"
Shaman,Elemental Combat,30668,Unrelenting Storm,utility/rank,0,0,,,,-0.001,-0.001,0,0,,,,,,,,"E0:effect=6,aura=582,base=9,trigger=0"
Shaman,Elemental Combat,30669,Elemental Shields,utility/rank,0,0,,,,-0.001,-0.001,0,0,,,,,,,,"E0:effect=6,aura=187,base=-3,trigger=0;E1:effect=6,aura=573,base=-3,trigger=0"
Shaman,Elemental Combat,30670,Elemental Shields,utility/rank,0,0,,,,-0.001,-0.001,0,0,,,,,,,,"E0:effect=6,aura=187,base=-5,trigger=0;E1:effect=6,aura=573,base=-5,trigger=0"
Shaman,Elemental Combat,30671,Elemental Shields,utility/rank,0,0,,,,-0.001,-0.001,0,0,,,,,,,,"E0:effect=6,aura=187,base=-7,trigger=0;E1:effect=6,aura=573,base=-7,trigger=0"
Shaman,Elemental Combat,30672,Elemental Precision,passive/talent,0,0,,,,,,0,0,,,,,,,,"E0:effect=6,aura=107,base=1,trigger=0;E1:effect=6,aura=10,base=-5,trigger=0"
Shaman,Elemental Combat,30673,Elemental Precision,passive/talent,0,0,,,,,,0,0,,,,,,,,"E0:effect=6,aura=107,base=3,trigger=0;E1:effect=6,aura=10,base=-8,trigger=0"
Shaman,Elemental Combat,30674,Elemental Precision,passive/talent,0,0,,,,,,0,0,,,,,,,,"E0:effect=6,aura=107,base=5,trigger=0;E1:effect=6,aura=10,base=-11,trigger=0"
Shaman,Elemental Combat,30675,Lightning Overload,utility/rank,0,0,,,,-0.001,-0.001,0,0,,,,,,,,"E0:effect=6,aura=4,base=3,trigger=0"
Shaman,Elemental Combat,30678,Lightning Overload,utility/rank,0,0,,,,-0.001,-0.001,0,0,,,,,,,,"E0:effect=6,aura=4,base=7,trigger=0"
Shaman,Elemental Combat,30679,Lightning Overload,utility/rank,0,0,,,,-0.001,-0.001,0,0,,,,,,,,"E0:effect=6,aura=4,base=11,trigger=0"
Shaman,Elemental Combat,30680,Lightning Overload,utility/rank,0,0,,,,-0.001,-0.001,0,0,,,,,,,,"E0:effect=6,aura=4,base=15,trigger=0"
Shaman,Elemental Combat,30681,Lightning Overload,utility/rank,0,0,,,,,,0,0,,,,,,,,"E0:effect=6,aura=4,base=19,trigger=0"
Shaman,Elemental Combat,30706,Totem of Wrath,damage,0,0,1,0,0,120,120,0,0,type0:5%,,,,,,,"E0:effect=28,aura=0,base=4,trigger=0"
Shaman,Elemental Combat,30708,Totem of Wrath,damage,0,0,,,,-0.001,-0.001,0,0,,,,,,,,"E0:effect=35,aura=57,base=2,trigger=0;E1:effect=35,aura=55,base=2,trigger=0"
Shaman,Elemental Combat,45284,Lightning Bolt,damage,0,0,1.5,0,0,,,0,30,,,,,,,,"E0:effect=2,aura=0,base=6,trigger=0"
Shaman,Elemental Combat,45286,Lightning Bolt,damage,0,0,1.5,0,0,,,0,30,,,,,,,,"E0:effect=2,aura=0,base=12,trigger=0"
Shaman,Elemental Combat,45287,Lightning Bolt,damage,0,0,1.5,0,0,,,0,30,,,,,,,,"E0:effect=2,aura=0,base=21,trigger=0"
Shaman,Elemental Combat,45288,Lightning Bolt,damage,0,0,1.5,0,0,,,0,30,,,,,,,,"E0:effect=2,aura=0,base=40,trigger=0"
Shaman,Elemental Combat,45289,Lightning Bolt,damage,0,0,1.5,0,0,,,0,30,,,,,,,,"E0:effect=2,aura=0,base=62,trigger=0"
Shaman,Elemental Combat,45290,Lightning Bolt,damage,0,0,1.5,0,0,,,0,30,,,,,,,,"E0:effect=2,aura=0,base=85,trigger=0"
Shaman,Elemental Combat,45291,Lightning Bolt,damage,0,0,1.5,0,0,,,0,30,,,,,,,,"E0:effect=2,aura=0,base=112,trigger=0"
Shaman,Elemental Combat,45292,Lightning Bolt,damage,0,0,1.5,0,0,,,0,30,,,,,,,,"E0:effect=2,aura=0,base=140,trigger=0"
Shaman,Elemental Combat,45293,Lightning Bolt,damage,0,0,1.5,0,0,,,0,30,,,,,,,,"E0:effect=2,aura=0,base=173,trigger=0"
Shaman,Elemental Combat,45294,Lightning Bolt,damage,0,0,1.5,0,0,,,0,30,,,,,,,,"E0:effect=2,aura=0,base=208,trigger=0"
Shaman,Elemental Combat,45295,Lightning Bolt,damage,0,0,1.5,0,0,,,0,30,,,,,,,,"E0:effect=2,aura=0,base=247,trigger=0"
Shaman,Elemental Combat,45296,Lightning Bolt,damage,0,0,1.5,0,0,,,0,30,,,,,,,,"E0:effect=2,aura=0,base=280,trigger=0"
Shaman,Elemental Combat,45297,Chain Lightning,utility/rank,0,0,1.5,0,6,,,0,30,,,,,,,,"E0:effect=2,aura=0,base=95,trigger=0"
Shaman,Elemental Combat,45298,Chain Lightning,utility/rank,0,0,1.5,0,6,,,0,30,,,,,,,,"E0:effect=2,aura=0,base=138,trigger=0"
Shaman,Elemental Combat,45299,Chain Lightning,utility/rank,0,0,1.5,0,6,,,0,30,,,,,,,,"E0:effect=2,aura=0,base=188,trigger=0"
Shaman,Elemental Combat,45300,Chain Lightning,utility/rank,0,0,1.5,0,6,,,0,30,,,,,,,,"E0:effect=2,aura=0,base=246,trigger=0"
Shaman,Elemental Combat,45301,Chain Lightning,utility/rank,0,0,1.5,0,6,,,0,30,,,,,,,,"E0:effect=2,aura=0,base=300,trigger=0"
Shaman,Elemental Combat,45302,Chain Lightning,utility/rank,0,0,1.5,0,6,,,0,30,,,,,,,,"E0:effect=2,aura=0,base=366,trigger=0"
Warlock,Pet - Imp,2947,Fire Shield,utility/rank,0,0,1.5,0,0,180,180,0,30,type0:60,,,,,,,"E0:effect=6,aura=15,base=4,trigger=0"
Warlock,Pet - Imp,3110,Firebolt,damage,2,2,1,0,0,,,0,30,type0:10,,,,,,,"E0:effect=2,aura=0,base=5,trigger=0"
Warlock,Pet - Imp,4511,Phase Shift,utility/rank,0,0,0,10,0,-0.001,-0.001,0,0,,,,,,,,"E0:effect=6,aura=93,base=-1,trigger=0"
Warlock,Pet - Imp,6307,Blood Pact,utility/rank,0,0,,,,-0.001,-0.001,0,0,,,,,,,,"E0:effect=35,aura=29,base=1,trigger=0"
Warlock,Pet - Imp,7799,Firebolt,damage,2,2,1,0,0,,,0,30,type0:20,,,,,,,"E0:effect=2,aura=0,base=11,trigger=0"
Warlock,Pet - Imp,7800,Firebolt,damage,2,2,1,0,0,,,0,30,type0:35,,,,,,,"E0:effect=2,aura=0,base=21,trigger=0"
Warlock,Pet - Imp,7801,Firebolt,damage,2,2,1,0,0,,,0,30,type0:50,,,,,,,"E0:effect=2,aura=0,base=32,trigger=0"
Warlock,Pet - Imp,7802,Firebolt,damage,2,2,1,0,0,,,0,30,type0:70,,,,,,,"E0:effect=2,aura=0,base=47,trigger=0"
Warlock,Pet - Imp,7804,Blood Pact,utility/rank,0,0,,,,-0.001,-0.001,0,20,,,,,,,,"E0:effect=35,aura=29,base=6,trigger=0"
Warlock,Pet - Imp,7805,Blood Pact,utility/rank,0,0,,,,-0.001,-0.001,0,20,,,,,,,,"E0:effect=35,aura=29,base=15,trigger=0"
Warlock,Pet - Imp,8316,Fire Shield,utility/rank,0,0,1.5,0,0,180,180,0,30,type0:90,,,,,,,"E0:effect=6,aura=15,base=6,trigger=0"
Warlock,Pet - Imp,8317,Fire Shield,utility/rank,0,0,1.5,0,0,180,180,0,30,type0:115,,,,,,,"E0:effect=6,aura=15,base=8,trigger=0"
Warlock,Pet - Imp,11762,Firebolt,damage,2,2,1,0,0,,,0,30,type0:95,,,,,,,"E0:effect=2,aura=0,base=66,trigger=0"
Warlock,Pet - Imp,11763,Firebolt,damage,2,2,1,0,0,,,0,30,type0:115,,,,,,,"E0:effect=2,aura=0,base=82,trigger=0"
Warlock,Pet - Imp,11766,Blood Pact,utility/rank,0,0,,,,-0.001,-0.001,0,20,,,,,,,,"E0:effect=35,aura=29,base=26,trigger=0"
Warlock,Pet - Imp,11767,Blood Pact,utility/rank,0,0,,,,-0.001,-0.001,0,20,,,,,,,,"E0:effect=35,aura=29,base=37,trigger=0"
Warlock,Pet - Imp,11770,Fire Shield,utility/rank,0,0,1.5,0,0,180,180,0,30,type0:140,,,,,,,"E0:effect=6,aura=15,base=10,trigger=0"
Warlock,Pet - Imp,11771,Fire Shield,utility/rank,0,0,1.5,0,0,180,180,0,30,type0:165,,,,,,,"E0:effect=6,aura=15,base=12,trigger=0"
Warlock,Pet - Imp,18728,Tamed Pet Passive (DND),utility/rank,0,0,,,,-0.001,-0.001,0,0,,,,,,,,"E0:effect=6,aura=79,base=-1,trigger=0;E1:effect=6,aura=79,base=-1,trigger=0"
Warlock,Pet - Imp,18737,Tamed Pet Passive (DND),utility/rank,0,0,,,,-0.001,-0.001,0,0,,,,,,,,"E0:effect=6,aura=137,base=-1,trigger=0"
Warlock,Pet - Imp,18740,Tamed Pet Passive (DND),utility/rank,0,0,,,,-0.001,-0.001,0,0,,,,,,,,"E0:effect=6,aura=137,base=-1,trigger=0"
Warlock,Pet - Imp,27267,Firebolt,damage,2,2,1,0,0,,,0,30,type0:145,,,,,,,"E0:effect=2,aura=0,base=109,trigger=0"
Warlock,Pet - Imp,27268,Blood Pact,utility/rank,0,0,,,,-0.001,-0.001,0,20,,,,,,,,"E0:effect=35,aura=29,base=65,trigger=0"
Warlock,Pet - Imp,27269,Fire Shield,utility/rank,0,0,1.5,0,0,180,180,0,30,type0:210,,,,,,,"E0:effect=6,aura=15,base=18,trigger=0;E1:effect=6,aura=558,base=29,trigger=0"
Warlock,Pet - Imp,34947,Warlock Pet Scaling 01,utility/rank,0,0,,,,-0.001,-0.001,0,0,,,,,,,,"E0:effect=6,aura=29,base=0,trigger=0;E1:effect=6,aura=99,base=0,trigger=0;E2:effect=6,aura=13,base=0,trigger=0"
Warlock,Pet - Imp,34956,Warlock Pet Scaling 02,utility/rank,0,0,,,,-0.001,-0.001,0,0,,,,,,,,"E0:effect=6,aura=29,base=0,trigger=0;E1:effect=6,aura=22,base=0,trigger=0;E2:effect=6,aura=22,base=0,trigger=0"
Warlock,Pet - Imp,34957,Warlock Pet Scaling 03,utility/rank,0,0,,,,-0.001,-0.001,0,0,,,,,,,,"E0:effect=6,aura=22,base=0,trigger=0;E1:effect=6,aura=22,base=0,trigger=0;E2:effect=6,aura=22,base=0,trigger=0"
Warlock,Pet - Imp,34958,Warlock Pet Scaling 04,utility/rank,0,0,,,,-0.001,-0.001,0,0,,,,,,,,"E0:effect=6,aura=22,base=0,trigger=0;E1:effect=6,aura=85,base=-1,trigger=0"
Warlock,Pet - Imp,35695,Pet Passive (DND),utility/rank,0,0,,,,-0.001,-0.001,0,0,,,,,,,,"E0:effect=6,aura=57,base=-1,trigger=0;E1:effect=6,aura=52,base=0,trigger=0"
Warlock,Pet - Imp,35697,Pet Passive (DND),utility/rank,0,0,,,,-0.001,-0.001,0,0,,,,,,,,"E0:effect=6,aura=87,base=-1,trigger=0"
Warlock,Pet - Felhunter,18730,Tamed Pet Passive (DND),utility/rank,0,0,,,,-0.001,-0.001,0,0,,,,,,,,"E0:effect=6,aura=79,base=-1,trigger=0;E1:effect=6,aura=79,base=-1,trigger=0"
Warlock,Pet - Felhunter,18738,Tamed Pet Passive (DND),utility/rank,0,0,,,,-0.001,-0.001,0,0,,,,,,,,"E0:effect=6,aura=137,base=-1,trigger=0"
Warlock,Pet - Felhunter,18739,Tamed Pet Passive (DND),utility/rank,0,0,,,,-0.001,-0.001,0,0,,,,,,,,"E0:effect=6,aura=137,base=-1,trigger=0"
Warlock,Pet - Felhunter,19007,Tamed Pet Passive (DND),utility/rank,0,0,,,,-0.001,-0.001,0,0,,,,,,,,"E0:effect=6,aura=22,base=59,trigger=0"
Warlock,Pet - Felhunter,19244,Spell Lock,utility/rank,0,0,1.5,0,24,5,5,0,30,type0:120,,,,,,,"E0:effect=68,aura=0,base=-1,trigger=0;E1:effect=64,aura=0,base=-1,trigger=24259"
Warlock,Pet - Felhunter,19478,Tainted Blood,utility/rank,0,0,1.5,0,0,60,60,0,0,type0:75,,,,,,,"E0:effect=6,aura=42,base=-1,trigger=19479"
Warlock,Pet - Felhunter,19480,Paranoia,utility/rank,0,0,,,,-0.001,-0.001,0,0,,,,,,,,"E0:effect=35,aura=17,base=29,trigger=0"
Warlock,Pet - Felhunter,19505,Devour Magic,utility/rank,0,0,1.5,0,8,,,0,30,type0:100,,,,,,,"E0:effect=38,aura=0,base=0,trigger=0"
Warlock,Pet - Felhunter,19647,Spell Lock,utility/rank,0,0,1.5,0,24,6,6,0,30,type0:200,,,,,,,"E0:effect=68,aura=0,base=-1,trigger=0;E1:effect=64,aura=0,base=0,trigger=24259"
Warlock,Pet - Felhunter,19655,Tainted Blood,utility/rank,0,0,1.5,0,0,60,60,0,0,type0:105,,,,,,,"E0:effect=6,aura=42,base=-1,trigger=19652"
Warlock,Pet - Felhunter,19656,Tainted Blood,utility/rank,0,0,1.5,0,0,60,60,0,0,type0:135,,,,,,,"E0:effect=6,aura=42,base=-1,trigger=19653"
Warlock,Pet - Felhunter,19658,Devour Magic Effect,utility/rank,0,0,,,,,,0,0,,,,,,,,"E0:effect=10,aura=0,base=233,trigger=0"
Warlock,Pet - Felhunter,19660,Tainted Blood,utility/rank,0,0,1.5,0,0,60,60,0,0,type0:170,,,,,,,"E0:effect=6,aura=42,base=-1,trigger=19654"
Warlock,Pet - Felhunter,19731,Devour Magic,utility/rank,0,0,1.5,0,8,,,0,30,type0:130,,,,,,,"E0:effect=38,aura=0,base=0,trigger=0"
Warlock,Pet - Felhunter,19732,Devour Magic Effect,utility/rank,0,0,,,,,,0,0,,,,,,,,"E0:effect=10,aura=0,base=318,trigger=0"
Warlock,Pet - Felhunter,19733,Devour Magic Effect,utility/rank,0,0,,,,,,0,0,,,,,,,,"E0:effect=10,aura=0,base=437,trigger=0"
Warlock,Pet - Felhunter,19734,Devour Magic,utility/rank,0,0,1.5,0,8,,,0,30,type0:170,,,,,,,"E0:effect=38,aura=0,base=0,trigger=0"
Warlock,Pet - Felhunter,19735,Devour Magic Effect,utility/rank,0,0,,,,,,0,0,,,,,,,,"E0:effect=10,aura=0,base=578,trigger=0"
Warlock,Pet - Felhunter,19736,Devour Magic,utility/rank,0,0,1.5,0,8,,,0,30,type0:215,,,,,,,"E0:effect=38,aura=0,base=0,trigger=0"
Warlock,Pet - Felhunter,27276,Devour Magic,utility/rank,0,0,1.5,0,8,,,0,30,type0:270,,,,,,,"E0:effect=38,aura=0,base=0,trigger=0"
Warlock,Pet - Felhunter,27277,Devour Magic,utility/rank,0,0,1.5,0,8,,,0,30,type0:330,,,,,,,"E0:effect=38,aura=0,base=0,trigger=0"
Warlock,Pet - Felhunter,27278,Devour Magic Effect,utility/rank,0,0,,,,,,0,0,,,,,,,,"E0:effect=10,aura=0,base=729,trigger=0"
Warlock,Pet - Felhunter,27279,Devour Magic Effect,utility/rank,0,0,,,,,,0,0,,,,,,,,"E0:effect=10,aura=0,base=914,trigger=0"
Warlock,Pet - Felhunter,27280,Tainted Blood,utility/rank,0,0,1.5,0,0,60,60,0,0,type0:215,,,,,,,"E0:effect=6,aura=42,base=-1,trigger=27281"
Warlock,Pet - Felhunter,34947,Warlock Pet Scaling 01,utility/rank,0,0,,,,-0.001,-0.001,0,0,,,,,,,,"E0:effect=6,aura=29,base=0,trigger=0;E1:effect=6,aura=99,base=0,trigger=0;E2:effect=6,aura=13,base=0,trigger=0"
Warlock,Pet - Felhunter,34956,Warlock Pet Scaling 02,utility/rank,0,0,,,,-0.001,-0.001,0,0,,,,,,,,"E0:effect=6,aura=29,base=0,trigger=0;E1:effect=6,aura=22,base=0,trigger=0;E2:effect=6,aura=22,base=0,trigger=0"
Warlock,Pet - Felhunter,34957,Warlock Pet Scaling 03,utility/rank,0,0,,,,-0.001,-0.001,0,0,,,,,,,,"E0:effect=6,aura=22,base=0,trigger=0;E1:effect=6,aura=22,base=0,trigger=0;E2:effect=6,aura=22,base=0,trigger=0"
Warlock,Pet - Felhunter,34958,Warlock Pet Scaling 04,utility/rank,0,0,,,,-0.001,-0.001,0,0,,,,,,,,"E0:effect=6,aura=22,base=0,trigger=0;E1:effect=6,aura=85,base=-1,trigger=0"
Warlock,Pet - Felhunter,35695,Pet Passive (DND),utility/rank,0,0,,,,-0.001,-0.001,0,0,,,,,,,,"E0:effect=6,aura=57,base=-1,trigger=0;E1:effect=6,aura=52,base=0,trigger=0"
Warlock,Pet - Felhunter,35697,Pet Passive (DND),utility/rank,0,0,,,,-0.001,-0.001,0,0,,,,,,,,"E0:effect=6,aura=87,base=-1,trigger=0"
Warlock,Pet - Voidwalker,3716,Torment,utility/rank,0,0,1.5,0,5,,,0,5,type0:15,,,,,,,"E0:effect=63,aura=0,base=44,trigger=0"
Warlock,Pet - Voidwalker,7809,Torment,utility/rank,0,0,1.5,0,5,,,0,5,type0:30,,,,,,,"E0:effect=63,aura=0,base=74,trigger=0"
Warlock,Pet - Voidwalker,7810,Torment,utility/rank,0,0,1.5,0,5,,,0,5,type0:50,,,,,,,"E0:effect=63,aura=0,base=124,trigger=0"
Warlock,Pet - Voidwalker,7811,Torment,utility/rank,0,0,1.5,0,5,,,0,5,type0:70,,,,,,,"E0:effect=63,aura=0,base=214,trigger=0"
Warlock,Pet - Voidwalker,7812,Sacrifice,utility/rank,0,0,,,,30,30,0,50000,,,,,,,,"E0:effect=6,aura=69,base=304,trigger=0;E1:effect=1,aura=0,base=0,trigger=0"
Warlock,Pet - Voidwalker,11774,Torment,utility/rank,0,0,1.5,0,5,,,0,5,type0:90,,,,,,,"E0:effect=63,aura=0,base=299,trigger=0"
Warlock,Pet - Voidwalker,11775,Torment,utility/rank,0,0,1.5,0,5,,,0,5,type0:110,,,,,,,"E0:effect=63,aura=0,base=394,trigger=0"
Warlock,Pet - Voidwalker,17735,Suffering,utility/rank,0,0,1.5,0,120,,,0,0,type0:100,,,,,,,"E0:effect=63,aura=0,base=149,trigger=0"
Warlock,Pet - Voidwalker,17750,Suffering,utility/rank,0,0,1.5,0,120,,,0,0,type0:165,,,,,,,"E0:effect=63,aura=0,base=299,trigger=0"
Warlock,Pet - Voidwalker,17751,Suffering,utility/rank,0,0,1.5,0,120,,,0,0,type0:230,,,,,,,"E0:effect=63,aura=0,base=449,trigger=0"
Warlock,Pet - Voidwalker,17752,Suffering,utility/rank,0,0,1.5,0,120,,,0,0,type0:285,,,,,,,"E0:effect=63,aura=0,base=599,trigger=0"
Warlock,Pet - Voidwalker,17767,Consume Shadows,utility/rank,0,0,1.5,0,0,10,10,0,0,type0:85,,,,,,,"E0:effect=6,aura=8,base=61,trigger=0"
Warlock,Pet - Voidwalker,17850,Consume Shadows,utility/rank,0,0,1.5,0,0,10,10,0,0,type0:150,,,,,,,"E0:effect=6,aura=8,base=110,trigger=0"
Warlock,Pet - Voidwalker,17851,Consume Shadows,utility/rank,0,0,1.5,0,0,10,10,0,0,type0:215,,,,,,,"E0:effect=6,aura=8,base=162,trigger=0"
Warlock,Pet - Voidwalker,17852,Consume Shadows,utility/rank,0,0,1.5,0,0,10,10,0,0,type0:285,,,,,,,"E0:effect=6,aura=8,base=219,trigger=0"
Warlock,Pet - Voidwalker,17853,Consume Shadows,utility/rank,0,0,1.5,0,0,10,10,0,0,type0:380,,,,,,,"E0:effect=6,aura=8,base=298,trigger=0"
Warlock,Pet - Voidwalker,17854,Consume Shadows,utility/rank,0,0,1.5,0,0,10,10,0,0,type0:480,,,,,,,"E0:effect=6,aura=8,base=385,trigger=0"
Warlock,Pet - Voidwalker,18727,Tamed Pet Passive (DND),utility/rank,0,0,,,,-0.001,-0.001,0,0,,,,,,,,"E0:effect=6,aura=79,base=-1,trigger=0;E1:effect=6,aura=79,base=-1,trigger=0"
Warlock,Pet - Voidwalker,18735,Tamed Pet Passive (DND),utility/rank,0,0,,,,-0.001,-0.001,0,0,,,,,,,,"E0:effect=6,aura=137,base=-1,trigger=0"
Warlock,Pet - Voidwalker,18742,Tamed Pet Passive (DND),utility/rank,0,0,,,,-0.001,-0.001,0,0,,,,,,,,"E0:effect=6,aura=137,base=-1,trigger=0"
Warlock,Pet - Voidwalker,19438,Sacrifice,utility/rank,0,0,,,,30,30,0,50000,,,,,,,,"E0:effect=6,aura=69,base=509,trigger=0;E1:effect=1,aura=0,base=0,trigger=0"
Warlock,Pet - Voidwalker,19440,Sacrifice,utility/rank,0,0,,,,30,30,0,50000,,,,,,,,"E0:effect=6,aura=69,base=769,trigger=0;E1:effect=1,aura=0,base=0,trigger=0"
Warlock,Pet - Voidwalker,19441,Sacrifice,utility/rank,0,0,,,,30,30,0,50000,,,,,,,,"E0:effect=6,aura=69,base=1094,trigger=0;E1:effect=1,aura=0,base=0,trigger=0"
Warlock,Pet - Voidwalker,19442,Sacrifice,utility/rank,0,0,,,,30,30,0,50000,,,,,,,,"E0:effect=6,aura=69,base=1469,trigger=0;E1:effect=1,aura=0,base=0,trigger=0"
Warlock,Pet - Voidwalker,19443,Sacrifice,utility/rank,0,0,,,,30,30,0,50000,,,,,,,,"E0:effect=6,aura=69,base=1904,trigger=0;E1:effect=1,aura=0,base=0,trigger=0"
Warlock,Pet - Voidwalker,27270,Torment,utility/rank,0,0,1.5,0,5,,,0,5,type0:130,,,,,,,"E0:effect=63,aura=0,base=631,trigger=0"
Warlock,Pet - Voidwalker,27271,Suffering,utility/rank,0,0,1.5,0,120,15,15,0,5,type0:305,,,,,,,"E0:effect=63,aura=0,base=644,trigger=0;E1:effect=6,aura=54,base=-11,trigger=0"
Warlock,Pet - Voidwalker,27272,Consume Shadows,utility/rank,0,0,1.5,0,0,10,10,0,0,type0:595,,,,,,,"E0:effect=6,aura=8,base=482,trigger=0;E1:effect=64,aura=0,base=-1,trigger=27599"
Warlock,Pet - Voidwalker,27273,Sacrifice,utility/rank,0,0,,,,30,30,0,50000,,,,,,,,"E0:effect=6,aura=69,base=2854,trigger=0;E1:effect=1,aura=0,base=0,trigger=0"
Warlock,Pet - Voidwalker,33701,Suffering,utility/rank,0,0,1.5,0,120,15,15,0,5,type0:355,,,,,,,"E0:effect=63,aura=0,base=884,trigger=0;E1:effect=6,aura=54,base=-11,trigger=0"
Warlock,Pet - Voidwalker,34947,Warlock Pet Scaling 01,utility/rank,0,0,,,,-0.001,-0.001,0,0,,,,,,,,"E0:effect=6,aura=29,base=0,trigger=0;E1:effect=6,aura=99,base=0,trigger=0;E2:effect=6,aura=13,base=0,trigger=0"
Warlock,Pet - Voidwalker,34956,Warlock Pet Scaling 02,utility/rank,0,0,,,,-0.001,-0.001,0,0,,,,,,,,"E0:effect=6,aura=29,base=0,trigger=0;E1:effect=6,aura=22,base=0,trigger=0;E2:effect=6,aura=22,base=0,trigger=0"
Warlock,Pet - Voidwalker,34957,Warlock Pet Scaling 03,utility/rank,0,0,,,,-0.001,-0.001,0,0,,,,,,,,"E0:effect=6,aura=22,base=0,trigger=0;E1:effect=6,aura=22,base=0,trigger=0;E2:effect=6,aura=22,base=0,trigger=0"
Warlock,Pet - Voidwalker,34958,Warlock Pet Scaling 04,utility/rank,0,0,,,,-0.001,-0.001,0,0,,,,,,,,"E0:effect=6,aura=22,base=0,trigger=0;E1:effect=6,aura=85,base=-1,trigger=0"
Warlock,Pet - Voidwalker,35695,Pet Passive (DND),utility/rank,0,0,,,,-0.001,-0.001,0,0,,,,,,,,"E0:effect=6,aura=57,base=-1,trigger=0;E1:effect=6,aura=52,base=0,trigger=0"
Warlock,Pet - Voidwalker,35697,Pet Passive (DND),utility/rank,0,0,,,,-0.001,-0.001,0,0,,,,,,,,"E0:effect=6,aura=87,base=-1,trigger=0"
Warlock,Pet - Succubus,6358,Seduction,utility/rank,1.5,1.5,1.5,0,0,15,15,0,30,type0:24%,,,,,,,"E0:effect=6,aura=12,base=-1,trigger=0"
Warlock,Pet - Succubus,6360,Soothing Kiss,utility/rank,0,0,1.5,0,4,,,0,10,type0:30,,,,,,,"E0:effect=63,aura=0,base=-46,trigger=0"
Warlock,Pet - Succubus,7813,Soothing Kiss,utility/rank,0,0,1.5,0,4,,,0,10,type0:50,,,,,,,"E0:effect=63,aura=0,base=-76,trigger=0"
Warlock,Pet - Succubus,7814,Lash of Pain,utility/rank,0,0,1.5,0,12,,,0,5,type0:65,,,,,,,"E0:effect=2,aura=0,base=32,trigger=0"
Warlock,Pet - Succubus,7815,Lash of Pain,utility/rank,0,0,1.5,0,12,,,0,5,type0:80,,,,,,,"E0:effect=2,aura=0,base=43,trigger=0"
Warlock,Pet - Succubus,7816,Lash of Pain,utility/rank,0,0,1.5,0,12,,,0,5,type0:105,,,,,,,"E0:effect=2,aura=0,base=59,trigger=0"
Warlock,Pet - Succubus,7870,Lesser Invisibility,utility/rank,0,0,1.5,0,0,300,300,0,0,type0:100,,,,,,,"E0:effect=6,aura=18,base=99,trigger=0"
Warlock,Pet - Succubus,11778,Lash of Pain,utility/rank,0,0,1.5,0,12,,,0,5,type0:125,,,,,,,"E0:effect=2,aura=0,base=72,trigger=0"
Warlock,Pet - Succubus,11779,Lash of Pain,utility/rank,0,0,1.5,0,12,,,0,5,type0:145,,,,,,,"E0:effect=2,aura=0,base=86,trigger=0"
Warlock,Pet - Succubus,11780,Lash of Pain,utility/rank,0,0,1.5,0,12,,,0,5,type0:160,,,,,,,"E0:effect=2,aura=0,base=98,trigger=0"
Warlock,Pet - Succubus,11784,Soothing Kiss,utility/rank,0,0,1.5,0,4,,,0,10,type0:75,,,,,,,"E0:effect=63,aura=0,base=-128,trigger=0"
Warlock,Pet - Succubus,11785,Soothing Kiss,utility/rank,0,0,1.5,0,4,,,0,10,type0:100,,,,,,,"E0:effect=63,aura=0,base=-166,trigger=0"
Warlock,Pet - Succubus,18729,Tamed Pet Passive (DND),utility/rank,0,0,,,,-0.001,-0.001,0,0,,,,,,,,"E0:effect=6,aura=79,base=-1,trigger=0;E1:effect=6,aura=79,base=-1,trigger=0"
Warlock,Pet - Succubus,18736,Tamed Pet Passive (DND),utility/rank,0,0,,,,-0.001,-0.001,0,0,,,,,,,,"E0:effect=6,aura=137,base=-1,trigger=0"
Warlock,Pet - Succubus,18741,Tamed Pet Passive (DND),utility/rank,0,0,,,,-0.001,-0.001,0,0,,,,,,,,"E0:effect=6,aura=137,base=-1,trigger=0"
Warlock,Pet - Succubus,27274,Lash of Pain,utility/rank,0,0,1.5,0,12,,,0,5,type0:190,,,,,,,"E0:effect=2,aura=0,base=122,trigger=0"
Warlock,Pet - Succubus,27275,Soothing Kiss,utility/rank,0,0,1.5,0,4,10,10,0,10,type0:140,,,,,,,"E0:effect=63,aura=0,base=-276,trigger=0;E1:effect=6,aura=138,base=-11,trigger=0"
Warlock,Pet - Succubus,34947,Warlock Pet Scaling 01,utility/rank,0,0,,,,-0.001,-0.001,0,0,,,,,,,,"E0:effect=6,aura=29,base=0,trigger=0;E1:effect=6,aura=99,base=0,trigger=0;E2:effect=6,aura=13,base=0,trigger=0"
Warlock,Pet - Succubus,34956,Warlock Pet Scaling 02,utility/rank,0,0,,,,-0.001,-0.001,0,0,,,,,,,,"E0:effect=6,aura=29,base=0,trigger=0;E1:effect=6,aura=22,base=0,trigger=0;E2:effect=6,aura=22,base=0,trigger=0"
Warlock,Pet - Succubus,34957,Warlock Pet Scaling 03,utility/rank,0,0,,,,-0.001,-0.001,0,0,,,,,,,,"E0:effect=6,aura=22,base=0,trigger=0;E1:effect=6,aura=22,base=0,trigger=0;E2:effect=6,aura=22,base=0,trigger=0"
Warlock,Pet - Succubus,34958,Warlock Pet Scaling 04,utility/rank,0,0,,,,-0.001,-0.001,0,0,,,,,,,,"E0:effect=6,aura=22,base=0,trigger=0;E1:effect=6,aura=85,base=-1,trigger=0"
Warlock,Pet - Succubus,35695,Pet Passive (DND),utility/rank,0,0,,,,-0.001,-0.001,0,0,,,,,,,,"E0:effect=6,aura=57,base=-1,trigger=0;E1:effect=6,aura=52,base=0,trigger=0"
Warlock,Pet - Succubus,35697,Pet Passive (DND),utility/rank,0,0,,,,-0.001,-0.001,0,0,,,,,,,,"E0:effect=6,aura=87,base=-1,trigger=0"
Warlock,Pet - Doomguard,34947,Warlock Pet Scaling 01,utility/rank,0,0,,,,-0.001,-0.001,0,0,,,,,,,,"E0:effect=6,aura=29,base=0,trigger=0;E1:effect=6,aura=99,base=0,trigger=0;E2:effect=6,aura=13,base=0,trigger=0"
Warlock,Pet - Doomguard,34956,Warlock Pet Scaling 02,utility/rank,0,0,,,,-0.001,-0.001,0,0,,,,,,,,"E0:effect=6,aura=29,base=0,trigger=0;E1:effect=6,aura=22,base=0,trigger=0;E2:effect=6,aura=22,base=0,trigger=0"
Warlock,Pet - Doomguard,34957,Warlock Pet Scaling 03,utility/rank,0,0,,,,-0.001,-0.001,0,0,,,,,,,,"E0:effect=6,aura=22,base=0,trigger=0;E1:effect=6,aura=22,base=0,trigger=0;E2:effect=6,aura=22,base=0,trigger=0"
Warlock,Pet - Doomguard,34958,Warlock Pet Scaling 04,utility/rank,0,0,,,,-0.001,-0.001,0,0,,,,,,,,"E0:effect=6,aura=22,base=0,trigger=0;E1:effect=6,aura=85,base=-1,trigger=0"
Warlock,Demonology,126,Eye of Kilrogg,utility/rank,5,5,1.5,0,0,45,45,0,50000,type0:100,,,,,,,"E0:effect=28,aura=0,base=0,trigger=0;E1:effect=6,aura=4,base=0,trigger=0"
Warlock,Demonology,132,Detect Invisibility,utility/rank,0,0,1.5,0,0,600,600,0,30,type0:8%,,,,,,,"E0:effect=6,aura=19,base=999,trigger=0"
Warlock,Demonology,687,Demon Skin,utility/rank,0,0,1.5,0,0,1800,1800,0,0,type0:20,,,,,,,"E0:effect=6,aura=22,base=39,trigger=0;E1:effect=6,aura=161,base=2,trigger=0"
Warlock,Demonology,688,Summon Imp,utility/rank,10,10,1.5,0,0,-0.001,-0.001,0,0,type0:64%,,,,,,,"E0:effect=56,aura=0,base=-1,trigger=0"
Warlock,Demonology,691,Summon Felhunter,utility/rank,10,10,1.5,0,0,-0.001,-0.001,0,0,type0:80%,,,,6265,,,"E0:effect=56,aura=0,base=0,trigger=0"
Warlock,Demonology,693,Create Soulstone,utility/rank,3,3,1.5,0,0,,,0,0,type0:68%,,,,6265,,,"E0:effect=24,aura=0,base=0,trigger=0"
Warlock,Demonology,696,Demon Skin,utility/rank,0,0,1.5,0,0,1800,1800,0,0,type0:48,,,,,,,"E0:effect=6,aura=22,base=119,trigger=0;E1:effect=6,aura=161,base=4,trigger=0"
Warlock,Demonology,697,Summon Voidwalker,utility/rank,10,10,1.5,0,0,-0.001,-0.001,0,0,type0:80%,,,,6265,,,"E0:effect=56,aura=0,base=0,trigger=0"
Warlock,Demonology,698,Ritual of Summoning,utility/rank,5,5,1.5,0,0,,,0,30,type0:300,,,,6265,,,"E0:effect=151,aura=0,base=0,trigger=46546"
Warlock,Demonology,706,Demon Armor,utility/rank,0,0,1.5,0,0,1800,1800,0,0,type0:110,,,,,,,"E0:effect=6,aura=22,base=209,trigger=0;E1:effect=6,aura=22,base=2,trigger=0;E2:effect=6,aura=161,base=6,trigger=0"
Warlock,Demonology,710,Banish,utility/rank,1.5,1.5,1.5,0,0,20,20,0,30,type0:100,,,,,,,"E0:effect=6,aura=12,base=-1,trigger=0;E1:effect=6,aura=39,base=-1,trigger=0"
Warlock,Demonology,712,Summon Succubus,utility/rank,10,10,1.5,0,0,-0.001,-0.001,0,0,type0:80%,,,,6265,,,"E0:effect=56,aura=0,base=0,trigger=0"
Warlock,Demonology,713,Summon Incubus,utility/rank,10,10,1.5,0,0,-0.001,-0.001,0,0,type0:80%,,,,6265,,,"E0:effect=56,aura=0,base=0,trigger=0"
Warlock,Demonology,755,Health Funnel,healing,0,0,1.5,0,0,10,10,0,20,type-2:11,,,,,,,"E0:effect=6,aura=8,base=11,trigger=0;E1:effect=6,aura=88,base=-101,trigger=0"
Warlock,Demonology,1086,Demon Armor,utility/rank,0,0,1.5,0,0,1800,1800,0,0,type0:208,,,,,,,"E0:effect=6,aura=22,base=299,trigger=0;E1:effect=6,aura=22,base=5,trigger=0;E2:effect=6,aura=161,base=8,trigger=0"
Warlock,Demonology,1098,Subjugate Demon,utility/rank,3,3,1.5,0,0,300,300,0,30,type0:300,,,,6265,,,"E0:effect=6,aura=6,base=31,trigger=0;E1:effect=6,aura=138,base=-41,trigger=0;E2:effect=6,aura=65,base=-31,trigger=0"
Warlock,Demonology,1122,Inferno,utility/rank,2,2,1.5,0,3600,,,0,30,type0:80%,,,,5565,,,"E0:effect=3,aura=0,base=0,trigger=0;E1:effect=148,aura=0,base=1,trigger=358663"
Warlock,Demonology,2362,Create Spellstone,utility/rank,5,5,1.5,0,0,,,0,0,type0:500,,,,6265,,,"E0:effect=24,aura=0,base=0,trigger=0"
Warlock,Demonology,3698,Health Funnel,healing,0,0,1.5,0,0,10,10,0,20,type-2:15,,,,,,,"E0:effect=6,aura=8,base=23,trigger=0;E1:effect=6,aura=88,base=-101,trigger=0"
Warlock,Demonology,3699,Health Funnel,healing,0,0,1.5,0,0,10,10,0,20,type-2:24,,,,,,,"E0:effect=6,aura=8,base=42,trigger=0;E1:effect=6,aura=88,base=-101,trigger=0"
Warlock,Demonology,3700,Health Funnel,healing,0,0,1.5,0,0,10,10,0,20,type-2:39,,,,,,,"E0:effect=6,aura=8,base=63,trigger=0;E1:effect=6,aura=88,base=-101,trigger=0"
Warlock,Demonology,5500,Sense Demons,utility/rank,0,0,1.5,0,0,-0.001,-0.001,0,0,,,,,,,,"E0:effect=6,aura=44,base=0,trigger=0"
Warlock,Demonology,5697,Unending Breath,utility/rank,0,0,1.5,0,0,600,600,0,30,type0:50,,,,,,,"E0:effect=6,aura=82,base=-1,trigger=0"
Warlock,Demonology,5699,Create Healthstone,healing,3,3,1.5,0,0,,,0,0,type0:475,,,,6265,,,"E0:effect=77,aura=0,base=0,trigger=0"
Warlock,Demonology,5784,Summon Felsteed,utility/rank,3,3,1.5,0,0,-0.001,-0.001,0,0,type0:100,,,,,,,"E0:effect=6,aura=78,base=0,trigger=0;E1:effect=6,aura=32,base=59,trigger=0;E2:effect=77,aura=0,base=0,trigger=0"
Warlock,Demonology,6201,Create Healthstone,healing,3,3,1.5,0,0,,,0,0,type0:95,,,,6265,,,"E0:effect=77,aura=0,base=0,trigger=0"
Warlock,Demonology,6202,Create Healthstone,healing,3,3,1.5,0,0,,,0,0,type0:240,,,,6265,,,"E0:effect=77,aura=0,base=0,trigger=0"
Warlock,Demonology,6229,Shadow Ward,utility/rank,0,0,1.5,0,30,30,30,0,0,type0:135,,,,,,,"E0:effect=6,aura=69,base=289,trigger=0"
Warlock,Demonology,6366,Create Firestone,utility/rank,3,3,1.5,0,0,,,0,0,type0:500,,,,6265,,,"E0:effect=24,aura=0,base=0,trigger=0"
Warlock,Demonology,11693,Health Funnel,healing,0,0,1.5,0,0,10,10,0,20,type-2:45,,,,,,,"E0:effect=6,aura=8,base=88,trigger=0;E1:effect=6,aura=88,base=-101,trigger=0"
Warlock,Demonology,11694,Health Funnel,healing,0,0,1.5,0,0,10,10,0,20,type-2:62,,,,,,,"E0:effect=6,aura=8,base=118,trigger=0;E1:effect=6,aura=88,base=-101,trigger=0"
Warlock,Demonology,11695,Health Funnel,healing,0,0,1.5,0,0,10,10,0,20,type-2:79,,,,,,,"E0:effect=6,aura=8,base=152,trigger=0;E1:effect=6,aura=88,base=-101,trigger=0"
Warlock,Demonology,11725,Subjugate Demon,utility/rank,3,3,1.5,0,0,300,300,0,30,type0:500,,,,6265,,,"E0:effect=6,aura=6,base=46,trigger=0;E1:effect=6,aura=138,base=-41,trigger=0;E2:effect=6,aura=65,base=-31,trigger=0"
Warlock,Demonology,11726,Subjugate Demon,utility/rank,3,3,1.5,0,0,300,300,0,30,type0:700,,,,6265,,,"E0:effect=6,aura=6,base=61,trigger=0;E1:effect=6,aura=138,base=-41,trigger=0;E2:effect=6,aura=65,base=-31,trigger=0"
Warlock,Demonology,11729,Create Healthstone,healing,3,3,1.5,0,0,,,0,0,type0:750,,,,6265,,,"E0:effect=77,aura=0,base=0,trigger=0"
Warlock,Demonology,11730,Create Healthstone,healing,3,3,1.5,0,0,,,0,0,type0:1120,,,,6265,,,"E0:effect=77,aura=0,base=0,trigger=0"
Warlock,Demonology,11733,Demon Armor,utility/rank,0,0,1.5,0,0,1800,1800,0,0,type0:320,,,,,,,"E0:effect=6,aura=22,base=389,trigger=0;E1:effect=6,aura=22,base=8,trigger=0;E2:effect=6,aura=161,base=10,trigger=0"
Warlock,Demonology,11734,Demon Armor,utility/rank,0,0,1.5,0,0,1800,1800,0,0,type0:460,,,,,,,"E0:effect=6,aura=22,base=479,trigger=0;E1:effect=6,aura=22,base=11,trigger=0;E2:effect=6,aura=161,base=12,trigger=0"
Warlock,Demonology,11735,Demon Armor,utility/rank,0,0,1.5,0,0,1800,1800,0,0,type0:632,,,,,,,"E0:effect=6,aura=22,base=569,trigger=0;E1:effect=6,aura=22,base=14,trigger=0;E2:effect=6,aura=161,base=14,trigger=0"
Warlock,Demonology,11739,Shadow Ward,utility/rank,0,0,1.5,0,30,30,30,0,0,type0:195,,,,,,,"E0:effect=6,aura=69,base=469,trigger=0"
Warlock,Demonology,11740,Shadow Ward,utility/rank,0,0,1.5,0,30,30,30,0,0,type0:255,,,,,,,"E0:effect=6,aura=69,base=674,trigger=0"
Warlock,Demonology,17727,Create Spellstone,utility/rank,5,5,1.5,0,0,,,0,0,type0:750,,,,6265,,,"E0:effect=24,aura=0,base=0,trigger=0"
Warlock,Demonology,17728,Create Spellstone,utility/rank,5,5,1.5,0,0,,,0,0,type0:1000,,,,6265,,,"E0:effect=24,aura=0,base=0,trigger=0"
Warlock,Demonology,17951,Create Firestone,utility/rank,3,3,1.5,0,0,,,0,0,type0:700,,,,6265,,,"E0:effect=24,aura=0,base=0,trigger=0"
Warlock,Demonology,17952,Create Firestone,utility/rank,3,3,1.5,0,0,,,0,0,type0:900,,,,6265,,,"E0:effect=24,aura=0,base=0,trigger=0"
Warlock,Demonology,17953,Create Firestone,utility/rank,3,3,1.5,0,0,,,0,0,type0:1100,,,,6265,,,"E0:effect=24,aura=0,base=0,trigger=0"
Warlock,Demonology,18540,Ritual of Doom,utility/rank,10,10,1.5,3600,0,60,60,0,30,type0:80%,,,,16583,,,"E0:effect=50,aura=0,base=0,trigger=0"
Warlock,Demonology,18541,Ritual of Doom Effect,utility/rank,10,10,,,,15,15,0,10,,,,,,,,"E0:effect=28,aura=0,base=0,trigger=0"
Warlock,Demonology,18647,Banish,utility/rank,1.5,1.5,1.5,0,0,30,30,0,30,type0:200,,,,,,,"E0:effect=6,aura=12,base=-1,trigger=0;E1:effect=6,aura=39,base=-1,trigger=0"
Warlock,Demonology,18692,Improved Healthstone,healing,0,0,,,,-0.001,-0.001,0,0,,,,,,,,"E0:effect=6,aura=4,base=9,trigger=0"
Warlock,Demonology,18693,Improved Healthstone,healing,0,0,,,,-0.001,-0.001,0,0,,,,,,,,"E0:effect=6,aura=4,base=19,trigger=0"
Warlock,Demonology,18694,Improved Imp,passive/talent,0,0,,,,-0.001,-0.001,0,0,,,,,,,,"E0:effect=6,aura=108,base=9,trigger=0"
Warlock,Demonology,18695,Improved Imp,passive/talent,0,0,,,,-0.001,-0.001,0,0,,,,,,,,"E0:effect=6,aura=108,base=19,trigger=0"
Warlock,Demonology,18696,Improved Imp,passive/talent,0,0,,,,-0.001,-0.001,0,0,,,,,,,,"E0:effect=6,aura=108,base=29,trigger=0"
Warlock,Demonology,18697,Demonic Embrace,utility/rank,0,0,,,,-0.001,-0.001,0,0,,,,,,,,"E0:effect=6,aura=137,base=2,trigger=0;E1:effect=6,aura=137,base=-2,trigger=0"
Warlock,Demonology,18698,Demonic Embrace,utility/rank,0,0,,,,-0.001,-0.001,0,0,,,,,,,,"E0:effect=6,aura=137,base=5,trigger=0;E1:effect=6,aura=137,base=-3,trigger=0"
Warlock,Demonology,18699,Demonic Embrace,utility/rank,0,0,,,,-0.001,-0.001,0,0,,,,,,,,"E0:effect=6,aura=137,base=8,trigger=0;E1:effect=6,aura=137,base=-4,trigger=0"
Warlock,Demonology,18700,Demonic Embrace,utility/rank,0,0,,,,-0.001,-0.001,0,0,,,,,,,,"E0:effect=6,aura=137,base=11,trigger=0;E1:effect=6,aura=137,base=-5,trigger=0"
Warlock,Demonology,18701,Demonic Embrace,utility/rank,0,0,,,,-0.001,-0.001,0,0,,,,,,,,"E0:effect=6,aura=137,base=14,trigger=0;E1:effect=6,aura=137,base=-6,trigger=0"
Warlock,Demonology,18703,Improved Health Funnel,healing,0,0,,,,-0.001,-0.001,0,0,,,,,,,,"E0:effect=6,aura=108,base=9,trigger=0;E1:effect=6,aura=108,base=-11,trigger=0"
Warlock,Demonology,18704,Improved Health Funnel,healing,0,0,,,,-0.001,-0.001,0,0,,,,,,,,"E0:effect=6,aura=108,base=19,trigger=0;E1:effect=6,aura=108,base=-21,trigger=0"
Warlock,Demonology,18705,Improved Voidwalker,passive/talent,0,0,,,,-0.001,-0.001,0,0,,,,,,,,"E0:effect=6,aura=108,base=9,trigger=0"
Warlock,Demonology,18706,Improved Voidwalker,passive/talent,0,0,,,,-0.001,-0.001,0,0,,,,,,,,"E0:effect=6,aura=108,base=19,trigger=0"
Warlock,Demonology,18707,Improved Voidwalker,passive/talent,0,0,,,,-0.001,-0.001,0,0,,,,,,,,"E0:effect=6,aura=108,base=29,trigger=0"
Warlock,Demonology,18708,Fel Domination,utility/rank,0,0,0,900,0,15,15,0,0,,,,,,,,"E0:effect=6,aura=107,base=-5501,trigger=0;E1:effect=6,aura=108,base=-51,trigger=0"
Warlock,Demonology,18709,Master Summoner,utility/rank,0,0,,,,,,0,0,,,,,,,,"E0:effect=6,aura=107,base=-2001,trigger=0;E1:effect=6,aura=108,base=-21,trigger=0"
Warlock,Demonology,18710,Master Summoner,utility/rank,0,0,,,,,,0,0,,,,,,,,"E0:effect=6,aura=107,base=-4001,trigger=0;E1:effect=6,aura=108,base=-41,trigger=0"
Warlock,Demonology,18731,Fel Intellect,utility/rank,0,0,,,,,,0,0,,,,,,,,"E0:effect=6,aura=107,base=4,trigger=0;E1:effect=6,aura=132,base=0,trigger=0"
Warlock,Demonology,18743,Fel Intellect,utility/rank,0,0,,,,,,0,0,,,,,,,,"E0:effect=6,aura=107,base=9,trigger=0;E1:effect=6,aura=132,base=1,trigger=0"
Warlock,Demonology,18744,Fel Intellect,utility/rank,0,0,,,,,,0,0,,,,,,,,"E0:effect=6,aura=107,base=14,trigger=0;E1:effect=6,aura=132,base=2,trigger=0"
Warlock,Demonology,18748,Fel Stamina,utility/rank,0,0,,,,,,0,0,,,,,,,,"E0:effect=6,aura=107,base=4,trigger=0;E1:effect=6,aura=133,base=0,trigger=0"
Warlock,Demonology,18749,Fel Stamina,utility/rank,0,0,,,,,,0,0,,,,,,,,"E0:effect=6,aura=107,base=9,trigger=0;E1:effect=6,aura=133,base=1,trigger=0"
Warlock,Demonology,18750,Fel Stamina,utility/rank,0,0,,,,,,0,0,,,,,,,,"E0:effect=6,aura=107,base=14,trigger=0;E1:effect=6,aura=133,base=2,trigger=0"
Warlock,Demonology,18754,Improved Sayaad,passive/talent,0,0,,,,,,0,0,,,,,,,,"E0:effect=6,aura=108,base=9,trigger=0;E1:effect=6,aura=108,base=9,trigger=0"
Warlock,Demonology,18755,Improved Sayaad,passive/talent,0,0,,,,,,0,0,,,,,,,,"E0:effect=6,aura=108,base=19,trigger=0;E1:effect=6,aura=108,base=19,trigger=0"
Warlock,Demonology,18756,Improved Sayaad,passive/talent,0,0,,,,,,0,0,,,,,,,,"E0:effect=6,aura=108,base=29,trigger=0;E1:effect=6,aura=108,base=29,trigger=0"
Warlock,Demonology,18767,Master Conjuror,utility/rank,0,0,,,,-0.001,-0.001,0,0,,,,,,,,"E0:effect=6,aura=108,base=14,trigger=0;E1:effect=6,aura=108,base=14,trigger=0"
Warlock,Demonology,18768,Master Conjuror,utility/rank,0,0,,,,-0.001,-0.001,0,0,,,,,,,,"E0:effect=6,aura=108,base=29,trigger=0;E1:effect=6,aura=108,base=29,trigger=0"
Warlock,Demonology,18769,Unholy Power,passive/talent,0,0,,,,,,0,0,,,,,,,,"E0:effect=6,aura=107,base=3,trigger=0"
Warlock,Demonology,18770,Unholy Power,passive/talent,0,0,,,,,,0,0,,,,,,,,"E0:effect=6,aura=107,base=7,trigger=0"
Warlock,Demonology,18771,Unholy Power,passive/talent,0,0,,,,,,0,0,,,,,,,,"E0:effect=6,aura=107,base=11,trigger=0"
Warlock,Demonology,18772,Unholy Power,passive/talent,0,0,,,,,,0,0,,,,,,,,"E0:effect=6,aura=107,base=15,trigger=0"
Warlock,Demonology,18773,Unholy Power,passive/talent,0,0,,,,,,0,0,,,,,,,,"E0:effect=6,aura=107,base=19,trigger=0"
Warlock,Demonology,18788,Demonic Sacrifice,utility/rank,0,0,,,,,,0,100,,,,,,,,"E0:effect=1,aura=0,base=0,trigger=0"
Warlock,Demonology,18821,Improved Subjugate Demon,passive/talent,0,0,,,,,,0,0,,,,,,,,"E0:effect=6,aura=107,base=4,trigger=0;E1:effect=6,aura=107,base=4,trigger=0;E2:effect=6,aura=107,base=4,trigger=0"
Warlock,Demonology,18822,Improved Subjugate Demon,passive/talent,0,0,,,,,,0,0,,,,,,,,"E0:effect=6,aura=107,base=9,trigger=0;E1:effect=6,aura=107,base=9,trigger=0;E2:effect=6,aura=107,base=9,trigger=0"
Warlock,Demonology,19028,Soul Link,utility/rank,0,0,1.5,0,0,,,0,100,type0:16%,,,,,,,"E0:effect=3,aura=0,base=-1,trigger=0"
Warlock,Demonology,20752,Create Soulstone,utility/rank,3,3,1.5,0,0,,,0,0,type0:68%,,,,6265,,,"E0:effect=24,aura=0,base=0,trigger=0"
Warlock,Demonology,20755,Create Soulstone,utility/rank,3,3,1.5,0,0,,,0,0,type0:68%,,,,6265,,,"E0:effect=24,aura=0,base=0,trigger=0"
Warlock,Demonology,20756,Create Soulstone,utility/rank,3,3,1.5,0,0,,,0,0,type0:68%,,,,6265,,,"E0:effect=24,aura=0,base=0,trigger=0"
Warlock,Demonology,20757,Create Soulstone,utility/rank,3,3,1.5,0,0,,,0,0,type0:68%,,,,6265,,,"E0:effect=24,aura=0,base=0,trigger=0"
Warlock,Demonology,23161,Summon Dreadsteed,utility/rank,3,3,1.5,0,0,-0.001,-0.001,0,0,type0:150,,,,,,,"E0:effect=6,aura=78,base=0,trigger=0;E1:effect=6,aura=32,base=99,trigger=0;E2:effect=77,aura=0,base=0,trigger=0"
Warlock,Demonology,23759,Master Demonologist,utility/rank,0,0,,,,-0.001,-0.001,0,50000,,,,,,,,"E0:effect=119,aura=10,base=-5,trigger=0"
Warlock,Demonology,23760,Master Demonologist,utility/rank,0,0,,,,-0.001,-0.001,0,0,,,,,,,,"E0:effect=119,aura=87,base=-3,trigger=0"
Warlock,Demonology,23761,Master Demonologist,utility/rank,0,0,,,,-0.001,-0.001,0,0,,,,,,,,"E0:effect=119,aura=79,base=1,trigger=0"
Warlock,Demonology,23762,Master Demonologist,utility/rank,0,0,,,,-0.001,-0.001,0,0,,,,,,,,"E0:effect=119,aura=22,base=-1,trigger=0"
Warlock,Demonology,23785,Master Demonologist,utility/rank,0,0,,,,,,0,0,,,,,,,,"E0:effect=6,aura=4,base=0,trigger=0"
Warlock,Demonology,23822,Master Demonologist,utility/rank,0,0,,,,,,0,0,,,,,,,,"E0:effect=6,aura=4,base=0,trigger=0"
Warlock,Demonology,23823,Master Demonologist,utility/rank,0,0,,,,,,0,0,,,,,,,,"E0:effect=6,aura=4,base=0,trigger=0"
Warlock,Demonology,23824,Master Demonologist,utility/rank,0,0,,,,,,0,0,,,,,,,,"E0:effect=6,aura=4,base=0,trigger=0"
Warlock,Demonology,23825,Master Demonologist,utility/rank,0,0,,,,,,0,0,,,,,,,,"E0:effect=6,aura=4,base=0,trigger=0"
Warlock,Demonology,23826,Master Demonologist,utility/rank,0,0,,,,-0.001,-0.001,0,50000,,,,,,,,"E0:effect=119,aura=10,base=-9,trigger=0"
Warlock,Demonology,23827,Master Demonologist,utility/rank,0,0,,,,-0.001,-0.001,0,50000,,,,,,,,"E0:effect=119,aura=10,base=-13,trigger=0"
Warlock,Demonology,23828,Master Demonologist,utility/rank,0,0,,,,-0.001,-0.001,0,50000,,,,,,,,"E0:effect=119,aura=10,base=-17,trigger=0"
Warlock,Demonology,23829,Master Demonologist,utility/rank,0,0,,,,-0.001,-0.001,0,50000,,,,,,,,"E0:effect=119,aura=10,base=-21,trigger=0"
Warlock,Demonology,23833,Master Demonologist,utility/rank,0,0,,,,-0.001,-0.001,0,0,,,,,,,,"E0:effect=119,aura=79,base=3,trigger=0"
Warlock,Demonology,23834,Master Demonologist,utility/rank,0,0,,,,-0.001,-0.001,0,0,,,,,,,,"E0:effect=119,aura=79,base=5,trigger=0"
Warlock,Demonology,23835,Master Demonologist,utility/rank,0,0,,,,-0.001,-0.001,0,0,,,,,,,,"E0:effect=119,aura=79,base=7,trigger=0"
Warlock,Demonology,23836,Master Demonologist,utility/rank,0,0,,,,-0.001,-0.001,0,0,,,,,,,,"E0:effect=119,aura=79,base=9,trigger=0"
Warlock,Demonology,23837,Master Demonologist,utility/rank,0,0,,,,-0.001,-0.001,0,0,,,,,,,,"E0:effect=119,aura=22,base=-1,trigger=0"
Warlock,Demonology,23838,Master Demonologist,utility/rank,0,0,,,,-0.001,-0.001,0,0,,,,,,,,"E0:effect=119,aura=22,base=-1,trigger=0"
Warlock,Demonology,23839,Master Demonologist,utility/rank,0,0,,,,-0.001,-0.001,0,0,,,,,,,,"E0:effect=119,aura=22,base=-1,trigger=0"
Warlock,Demonology,23840,Master Demonologist,utility/rank,0,0,,,,-0.001,-0.001,0,0,,,,,,,,"E0:effect=119,aura=22,base=-1,trigger=0"
Warlock,Demonology,23841,Master Demonologist,utility/rank,0,0,,,,-0.001,-0.001,0,0,,,,,,,,"E0:effect=119,aura=87,base=-5,trigger=0"
Warlock,Demonology,23842,Master Demonologist,utility/rank,0,0,,,,-0.001,-0.001,0,0,,,,,,,,"E0:effect=119,aura=87,base=-7,trigger=0"
Warlock,Demonology,23843,Master Demonologist,utility/rank,0,0,,,,-0.001,-0.001,0,0,,,,,,,,"E0:effect=119,aura=87,base=-9,trigger=0"
Warlock,Demonology,23844,Master Demonologist,utility/rank,0,0,,,,-0.001,-0.001,0,0,,,,,,,,"E0:effect=119,aura=87,base=-11,trigger=0"
Warlock,Demonology,27230,Create Healthstone,healing,3,3,1.5,0,0,,,0,0,type0:1390,,,,6265,,,"E0:effect=77,aura=0,base=0,trigger=0"
Warlock,Demonology,27238,Create Soulstone,utility/rank,3,3,1.5,0,0,,,0,0,type0:68%,,,,6265,,,"E0:effect=24,aura=0,base=0,trigger=0"
Warlock,Demonology,27250,Create Firestone,utility/rank,3,3,1.5,0,0,,,0,0,type0:1330,,,,6265,,,"E0:effect=24,aura=0,base=0,trigger=0"
Warlock,Demonology,27259,Health Funnel,healing,0,0,1.5,0,0,10,10,0,20,type-2:99,,,,,,,"E0:effect=6,aura=8,base=187,trigger=0;E1:effect=6,aura=88,base=-101,trigger=0"
Warlock,Demonology,27260,Demon Armor,utility/rank,0,0,1.5,0,0,1800,1800,0,0,type0:820,,,,,,,"E0:effect=6,aura=22,base=659,trigger=0;E1:effect=6,aura=22,base=17,trigger=0;E2:effect=6,aura=161,base=17,trigger=0"
Warlock,Demonology,28172,Create Spellstone,utility/rank,5,5,1.5,0,0,,,0,0,type0:1150,,,,6265,,,"E0:effect=24,aura=0,base=0,trigger=0"
Warlock,Demonology,28176,Fel Armor,utility/rank,0,0,1.5,0,0,1800,1800,0,0,type0:637,,,,,,,"E0:effect=6,aura=118,base=19,trigger=0;E2:effect=6,aura=13,base=49,trigger=0"
Warlock,Demonology,28189,Fel Armor,utility/rank,0,0,1.5,0,0,1800,1800,0,0,type0:725,,,,,,,"E0:effect=6,aura=118,base=19,trigger=0;E2:effect=6,aura=13,base=99,trigger=0"
Warlock,Demonology,28610,Shadow Ward,utility/rank,0,0,1.5,0,30,30,30,0,0,type0:320,,,,,,,"E0:effect=6,aura=69,base=874,trigger=0"
Warlock,Demonology,29858,Soulshatter,utility/rank,0,0,1.5,300,0,,,0,0,type-2:8%,,,,6265,,,"E0:effect=3,aura=0,base=-51,trigger=0"
Warlock,Demonology,29886,Create Soulwell,utility/rank,1.5,1.5,,,,180,180,0,10,,,,,,,,"E0:effect=50,aura=0,base=0,trigger=0"
Warlock,Demonology,29893,Ritual of Souls,utility/rank,0,0,1.5,0,300,60,60,0,30,type0:80%,,,,6265,,,"E0:effect=50,aura=0,base=0,trigger=0"
Warlock,Demonology,30143,Demonic Aegis,utility/rank,0,0,,,,-0.001,-0.001,0,0,,,,,,,,"E0:effect=6,aura=108,base=9,trigger=0"
Warlock,Demonology,30144,Demonic Aegis,utility/rank,0,0,,,,-0.001,-0.001,0,0,,,,,,,,"E0:effect=6,aura=108,base=19,trigger=0"
Warlock,Demonology,30145,Demonic Aegis,utility/rank,0,0,,,,-0.001,-0.001,0,0,,,,,,,,"E0:effect=6,aura=108,base=29,trigger=0"
Warlock,Demonology,30146,Summon Felguard,utility/rank,10,10,1.5,0,0,-0.001,-0.001,0,0,type0:80%,,,,6265,,,"E0:effect=56,aura=0,base=0,trigger=0"
Warlock,Demonology,30242,Demonic Tactics,utility/rank,0,0,,,,-0.001,-0.001,0,0,,,,,,,,"E0:effect=6,aura=107,base=0,trigger=0;E1:effect=6,aura=57,base=0,trigger=0;E2:effect=6,aura=52,base=0,trigger=0"
Warlock,Demonology,30245,Demonic Tactics,utility/rank,0,0,,,,-0.001,-0.001,0,0,,,,,,,,"E0:effect=6,aura=107,base=1,trigger=0;E1:effect=6,aura=57,base=1,trigger=0;E2:effect=6,aura=52,base=1,trigger=0"
Warlock,Demonology,30246,Demonic Tactics,utility/rank,0,0,,,,-0.001,-0.001,0,0,,,,,,,,"E0:effect=6,aura=107,base=2,trigger=0;E1:effect=6,aura=57,base=2,trigger=0;E2:effect=6,aura=52,base=2,trigger=0"
Warlock,Demonology,30247,Demonic Tactics,utility/rank,0,0,,,,-0.001,-0.001,0,0,,,,,,,,"E0:effect=6,aura=107,base=3,trigger=0;E1:effect=6,aura=57,base=3,trigger=0;E2:effect=6,aura=52,base=3,trigger=0"
Warlock,Demonology,30248,Demonic Tactics,utility/rank,0,0,,,,-0.001,-0.001,0,0,,,,,,,,"E0:effect=6,aura=107,base=4,trigger=0;E1:effect=6,aura=57,base=4,trigger=0;E2:effect=6,aura=52,base=4,trigger=0"
Warlock,Demonology,30319,Demonic Resilience,utility/rank,0,0,,,,-0.001,-0.001,0,0,,,,,,,,"E0:effect=6,aura=187,base=-2,trigger=0;E1:effect=6,aura=107,base=-6,trigger=0;E2:effect=6,aura=569,base=-2,trigger=0"
Warlock,Demonology,30320,Demonic Resilience,utility/rank,0,0,,,,-0.001,-0.001,0,0,,,,,,,,"E0:effect=6,aura=187,base=-3,trigger=0;E1:effect=6,aura=107,base=-11,trigger=0;E2:effect=6,aura=569,base=-3,trigger=0"
Warlock,Demonology,30321,Demonic Resilience,utility/rank,0,0,,,,-0.001,-0.001,0,0,,,,,,,,"E0:effect=6,aura=187,base=-4,trigger=0;E1:effect=6,aura=107,base=-16,trigger=0;E2:effect=6,aura=569,base=-4,trigger=0"
Warlock,Demonology,30326,Mana Feed,utility/rank,0,0,,,,-0.001,-0.001,0,0,,,,,,,,"E0:effect=6,aura=107,base=32,trigger=0"
Warlock,Demonology,30327,Mana Feed,utility/rank,0,0,,,,-0.001,-0.001,0,0,,,,,,,,"E0:effect=6,aura=107,base=65,trigger=0"
Warlock,Demonology,30328,Mana Feed,utility/rank,0,0,,,,-0.001,-0.001,0,0,,,,,,,,"E0:effect=6,aura=107,base=99,trigger=0"
Warlock,Demonology,35691,Demonic Knowledge,passive/talent,0,0,,,,,,0,0,,,,,,,,"E0:effect=6,aura=4,base=3,trigger=0"
Warlock,Demonology,35692,Demonic Knowledge,passive/talent,0,0,,,,,,0,0,,,,,,,,"E0:effect=6,aura=4,base=7,trigger=0"
Warlock,Demonology,35693,Demonic Knowledge,passive/talent,0,0,,,,,,0,0,,,,,,,,"E0:effect=6,aura=4,base=11,trigger=0"
Warlock,Demonology,35702,Master Demonologist,utility/rank,0,0,,,,-0.001,-0.001,0,0,,,,,,,,"E0:effect=119,aura=79,base=0,trigger=0;E1:effect=119,aura=22,base=-1,trigger=0"
Warlock,Demonology,35703,Master Demonologist,utility/rank,0,0,,,,-0.001,-0.001,0,0,,,,,,,,"E0:effect=119,aura=79,base=1,trigger=0;E1:effect=119,aura=22,base=-1,trigger=0"
Warlock,Demonology,35704,Master Demonologist,utility/rank,0,0,,,,-0.001,-0.001,0,0,,,,,,,,"E0:effect=119,aura=79,base=2,trigger=0;E1:effect=119,aura=22,base=-1,trigger=0"
Warlock,Demonology,35705,Master Demonologist,utility/rank,0,0,,,,-0.001,-0.001,0,0,,,,,,,,"E0:effect=119,aura=79,base=3,trigger=0;E1:effect=119,aura=22,base=-1,trigger=0"
Warlock,Demonology,35706,Master Demonologist,utility/rank,0,0,,,,-0.001,-0.001,0,0,,,,,,,,"E0:effect=119,aura=79,base=4,trigger=0;E1:effect=119,aura=22,base=-1,trigger=0"
Warlock,Affliction,172,Corruption,damage,2,2,1.5,0,0,12,12,0,30,type0:35,,,,,,,"E0:effect=6,aura=3,base=9,trigger=0"
Warlock,Affliction,603,Curse of Doom,damage,0,0,1.5,0,60,60,60,0,30,type0:300,,,,,,,"E0:effect=6,aura=3,base=3199,trigger=0"
Warlock,Affliction,689,Drain Life,utility/rank,0,0,1.5,0,0,5,5,0,30,type0:55,,,,,,,"E0:effect=6,aura=53,base=9,trigger=0"
Warlock,Affliction,699,Drain Life,utility/rank,0,0,1.5,0,0,5,5,0,30,type0:85,,,,,,,"E0:effect=6,aura=53,base=16,trigger=0"
Warlock,Affliction,702,Curse of Weakness,damage,0,0,1.5,0,0,120,120,0,30,type0:20,,,,,,,"E0:effect=6,aura=99,base=-22,trigger=0"
Warlock,Affliction,704,Curse of Recklessness,damage,0,0,1.5,0,0,120,120,0,30,type0:35,,,,,,,"E0:effect=6,aura=99,base=19,trigger=0;E1:effect=6,aura=22,base=-141,trigger=0;E2:effect=6,aura=92,base=0,trigger=0"
Warlock,Affliction,709,Drain Life,utility/rank,0,0,1.5,0,0,5,5,0,30,type0:135,,,,,,,"E0:effect=6,aura=53,base=28,trigger=0"
Warlock,Affliction,980,Curse of Agony,damage,0,0,1.5,0,0,24,24,0,30,type0:25,,,,,,,"E0:effect=6,aura=3,base=6,trigger=0"
Warlock,Affliction,1010,Curse of Idiocy,damage,0,0,1.5,0,0,120,120,0,30,type0:110,,,,,,,"E0:effect=6,aura=29,base=-7,trigger=0;E1:effect=6,aura=29,base=-7,trigger=0;E2:effect=6,aura=23,base=-1,trigger=1010"
Warlock,Affliction,1014,Curse of Agony,damage,0,0,1.5,0,0,24,24,0,30,type0:50,,,,,,,"E0:effect=6,aura=3,base=14,trigger=0"
Warlock,Affliction,1108,Curse of Weakness,damage,0,0,1.5,0,0,120,120,0,30,type0:35,,,,,,,"E0:effect=6,aura=99,base=-42,trigger=0"
Warlock,Affliction,1120,Drain Soul,utility/rank,0,0,1.5,0,0,15,15,0,30,type0:55,,,,,,,"E0:effect=6,aura=86,base=0,trigger=0;E1:effect=6,aura=3,base=10,trigger=0;E2:effect=6,aura=42,base=0,trigger=0"
Warlock,Affliction,1454,Life Tap,utility/rank,0,0,1.5,0,0,,,0,0,,,,,,,,"E0:effect=3,aura=0,base=19,trigger=0"
Warlock,Affliction,1455,Life Tap,utility/rank,0,0,1.5,0,0,,,0,0,,,,,,,,"E0:effect=3,aura=0,base=64,trigger=0"
Warlock,Affliction,1456,Life Tap,utility/rank,0,0,1.5,0,0,,,0,0,,,,,,,,"E0:effect=3,aura=0,base=129,trigger=0"
Warlock,Affliction,1490,Curse of the Elements,damage,0,0,1.5,0,0,300,300,0,30,type0:100,,,,,,,"E0:effect=6,aura=22,base=-46,trigger=0;E1:effect=6,aura=87,base=5,trigger=0"
Warlock,Affliction,1714,Curse of Tongues,damage,0,0,1.5,0,0,30,30,0,30,type0:80,,,,,,,"E0:effect=6,aura=216,base=-51,trigger=0;E1:effect=6,aura=75,base=-1,trigger=0"
Warlock,Affliction,5138,Drain Mana,utility/rank,0,0,1.5,0,0,5,5,0,30,type0:95,,,,,,,"E0:effect=6,aura=64,base=41,trigger=0;E1:effect=6,aura=4,base=-1,trigger=0"
Warlock,Affliction,5484,Howl of Terror,utility/rank,1.5,1.5,1.5,0,40,6,6,0,0,type0:150,,,,,,,"E0:effect=6,aura=7,base=-1,trigger=0;E1:effect=6,aura=31,base=24,trigger=0"
Warlock,Affliction,5782,Fear,pvp-control,1.5,1.5,1.5,0,0,10,10,0,20,type0:12%,,,,,,,"E0:effect=6,aura=7,base=-1,trigger=0;E1:effect=6,aura=31,base=24,trigger=0"
Warlock,Affliction,6205,Curse of Weakness,damage,0,0,1.5,0,0,120,120,0,30,type0:70,,,,,,,"E0:effect=6,aura=99,base=-65,trigger=0"
Warlock,Affliction,6213,Fear,pvp-control,1.5,1.5,1.5,0,0,15,15,0,20,type0:12%,,,,,,,"E0:effect=6,aura=7,base=-1,trigger=0;E1:effect=6,aura=31,base=24,trigger=0"
Warlock,Affliction,6215,Fear,pvp-control,1.5,1.5,1.5,0,0,20,20,0,20,type0:12%,,,,,,,"E0:effect=6,aura=7,base=-1,trigger=0;E1:effect=6,aura=31,base=24,trigger=0"
Warlock,Affliction,6217,Curse of Agony,damage,0,0,1.5,0,0,24,24,0,30,type0:90,,,,,,,"E0:effect=6,aura=3,base=26,trigger=0"
Warlock,Affliction,6222,Corruption,damage,2,2,1.5,0,0,15,15,0,30,type0:55,,,,,,,"E0:effect=6,aura=3,base=17,trigger=0"
Warlock,Affliction,6223,Corruption,damage,2,2,1.5,0,0,18,18,0,30,type0:100,,,,,,,"E0:effect=6,aura=3,base=36,trigger=0"
Warlock,Affliction,6226,Drain Mana,utility/rank,0,0,1.5,0,0,5,5,0,30,type0:155,,,,,,,"E0:effect=6,aura=64,base=67,trigger=0;E1:effect=6,aura=4,base=0,trigger=0"
Warlock,Affliction,6789,Death Coil,utility/rank,0,0,1.5,0,120,3,3,0,30,type0:365,,,,,,,"E0:effect=9,aura=0,base=243,trigger=0;E1:effect=6,aura=7,base=-1,trigger=0"
Warlock,Affliction,7646,Curse of Weakness,damage,0,0,1.5,0,0,120,120,0,30,type0:95,,,,,,,"E0:effect=6,aura=99,base=-83,trigger=0"
Warlock,Affliction,7648,Corruption,damage,2,2,1.5,0,0,18,18,0,30,type0:160,,,,,,,"E0:effect=6,aura=3,base=53,trigger=0"
Warlock,Affliction,7651,Drain Life,utility/rank,0,0,1.5,0,0,5,5,0,30,type0:185,,,,,,,"E0:effect=6,aura=53,base=40,trigger=0"
Warlock,Affliction,7658,Curse of Recklessness,damage,0,0,1.5,0,0,120,120,0,30,type0:60,,,,,,,"E0:effect=6,aura=99,base=44,trigger=0;E1:effect=6,aura=22,base=-291,trigger=0;E2:effect=6,aura=92,base=0,trigger=0"
Warlock,Affliction,7659,Curse of Recklessness,damage,0,0,1.5,0,0,120,120,0,30,type0:90,,,,,,,"E0:effect=6,aura=99,base=64,trigger=0;E1:effect=6,aura=22,base=-466,trigger=0;E2:effect=6,aura=92,base=0,trigger=0"
Warlock,Affliction,8288,Drain Soul,utility/rank,0,0,1.5,0,0,15,15,0,30,type0:125,,,,,,,"E0:effect=6,aura=86,base=0,trigger=0;E1:effect=6,aura=3,base=30,trigger=0;E2:effect=6,aura=42,base=0,trigger=0"
Warlock,Affliction,8289,Drain Soul,utility/rank,0,0,1.5,0,0,15,15,0,30,type0:210,,,,,,,"E0:effect=6,aura=86,base=0,trigger=0;E1:effect=6,aura=3,base=58,trigger=0;E2:effect=6,aura=42,base=0,trigger=0"
Warlock,Affliction,11671,Corruption,damage,2,2,1.5,0,0,18,18,0,30,type0:225,,,,,,,"E0:effect=6,aura=3,base=80,trigger=0"
Warlock,Affliction,11672,Corruption,damage,2,2,1.5,0,0,18,18,0,30,type0:290,,,,,,,"E0:effect=6,aura=3,base=110,trigger=0"
Warlock,Affliction,11675,Drain Soul,utility/rank,0,0,1.5,0,0,15,15,0,30,type0:290,,,,,,,"E0:effect=6,aura=86,base=0,trigger=0;E1:effect=6,aura=3,base=90,trigger=0;E2:effect=6,aura=42,base=0,trigger=0"
Warlock,Affliction,11687,Life Tap,utility/rank,0,0,1.5,0,0,,,0,0,,,,,,,,"E0:effect=3,aura=0,base=209,trigger=0"
Warlock,Affliction,11688,Life Tap,utility/rank,0,0,1.5,0,0,,,0,0,,,,,,,,"E0:effect=3,aura=0,base=299,trigger=0"
Warlock,Affliction,11689,Life Tap,utility/rank,0,0,1.5,0,0,,,0,0,,,,,,,,"E0:effect=3,aura=0,base=419,trigger=0"
Warlock,Affliction,11699,Drain Life,utility/rank,0,0,1.5,0,0,5,5,0,30,type0:240,,,,,,,"E0:effect=6,aura=53,base=54,trigger=0"
Warlock,Affliction,11700,Drain Life,utility/rank,0,0,1.5,0,0,5,5,0,30,type0:300,,,,,,,"E0:effect=6,aura=53,base=70,trigger=0"
Warlock,Affliction,11703,Drain Mana,utility/rank,0,0,1.5,0,0,5,5,0,30,type0:225,,,,,,,"E0:effect=6,aura=64,base=98,trigger=0;E1:effect=6,aura=4,base=-1,trigger=0"
Warlock,Affliction,11704,Drain Mana,utility/rank,0,0,1.5,0,0,5,5,0,30,type0:310,,,,,,,"E0:effect=6,aura=64,base=135,trigger=0;E1:effect=6,aura=4,base=-1,trigger=0"
Warlock,Affliction,11707,Curse of Weakness,damage,0,0,1.5,0,0,120,120,0,30,type0:130,,,,,,,"E0:effect=6,aura=99,base=-124,trigger=0"
Warlock,Affliction,11708,Curse of Weakness,damage,0,0,1.5,0,0,120,120,0,30,type0:175,,,,,,,"E0:effect=6,aura=99,base=-164,trigger=0"
Warlock,Affliction,11711,Curse of Agony,damage,0,0,1.5,0,0,24,24,0,30,type0:130,,,,,,,"E0:effect=6,aura=3,base=41,trigger=0"
Warlock,Affliction,11712,Curse of Agony,damage,0,0,1.5,0,0,24,24,0,30,type0:170,,,,,,,"E0:effect=6,aura=3,base=64,trigger=0"
Warlock,Affliction,11713,Curse of Agony,damage,0,0,1.5,0,0,24,24,0,30,type0:215,,,,,,,"E0:effect=6,aura=3,base=86,trigger=0"
Warlock,Affliction,11717,Curse of Recklessness,damage,0,0,1.5,0,0,120,120,0,30,type0:115,,,,,,,"E0:effect=6,aura=99,base=89,trigger=0;E1:effect=6,aura=22,base=-641,trigger=0;E2:effect=6,aura=92,base=0,trigger=0"
Warlock,Affliction,11719,Curse of Tongues,damage,0,0,1.5,0,0,30,30,0,30,type0:110,,,,,,,"E0:effect=6,aura=216,base=-61,trigger=0;E1:effect=6,aura=75,base=-1,trigger=0"
Warlock,Affliction,11721,Curse of the Elements,damage,0,0,1.5,0,0,300,300,0,30,type0:150,,,,,,,"E0:effect=6,aura=22,base=-61,trigger=0;E1:effect=6,aura=87,base=7,trigger=0"
Warlock,Affliction,11722,Curse of the Elements,damage,0,0,1.5,0,0,300,300,0,30,type0:200,,,,,,,"E0:effect=6,aura=22,base=-76,trigger=0;E1:effect=6,aura=87,base=9,trigger=0"
Warlock,Affliction,17783,Fel Concentration,utility/rank,0,0,,,,-0.001,-0.001,0,0,,,,,,,,"E0:effect=6,aura=108,base=13,trigger=0"
Warlock,Affliction,17784,Fel Concentration,utility/rank,0,0,,,,-0.001,-0.001,0,0,,,,,,,,"E0:effect=6,aura=108,base=27,trigger=0"
Warlock,Affliction,17785,Fel Concentration,utility/rank,0,0,,,,-0.001,-0.001,0,0,,,,,,,,"E0:effect=6,aura=108,base=41,trigger=0"
Warlock,Affliction,17786,Fel Concentration,utility/rank,0,0,,,,-0.001,-0.001,0,0,,,,,,,,"E0:effect=6,aura=108,base=55,trigger=0"
Warlock,Affliction,17787,Fel Concentration,utility/rank,0,0,,,,-0.001,-0.001,0,0,,,,,,,,"E0:effect=6,aura=108,base=69,trigger=0"
Warlock,Affliction,17804,Soul Siphon,utility/rank,0,0,,,,,,0,0,,,,,,,,"E0:effect=6,aura=4,base=1,trigger=0;E1:effect=6,aura=112,base=23,trigger=0"
Warlock,Affliction,17805,Soul Siphon,utility/rank,0,0,,,,,,0,0,,,,,,,,"E0:effect=6,aura=4,base=3,trigger=0;E1:effect=6,aura=112,base=59,trigger=0"
Warlock,Affliction,17810,Improved Corruption,damage,0,0,,,,-0.001,-0.001,0,0,,,,,,,,"E0:effect=6,aura=107,base=-401,trigger=0"
Warlock,Affliction,17811,Improved Corruption,damage,0,0,,,,-0.001,-0.001,0,0,,,,,,,,"E0:effect=6,aura=107,base=-801,trigger=0"
Warlock,Affliction,17812,Improved Corruption,damage,0,0,,,,-0.001,-0.001,0,0,,,,,,,,"E0:effect=6,aura=107,base=-1201,trigger=0"
Warlock,Affliction,17813,Improved Corruption,damage,0,0,,,,-0.001,-0.001,0,0,,,,,,,,"E0:effect=6,aura=107,base=-1601,trigger=0"
Warlock,Affliction,17814,Improved Corruption,damage,0,0,,,,-0.001,-0.001,0,0,,,,,,,,"E0:effect=6,aura=107,base=-2001,trigger=0"
Warlock,Affliction,17925,Death Coil,utility/rank,0,0,1.5,0,120,3,3,0,30,type0:420,,,,,,,"E0:effect=9,aura=0,base=318,trigger=0;E1:effect=6,aura=7,base=-1,trigger=0"
Warlock,Affliction,17926,Death Coil,utility/rank,0,0,1.5,0,120,3,3,0,30,type0:480,,,,,,,"E0:effect=9,aura=0,base=399,trigger=0;E1:effect=6,aura=7,base=-1,trigger=0"
Warlock,Affliction,17928,Howl of Terror,utility/rank,1.5,1.5,1.5,0,40,8,8,0,0,type0:200,,,,,,,"E0:effect=6,aura=7,base=-1,trigger=0;E1:effect=6,aura=31,base=24,trigger=0"
Warlock,Affliction,18094,Nightfall,utility/rank,0,0,,,,-0.001,-0.001,0,0,,,,,,,,"E0:effect=6,aura=4,base=0,trigger=0"
Warlock,Affliction,18095,Nightfall,utility/rank,0,0,,,,-0.001,-0.001,0,0,,,,,,,,"E0:effect=6,aura=4,base=0,trigger=0"
Warlock,Affliction,18174,Suppression,utility/rank,0,0,,,,-0.001,-0.001,0,0,,,,,,,,"E0:effect=6,aura=107,base=1,trigger=0"
Warlock,Affliction,18175,Suppression,utility/rank,0,0,,,,-0.001,-0.001,0,0,,,,,,,,"E0:effect=6,aura=107,base=3,trigger=0"
Warlock,Affliction,18176,Suppression,utility/rank,0,0,,,,-0.001,-0.001,0,0,,,,,,,,"E0:effect=6,aura=107,base=5,trigger=0"
Warlock,Affliction,18177,Suppression,utility/rank,0,0,,,,-0.001,-0.001,0,0,,,,,,,,"E0:effect=6,aura=107,base=7,trigger=0"
Warlock,Affliction,18178,Suppression,utility/rank,0,0,,,,-0.001,-0.001,0,0,,,,,,,,"E0:effect=6,aura=107,base=9,trigger=0"
Warlock,Affliction,18179,Improved Curse of Weakness,damage,0,0,,,,-0.001,-0.001,0,0,,,,,,,,"E0:effect=6,aura=108,base=9,trigger=0"
Warlock,Affliction,18180,Improved Curse of Weakness,damage,0,0,,,,-0.001,-0.001,0,0,,,,,,,,"E0:effect=6,aura=108,base=19,trigger=0"
Warlock,Affliction,18182,Improved Life Tap,passive/talent,0,0,,,,-0.001,-0.001,0,0,,,,,,,,"E0:effect=6,aura=4,base=9,trigger=0"
Warlock,Affliction,18183,Improved Life Tap,passive/talent,0,0,,,,-0.001,-0.001,0,0,,,,,,,,"E0:effect=6,aura=4,base=19,trigger=0"
Warlock,Affliction,18213,Improved Drain Soul,passive/talent,0,0,,,,-0.001,-0.001,0,0,,,,,,,,"E0:effect=6,aura=107,base=99,trigger=0;E1:effect=6,aura=108,base=-6,trigger=0;E2:effect=3,aura=0,base=6,trigger=0"
Warlock,Affliction,18218,Grim Reach,utility/rank,0,0,,,,-0.001,-0.001,0,0,,,,,,,,"E0:effect=6,aura=108,base=9,trigger=0"
Warlock,Affliction,18219,Grim Reach,utility/rank,0,0,,,,-0.001,-0.001,0,0,,,,,,,,"E0:effect=6,aura=108,base=19,trigger=0"
Warlock,Affliction,18220,Dark Pact,utility/rank,0,0,1.5,0,0,,,0,30,,,,,,,,"E0:effect=8,aura=0,base=304,trigger=0"
Warlock,Affliction,18223,Curse of Exhaustion,damage,0,0,1.5,0,0,12,12,0,30,type0:6%,,,,,,,"E0:effect=6,aura=33,base=-31,trigger=0"
Warlock,Affliction,18265,Siphon Life,utility/rank,0,0,1.5,0,0,30,30,0,30,type0:140,,,,,,,"E0:effect=6,aura=53,base=14,trigger=0"
Warlock,Affliction,18271,Shadow Mastery,passive/talent,0,0,,,,-0.001,-0.001,0,0,,,,,,,,"E0:effect=6,aura=108,base=1,trigger=0;E1:effect=6,aura=108,base=1,trigger=0"
Warlock,Affliction,18272,Shadow Mastery,passive/talent,0,0,,,,-0.001,-0.001,0,0,,,,,,,,"E0:effect=6,aura=108,base=3,trigger=0;E1:effect=6,aura=108,base=3,trigger=0"
Warlock,Affliction,18273,Shadow Mastery,passive/talent,0,0,,,,-0.001,-0.001,0,0,,,,,,,,"E0:effect=6,aura=108,base=5,trigger=0;E1:effect=6,aura=108,base=5,trigger=0"
Warlock,Affliction,18274,Shadow Mastery,passive/talent,0,0,,,,-0.001,-0.001,0,0,,,,,,,,"E0:effect=6,aura=108,base=7,trigger=0;E1:effect=6,aura=108,base=7,trigger=0"
Warlock,Affliction,18275,Shadow Mastery,passive/talent,0,0,,,,-0.001,-0.001,0,0,,,,,,,,"E0:effect=6,aura=108,base=9,trigger=0;E1:effect=6,aura=108,base=9,trigger=0"
Warlock,Affliction,18288,Amplify Curse,damage,0,0,0,180,0,30,30,0,0,,,,,,,,"E0:effect=6,aura=108,base=49,trigger=0;E1:effect=6,aura=107,base=-21,trigger=0"
Warlock,Affliction,18372,Improved Drain Soul,passive/talent,0,0,,,,-0.001,-0.001,0,0,,,,,,,,"E0:effect=6,aura=107,base=99,trigger=0;E1:effect=6,aura=108,base=-11,trigger=0;E2:effect=3,aura=0,base=14,trigger=0"
Warlock,Affliction,18662,Curse of Doom Effect,damage,0,0,,,,15,15,0,50000,,,,,,,,"E0:effect=28,aura=0,base=0,trigger=0"
Warlock,Affliction,18827,Improved Curse of Agony,damage,0,0,,,,-0.001,-0.001,0,0,,,,,,,,"E0:effect=6,aura=108,base=4,trigger=0"
Warlock,Affliction,18829,Improved Curse of Agony,damage,0,0,,,,-0.001,-0.001,0,0,,,,,,,,"E0:effect=6,aura=108,base=9,trigger=0"
Warlock,Affliction,18879,Siphon Life,utility/rank,0,0,1.5,0,0,30,30,0,30,type0:190,,,,,,,"E0:effect=6,aura=53,base=21,trigger=0"
Warlock,Affliction,18880,Siphon Life,utility/rank,0,0,1.5,0,0,30,30,0,30,type0:250,,,,,,,"E0:effect=6,aura=53,base=32,trigger=0"
Warlock,Affliction,18881,Siphon Life,utility/rank,0,0,1.5,0,0,30,30,0,30,type0:310,,,,,,,"E0:effect=6,aura=53,base=44,trigger=0"
Warlock,Affliction,18937,Dark Pact,utility/rank,0,0,1.5,0,0,,,0,30,,,,,,,,"E0:effect=8,aura=0,base=439,trigger=0"
Warlock,Affliction,18938,Dark Pact,utility/rank,0,0,1.5,0,0,,,0,30,,,,,,,,"E0:effect=8,aura=0,base=544,trigger=0"
Warlock,Affliction,25311,Corruption,damage,2,2,1.5,0,0,18,18,0,30,type0:340,,,,,,,"E0:effect=6,aura=3,base=136,trigger=0"
Warlock,Affliction,27216,Corruption,damage,2,2,1.5,0,0,18,18,0,30,type0:370,,,,,,,"E0:effect=6,aura=3,base=149,trigger=0"
Warlock,Affliction,27217,Drain Soul,utility/rank,0,0,1.5,0,0,15,15,0,30,type0:360,,,,,,,"E0:effect=6,aura=86,base=0,trigger=0;E1:effect=6,aura=3,base=123,trigger=0;E2:effect=6,aura=42,base=0,trigger=0"
Warlock,Affliction,27218,Curse of Agony,damage,0,0,1.5,0,0,24,24,0,30,type0:265,,,,,,,"E0:effect=6,aura=3,base=112,trigger=0"
Warlock,Affliction,27219,Drain Life,utility/rank,0,0,1.5,0,0,5,5,0,30,type0:355,,,,,,,"E0:effect=6,aura=53,base=86,trigger=0"
Warlock,Affliction,27220,Drain Life,utility/rank,0,0,1.5,0,0,5,5,0,30,type0:425,,,,,,,"E0:effect=6,aura=53,base=107,trigger=0"
Warlock,Affliction,27221,Drain Mana,utility/rank,0,0,1.5,0,0,5,5,0,30,type0:385,,,,,,,"E0:effect=6,aura=64,base=168,trigger=0;E1:effect=6,aura=4,base=-1,trigger=0"
Warlock,Affliction,27222,Life Tap,utility/rank,0,0,1.5,0,0,,,0,0,,,,,,,,"E0:effect=3,aura=0,base=579,trigger=0"
Warlock,Affliction,27223,Death Coil,utility/rank,0,0,1.5,0,120,3,3,0,30,type0:600,,,,,,,"E0:effect=9,aura=0,base=518,trigger=0;E1:effect=6,aura=7,base=-1,trigger=0"
Warlock,Affliction,27224,Curse of Weakness,damage,0,0,1.5,0,0,120,120,0,30,type0:215,,,,,,,"E0:effect=6,aura=99,base=-258,trigger=0"
Warlock,Affliction,27226,Curse of Recklessness,damage,0,0,1.5,0,0,120,120,0,30,type0:160,,,,,,,"E0:effect=6,aura=99,base=134,trigger=0;E1:effect=6,aura=22,base=-801,trigger=0;E2:effect=6,aura=92,base=0,trigger=0"
Warlock,Affliction,27228,Curse of the Elements,damage,0,0,1.5,0,0,300,300,0,30,type0:260,,,,,,,"E0:effect=6,aura=22,base=-89,trigger=0;E1:effect=6,aura=87,base=9,trigger=0"
Warlock,Affliction,27243,Seed of Corruption,damage,2,2,1.5,0,0,18,18,0,30,type0:882,,,,,,,"E0:effect=6,aura=3,base=173,trigger=0;E1:effect=6,aura=4,base=1043,trigger=0"
Warlock,Affliction,27264,Siphon Life,utility/rank,0,0,1.5,0,0,30,30,0,30,type0:350,,,,,,,"E0:effect=6,aura=53,base=51,trigger=0"
Warlock,Affliction,27265,Dark Pact,utility/rank,0,0,1.5,0,0,,,0,30,,,,,,,,"E0:effect=8,aura=0,base=699,trigger=0"
Warlock,Affliction,27285,Seed of Corruption,damage,0,0,,,,,,0,50000,,,,,,,,"E0:effect=2,aura=0,base=1109,trigger=0"
Warlock,Affliction,30054,Improved Howl of Terror,passive/talent,0,0,,,,-0.001,-0.001,0,0,,,,,,,,"E0:effect=6,aura=107,base=-801,trigger=0"
Warlock,Affliction,30057,Improved Howl of Terror,passive/talent,0,0,,,,-0.001,-0.001,0,0,,,,,,,,"E0:effect=6,aura=107,base=-1501,trigger=0"
Warlock,Affliction,30060,Contagion,utility/rank,0,0,,,,-0.001,-0.001,0,0,,,,,,,,"E0:effect=6,aura=108,base=0,trigger=0;E1:effect=6,aura=108,base=0,trigger=0;E2:effect=6,aura=107,base=5,trigger=0"
Warlock,Affliction,30061,Contagion,utility/rank,0,0,,,,-0.001,-0.001,0,0,,,,,,,,"E0:effect=6,aura=108,base=1,trigger=0;E1:effect=6,aura=108,base=1,trigger=0;E2:effect=6,aura=107,base=11,trigger=0"
Warlock,Affliction,30062,Contagion,utility/rank,0,0,,,,-0.001,-0.001,0,0,,,,,,,,"E0:effect=6,aura=108,base=2,trigger=0;E1:effect=6,aura=108,base=2,trigger=0;E2:effect=6,aura=107,base=17,trigger=0"
Warlock,Affliction,30063,Contagion,utility/rank,0,0,,,,-0.001,-0.001,0,0,,,,,,,,"E0:effect=6,aura=108,base=3,trigger=0;E1:effect=6,aura=108,base=3,trigger=0;E2:effect=6,aura=107,base=23,trigger=0"
Warlock,Affliction,30064,Contagion,utility/rank,0,0,,,,-0.001,-0.001,0,0,,,,,,,,"E0:effect=6,aura=108,base=4,trigger=0;E1:effect=6,aura=108,base=4,trigger=0;E2:effect=6,aura=107,base=29,trigger=0"
Warlock,Affliction,30108,Unstable Affliction,utility/rank,1.5,1.5,1.5,0,0,18,18,0,30,type0:270,,,,,,,"E0:effect=6,aura=3,base=109,trigger=0"
Warlock,Affliction,30404,Unstable Affliction,utility/rank,1.5,1.5,1.5,0,0,18,18,0,30,type0:330,,,,,,,"E0:effect=6,aura=3,base=139,trigger=0"
Warlock,Affliction,30405,Unstable Affliction,utility/rank,1.5,1.5,1.5,0,0,18,18,0,30,type0:400,,,,,,,"E0:effect=6,aura=3,base=174,trigger=0"
Warlock,Affliction,30908,Drain Mana,utility/rank,0,0,1.5,0,0,5,5,0,30,type0:455,,,,,,,"E0:effect=6,aura=64,base=199,trigger=0;E1:effect=6,aura=4,base=-1,trigger=0"
Warlock,Affliction,30909,Curse of Weakness,damage,0,0,1.5,0,0,120,120,0,30,type0:265,,,,,,,"E0:effect=6,aura=99,base=-351,trigger=0"
Warlock,Affliction,30910,Curse of Doom,damage,0,0,1.5,0,60,60,60,0,30,type0:380,,,,,,,"E0:effect=6,aura=3,base=4199,trigger=0"
Warlock,Affliction,30911,Siphon Life,utility/rank,0,0,1.5,0,0,30,30,0,30,type0:410,,,,,,,"E0:effect=6,aura=53,base=62,trigger=0"
Warlock,Affliction,31117,Unstable Affliction,utility/rank,0,0,1.5,0,0,5,5,0,50000,,,,,,,,"E0:effect=2,aura=0,base=0,trigger=0;E1:effect=6,aura=27,base=-1,trigger=0"
Warlock,Affliction,32381,Empowered Corruption,damage,0,0,,,,-0.001,-0.001,0,0,,,,,,,,"E0:effect=6,aura=107,base=1,trigger=0"
Warlock,Affliction,32382,Empowered Corruption,damage,0,0,,,,-0.001,-0.001,0,0,,,,,,,,"E0:effect=6,aura=107,base=3,trigger=0"
Warlock,Affliction,32383,Empowered Corruption,damage,0,0,,,,-0.001,-0.001,0,0,,,,,,,,"E0:effect=6,aura=107,base=5,trigger=0"
Warlock,Affliction,32385,Shadow Embrace,utility/rank,0,0,,,,-0.001,-0.001,0,0,,,,,,,,"E0:effect=6,aura=42,base=-1,trigger=32386;E1:effect=6,aura=112,base=0,trigger=0"
Warlock,Affliction,32386,Shadow Embrace,utility/rank,0,0,,,,-0.001,-0.001,0,100,,,,,,,,"E0:effect=6,aura=79,base=-2,trigger=0"
Warlock,Affliction,32387,Shadow Embrace,utility/rank,0,0,,,,-0.001,-0.001,0,0,,,,,,,,"E0:effect=6,aura=42,base=-1,trigger=32388;E1:effect=6,aura=112,base=0,trigger=0"
Warlock,Affliction,32388,Shadow Embrace,utility/rank,0,0,,,,-0.001,-0.001,0,100,,,,,,,,"E0:effect=6,aura=79,base=-3,trigger=0"
Warlock,Affliction,32389,Shadow Embrace,utility/rank,0,0,,,,-0.001,-0.001,0,100,,,,,,,,"E0:effect=6,aura=79,base=-4,trigger=0"
Warlock,Affliction,32390,Shadow Embrace,utility/rank,0,0,,,,-0.001,-0.001,0,100,,,,,,,,"E0:effect=6,aura=79,base=-5,trigger=0"
Warlock,Affliction,32391,Shadow Embrace,utility/rank,0,0,,,,-0.001,-0.001,0,100,,,,,,,,"E0:effect=6,aura=79,base=-6,trigger=0"
Warlock,Affliction,32392,Shadow Embrace,utility/rank,0,0,,,,-0.001,-0.001,0,0,,,,,,,,"E0:effect=6,aura=42,base=-1,trigger=32389;E1:effect=6,aura=112,base=0,trigger=0"
Warlock,Affliction,32393,Shadow Embrace,utility/rank,0,0,,,,-0.001,-0.001,0,0,,,,,,,,"E0:effect=6,aura=42,base=-1,trigger=32390;E1:effect=6,aura=112,base=0,trigger=0"
Warlock,Affliction,32394,Shadow Embrace,utility/rank,0,0,,,,-0.001,-0.001,0,0,,,,,,,,"E0:effect=6,aura=42,base=-1,trigger=32391;E1:effect=6,aura=112,base=0,trigger=0"
Warlock,Affliction,32477,Malediction,utility/rank,0,0,,,,,,0,0,,,,,,,,"E0:effect=6,aura=107,base=0,trigger=0"
Warlock,Affliction,32483,Malediction,utility/rank,0,0,,,,,,0,0,,,,,,,,"E0:effect=6,aura=107,base=1,trigger=0"
Warlock,Affliction,32484,Malediction,utility/rank,0,0,,,,,,0,0,,,,,,,,"E0:effect=6,aura=107,base=2,trigger=0"
Warlock,Destruction,348,Immolate,utility/rank,2,2,1.5,0,0,15,15,0,30,type0:25,,,,,,,"E0:effect=6,aura=3,base=3,trigger=0;E1:effect=2,aura=0,base=7,trigger=0"
Warlock,Destruction,686,Shadow Bolt,damage,1.7,1.7,1.5,0,0,,,0,30,type0:25,,,,,,,"E0:effect=2,aura=0,base=11,trigger=0"
Warlock,Destruction,695,Shadow Bolt,damage,2.2,2.2,1.5,0,0,,,0,30,type0:40,,,,,,,"E0:effect=2,aura=0,base=22,trigger=0"
Warlock,Destruction,705,Shadow Bolt,damage,2.8,2.8,1.5,0,0,,,0,30,type0:70,,,,,,,"E0:effect=2,aura=0,base=47,trigger=0"
Warlock,Destruction,707,Immolate,utility/rank,2,2,1.5,0,0,15,15,0,30,type0:45,,,,,,,"E0:effect=6,aura=3,base=7,trigger=0;E1:effect=2,aura=0,base=18,trigger=0"
Warlock,Destruction,1088,Shadow Bolt,damage,3,3,1.5,0,0,,,0,30,type0:110,,,,,,,"E0:effect=2,aura=0,base=85,trigger=0"
Warlock,Destruction,1094,Immolate,utility/rank,2,2,1.5,0,0,15,15,0,30,type0:90,,,,,,,"E0:effect=6,aura=3,base=17,trigger=0;E1:effect=2,aura=0,base=44,trigger=0"
Warlock,Destruction,1106,Shadow Bolt,damage,3,3,1.5,0,0,,,0,30,type0:160,,,,,,,"E0:effect=2,aura=0,base=141,trigger=0"
Warlock,Destruction,1949,Hellfire,utility/rank,0,0,1.5,0,0,15,15,0,0,type0:645,,,,,,,"E0:effect=6,aura=23,base=-1,trigger=5857;E1:effect=6,aura=3,base=82,trigger=0;E2:effect=6,aura=77,base=99,trigger=0"
Warlock,Destruction,2941,Immolate,utility/rank,2,2,1.5,0,0,15,15,0,30,type0:155,,,,,,,"E0:effect=6,aura=3,base=32,trigger=0;E1:effect=2,aura=0,base=89,trigger=0"
Warlock,Destruction,5676,Searing Pain,utility/rank,1.5,1.5,1.5,0,0,,,0,30,type0:45,,,,,,,"E0:effect=2,aura=0,base=33,trigger=0"
Warlock,Destruction,5740,Rain of Fire,utility/rank,0,0,1.5,0,0,8,8,0,30,type0:295,,,,,,,"E0:effect=27,aura=4,base=41,trigger=0;E1:effect=6,aura=23,base=0,trigger=42223"
Warlock,Destruction,5857,Hellfire Effect,utility/rank,0,0,,,,,,0,0,,,,,,,,"E0:effect=2,aura=0,base=82,trigger=0"
Warlock,Destruction,6219,Rain of Fire,utility/rank,0,0,1.5,0,0,8,8,0,30,type0:605,,,,,,,"E0:effect=27,aura=4,base=95,trigger=0;E1:effect=6,aura=23,base=0,trigger=42224"
Warlock,Destruction,6353,Soul Fire,utility/rank,6,6,1.5,0,60,,,0,30,type0:170,,,,6265,,,"E0:effect=2,aura=0,base=622,trigger=0"
Warlock,Destruction,7641,Shadow Bolt,damage,3,3,1.5,0,0,,,0,30,type0:210,,,,,,,"E0:effect=2,aura=0,base=203,trigger=0"
Warlock,Destruction,11659,Shadow Bolt,damage,3,3,1.5,0,0,,,0,30,type0:265,,,,,,,"E0:effect=2,aura=0,base=280,trigger=0"
Warlock,Destruction,11660,Shadow Bolt,damage,3,3,1.5,0,0,,,0,30,type0:315,,,,,,,"E0:effect=2,aura=0,base=359,trigger=0"
Warlock,Destruction,11661,Shadow Bolt,damage,3,3,1.5,0,0,,,0,30,type0:370,,,,,,,"E0:effect=2,aura=0,base=454,trigger=0"
Warlock,Destruction,11665,Immolate,utility/rank,2,2,1.5,0,0,15,15,0,30,type0:220,,,,,,,"E0:effect=6,aura=3,base=50,trigger=0;E1:effect=2,aura=0,base=133,trigger=0"
Warlock,Destruction,11667,Immolate,utility/rank,2,2,1.5,0,0,15,15,0,30,type0:295,,,,,,,"E0:effect=6,aura=3,base=72,trigger=0;E1:effect=2,aura=0,base=191,trigger=0"
Warlock,Destruction,11668,Immolate,utility/rank,2,2,1.5,0,0,15,15,0,30,type0:370,,,,,,,"E0:effect=6,aura=3,base=96,trigger=0;E1:effect=2,aura=0,base=257,trigger=0"
Warlock,Destruction,11668,Immolate,utility/rank,2,2,1.5,0,0,15,15,0,30,type0:370,,,,,,,"E0:effect=6,aura=3,base=96,trigger=0;E1:effect=2,aura=0,base=257,trigger=0"
Warlock,Destruction,11677,Rain of Fire,utility/rank,0,0,1.5,0,0,8,8,0,30,type0:885,,,,,,,"E0:effect=27,aura=4,base=154,trigger=0;E1:effect=6,aura=23,base=0,trigger=42225"
Warlock,Destruction,11678,Rain of Fire,utility/rank,0,0,1.5,0,0,8,8,0,30,type0:1185,,,,,,,"E0:effect=27,aura=4,base=225,trigger=0;E1:effect=6,aura=23,base=0,trigger=42226"
Warlock,Destruction,11681,Hellfire Effect,utility/rank,0,0,,,,,,0,0,,,,,,,,"E0:effect=2,aura=0,base=138,trigger=0"
Warlock,Destruction,11682,Hellfire Effect,utility/rank,0,0,,,,,,0,0,,,,,,,,"E0:effect=2,aura=0,base=207,trigger=0"
Warlock,Destruction,11683,Hellfire,utility/rank,0,0,1.5,0,0,15,15,0,0,type0:975,,,,,,,"E0:effect=6,aura=23,base=-1,trigger=11681;E1:effect=6,aura=3,base=138,trigger=0;E2:effect=6,aura=77,base=99,trigger=0"
Warlock,Destruction,11684,Hellfire,utility/rank,0,0,1.5,0,0,15,15,0,0,type0:1300,,,,,,,"E0:effect=6,aura=23,base=-1,trigger=11682;E1:effect=6,aura=3,base=207,trigger=0;E2:effect=6,aura=77,base=99,trigger=0"
Warlock,Destruction,17778,Cataclysm,utility/rank,0,0,,,,-0.001,-0.001,0,0,,,,,,,,"E0:effect=6,aura=108,base=-2,trigger=0"
Warlock,Destruction,17779,Cataclysm,utility/rank,0,0,,,,-0.001,-0.001,0,0,,,,,,,,"E0:effect=6,aura=108,base=-3,trigger=0"
Warlock,Destruction,17780,Cataclysm,utility/rank,0,0,,,,-0.001,-0.001,0,0,,,,,,,,"E0:effect=6,aura=108,base=-4,trigger=0"
Warlock,Destruction,17781,Cataclysm,utility/rank,0,0,,,,-0.001,-0.001,0,0,,,,,,,,"E0:effect=6,aura=108,base=-5,trigger=0"
Warlock,Destruction,17782,Cataclysm,utility/rank,0,0,,,,-0.001,-0.001,0,0,,,,,,,,"E0:effect=6,aura=108,base=-6,trigger=0"
Warlock,Destruction,17788,Bane,utility/rank,0,0,,,,-0.001,-0.001,0,0,,,,,,,,"E0:effect=6,aura=107,base=-101,trigger=0;E1:effect=6,aura=107,base=-401,trigger=0"
Warlock,Destruction,17789,Bane,utility/rank,0,0,,,,-0.001,-0.001,0,0,,,,,,,,"E0:effect=6,aura=107,base=-201,trigger=0;E1:effect=6,aura=107,base=-801,trigger=0"
Warlock,Destruction,17790,Bane,utility/rank,0,0,,,,-0.001,-0.001,0,0,,,,,,,,"E0:effect=6,aura=107,base=-301,trigger=0;E1:effect=6,aura=107,base=-1201,trigger=0"
Warlock,Destruction,17791,Bane,utility/rank,0,0,,,,-0.001,-0.001,0,0,,,,,,,,"E0:effect=6,aura=107,base=-401,trigger=0;E1:effect=6,aura=107,base=-1601,trigger=0"
Warlock,Destruction,17792,Bane,utility/rank,0,0,,,,-0.001,-0.001,0,0,,,,,,,,"E0:effect=6,aura=107,base=-501,trigger=0;E1:effect=6,aura=107,base=-2001,trigger=0"
Warlock,Destruction,17793,Improved Shadow Bolt,damage,0,0,,,,-0.001,-0.001,0,0,,,,,,,,"E0:effect=6,aura=42,base=-1,trigger=17794"
Warlock,Destruction,17796,Improved Shadow Bolt,damage,0,0,,,,-0.001,-0.001,0,0,,,,,,,,"E0:effect=6,aura=42,base=-1,trigger=17798"
Warlock,Destruction,17801,Improved Shadow Bolt,damage,0,0,,,,-0.001,-0.001,0,0,,,,,,,,"E0:effect=6,aura=42,base=-1,trigger=17797"
Warlock,Destruction,17802,Improved Shadow Bolt,damage,0,0,,,,-0.001,-0.001,0,0,,,,,,,,"E0:effect=6,aura=42,base=-1,trigger=17799"
Warlock,Destruction,17803,Improved Shadow Bolt,damage,0,0,,,,-0.001,-0.001,0,0,,,,,,,,"E0:effect=6,aura=42,base=-1,trigger=17800"
Warlock,Destruction,17815,Improved Immolate,passive/talent,0,0,,,,-0.001,-0.001,0,0,,,,,,,,"E0:effect=6,aura=108,base=4,trigger=0"
Warlock,Destruction,17833,Improved Immolate,passive/talent,0,0,,,,-0.001,-0.001,0,0,,,,,,,,"E0:effect=6,aura=108,base=9,trigger=0"
Warlock,Destruction,17834,Improved Immolate,passive/talent,0,0,,,,-0.001,-0.001,0,0,,,,,,,,"E0:effect=6,aura=108,base=14,trigger=0"
Warlock,Destruction,17835,Improved Immolate,passive/talent,0,0,,,,-0.001,-0.001,0,0,,,,,,,,"E0:effect=6,aura=108,base=19,trigger=0"
Warlock,Destruction,17836,Improved Immolate,passive/talent,0,0,,,,-0.001,-0.001,0,0,,,,,,,,"E0:effect=6,aura=108,base=24,trigger=0"
Warlock,Destruction,17877,Shadowburn,utility/rank,0,0,1.5,0,15,,,0,20,type0:105,,,,6265,,,"E0:effect=64,aura=0,base=0,trigger=29341;E1:effect=2,aura=0,base=86,trigger=0"
Warlock,Destruction,17917,Destructive Reach,utility/rank,0,0,,,,-0.001,-0.001,0,0,,,,,,,,"E0:effect=6,aura=108,base=9,trigger=0;E1:effect=6,aura=108,base=-6,trigger=0"
Warlock,Destruction,17918,Destructive Reach,utility/rank,0,0,,,,-0.001,-0.001,0,0,,,,,,,,"E0:effect=6,aura=108,base=19,trigger=0;E1:effect=6,aura=108,base=-11,trigger=0"
Warlock,Destruction,17919,Searing Pain,utility/rank,1.5,1.5,1.5,0,0,,,0,30,type0:68,,,,,,,"E0:effect=2,aura=0,base=58,trigger=0"
Warlock,Destruction,17920,Searing Pain,utility/rank,1.5,1.5,1.5,0,0,,,0,30,type0:91,,,,,,,"E0:effect=2,aura=0,base=85,trigger=0"
Warlock,Destruction,17921,Searing Pain,utility/rank,1.5,1.5,1.5,0,0,,,0,30,type0:118,,,,,,,"E0:effect=2,aura=0,base=121,trigger=0"
Warlock,Destruction,17922,Searing Pain,utility/rank,1.5,1.5,1.5,0,0,,,0,30,type0:141,,,,,,,"E0:effect=2,aura=0,base=157,trigger=0"
Warlock,Destruction,17923,Searing Pain,utility/rank,1.5,1.5,1.5,0,0,,,0,30,type0:168,,,,,,,"E0:effect=2,aura=0,base=203,trigger=0"
Warlock,Destruction,17924,Soul Fire,utility/rank,6,6,1.5,0,60,,,0,30,type0:185,,,,6265,,,"E0:effect=2,aura=0,base=702,trigger=0"
Warlock,Destruction,17927,Improved Searing Pain,passive/talent,0,0,,,,-0.001,-0.001,0,0,,,,,,,,"E0:effect=6,aura=107,base=3,trigger=0"
Warlock,Destruction,17929,Improved Searing Pain,passive/talent,0,0,,,,-0.001,-0.001,0,0,,,,,,,,"E0:effect=6,aura=107,base=6,trigger=0"
Warlock,Destruction,17930,Improved Searing Pain,passive/talent,0,0,,,,-0.001,-0.001,0,0,,,,,,,,"E0:effect=6,aura=107,base=9,trigger=0"
Warlock,Destruction,17954,Emberstorm,utility/rank,0,0,,,,,,0,0,,,,,,,,"E0:effect=6,aura=108,base=1,trigger=0;E1:effect=6,aura=108,base=1,trigger=0;E2:effect=6,aura=108,base=-3,trigger=0"
Warlock,Destruction,17955,Emberstorm,utility/rank,0,0,,,,,,0,0,,,,,,,,"E0:effect=6,aura=108,base=3,trigger=0;E1:effect=6,aura=108,base=3,trigger=0;E2:effect=6,aura=108,base=-5,trigger=0"
Warlock,Destruction,17956,Emberstorm,utility/rank,0,0,,,,,,0,0,,,,,,,,"E0:effect=6,aura=108,base=5,trigger=0;E1:effect=6,aura=108,base=5,trigger=0;E2:effect=6,aura=108,base=-7,trigger=0"
Warlock,Destruction,17957,Emberstorm,utility/rank,0,0,,,,,,0,0,,,,,,,,"E0:effect=6,aura=108,base=7,trigger=0;E1:effect=6,aura=108,base=7,trigger=0;E2:effect=6,aura=108,base=-9,trigger=0"
Warlock,Destruction,17958,Emberstorm,utility/rank,0,0,,,,,,0,0,,,,,,,,"E0:effect=6,aura=108,base=9,trigger=0;E1:effect=6,aura=108,base=9,trigger=0;E2:effect=6,aura=108,base=-11,trigger=0"
Warlock,Destruction,17959,Ruin,utility/rank,0,0,,,,-0.001,-0.001,0,0,,,,,,,,"E0:effect=6,aura=108,base=99,trigger=0"
Warlock,Destruction,17962,Conflagrate,utility/rank,0,0,1.5,0,10,,,0,30,type0:165,,,,,,,"E0:effect=2,aura=0,base=239,trigger=0"
Warlock,Destruction,18073,Pyroclasm,utility/rank,0,0,,,,,,0,0,,,,,,,,"E0:effect=6,aura=112,base=0,trigger=0;E1:effect=6,aura=42,base=0,trigger=18350"
Warlock,Destruction,18093,Pyroclasm,utility/rank,0,0,,,,3,3,0,50000,,,,,,,,"E0:effect=6,aura=12,base=0,trigger=0"
Warlock,Destruction,18096,Pyroclasm,utility/rank,0,0,,,,,,0,0,,,,,,,,"E0:effect=6,aura=112,base=0,trigger=0;E1:effect=6,aura=42,base=0,trigger=18350"
Warlock,Destruction,18119,Aftermath,utility/rank,0,0,,,,-0.001,-0.001,0,0,,,,,,,,"E0:effect=6,aura=42,base=0,trigger=18118"
Warlock,Destruction,18120,Aftermath,utility/rank,0,0,,,,-0.001,-0.001,0,0,,,,,,,,"E0:effect=6,aura=42,base=0,trigger=18118"
Warlock,Destruction,18121,Aftermath,utility/rank,0,0,,,,-0.001,-0.001,0,0,,,,,,,,"E0:effect=6,aura=42,base=0,trigger=18118"
Warlock,Destruction,18122,Aftermath,utility/rank,0,0,,,,-0.001,-0.001,0,0,,,,,,,,"E0:effect=6,aura=42,base=0,trigger=18118"
Warlock,Destruction,18123,Aftermath,utility/rank,0,0,,,,-0.001,-0.001,0,0,,,,,,,,"E0:effect=6,aura=42,base=0,trigger=18118"
Warlock,Destruction,18126,Improved Firebolt,damage,0,0,,,,-0.001,-0.001,0,0,,,,,,,,"E0:effect=6,aura=107,base=-251,trigger=0"
Warlock,Destruction,18127,Improved Firebolt,damage,0,0,,,,-0.001,-0.001,0,0,,,,,,,,"E0:effect=6,aura=107,base=-501,trigger=0"
Warlock,Destruction,18128,Improved Lash of Pain,passive/talent,0,0,,,,,,0,0,,,,,,,,"E0:effect=6,aura=107,base=-3001,trigger=0"
Warlock,Destruction,18129,Improved Lash of Pain,passive/talent,0,0,,,,,,0,0,,,,,,,,"E0:effect=6,aura=107,base=-6001,trigger=0"
Warlock,Destruction,18130,Devastation,utility/rank,0,0,,,,-0.001,-0.001,0,0,,,,,,,,"E0:effect=6,aura=107,base=0,trigger=0"
Warlock,Destruction,18131,Devastation,utility/rank,0,0,,,,-0.001,-0.001,0,0,,,,,,,,"E0:effect=6,aura=107,base=1,trigger=0"
Warlock,Destruction,18132,Devastation,utility/rank,0,0,,,,-0.001,-0.001,0,0,,,,,,,,"E0:effect=6,aura=107,base=2,trigger=0"
Warlock,Destruction,18133,Devastation,utility/rank,0,0,,,,-0.001,-0.001,0,0,,,,,,,,"E0:effect=6,aura=107,base=3,trigger=0"
Warlock,Destruction,18134,Devastation,utility/rank,0,0,,,,-0.001,-0.001,0,0,,,,,,,,"E0:effect=6,aura=107,base=4,trigger=0"
Warlock,Destruction,18135,Intensity,utility/rank,0,0,,,,-0.001,-0.001,0,0,,,,,,,,"E0:effect=6,aura=108,base=34,trigger=0"
Warlock,Destruction,18136,Intensity,utility/rank,0,0,,,,-0.001,-0.001,0,0,,,,,,,,"E0:effect=6,aura=108,base=69,trigger=0"
Warlock,Destruction,18867,Shadowburn,utility/rank,0,0,1.5,0,15,,,0,20,type0:130,,,,6265,,,"E0:effect=64,aura=0,base=0,trigger=29341;E1:effect=2,aura=0,base=114,trigger=0"
Warlock,Destruction,18868,Shadowburn,utility/rank,0,0,1.5,0,15,,,0,20,type0:190,,,,6265,,,"E0:effect=64,aura=0,base=0,trigger=29341;E1:effect=2,aura=0,base=185,trigger=0"
Warlock,Destruction,18869,Shadowburn,utility/rank,0,0,1.5,0,15,,,0,20,type0:245,,,,6265,,,"E0:effect=64,aura=0,base=0,trigger=29341;E1:effect=2,aura=0,base=260,trigger=0"
Warlock,Destruction,18870,Shadowburn,utility/rank,0,0,1.5,0,15,,,0,20,type0:305,,,,6265,,,"E0:effect=64,aura=0,base=0,trigger=29341;E1:effect=2,aura=0,base=349,trigger=0"
Warlock,Destruction,18871,Shadowburn,utility/rank,0,0,1.5,0,15,,,0,20,type0:365,,,,6265,,,"E0:effect=64,aura=0,base=0,trigger=29341;E1:effect=2,aura=0,base=449,trigger=0"
Warlock,Destruction,18930,Conflagrate,utility/rank,0,0,1.5,0,10,,,0,30,type0:200,,,,,,,"E0:effect=2,aura=0,base=315,trigger=0"
Warlock,Destruction,18931,Conflagrate,utility/rank,0,0,1.5,0,10,,,0,30,type0:230,,,,,,,"E0:effect=2,aura=0,base=382,trigger=0"
Warlock,Destruction,18932,Conflagrate,utility/rank,0,0,1.5,0,10,,,0,30,type0:255,,,,,,,"E0:effect=2,aura=0,base=446,trigger=0"
Warlock,Destruction,25307,Shadow Bolt,damage,3,3,1.5,0,0,,,0,30,type0:380,,,,,,,"E0:effect=2,aura=0,base=481,trigger=0"
Warlock,Destruction,25309,Immolate,utility/rank,2,2,1.5,0,0,15,15,0,30,type0:380,,,,,,,"E0:effect=6,aura=3,base=101,trigger=0;E1:effect=2,aura=0,base=278,trigger=0"
Warlock,Destruction,27209,Shadow Bolt,damage,3,3,1.5,0,0,,,0,30,type0:420,,,,,,,"E0:effect=2,aura=0,base=540,trigger=0"
Warlock,Destruction,27210,Searing Pain,utility/rank,1.5,1.5,1.5,0,0,,,0,30,type0:191,,,,,,,"E0:effect=2,aura=0,base=242,trigger=0"
Warlock,Destruction,27211,Soul Fire,utility/rank,6,6,1.5,0,60,,,0,30,type0:215,,,,6265,,,"E0:effect=2,aura=0,base=838,trigger=0"
Warlock,Destruction,27212,Rain of Fire,utility/rank,0,0,1.5,0,0,8,8,0,30,type0:1480,,,,,,,"E0:effect=27,aura=4,base=302,trigger=0;E1:effect=6,aura=23,base=0,trigger=42218"
Warlock,Destruction,27213,Hellfire,utility/rank,0,0,1.5,0,0,15,15,0,0,type0:1665,,,,,,,"E0:effect=6,aura=23,base=-1,trigger=27214;E1:effect=6,aura=3,base=305,trigger=0;E2:effect=6,aura=77,base=99,trigger=0"
Warlock,Destruction,27214,Hellfire Effect,utility/rank,0,0,,,,,,0,0,,,,,,,,"E0:effect=2,aura=0,base=305,trigger=0"
Warlock,Destruction,27215,Immolate,utility/rank,2,2,1.5,0,0,15,15,0,30,type0:445,,,,,,,"E0:effect=6,aura=3,base=122,trigger=0;E1:effect=2,aura=0,base=326,trigger=0"
Warlock,Destruction,27263,Shadowburn,utility/rank,0,0,1.5,0,15,,,0,20,type0:435,,,,6265,,,"E0:effect=64,aura=0,base=0,trigger=29341;E1:effect=2,aura=0,base=517,trigger=0"
Warlock,Destruction,27266,Conflagrate,utility/rank,0,0,1.5,0,10,,,0,30,type0:280,,,,,,,"E0:effect=2,aura=0,base=511,trigger=0"
Warlock,Destruction,29722,Incinerate,damage,2.5,2.5,1.5,0,0,,,0,30,type0:325,,,,,,,"E0:effect=2,aura=0,base=402,trigger=0"
Warlock,Destruction,30283,Shadowfury,utility/rank,0.5,0.5,0.5,0,20,2,2,0,30,type0:440,,,,,,,"E0:effect=2,aura=0,base=342,trigger=0;E1:effect=6,aura=12,base=-1,trigger=0"
Warlock,Destruction,30288,Shadow and Flame,utility/rank,0,0,,,,-0.001,-0.001,0,0,,,,,,,,"E0:effect=6,aura=107,base=3,trigger=0"
Warlock,Destruction,30289,Shadow and Flame,utility/rank,0,0,,,,-0.001,-0.001,0,0,,,,,,,,"E0:effect=6,aura=107,base=7,trigger=0"
Warlock,Destruction,30290,Shadow and Flame,utility/rank,0,0,,,,-0.001,-0.001,0,0,,,,,,,,"E0:effect=6,aura=107,base=11,trigger=0"
Warlock,Destruction,30291,Shadow and Flame,utility/rank,0,0,,,,-0.001,-0.001,0,0,,,,,,,,"E0:effect=6,aura=107,base=15,trigger=0"
Warlock,Destruction,30292,Shadow and Flame,utility/rank,0,0,,,,-0.001,-0.001,0,0,,,,,,,,"E0:effect=6,aura=107,base=19,trigger=0"
Warlock,Destruction,30293,Soul Leech,utility/rank,0,0,,,,-0.001,-0.001,0,0,,,,,,,,"E0:effect=6,aura=4,base=19,trigger=0"
Warlock,Destruction,30295,Soul Leech,utility/rank,0,0,,,,-0.001,-0.001,0,0,,,,,,,,"E0:effect=6,aura=4,base=19,trigger=0"
Warlock,Destruction,30296,Soul Leech,utility/rank,0,0,,,,,,0,0,,,,,,,,"E0:effect=6,aura=4,base=19,trigger=0"
Warlock,Destruction,30299,Nether Protection,utility/rank,0,0,,,,-0.001,-0.001,0,0,,,,,,,,"E0:effect=6,aura=42,base=-1,trigger=30300"
Warlock,Destruction,30300,Nether Protection,utility/rank,0,0,,,,4,4,0,0,,,,,,,,"E0:effect=6,aura=39,base=-1,trigger=0"
Warlock,Destruction,30301,Nether Protection,utility/rank,0,0,,,,-0.001,-0.001,0,0,,,,,,,,"E0:effect=6,aura=42,base=-1,trigger=30300"
Warlock,Destruction,30302,Nether Protection,utility/rank,0,0,,,,-0.001,-0.001,0,0,,,,,,,,"E0:effect=6,aura=42,base=-1,trigger=30300"
Warlock,Destruction,30413,Shadowfury,utility/rank,0.5,0.5,0.5,0,20,2,2,0,30,type0:545,,,,,,,"E0:effect=2,aura=0,base=458,trigger=0;E1:effect=6,aura=12,base=-1,trigger=0"
Warlock,Destruction,30414,Shadowfury,utility/rank,0.5,0.5,0.5,0,20,2,2,0,30,type0:710,,,,,,,"E0:effect=2,aura=0,base=611,trigger=0;E1:effect=6,aura=12,base=-1,trigger=0"
Warlock,Destruction,30459,Searing Pain,utility/rank,1.5,1.5,1.5,0,0,,,0,30,type0:205,,,,,,,"E0:effect=2,aura=0,base=269,trigger=0"
Warlock,Destruction,30545,Soul Fire,utility/rank,6,6,1.5,0,60,,,0,30,type0:250,,,,6265,,,"E0:effect=2,aura=0,base=1002,trigger=0"
Warlock,Destruction,30546,Shadowburn,utility/rank,0,0,1.5,0,15,,,0,20,type0:515,,,,6265,,,"E0:effect=64,aura=0,base=0,trigger=29341;E1:effect=2,aura=0,base=596,trigger=0"
Warlock,Destruction,30912,Conflagrate,utility/rank,0,0,1.5,0,10,,,0,30,type0:305,,,,,,,"E0:effect=2,aura=0,base=578,trigger=0"
Warlock,Destruction,32231,Incinerate,damage,2.5,2.5,1.5,0,0,,,0,30,type0:355,,,,,,,"E0:effect=2,aura=0,base=443,trigger=0"
Warlock,Destruction,34935,Backlash,utility/rank,0,0,,,,-0.001,-0.001,0,0,,,,,,,,"E0:effect=6,aura=42,base=-1,trigger=34936;E1:effect=6,aura=57,base=0,trigger=0"
Warlock,Destruction,34936,Backlash,utility/rank,0,0,,,,8,8,0,0,,,,,,,,"E0:effect=6,aura=108,base=-101,trigger=0"
Warlock,Destruction,34938,Backlash,utility/rank,0,0,,,,-0.001,-0.001,0,0,,,,,,,,"E0:effect=6,aura=42,base=-1,trigger=34936;E1:effect=6,aura=57,base=1,trigger=0"
Warlock,Destruction,34939,Backlash,utility/rank,0,0,,,,-0.001,-0.001,0,0,,,,,,,,"E0:effect=6,aura=42,base=-1,trigger=34936;E1:effect=6,aura=57,base=2,trigger=0"
Warlock,Destruction,42218,Rain of Fire,utility/rank,0,0,,,,,,0,100,,,,,,,,"E0:effect=2,aura=0,base=302,trigger=0"
Warlock,Destruction,42223,Rain of Fire,utility/rank,0,0,,,,,,0,100,,,,,,,,"E0:effect=2,aura=0,base=41,trigger=0"
Warlock,Destruction,42224,Rain of Fire,utility/rank,0,0,,,,,,0,100,,,,,,,,"E0:effect=2,aura=0,base=95,trigger=0"
Warlock,Destruction,42225,Rain of Fire,utility/rank,0,0,,,,,,0,100,,,,,,,,"E0:effect=2,aura=0,base=154,trigger=0"
Warlock,Destruction,42226,Rain of Fire,utility/rank,0,0,,,,,,0,100,,,,,,,,"E0:effect=2,aura=0,base=225,trigger=0"
Warlock,Pet - Felguard,30147,Tamed Pet Passive (DND),utility/rank,0,0,,,,-0.001,-0.001,0,0,,,,,,,,"E0:effect=6,aura=79,base=-1,trigger=0;E1:effect=6,aura=79,base=-1,trigger=0"
Warlock,Pet - Felguard,30148,Tamed Pet Passive (DND),utility/rank,0,0,,,,-0.001,-0.001,0,0,,,,,,,,"E0:effect=6,aura=137,base=-1,trigger=0"
Warlock,Pet - Felguard,30149,Tamed Pet Passive (DND),utility/rank,0,0,,,,-0.001,-0.001,0,0,,,,,,,,"E0:effect=6,aura=137,base=-1,trigger=0"
Warlock,Pet - Felguard,30151,Intercept,utility/rank,0,0,1.5,0,30,,,8,25,type0:145,,,,,,,"E0:effect=96,aura=0,base=0,trigger=0;E1:effect=64,aura=0,base=0,trigger=30153"
Warlock,Pet - Felguard,30153,Intercept Stun,pvp-control,0,0,,,,3,3,8,25,,65536,0,,,,,"E0:effect=6,aura=12,base=-1,trigger=0;E1:effect=2,aura=0,base=64,trigger=0"
Warlock,Pet - Felguard,30194,Intercept,utility/rank,0,0,1.5,0,30,,,8,25,type0:160,,,,,,,"E0:effect=96,aura=0,base=0,trigger=0;E1:effect=64,aura=0,base=0,trigger=30195"
Warlock,Pet - Felguard,30195,Intercept Stun,pvp-control,0,0,,,,3,3,8,25,,65536,0,,,,,"E0:effect=6,aura=12,base=-1,trigger=0;E1:effect=2,aura=0,base=84,trigger=0"
Warlock,Pet - Felguard,30197,Intercept Stun,pvp-control,0,0,,,,3,3,8,25,,65536,0,,,,,"E0:effect=6,aura=12,base=-1,trigger=0;E1:effect=2,aura=0,base=104,trigger=0"
Warlock,Pet - Felguard,30198,Intercept,utility/rank,0,0,1.5,0,30,,,8,25,type0:195,,,,,,,"E0:effect=96,aura=0,base=0,trigger=0;E1:effect=64,aura=0,base=0,trigger=30197"
Warlock,Pet - Felguard,30213,Cleave,utility/rank,0,0,1.5,0,6,,,0,5,type0:10%,,,,,,,"E0:effect=17,aura=0,base=31,trigger=0"
Warlock,Pet - Felguard,30219,Cleave,utility/rank,0,0,1.5,0,6,,,0,5,type0:10%,,,,,,,"E0:effect=17,aura=0,base=49,trigger=0"
Warlock,Pet - Felguard,30223,Cleave,utility/rank,0,0,1.5,0,6,,,0,5,type0:10%,,,,,,,"E0:effect=17,aura=0,base=77,trigger=0"
Warlock,Pet - Felguard,32233,Avoidance,utility/rank,0,0,,,,-0.001,-0.001,0,0,,,,,,,,"E0:effect=6,aura=565,base=49,trigger=0"
Warlock,Pet - Felguard,32850,Demonic Frenzy,utility/rank,0,0,,,,-0.001,-0.001,0,0,,,,,,,,"E0:effect=6,aura=42,base=-1,trigger=32851"
Warlock,Pet - Felguard,32851,Demonic Frenzy,utility/rank,0,0,,,,10,10,0,0,,,,,,,,"E0:effect=6,aura=166,base=4,trigger=0"
Warlock,Pet - Felguard,33698,Anguish,utility/rank,0,0,1.5,0,5,,,0,5,type0:90,,,,,,,"E0:effect=63,aura=0,base=299,trigger=0"
Warlock,Pet - Felguard,33699,Anguish,utility/rank,0,0,1.5,0,5,,,0,5,type0:110,,,,,,,"E0:effect=63,aura=0,base=394,trigger=0"
Warlock,Pet - Felguard,33700,Anguish,utility/rank,0,0,1.5,0,5,,,0,5,type0:130,,,,,,,"E0:effect=63,aura=0,base=631,trigger=0"
Warlock,Pet - Felguard,34947,Warlock Pet Scaling 01,utility/rank,0,0,,,,-0.001,-0.001,0,0,,,,,,,,"E0:effect=6,aura=29,base=0,trigger=0;E1:effect=6,aura=99,base=0,trigger=0;E2:effect=6,aura=13,base=0,trigger=0"
Warlock,Pet - Felguard,34956,Warlock Pet Scaling 02,utility/rank,0,0,,,,-0.001,-0.001,0,0,,,,,,,,"E0:effect=6,aura=29,base=0,trigger=0;E1:effect=6,aura=22,base=0,trigger=0;E2:effect=6,aura=22,base=0,trigger=0"
Warlock,Pet - Felguard,34957,Warlock Pet Scaling 03,utility/rank,0,0,,,,-0.001,-0.001,0,0,,,,,,,,"E0:effect=6,aura=22,base=0,trigger=0;E1:effect=6,aura=22,base=0,trigger=0;E2:effect=6,aura=22,base=0,trigger=0"
Warlock,Pet - Felguard,34958,Warlock Pet Scaling 04,utility/rank,0,0,,,,-0.001,-0.001,0,0,,,,,,,,"E0:effect=6,aura=22,base=0,trigger=0;E1:effect=6,aura=85,base=-1,trigger=0"
Warlock,Pet - Felguard,35695,Pet Passive (DND),utility/rank,0,0,,,,-0.001,-0.001,0,0,,,,,,,,"E0:effect=6,aura=57,base=-1,trigger=0;E1:effect=6,aura=52,base=0,trigger=0"
Warlock,Pet - Felguard,35697,Pet Passive (DND),utility/rank,0,0,,,,-0.001,-0.001,0,0,,,,,,,,"E0:effect=6,aura=87,base=-1,trigger=0"
Warrior,Arms,78,Heroic Strike,damage,0,0,,,,,,0,5,type1:150,,,,,2,173555,"E0:effect=17,aura=0,base=10,trigger=0"
Warrior,Arms,100,Charge,utility/rank,0,0,0,0,15,,,8,25,,65536,0,,,,,"E0:effect=96,aura=0,base=0,trigger=0;E1:effect=3,aura=0,base=89,trigger=0;E2:effect=64,aura=0,base=0,trigger=7922"
Warrior,Arms,284,Heroic Strike,damage,0,0,,,,,,0,5,type1:150,,,,,2,173555,"E0:effect=17,aura=0,base=20,trigger=0"
Warrior,Arms,285,Heroic Strike,damage,0,0,,,,,,0,5,type1:150,,,,,2,173555,"E0:effect=17,aura=0,base=31,trigger=0"
Warrior,Arms,694,Mocking Blow,utility/rank,0,0,1.5,0,120,6,6,0,5,type1:100,65536,0,,,2,173555,"E0:effect=2,aura=0,base=21,trigger=0;E1:effect=6,aura=11,base=-1,trigger=0"
Warrior,Arms,772,Rend,utility/rank,0,0,1.5,0,0,9,9,0,5,type1:100,196608,0,,,2,173555,"E0:effect=6,aura=3,base=4,trigger=0"
Warrior,Arms,1608,Heroic Strike,damage,0,0,,,,,,0,5,type1:150,,,,,2,173555,"E0:effect=17,aura=0,base=43,trigger=0"
Warrior,Arms,1715,Hamstring,pvp-control,0,0,1.5,0,0,15,15,0,5,type1:100,327680,0,,,2,173555,"E0:effect=2,aura=0,base=4,trigger=0;E1:effect=6,aura=33,base=-41,trigger=0"
Warrior,Arms,2457,Battle Stance,utility/rank,0,0,0,0,1,-0.001,-0.001,0,0,,,,,,,,"E0:effect=6,aura=36,base=-1,trigger=0"
Warrior,Arms,5530,Mace Stun Effect,pvp-control,0,0,,,,3,3,0,0,,,,,,,,"E0:effect=6,aura=12,base=0,trigger=0;E1:effect=30,aura=0,base=69,trigger=0"
Warrior,Arms,6178,Charge,utility/rank,0,0,0,0,15,,,8,25,,65536,0,,,,,"E0:effect=96,aura=0,base=0,trigger=0;E1:effect=3,aura=0,base=119,trigger=0;E2:effect=64,aura=0,base=-1,trigger=7922"
Warrior,Arms,6343,Thunder Clap,utility/rank,0,0,1.5,0,4,10,10,0,0,type1:200,196608,0,,,,,"E0:effect=2,aura=0,base=9,trigger=0;E1:effect=6,aura=138,base=-11,trigger=0"
Warrior,Arms,6546,Rend,utility/rank,0,0,1.5,0,0,12,12,0,5,type1:100,196608,0,,,2,173555,"E0:effect=6,aura=3,base=6,trigger=0"
Warrior,Arms,6547,Rend,utility/rank,0,0,1.5,0,0,15,15,0,5,type1:100,196608,0,,,2,173555,"E0:effect=6,aura=3,base=8,trigger=0"
Warrior,Arms,6548,Rend,utility/rank,0,0,1.5,0,0,18,18,0,5,type1:100,196608,0,,,2,173555,"E0:effect=6,aura=3,base=10,trigger=0"
Warrior,Arms,7372,Hamstring,pvp-control,0,0,1.5,0,0,15,15,0,5,type1:100,327680,0,,,2,173555,"E0:effect=2,aura=0,base=17,trigger=0;E1:effect=6,aura=33,base=-46,trigger=0"
Warrior,Arms,7373,Hamstring,pvp-control,0,0,1.5,0,0,15,15,0,5,type1:100,327680,0,,,2,173555,"E0:effect=2,aura=0,base=44,trigger=0;E1:effect=6,aura=33,base=-51,trigger=0"
Warrior,Arms,7384,Overpower,passive/talent,0,0,1.5,0,5,,,0,5,type1:50,65536,0,,,2,173555,"E0:effect=121,aura=0,base=4,trigger=0"
Warrior,Arms,7400,Mocking Blow,utility/rank,0,0,1.5,0,120,6,6,0,5,type1:100,65536,0,,,2,173555,"E0:effect=2,aura=0,base=30,trigger=0;E1:effect=6,aura=11,base=-1,trigger=0"
Warrior,Arms,7402,Mocking Blow,utility/rank,0,0,1.5,0,120,6,6,0,5,type1:100,65536,0,,,2,173555,"E0:effect=2,aura=0,base=45,trigger=0;E1:effect=6,aura=11,base=-1,trigger=0"
Warrior,Arms,7887,Overpower,passive/talent,0,0,1.5,0,5,,,0,5,type1:50,65536,0,,,2,173555,"E0:effect=121,aura=0,base=14,trigger=0"
Warrior,Arms,8198,Thunder Clap,utility/rank,0,0,1.5,0,4,14,14,0,0,type1:200,196608,0,,,,,"E0:effect=2,aura=0,base=22,trigger=0;E1:effect=6,aura=138,base=-11,trigger=0"
Warrior,Arms,8204,Thunder Clap,utility/rank,0,0,1.5,0,4,18,18,0,0,type1:200,196608,0,,,,,"E0:effect=2,aura=0,base=36,trigger=0;E1:effect=6,aura=138,base=-11,trigger=0"
Warrior,Arms,8205,Thunder Clap,utility/rank,0,0,1.5,0,4,22,22,0,0,type1:200,196608,0,,,,,"E0:effect=2,aura=0,base=54,trigger=0;E1:effect=6,aura=138,base=-11,trigger=0"
Warrior,Arms,11564,Heroic Strike,damage,0,0,,,,,,0,5,type1:150,,,,,2,173555,"E0:effect=17,aura=0,base=57,trigger=0"
Warrior,Arms,11565,Heroic Strike,damage,0,0,,,,,,0,5,type1:150,,,,,2,173555,"E0:effect=17,aura=0,base=79,trigger=0"
Warrior,Arms,11566,Heroic Strike,damage,0,0,,,,,,0,5,type1:150,,,,,2,173555,"E0:effect=17,aura=0,base=110,trigger=0"
Warrior,Arms,11567,Heroic Strike,damage,0,0,,,,,,0,5,type1:150,,,,,2,173555,"E0:effect=17,aura=0,base=137,trigger=0"
Warrior,Arms,11572,Rend,utility/rank,0,0,1.5,0,0,21,21,0,5,type1:100,196608,0,,,2,173555,"E0:effect=6,aura=3,base=13,trigger=0"
Warrior,Arms,11573,Rend,utility/rank,0,0,1.5,0,0,21,21,0,5,type1:100,196608,0,,,2,173555,"E0:effect=6,aura=3,base=17,trigger=0"
Warrior,Arms,11574,Rend,utility/rank,0,0,1.5,0,0,21,21,0,5,type1:100,196608,0,,,2,173555,"E0:effect=6,aura=3,base=20,trigger=0"
Warrior,Arms,11578,Charge,utility/rank,0,0,0,0,15,,,8,25,,65536,0,,,,,"E0:effect=96,aura=0,base=0,trigger=0;E1:effect=3,aura=0,base=149,trigger=0;E2:effect=64,aura=0,base=-1,trigger=7922"
Warrior,Arms,11580,Thunder Clap,utility/rank,0,0,1.5,0,4,26,26,0,0,type1:200,196608,0,,,,,"E0:effect=2,aura=0,base=81,trigger=0;E1:effect=6,aura=138,base=-11,trigger=0"
Warrior,Arms,11581,Thunder Clap,utility/rank,0,0,1.5,0,4,30,30,0,0,type1:200,196608,0,,,,,"E0:effect=2,aura=0,base=102,trigger=0;E1:effect=6,aura=138,base=-11,trigger=0"
Warrior,Arms,11584,Overpower,passive/talent,0,0,1.5,0,5,,,0,5,type1:50,65536,0,,,2,173555,"E0:effect=121,aura=0,base=24,trigger=0"
Warrior,Arms,11585,Overpower,passive/talent,0,0,1.5,0,5,,,0,5,type1:50,65536,0,,,2,173555,"E0:effect=121,aura=0,base=34,trigger=0"
Warrior,Arms,12163,Two-Handed Weapon Specialization,passive/talent,0,0,,,,,,0,0,,,,,,2,354,"E0:effect=6,aura=79,base=0,trigger=0"
Warrior,Arms,12281,Sword Specialization,passive/talent,0,0,,,,-0.001,-0.001,0,0,,,,,,2,384,"E0:effect=6,aura=42,base=-1,trigger=16459"
Warrior,Arms,12282,Improved Heroic Strike,damage,0,0,,,,-0.001,-0.001,0,0,,,,,,,,"E0:effect=6,aura=107,base=-11,trigger=0"
Warrior,Arms,12284,Mace Specialization,passive/talent,0,0,,,,-0.001,-0.001,0,0,,,,,,2,48,"E0:effect=6,aura=42,base=0,trigger=5530"
Warrior,Arms,12285,Improved Charge,passive/talent,0,0,,,,-0.001,-0.001,0,0,,,,,,,,"E0:effect=6,aura=107,base=29,trigger=0"
Warrior,Arms,12286,Improved Rend,passive/talent,0,0,,,,-0.001,-0.001,0,0,,,,,,,,"E0:effect=6,aura=108,base=24,trigger=0"
Warrior,Arms,12287,Improved Thunder Clap,passive/talent,0,0,,,,-0.001,-0.001,0,0,,,,,,,,"E0:effect=6,aura=107,base=-11,trigger=0;E1:effect=6,aura=108,base=39,trigger=0"
Warrior,Arms,12289,Improved Hamstring,pvp-control,0,0,,,,-0.001,-0.001,0,0,,,,,,,,"E0:effect=6,aura=42,base=-1,trigger=23694"
Warrior,Arms,12290,Improved Overpower,passive/talent,0,0,,,,-0.001,-0.001,0,0,,,,,,,,"E0:effect=6,aura=107,base=24,trigger=0"
Warrior,Arms,12292,Death Wish,utility/rank,0,0,1.5,180,0,30,30,0,0,type1:100,,,,,,,"E0:effect=6,aura=79,base=19,trigger=0;E1:effect=6,aura=77,base=99,trigger=0;E2:effect=6,aura=87,base=4,trigger=0"
Warrior,Arms,12294,Mortal Strike,damage,0,0,1.5,0,6,10,10,0,5,type1:300,,,,,2,173555,"E0:effect=6,aura=118,base=-51,trigger=0;E1:effect=121,aura=0,base=84,trigger=0"
Warrior,Arms,12296,Anger Management,utility/rank,0,0,,,,-0.001,-0.001,0,0,,,,,,,,"E0:effect=6,aura=85,base=16,trigger=0"
Warrior,Arms,12300,Iron Will,utility/rank,0,0,,,,-0.001,-0.001,0,0,,,,,,,,"E0:effect=6,aura=117,base=2,trigger=0;E1:effect=6,aura=117,base=2,trigger=0"
Warrior,Arms,12658,Improved Rend,passive/talent,0,0,,,,-0.001,-0.001,0,0,,,,,,,,"E0:effect=6,aura=108,base=49,trigger=0"
Warrior,Arms,12659,Improved Rend,passive/talent,0,0,,,,-0.001,-0.001,0,0,,,,,,,,"E0:effect=6,aura=108,base=74,trigger=0"
Warrior,Arms,12663,Improved Heroic Strike,damage,0,0,,,,-0.001,-0.001,0,0,,,,,,,,"E0:effect=6,aura=107,base=-21,trigger=0"
Warrior,Arms,12664,Improved Heroic Strike,damage,0,0,,,,-0.001,-0.001,0,0,,,,,,,,"E0:effect=6,aura=107,base=-31,trigger=0"
Warrior,Arms,12665,Improved Thunder Clap,passive/talent,0,0,,,,-0.001,-0.001,0,0,,,,,,,,"E0:effect=6,aura=107,base=-21,trigger=0;E1:effect=6,aura=108,base=69,trigger=0"
Warrior,Arms,12666,Improved Thunder Clap,passive/talent,0,0,,,,-0.001,-0.001,0,0,,,,,,,,"E0:effect=6,aura=107,base=-41,trigger=0;E1:effect=6,aura=108,base=99,trigger=0"
Warrior,Arms,12668,Improved Hamstring,pvp-control,0,0,,,,-0.001,-0.001,0,0,,,,,,,,"E0:effect=6,aura=42,base=-1,trigger=23694"
Warrior,Arms,12695,Charge Rage Bonus Effect,utility/rank,0,0,,,,,,0,0,,,,,,,,"E0:effect=30,aura=0,base=29,trigger=0"
Warrior,Arms,12696,Charge Rage Bonus Effect,utility/rank,0,0,,,,,,0,0,,,,,,,,"E0:effect=30,aura=0,base=59,trigger=0"
Warrior,Arms,12697,Improved Charge,passive/talent,0,0,,,,-0.001,-0.001,0,0,,,,,,,,"E0:effect=6,aura=107,base=59,trigger=0"
Warrior,Arms,12700,Poleaxe Specialization,passive/talent,0,0,,,,-0.001,-0.001,0,0,,,,,,2,67,"E0:effect=6,aura=52,base=0,trigger=0"
Warrior,Arms,12701,Mace Specialization,passive/talent,0,0,,,,-0.001,-0.001,0,0,,,,,,2,48,"E0:effect=6,aura=42,base=0,trigger=5530"
Warrior,Arms,12702,Mace Specialization,passive/talent,0,0,,,,-0.001,-0.001,0,0,,,,,,2,48,"E0:effect=6,aura=42,base=0,trigger=5530"
Warrior,Arms,12703,Mace Specialization,passive/talent,0,0,,,,-0.001,-0.001,0,0,,,,,,2,48,"E0:effect=6,aura=42,base=0,trigger=5530"
Warrior,Arms,12704,Mace Specialization,passive/talent,0,0,,,,-0.001,-0.001,0,0,,,,,,2,48,"E0:effect=6,aura=42,base=0,trigger=5530"
Warrior,Arms,12705,Long Daze,utility/rank,0,0,,,,6,6,0,100,,,,,,,,"E0:effect=6,aura=33,base=-51,trigger=0"
Warrior,Arms,12711,Two-Handed Weapon Specialization,passive/talent,0,0,,,,,,0,0,,,,,,2,354,"E0:effect=6,aura=79,base=1,trigger=0"
Warrior,Arms,12712,Two-Handed Weapon Specialization,passive/talent,0,0,,,,,,0,0,,,,,,2,354,"E0:effect=6,aura=79,base=2,trigger=0"
Warrior,Arms,12713,Two-Handed Weapon Specialization,passive/talent,0,0,,,,,,0,0,,,,,,2,354,"E0:effect=6,aura=79,base=3,trigger=0"
Warrior,Arms,12714,Two-Handed Weapon Specialization,passive/talent,0,0,,,,,,0,0,,,,,,2,354,"E0:effect=6,aura=79,base=4,trigger=0"
Warrior,Arms,12781,Poleaxe Specialization,passive/talent,0,0,,,,-0.001,-0.001,0,0,,,,,,2,67,"E0:effect=6,aura=52,base=1,trigger=0"
Warrior,Arms,12783,Poleaxe Specialization,passive/talent,0,0,,,,-0.001,-0.001,0,0,,,,,,2,67,"E0:effect=6,aura=52,base=2,trigger=0"
Warrior,Arms,12784,Poleaxe Specialization,passive/talent,0,0,,,,-0.001,-0.001,0,0,,,,,,2,67,"E0:effect=6,aura=52,base=3,trigger=0"
Warrior,Arms,12785,Poleaxe Specialization,passive/talent,0,0,,,,-0.001,-0.001,0,0,,,,,,2,67,"E0:effect=6,aura=52,base=4,trigger=0"
Warrior,Arms,12812,Sword Specialization,passive/talent,0,0,,,,-0.001,-0.001,0,0,,,,,,2,384,"E0:effect=6,aura=42,base=-1,trigger=16459"
Warrior,Arms,12813,Sword Specialization,passive/talent,0,0,,,,-0.001,-0.001,0,0,,,,,,2,384,"E0:effect=6,aura=42,base=-1,trigger=16459"
Warrior,Arms,12814,Sword Specialization,passive/talent,0,0,,,,-0.001,-0.001,0,0,,,,,,2,384,"E0:effect=6,aura=42,base=-1,trigger=16459"
Warrior,Arms,12815,Sword Specialization,passive/talent,0,0,,,,-0.001,-0.001,0,0,,,,,,2,384,"E0:effect=6,aura=42,base=-1,trigger=16459"
Warrior,Arms,12834,Deep Wounds,utility/rank,0,0,,,,-0.001,-0.001,0,0,,,,,,2,173555,"E0:effect=6,aura=42,base=0,trigger=12162"
Warrior,Arms,12849,Deep Wounds,utility/rank,0,0,,,,-0.001,-0.001,0,0,,,,,,2,173555,"E0:effect=6,aura=42,base=0,trigger=12850"
Warrior,Arms,12867,Deep Wounds,utility/rank,0,0,,,,-0.001,-0.001,0,0,,,,,,2,173555,"E0:effect=6,aura=42,base=0,trigger=12868"
Warrior,Arms,12959,Iron Will,utility/rank,0,0,,,,-0.001,-0.001,0,0,,,,,,,,"E0:effect=6,aura=117,base=5,trigger=0;E1:effect=6,aura=117,base=5,trigger=0"
Warrior,Arms,12960,Iron Will,utility/rank,0,0,,,,-0.001,-0.001,0,0,,,,,,,,"E0:effect=6,aura=117,base=8,trigger=0;E1:effect=6,aura=117,base=8,trigger=0"
Warrior,Arms,12961,Iron Will,utility/rank,0,0,,,,-0.001,-0.001,0,0,,,,,,,,"E0:effect=6,aura=117,base=11,trigger=0;E1:effect=6,aura=117,base=11,trigger=0"
Warrior,Arms,12962,Iron Will,utility/rank,0,0,,,,-0.001,-0.001,0,0,,,,,,,,"E0:effect=6,aura=117,base=14,trigger=0;E1:effect=6,aura=117,base=14,trigger=0"
Warrior,Arms,12963,Improved Overpower,passive/talent,0,0,,,,-0.001,-0.001,0,0,,,,,,,,"E0:effect=6,aura=107,base=49,trigger=0"
Warrior,Arms,16462,Deflection,utility/rank,0,0,,,,-0.001,-0.001,0,0,,,,,,,,"E0:effect=6,aura=47,base=0,trigger=0"
Warrior,Arms,16463,Deflection,utility/rank,0,0,,,,-0.001,-0.001,0,0,,,,,,,,"E0:effect=6,aura=47,base=1,trigger=0"
Warrior,Arms,16464,Deflection,utility/rank,0,0,,,,-0.001,-0.001,0,0,,,,,,,,"E0:effect=6,aura=47,base=2,trigger=0"
Warrior,Arms,16465,Deflection,utility/rank,0,0,,,,-0.001,-0.001,0,0,,,,,,,,"E0:effect=6,aura=47,base=3,trigger=0"
Warrior,Arms,16466,Deflection,utility/rank,0,0,,,,-0.001,-0.001,0,0,,,,,,,,"E0:effect=6,aura=47,base=4,trigger=0"
Warrior,Arms,16493,Impale,utility/rank,0,0,,,,,,0,0,,,,,,,,"E0:effect=6,aura=108,base=9,trigger=0"
Warrior,Arms,16494,Impale,utility/rank,0,0,,,,,,0,0,,,,,,,,"E0:effect=6,aura=108,base=19,trigger=0"
Warrior,Arms,20230,Retaliation,utility/rank,0,0,1.5,0,1800,15,15,0,0,,65536,0,,,,,"E0:effect=6,aura=4,base=-1,trigger=0"
Warrior,Arms,20559,Mocking Blow,utility/rank,0,0,1.5,0,120,6,6,0,5,type1:100,65536,0,,,2,173555,"E0:effect=2,aura=0,base=70,trigger=0;E1:effect=6,aura=11,base=-1,trigger=0"
Warrior,Arms,20560,Mocking Blow,utility/rank,0,0,1.5,0,120,6,6,0,5,type1:100,65536,0,,,2,173555,"E0:effect=2,aura=0,base=92,trigger=0;E1:effect=6,aura=11,base=-1,trigger=0"
Warrior,Arms,21156,Battle Stance Passive,utility/rank,0,0,,,,-0.001,-0.001,0,0,,,,,,,,"E0:effect=6,aura=10,base=-21,trigger=0"
Warrior,Arms,21551,Mortal Strike,damage,0,0,1.5,0,6,10,10,0,5,type1:300,,,,,2,173555,"E0:effect=6,aura=118,base=-51,trigger=0;E1:effect=121,aura=0,base=109,trigger=0"
Warrior,Arms,21552,Mortal Strike,damage,0,0,1.5,0,6,10,10,0,5,type1:300,,,,,2,173555,"E0:effect=6,aura=118,base=-51,trigger=0;E1:effect=121,aura=0,base=134,trigger=0"
Warrior,Arms,21553,Mortal Strike,damage,0,0,1.5,0,6,10,10,0,5,type1:300,,,,,2,173555,"E0:effect=6,aura=118,base=-51,trigger=0;E1:effect=121,aura=0,base=159,trigger=0"
Warrior,Arms,23695,Improved Hamstring,pvp-control,0,0,,,,-0.001,-0.001,0,0,,,,,,,,"E0:effect=6,aura=42,base=-1,trigger=23694"
Warrior,Arms,25208,Rend,utility/rank,0,0,1.5,0,0,21,21,0,5,type1:100,196608,0,,,2,173555,"E0:effect=6,aura=3,base=25,trigger=0"
Warrior,Arms,25212,Hamstring,pvp-control,0,0,1.5,0,0,15,15,0,5,type1:100,327680,0,,,2,173555,"E0:effect=2,aura=0,base=62,trigger=0;E1:effect=6,aura=33,base=-51,trigger=0"
Warrior,Arms,25248,Mortal Strike,damage,0,0,1.5,0,6,10,10,0,5,type1:300,,,,,2,173555,"E0:effect=6,aura=118,base=-51,trigger=0;E1:effect=121,aura=0,base=184,trigger=0"
Warrior,Arms,25264,Thunder Clap,utility/rank,0,0,1.5,0,4,30,30,0,0,type1:200,196608,0,,,,,"E0:effect=2,aura=0,base=122,trigger=0;E1:effect=6,aura=138,base=-11,trigger=0"
Warrior,Arms,25266,Mocking Blow,utility/rank,0,0,1.5,0,120,6,6,0,5,type1:100,65536,0,,,2,173555,"E0:effect=2,aura=0,base=113,trigger=0;E1:effect=6,aura=11,base=-1,trigger=0"
Warrior,Arms,25286,Heroic Strike,damage,0,0,,,,,,0,5,type1:150,,,,,2,173555,"E0:effect=17,aura=0,base=156,trigger=0"
Warrior,Arms,29623,Endless Rage,utility/rank,0,0,,,,-0.001,-0.001,0,0,,,,,,,,"E0:effect=6,aura=213,base=24,trigger=0"
Warrior,Arms,29707,Heroic Strike,damage,0,0,,,,,,0,5,type1:150,,,,,2,173555,"E0:effect=17,aura=0,base=175,trigger=0"
Warrior,Arms,29723,Improved Disciplines,passive/talent,0,0,,,,-0.001,-0.001,0,0,,,,,,,,"E0:effect=6,aura=107,base=-240001,trigger=0;E1:effect=6,aura=107,base=1999,trigger=0"
Warrior,Arms,29724,Improved Disciplines,passive/talent,0,0,,,,-0.001,-0.001,0,0,,,,,,,,"E0:effect=6,aura=107,base=-420001,trigger=0;E1:effect=6,aura=107,base=3999,trigger=0"
Warrior,Arms,29725,Improved Disciplines,passive/talent,0,0,,,,-0.001,-0.001,0,0,,,,,,,,"E0:effect=6,aura=107,base=-600001,trigger=0;E1:effect=6,aura=107,base=5999,trigger=0"
Warrior,Arms,29834,Second Wind,utility/rank,0,0,,,,-0.001,-0.001,0,0,,,,,,,,"E0:effect=6,aura=4,base=-1,trigger=0"
Warrior,Arms,29836,Blood Frenzy,utility/rank,0,0,,,,-0.001,-0.001,0,0,,,,,,,,"E0:effect=6,aura=109,base=99,trigger=30069"
Warrior,Arms,29838,Second Wind,utility/rank,0,0,,,,-0.001,-0.001,0,0,,,,,,,,"E0:effect=6,aura=4,base=-1,trigger=0"
Warrior,Arms,29841,Second Wind,utility/rank,0,0,,,,10,10,0,0,,,,,,,,"E0:effect=6,aura=24,base=19,trigger=0;E1:effect=6,aura=20,base=0,trigger=0"
Warrior,Arms,29842,Second Wind,utility/rank,0,0,,,,10,10,0,0,,,,,,,,"E0:effect=6,aura=24,base=39,trigger=0;E1:effect=6,aura=20,base=1,trigger=0"
Warrior,Arms,29859,Blood Frenzy,utility/rank,0,0,,,,-0.001,-0.001,0,0,,,,,,,,"E0:effect=6,aura=109,base=99,trigger=30070"
Warrior,Arms,29888,Improved Intercept,passive/talent,0,0,,,,,,0,0,,,,,,,,"E0:effect=6,aura=107,base=-5001,trigger=0"
Warrior,Arms,29889,Improved Intercept,passive/talent,0,0,,,,,,0,0,,,,,,,,"E0:effect=6,aura=107,base=-10001,trigger=0"
Warrior,Arms,30324,Heroic Strike,damage,0,0,,,,,,0,5,type1:150,,,,,2,173555,"E0:effect=17,aura=0,base=207,trigger=0"
Warrior,Arms,30330,Mortal Strike,damage,0,0,1.5,0,6,10,10,0,5,type1:300,,,,,2,173555,"E0:effect=6,aura=118,base=-51,trigger=0;E1:effect=121,aura=0,base=209,trigger=0"
Warrior,Arms,35446,Improved Mortal Strike,damage,0,0,,,,-0.001,-0.001,0,0,,,,,,,,"E0:effect=6,aura=107,base=-201,trigger=0;E1:effect=6,aura=108,base=0,trigger=0"
Warrior,Arms,35448,Improved Mortal Strike,damage,0,0,,,,-0.001,-0.001,0,0,,,,,,,,"E0:effect=6,aura=107,base=-401,trigger=0;E1:effect=6,aura=108,base=1,trigger=0"
Warrior,Arms,35449,Improved Mortal Strike,damage,0,0,,,,-0.001,-0.001,0,0,,,,,,,,"E0:effect=6,aura=107,base=-601,trigger=0;E1:effect=6,aura=108,base=2,trigger=0"
Warrior,Arms,35450,Improved Mortal Strike,damage,0,0,,,,-0.001,-0.001,0,0,,,,,,,,"E0:effect=6,aura=107,base=-801,trigger=0;E1:effect=6,aura=108,base=3,trigger=0"
Warrior,Arms,35451,Improved Mortal Strike,damage,0,0,,,,-0.001,-0.001,0,0,,,,,,,,"E0:effect=6,aura=107,base=-1001,trigger=0;E1:effect=6,aura=108,base=4,trigger=0"
Warrior,Fury,469,Commanding Shout,utility/rank,0,0,1.5,0,0,120,120,0,0,type1:100,,,,,,,"E0:effect=6,aura=230,base=1079,trigger=0"
Warrior,Fury,845,Cleave,utility/rank,0,0,,,,,,0,5,type1:200,,,,,2,173555,"E0:effect=17,aura=0,base=4,trigger=0"
Warrior,Fury,1160,Demoralizing Shout,utility/rank,0,0,1.5,0,0,30,30,0,0,type1:100,,,,,,,"E0:effect=6,aura=99,base=-36,trigger=0"
Warrior,Fury,1161,Challenging Shout,utility/rank,0,0,1.5,600,0,6,6,0,0,type1:50,,,,,,,"E0:effect=6,aura=11,base=-1,trigger=0"
Warrior,Fury,1464,Slam,utility/rank,1.5,1.5,1.5,0,0,,,0,5,type1:150,,,,,2,173555,"E0:effect=17,aura=0,base=31,trigger=0"
Warrior,Fury,1680,Whirlwind,damage,0,0,1.5,0,10,,,0,0,type1:250,262144,0,,,2,173555,"E0:effect=121,aura=0,base=-1,trigger=0;E1:effect=64,aura=0,base=0,trigger=44949"
Warrior,Fury,1719,Recklessness,utility/rank,0,0,1.5,0,1800,15,15,0,0,,262144,0,,,,,"E0:effect=6,aura=52,base=99,trigger=0;E1:effect=6,aura=87,base=19,trigger=0;E2:effect=6,aura=77,base=-1,trigger=0"
Warrior,Fury,2048,Battle Shout,utility/rank,0,0,1.5,0,0,120,120,0,0,type1:100,,,,,,,"E0:effect=6,aura=99,base=304,trigger=0"
Warrior,Fury,2458,Berserker Stance,utility/rank,0,0,0,0,1,-0.001,-0.001,0,0,,0,0,,,,,"E0:effect=6,aura=36,base=-1,trigger=0"
Warrior,Fury,5242,Battle Shout,utility/rank,0,0,1.5,0,0,120,120,0,0,type1:100,,,,,,,"E0:effect=6,aura=99,base=34,trigger=0"
Warrior,Fury,5246,Intimidating Shout,utility/rank,0,0,1.5,180,0,8,8,0,10,type1:250,,,,,,,"E0:effect=64,aura=0,base=0,trigger=20511;E1:effect=6,aura=7,base=0,trigger=0;E2:effect=6,aura=31,base=24,trigger=0"
Warrior,Fury,5308,Execute,damage,0,0,1.5,0,0,,,0,5,type1:150,327680,0,,,2,173555,"E0:effect=3,aura=0,base=124,trigger=0"
Warrior,Fury,6190,Demoralizing Shout,utility/rank,0,0,1.5,0,0,30,30,0,0,type1:100,,,,,,,"E0:effect=6,aura=99,base=-56,trigger=0"
Warrior,Fury,6192,Battle Shout,utility/rank,0,0,1.5,0,0,120,120,0,0,type1:100,,,,,,,"E0:effect=6,aura=99,base=54,trigger=0"
Warrior,Fury,6552,Pummel,utility/rank,0,0,1.5,0,10,4,4,0,5,type1:100,262144,0,,,,,"E0:effect=68,aura=0,base=0,trigger=0;E1:effect=2,aura=0,base=19,trigger=0"
Warrior,Fury,6554,Pummel,utility/rank,0,0,1.5,0,10,4,4,0,5,type1:100,262144,0,,,,,"E0:effect=68,aura=0,base=0,trigger=0;E1:effect=2,aura=0,base=49,trigger=0"
Warrior,Fury,6673,Battle Shout,utility/rank,0,0,1.5,0,0,120,120,0,0,type1:100,,,,,,,"E0:effect=6,aura=99,base=14,trigger=0"
Warrior,Fury,7369,Cleave,utility/rank,0,0,,,,,,0,5,type1:200,,,,,2,173555,"E0:effect=17,aura=0,base=9,trigger=0"
Warrior,Fury,7381,Berserker Stance Passive,utility/rank,0,0,,,,,,0,0,,,,,,,,"E0:effect=6,aura=52,base=2,trigger=0;E1:effect=6,aura=87,base=9,trigger=0;E2:effect=6,aura=10,base=-21,trigger=0"
Warrior,Fury,8820,Slam,utility/rank,1.5,1.5,1.5,0,0,,,0,5,type1:150,,,,,2,173555,"E0:effect=17,aura=0,base=42,trigger=0"
Warrior,Fury,11549,Battle Shout,utility/rank,0,0,1.5,0,0,120,120,0,0,type1:100,,,,,,,"E0:effect=6,aura=99,base=84,trigger=0"
Warrior,Fury,11550,Battle Shout,utility/rank,0,0,1.5,0,0,120,120,0,0,type1:100,,,,,,,"E0:effect=6,aura=99,base=129,trigger=0"
Warrior,Fury,11551,Battle Shout,utility/rank,0,0,1.5,0,0,120,120,0,0,type1:100,,,,,,,"E0:effect=6,aura=99,base=184,trigger=0"
Warrior,Fury,11554,Demoralizing Shout,utility/rank,0,0,1.5,0,0,30,30,0,0,type1:100,,,,,,,"E0:effect=6,aura=99,base=-71,trigger=0"
Warrior,Fury,11555,Demoralizing Shout,utility/rank,0,0,1.5,0,0,30,30,0,0,type1:100,,,,,,,"E0:effect=6,aura=99,base=-106,trigger=0"
Warrior,Fury,11556,Demoralizing Shout,utility/rank,0,0,1.5,0,0,30,30,0,0,type1:100,,,,,,,"E0:effect=6,aura=99,base=-141,trigger=0"
Warrior,Fury,11604,Slam,utility/rank,1.5,1.5,1.5,0,0,,,0,5,type1:150,,,,,2,173555,"E0:effect=17,aura=0,base=67,trigger=0"
Warrior,Fury,11605,Slam,utility/rank,1.5,1.5,1.5,0,0,,,0,5,type1:150,,,,,2,173555,"E0:effect=17,aura=0,base=86,trigger=0"
Warrior,Fury,11608,Cleave,utility/rank,0,0,,,,,,0,5,type1:200,,,,,2,173555,"E0:effect=17,aura=0,base=17,trigger=0"
Warrior,Fury,11609,Cleave,utility/rank,0,0,,,,,,0,5,type1:200,,,,,2,173555,"E0:effect=17,aura=0,base=31,trigger=0"
Warrior,Fury,12317,Enrage,utility/rank,0,0,,,,,,0,0,,,,,,,,"E0:effect=6,aura=42,base=0,trigger=12880"
Warrior,Fury,12318,Commanding Presence,utility/rank,0,0,,,,-0.001,-0.001,0,0,,,,,,,,"E0:effect=6,aura=108,base=4,trigger=0"
Warrior,Fury,12319,Flurry,utility/rank,0,0,,,,,,0,0,,,,,,,,"E0:effect=6,aura=42,base=0,trigger=12966"
Warrior,Fury,12320,Cruelty,utility/rank,0,0,,,,-0.001,-0.001,0,0,,,,,,2,173555,"E0:effect=6,aura=52,base=0,trigger=0"
Warrior,Fury,12321,Booming Voice,utility/rank,0,0,,,,-0.001,-0.001,0,0,,,,,,,,"E0:effect=6,aura=108,base=9,trigger=0;E1:effect=6,aura=108,base=9,trigger=0"
Warrior,Fury,12322,Unbridled Wrath,damage,0,0,,,,-0.001,-0.001,0,0,,,,,,2,173555,"E0:effect=6,aura=42,base=-1,trigger=12964"
Warrior,Fury,12323,Piercing Howl,utility/rank,0,0,1.5,0,0,6,6,0,0,type1:100,,,,,,,"E0:effect=6,aura=33,base=-51,trigger=0"
Warrior,Fury,12324,Improved Demoralizing Shout,passive/talent,0,0,,,,-0.001,-0.001,0,0,,,,,,,,"E0:effect=6,aura=108,base=7,trigger=0"
Warrior,Fury,12327,Improved Challenging Shout,passive/talent,0,0,,,,-0.001,-0.001,0,0,,,,,,,,"E0:effect=6,aura=107,base=-120001,trigger=0"
Warrior,Fury,12328,Sweeping Strikes,damage,0,0,0,30,0,10,10,0,0,type1:300,327680,0,,,,,"E0:effect=6,aura=4,base=0,trigger=0"
Warrior,Fury,12329,Improved Cleave,passive/talent,0,0,,,,-0.001,-0.001,0,0,,,,,,,,"E0:effect=6,aura=108,base=39,trigger=0"
Warrior,Fury,12330,Improved Slam,passive/talent,0,0,,,,-0.001,-0.001,0,0,,,,,,,,"E0:effect=6,aura=107,base=-1001,trigger=0"
Warrior,Fury,12723,Sweeping Strikes,damage,0,0,,,,,,0,100,,,,,,,,"E0:effect=2,aura=0,base=0,trigger=0"
Warrior,Fury,12835,Booming Voice,utility/rank,0,0,,,,-0.001,-0.001,0,0,,,,,,,,"E0:effect=6,aura=108,base=19,trigger=0;E1:effect=6,aura=108,base=19,trigger=0"
Warrior,Fury,12836,Booming Voice,utility/rank,0,0,,,,-0.001,-0.001,0,0,,,,,,,,"E0:effect=6,aura=108,base=29,trigger=0;E1:effect=6,aura=108,base=29,trigger=0"
Warrior,Fury,12837,Booming Voice,utility/rank,0,0,,,,-0.001,-0.001,0,0,,,,,,,,"E0:effect=6,aura=108,base=39,trigger=0;E1:effect=6,aura=108,base=39,trigger=0"
Warrior,Fury,12838,Booming Voice,utility/rank,0,0,,,,-0.001,-0.001,0,0,,,,,,,,"E0:effect=6,aura=108,base=49,trigger=0;E1:effect=6,aura=108,base=49,trigger=0"
Warrior,Fury,12852,Cruelty,utility/rank,0,0,,,,-0.001,-0.001,0,0,,,,,,2,173555,"E0:effect=6,aura=52,base=1,trigger=0"
Warrior,Fury,12853,Cruelty,utility/rank,0,0,,,,-0.001,-0.001,0,0,,,,,,2,173555,"E0:effect=6,aura=52,base=2,trigger=0"
Warrior,Fury,12855,Cruelty,utility/rank,0,0,,,,-0.001,-0.001,0,0,,,,,,2,173555,"E0:effect=6,aura=52,base=3,trigger=0"
Warrior,Fury,12856,Cruelty,utility/rank,0,0,,,,-0.001,-0.001,0,0,,,,,,2,173555,"E0:effect=6,aura=52,base=4,trigger=0"
Warrior,Fury,12857,Commanding Presence,utility/rank,0,0,,,,-0.001,-0.001,0,0,,,,,,,,"E0:effect=6,aura=108,base=9,trigger=0"
Warrior,Fury,12858,Commanding Presence,utility/rank,0,0,,,,-0.001,-0.001,0,0,,,,,,,,"E0:effect=6,aura=108,base=14,trigger=0"
Warrior,Fury,12860,Commanding Presence,utility/rank,0,0,,,,-0.001,-0.001,0,0,,,,,,,,"E0:effect=6,aura=108,base=19,trigger=0"
Warrior,Fury,12861,Commanding Presence,utility/rank,0,0,,,,-0.001,-0.001,0,0,,,,,,,,"E0:effect=6,aura=108,base=24,trigger=0"
Warrior,Fury,12862,Improved Slam,passive/talent,0,0,,,,-0.001,-0.001,0,0,,,,,,,,"E0:effect=6,aura=107,base=-501,trigger=0"
Warrior,Fury,12876,Improved Demoralizing Shout,passive/talent,0,0,,,,-0.001,-0.001,0,0,,,,,,,,"E0:effect=6,aura=108,base=15,trigger=0"
Warrior,Fury,12877,Improved Demoralizing Shout,passive/talent,0,0,,,,-0.001,-0.001,0,0,,,,,,,,"E0:effect=6,aura=108,base=23,trigger=0"
Warrior,Fury,12878,Improved Demoralizing Shout,passive/talent,0,0,,,,-0.001,-0.001,0,0,,,,,,,,"E0:effect=6,aura=108,base=31,trigger=0"
Warrior,Fury,12879,Improved Demoralizing Shout,passive/talent,0,0,,,,-0.001,-0.001,0,0,,,,,,,,"E0:effect=6,aura=108,base=39,trigger=0"
Warrior,Fury,12886,Improved Challenging Shout,passive/talent,0,0,,,,-0.001,-0.001,0,0,,,,,,,,"E0:effect=6,aura=107,base=-180001,trigger=0"
Warrior,Fury,12950,Improved Cleave,passive/talent,0,0,,,,-0.001,-0.001,0,0,,,,,,,,"E0:effect=6,aura=108,base=79,trigger=0"
Warrior,Fury,12964,Unbridled Wrath,damage,0,0,,,,,,0,0,,,,,,,,"E0:effect=30,aura=0,base=9,trigger=0"
Warrior,Fury,12966,Flurry,utility/rank,0,0,,,,15,15,0,0,,,,,,,,"E0:effect=6,aura=138,base=4,trigger=0"
Warrior,Fury,12967,Flurry,utility/rank,0,0,,,,15,15,0,0,,,,,,,,"E0:effect=6,aura=138,base=9,trigger=0"
Warrior,Fury,12968,Flurry,utility/rank,0,0,,,,15,15,0,0,,,,,,,,"E0:effect=6,aura=138,base=14,trigger=0"
Warrior,Fury,12969,Flurry,utility/rank,0,0,,,,15,15,0,0,,,,,,,,"E0:effect=6,aura=138,base=19,trigger=0"
Warrior,Fury,12970,Flurry,utility/rank,0,0,,,,15,15,0,0,,,,,,,,"E0:effect=6,aura=138,base=24,trigger=0"
Warrior,Fury,12971,Flurry,utility/rank,0,0,,,,,,0,0,,,,,,,,"E0:effect=6,aura=42,base=0,trigger=12967"
Warrior,Fury,12972,Flurry,utility/rank,0,0,,,,,,0,0,,,,,,,,"E0:effect=6,aura=42,base=0,trigger=12968"
Warrior,Fury,12973,Flurry,utility/rank,0,0,,,,,,0,0,,,,,,,,"E0:effect=6,aura=42,base=0,trigger=12969"
Warrior,Fury,12974,Flurry,utility/rank,0,0,,,,,,0,0,,,,,,,,"E0:effect=6,aura=42,base=0,trigger=12970"
Warrior,Fury,12999,Unbridled Wrath,damage,0,0,,,,-0.001,-0.001,0,0,,,,,,2,173555,"E0:effect=6,aura=42,base=-1,trigger=12964"
Warrior,Fury,13000,Unbridled Wrath,damage,0,0,,,,-0.001,-0.001,0,0,,,,,,2,173555,"E0:effect=6,aura=42,base=-1,trigger=12964"
Warrior,Fury,13001,Unbridled Wrath,damage,0,0,,,,-0.001,-0.001,0,0,,,,,,2,173555,"E0:effect=6,aura=42,base=-1,trigger=12964"
Warrior,Fury,13002,Unbridled Wrath,damage,0,0,,,,-0.001,-0.001,0,0,,,,,,2,173555,"E0:effect=6,aura=42,base=-1,trigger=12964"
Warrior,Fury,13045,Enrage,utility/rank,0,0,,,,,,0,0,,,,,,,,"E0:effect=6,aura=42,base=0,trigger=14201"
Warrior,Fury,13046,Enrage,utility/rank,0,0,,,,,,0,0,,,,,,,,"E0:effect=6,aura=42,base=0,trigger=14202"
Warrior,Fury,13047,Enrage,utility/rank,0,0,,,,,,0,0,,,,,,,,"E0:effect=6,aura=42,base=0,trigger=14203"
Warrior,Fury,13048,Enrage,utility/rank,0,0,,,,,,0,0,,,,,,,,"E0:effect=6,aura=42,base=0,trigger=14204"
Warrior,Fury,16487,Blood Craze,utility/rank,0,0,,,,,,0,0,,,,,,,,"E0:effect=6,aura=42,base=0,trigger=16488"
Warrior,Fury,16489,Blood Craze,utility/rank,0,0,,,,,,0,0,,,,,,,,"E0:effect=6,aura=42,base=0,trigger=16490"
Warrior,Fury,16492,Blood Craze,utility/rank,0,0,,,,,,0,0,,,,,,,,"E0:effect=6,aura=42,base=0,trigger=16491"
Warrior,Fury,18499,Berserker Rage,utility/rank,0,0,1.5,30,0,10,10,0,0,,262144,0,,,,,"E0:effect=6,aura=77,base=-1,trigger=0;E1:effect=6,aura=77,base=-1,trigger=0;E2:effect=6,aura=77,base=0,trigger=0"
Warrior,Fury,19870,Improved Intimidating Shout,passive/talent,0,0,,,,-0.001,-0.001,0,0,,,,,,,,"E0:effect=6,aura=107,base=999,trigger=0"
Warrior,Fury,19871,Improved Intimidating Shout,passive/talent,0,0,,,,-0.001,-0.001,0,0,,,,,,,,"E0:effect=6,aura=107,base=1999,trigger=0"
Warrior,Fury,20252,Intercept,utility/rank,0,0,0,0,30,,,8,25,type1:100,262144,0,,,,,"E0:effect=96,aura=0,base=0,trigger=0;E1:effect=64,aura=0,base=0,trigger=20253"
Warrior,Fury,20496,Improved Cleave,passive/talent,0,0,,,,-0.001,-0.001,0,0,,,,,,,,"E0:effect=6,aura=108,base=119,trigger=0"
Warrior,Fury,20500,Improved Berserker Rage,passive/talent,0,0,,,,-0.001,-0.001,0,0,,,,,,,,"E0:effect=6,aura=42,base=-1,trigger=23690"
Warrior,Fury,20501,Improved Berserker Rage,passive/talent,0,0,,,,-0.001,-0.001,0,0,,,,,,,,"E0:effect=6,aura=42,base=-1,trigger=23691"
Warrior,Fury,20502,Improved Execute,damage,0,0,,,,-0.001,-0.001,0,0,,,,,,,,"E0:effect=6,aura=107,base=-21,trigger=0"
Warrior,Fury,20503,Improved Execute,damage,0,0,,,,-0.001,-0.001,0,0,,,,,,,,"E0:effect=6,aura=107,base=-51,trigger=0"
Warrior,Fury,20504,Weapon Mastery,passive/talent,0,0,,,,,,0,0,,,,,,,,"E0:effect=6,aura=593,base=-2,trigger=0;E1:effect=6,aura=234,base=-26,trigger=0"
Warrior,Fury,20505,Weapon Mastery,passive/talent,0,0,,,,,,0,0,,,,,,,,"E0:effect=6,aura=593,base=-3,trigger=0;E1:effect=6,aura=234,base=-51,trigger=0"
Warrior,Fury,20569,Cleave,utility/rank,0,0,,,,,,0,5,type1:200,,,,,2,173555,"E0:effect=17,aura=0,base=49,trigger=0"
Warrior,Fury,20616,Intercept,utility/rank,0,0,0,0,30,,,8,25,type1:100,262144,0,,,,,"E0:effect=96,aura=0,base=0,trigger=0;E1:effect=64,aura=0,base=0,trigger=20614"
Warrior,Fury,20617,Intercept,utility/rank,0,0,0,0,30,,,8,25,type1:100,262144,0,,,,,"E0:effect=96,aura=0,base=0,trigger=0;E1:effect=64,aura=0,base=0,trigger=20615"
Warrior,Fury,20647,Execute,damage,0,0,,,,,,0,100,type1:1,,,,,,,"E0:effect=2,aura=0,base=0,trigger=0"
Warrior,Fury,20658,Execute,damage,0,0,1.5,0,0,,,0,5,type1:150,327680,0,,,2,173555,"E0:effect=3,aura=0,base=199,trigger=0"
Warrior,Fury,20660,Execute,damage,0,0,1.5,0,0,,,0,5,type1:150,327680,0,,,2,173555,"E0:effect=3,aura=0,base=324,trigger=0"
Warrior,Fury,20661,Execute,damage,0,0,1.5,0,0,,,0,5,type1:150,327680,0,,,2,173555,"E0:effect=3,aura=0,base=449,trigger=0"
Warrior,Fury,20662,Execute,damage,0,0,1.5,0,0,,,0,5,type1:150,327680,0,,,2,173555,"E0:effect=3,aura=0,base=599,trigger=0"
Warrior,Fury,23584,Dual Wield Specialization,passive/talent,0,0,,,,-0.001,-0.001,0,0,,,,,,,,"E0:effect=6,aura=122,base=4,trigger=0"
Warrior,Fury,23585,Dual Wield Specialization,passive/talent,0,0,,,,-0.001,-0.001,0,0,,,,,,,,"E0:effect=6,aura=122,base=9,trigger=0"
Warrior,Fury,23586,Dual Wield Specialization,passive/talent,0,0,,,,-0.001,-0.001,0,0,,,,,,,,"E0:effect=6,aura=122,base=14,trigger=0"
Warrior,Fury,23587,Dual Wield Specialization,passive/talent,0,0,,,,-0.001,-0.001,0,0,,,,,,,,"E0:effect=6,aura=122,base=19,trigger=0"
Warrior,Fury,23588,Dual Wield Specialization,passive/talent,0,0,,,,-0.001,-0.001,0,0,,,,,,,,"E0:effect=6,aura=122,base=24,trigger=0"
Warrior,Fury,23880,Bloodthirst,damage,0,0,,,,,,0,5,,,,,,,,"E0:effect=10,aura=0,base=9,trigger=0"
Warrior,Fury,23881,Bloodthirst,damage,0,0,1.5,0,6,,,0,5,type1:300,,,,,,,"E0:effect=2,aura=0,base=44,trigger=0"
Warrior,Fury,23885,Bloodthirst,damage,0,0,,,,8,8,0,0,,,,,,,,"E0:effect=6,aura=42,base=0,trigger=23880"
Warrior,Fury,23886,Bloodthirst,damage,0,0,,,,8,8,0,0,,,,,,,,"E0:effect=6,aura=42,base=0,trigger=23889"
Warrior,Fury,23887,Bloodthirst,damage,0,0,,,,8,8,0,0,,,,,,,,"E0:effect=6,aura=42,base=0,trigger=23890"
Warrior,Fury,23888,Bloodthirst,damage,0,0,,,,8,8,0,0,,,,,,,,"E0:effect=6,aura=42,base=0,trigger=23891"
Warrior,Fury,23889,Bloodthirst,damage,0,0,,,,,,0,5,,,,,,,,"E0:effect=10,aura=0,base=12,trigger=0"
Warrior,Fury,23890,Bloodthirst,damage,0,0,,,,,,0,5,,,,,,,,"E0:effect=10,aura=0,base=16,trigger=0"
Warrior,Fury,23891,Bloodthirst,damage,0,0,,,,,,0,5,,,,,,,,"E0:effect=10,aura=0,base=19,trigger=0"
Warrior,Fury,23892,Bloodthirst,damage,0,0,1.5,0,6,,,0,5,type1:300,,,,,,,"E0:effect=2,aura=0,base=44,trigger=0"
Warrior,Fury,23893,Bloodthirst,damage,0,0,1.5,0,6,,,0,5,type1:300,,,,,,,"E0:effect=2,aura=0,base=44,trigger=0"
Warrior,Fury,23894,Bloodthirst,damage,0,0,1.5,0,6,,,0,5,type1:300,,,,,,,"E0:effect=2,aura=0,base=44,trigger=0"
Warrior,Fury,25202,Demoralizing Shout,utility/rank,0,0,1.5,0,0,30,30,0,0,type1:100,,,,,,,"E0:effect=6,aura=99,base=-221,trigger=0"
Warrior,Fury,25203,Demoralizing Shout,utility/rank,0,0,1.5,0,0,30,30,0,0,type1:100,,,,,,,"E0:effect=6,aura=99,base=-301,trigger=0"
Warrior,Fury,25231,Cleave,utility/rank,0,0,,,,,,0,5,type1:200,,,,,2,173555,"E0:effect=17,aura=0,base=69,trigger=0"
Warrior,Fury,25234,Execute,damage,0,0,1.5,0,0,,,0,5,type1:150,327680,0,,,2,173555,"E0:effect=3,aura=0,base=749,trigger=0"
Warrior,Fury,25236,Execute,damage,0,0,1.5,0,0,,,0,5,type1:150,327680,0,,,2,173555,"E0:effect=3,aura=0,base=924,trigger=0"
Warrior,Fury,25241,Slam,utility/rank,1.5,1.5,1.5,0,0,,,0,5,type1:150,,,,,2,173555,"E0:effect=17,aura=0,base=104,trigger=0"
Warrior,Fury,25242,Slam,utility/rank,1.5,1.5,1.5,0,0,,,0,5,type1:150,,,,,2,173555,"E0:effect=17,aura=0,base=139,trigger=0"
Warrior,Fury,25251,Bloodthirst,damage,0,0,1.5,0,6,,,0,5,type1:300,,,,,,,"E0:effect=2,aura=0,base=44,trigger=0"
Warrior,Fury,25252,Bloodthirst,damage,0,0,,,,8,8,0,0,,,,,,,,"E0:effect=6,aura=42,base=0,trigger=25253"
Warrior,Fury,25253,Bloodthirst,damage,0,0,,,,,,0,5,,,,,,,,"E0:effect=10,aura=0,base=24,trigger=0"
Warrior,Fury,25272,Intercept,utility/rank,0,0,0,0,30,,,8,25,type1:100,262144,0,,,,,"E0:effect=96,aura=0,base=0,trigger=0;E1:effect=64,aura=0,base=0,trigger=25273"
Warrior,Fury,25275,Intercept,utility/rank,0,0,0,0,30,,,8,25,type1:100,262144,0,,,,,"E0:effect=96,aura=0,base=0,trigger=0;E1:effect=64,aura=0,base=0,trigger=25274"
Warrior,Fury,25289,Battle Shout,utility/rank,0,0,1.5,0,0,120,120,0,0,type1:100,,,,,,,"E0:effect=6,aura=99,base=231,trigger=0"
Warrior,Fury,26654,Sweeping Strikes,damage,0,0,,,,,,0,100,,,,,,,,"E0:effect=121,aura=0,base=0,trigger=0"
Warrior,Fury,29590,Precision,passive/talent,0,0,,,,-0.001,-0.001,0,0,,,,,,2,173555,"E0:effect=6,aura=54,base=0,trigger=0"
Warrior,Fury,29591,Precision,passive/talent,0,0,,,,-0.001,-0.001,0,0,,,,,,2,173555,"E0:effect=6,aura=54,base=1,trigger=0"
Warrior,Fury,29592,Precision,passive/talent,0,0,,,,-0.001,-0.001,0,0,,,,,,2,173555,"E0:effect=6,aura=54,base=2,trigger=0"
Warrior,Fury,29721,Improved Whirlwind,damage,0,0,,,,-0.001,-0.001,0,0,,,,,,,,"E0:effect=6,aura=107,base=-1001,trigger=0"
Warrior,Fury,29759,Improved Berserker Stance,passive/talent,0,0,,,,,,0,0,,262144,0,,,,,"E0:effect=6,aura=166,base=1,trigger=0;E1:effect=6,aura=107,base=-3,trigger=0"
Warrior,Fury,29760,Improved Berserker Stance,passive/talent,0,0,,,,,,0,0,,262144,0,,,,,"E0:effect=6,aura=166,base=3,trigger=0;E1:effect=6,aura=107,base=-5,trigger=0"
Warrior,Fury,29761,Improved Berserker Stance,passive/talent,0,0,,,,,,0,0,,262144,0,,,,,"E0:effect=6,aura=166,base=5,trigger=0;E1:effect=6,aura=107,base=-7,trigger=0"
Warrior,Fury,29762,Improved Berserker Stance,passive/talent,0,0,,,,,,0,0,,262144,0,,,,,"E0:effect=6,aura=166,base=7,trigger=0;E1:effect=6,aura=107,base=-9,trigger=0"
Warrior,Fury,29763,Improved Berserker Stance,passive/talent,0,0,,,,,,0,0,,262144,0,,,,,"E0:effect=6,aura=166,base=9,trigger=0;E1:effect=6,aura=107,base=-11,trigger=0"
Warrior,Fury,29776,Improved Whirlwind,damage,0,0,,,,-0.001,-0.001,0,0,,,,,,,,"E0:effect=6,aura=107,base=-2001,trigger=0"
Warrior,Fury,29801,Rampage,utility/rank,0,0,1.5,0,0,30,30,0,0,type1:200,,,,,,,"E0:effect=6,aura=42,base=-1,trigger=18350;E1:effect=64,aura=0,base=0,trigger=30029"
Warrior,Fury,30029,Rampage,utility/rank,0,0,,,,30,30,0,0,,,,,,,,"E0:effect=6,aura=99,base=29,trigger=0"
Warrior,Fury,30030,Rampage,utility/rank,0,0,1.5,0,0,30,30,0,0,type1:200,,,,,,,"E0:effect=6,aura=42,base=15,trigger=18350;E1:effect=64,aura=0,base=0,trigger=30031"
Warrior,Fury,30031,Rampage,utility/rank,0,0,,,,30,30,0,0,,,,,,,,"E0:effect=6,aura=99,base=39,trigger=0"
Warrior,Fury,30032,Rampage,utility/rank,0,0,,,,30,30,0,0,,,,,,,,"E0:effect=6,aura=99,base=49,trigger=0"
Warrior,Fury,30033,Rampage,utility/rank,0,0,1.5,0,0,30,30,0,0,type1:200,,,,,,,"E0:effect=6,aura=42,base=19,trigger=18350;E1:effect=64,aura=0,base=0,trigger=30032"
Warrior,Fury,30335,Bloodthirst,damage,0,0,1.5,0,6,,,0,5,type1:300,,,,,,,"E0:effect=2,aura=0,base=44,trigger=0"
Warrior,Fury,30339,Bloodthirst,damage,0,0,,,,8,8,0,0,,,,,,,,"E0:effect=6,aura=42,base=0,trigger=30340"
Warrior,Fury,30340,Bloodthirst,damage,0,0,,,,,,0,5,,,,,,,,"E0:effect=10,aura=0,base=29,trigger=0"
Warrior,Fury,33379,Rampage Passive (DND),utility/rank,0,0,,,,,,0,0,,,,,,,,"E0:effect=6,aura=42,base=-1,trigger=33380"
Warrior,Fury,34428,Victory Rush,utility/rank,0,0,1.5,0,0,,,0,5,,327680,0,,,,,"E0:effect=2,aura=0,base=44,trigger=0"
Warrior,Protection,71,Defensive Stance,utility/rank,0,0,0,0,1,-0.001,-0.001,0,0,,0,0,,,,,"E0:effect=6,aura=36,base=-1,trigger=0"
Warrior,Protection,72,Shield Bash,utility/rank,0,0,1.5,0,12,6,6,0,5,type1:100,196608,0,,,4,64,"E0:effect=68,aura=0,base=-1,trigger=0;E1:effect=2,aura=0,base=5,trigger=0"
Warrior,Protection,355,Taunt,tanking,0,0,0,0,10,3,3,0,5,,131072,0,,,,,"E0:effect=114,aura=0,base=0,trigger=0;E1:effect=6,aura=11,base=0,trigger=0"
Warrior,Protection,676,Disarm,utility/rank,0,0,1.5,0,60,10,10,0,5,type1:200,131072,0,,,,,"E0:effect=6,aura=67,base=-1,trigger=0"
Warrior,Protection,871,Shield Wall,utility/rank,0,0,1.5,0,1800,10,10,0,0,,131072,0,,,4,64,"E0:effect=6,aura=87,base=-76,trigger=0"
Warrior,Protection,1671,Shield Bash,utility/rank,0,0,1.5,0,12,6,6,0,5,type1:100,196608,0,,,4,64,"E0:effect=68,aura=0,base=-1,trigger=0;E1:effect=2,aura=0,base=17,trigger=0"
Warrior,Protection,1672,Shield Bash,utility/rank,0,0,1.5,0,12,6,6,0,5,type1:100,196608,0,,,4,64,"E0:effect=68,aura=0,base=-1,trigger=0;E1:effect=2,aura=0,base=44,trigger=0"
Warrior,Protection,2565,Shield Block,tanking,0,0,0,5,0,5,5,0,0,type1:100,131072,0,,,4,64,"E0:effect=6,aura=51,base=74,trigger=0"
Warrior,Protection,2687,Bloodrage,utility/rank,0,0,0,60,0,,,0,0,type-2:16%,,,,,,,"E0:effect=30,aura=0,base=99,trigger=0;E1:effect=64,aura=0,base=0,trigger=29131"
Warrior,Protection,3411,Intervene,utility/rank,0,0,0,30,0,10,10,8,25,type1:100,131072,0,,,,,"E0:effect=96,aura=0,base=-1,trigger=0;E1:effect=6,aura=111,base=99,trigger=0"
Warrior,Protection,6572,Revenge,tanking,0,0,1.5,0,5,,,0,5,type1:50,131072,0,,,2,173555,"E0:effect=2,aura=0,base=49,trigger=0"
Warrior,Protection,6574,Revenge,tanking,0,0,1.5,0,5,,,0,5,type1:50,131072,0,,,2,173555,"E0:effect=2,aura=0,base=76,trigger=0"
Warrior,Protection,7376,Defensive Stance Passive,utility/rank,0,0,,,,-0.001,-0.001,0,0,,,,,,,,"E0:effect=6,aura=87,base=-11,trigger=0;E1:effect=6,aura=79,base=-11,trigger=0;E2:effect=6,aura=10,base=29,trigger=0"
Warrior,Protection,7379,Revenge,tanking,0,0,1.5,0,5,,,0,5,type1:50,131072,0,,,2,173555,"E0:effect=2,aura=0,base=106,trigger=0"
Warrior,Protection,7386,Sunder Armor,tanking,0,0,1.5,0,0,30,30,0,5,type1:150,,,,,2,173555,"E0:effect=6,aura=22,base=-91,trigger=0"
Warrior,Protection,7405,Sunder Armor,tanking,0,0,1.5,0,0,30,30,0,5,type1:150,,,,,2,173555,"E0:effect=6,aura=22,base=-181,trigger=0"
Warrior,Protection,8380,Sunder Armor,tanking,0,0,1.5,0,0,30,30,0,5,type1:150,,,,,2,173555,"E0:effect=6,aura=22,base=-271,trigger=0"
Warrior,Protection,11596,Sunder Armor,tanking,0,0,1.5,0,0,30,30,0,5,type1:150,,,,,2,173555,"E0:effect=6,aura=22,base=-361,trigger=0"
Warrior,Protection,11597,Sunder Armor,tanking,0,0,1.5,0,0,30,30,0,5,type1:150,,,,,2,173555,"E0:effect=6,aura=22,base=-451,trigger=0"
Warrior,Protection,11600,Revenge,tanking,0,0,1.5,0,5,,,0,5,type1:50,131072,0,,,2,173555,"E0:effect=2,aura=0,base=179,trigger=0"
Warrior,Protection,11601,Revenge,tanking,0,0,1.5,0,5,,,0,5,type1:50,131072,0,,,2,173555,"E0:effect=2,aura=0,base=269,trigger=0"
Warrior,Protection,12295,Tactical Mastery,passive/talent,0,0,,,,,,0,0,,131072,0,,,,,"E0:effect=6,aura=4,base=4,trigger=0;E1:effect=6,aura=108,base=20,trigger=0;E2:effect=6,aura=108,base=20,trigger=0"
Warrior,Protection,12297,Anticipation,utility/rank,0,0,,,,-0.001,-0.001,0,0,,,,,,,,"E0:effect=6,aura=98,base=3,trigger=0"
Warrior,Protection,12298,Shield Specialization,passive/talent,0,0,,,,-0.001,-0.001,0,0,,,,,,,,"E0:effect=6,aura=51,base=0,trigger=0;E1:effect=6,aura=42,base=-1,trigger=23602"
Warrior,Protection,12299,Toughness,utility/rank,0,0,,,,-0.001,-0.001,0,0,,,,,,,,"E0:effect=6,aura=142,base=1,trigger=0"
Warrior,Protection,12301,Improved Bloodrage,passive/talent,0,0,,,,-0.001,-0.001,0,0,,,,,,,,"E0:effect=6,aura=107,base=29,trigger=0"
Warrior,Protection,12302,Improved Taunt,tanking,0,0,,,,-0.001,-0.001,0,0,,,,,,,,"E0:effect=6,aura=107,base=-1001,trigger=0"
Warrior,Protection,12303,Defiance,utility/rank,0,0,,,,,,0,0,,131072,0,,,,,"E0:effect=6,aura=10,base=4,trigger=0;E1:effect=6,aura=107,base=1,trigger=0"
Warrior,Protection,12308,Improved Sunder Armor,tanking,0,0,,,,-0.001,-0.001,0,0,,,,,,,,"E0:effect=6,aura=107,base=-11,trigger=0"
Warrior,Protection,12311,Improved Shield Bash,passive/talent,0,0,,,,-0.001,-0.001,0,0,,,,,,,,"E0:effect=6,aura=42,base=-1,trigger=18498"
Warrior,Protection,12312,Improved Shield Wall,passive/talent,0,0,,,,-0.001,-0.001,0,0,,,,,,,,"E0:effect=6,aura=107,base=2999,trigger=0"
Warrior,Protection,12313,Improved Disarm,passive/talent,0,0,,,,-0.001,-0.001,0,0,,,,,,,,"E0:effect=6,aura=107,base=999,trigger=0"
Warrior,Protection,12676,Tactical Mastery,passive/talent,0,0,,,,,,0,0,,131072,0,,,,,"E0:effect=6,aura=4,base=9,trigger=0;E1:effect=6,aura=108,base=41,trigger=0;E2:effect=6,aura=108,base=41,trigger=0"
Warrior,Protection,12677,Tactical Mastery,passive/talent,0,0,,,,,,0,0,,131072,0,,,,,"E0:effect=6,aura=4,base=14,trigger=0;E1:effect=6,aura=108,base=62,trigger=0;E2:effect=6,aura=108,base=62,trigger=0"
Warrior,Protection,12678,Stance Mastery,passive/talent,0,0,,,,-0.001,-0.001,0,0,,,,,,,,"E0:effect=6,aura=4,base=9,trigger=0"
Warrior,Protection,12724,Shield Specialization,passive/talent,0,0,,,,-0.001,-0.001,0,0,,,,,,,,"E0:effect=6,aura=51,base=1,trigger=0;E1:effect=6,aura=42,base=-1,trigger=23602"
Warrior,Protection,12725,Shield Specialization,passive/talent,0,0,,,,-0.001,-0.001,0,0,,,,,,,,"E0:effect=6,aura=51,base=2,trigger=0;E1:effect=6,aura=42,base=-1,trigger=23602"
Warrior,Protection,12726,Shield Specialization,passive/talent,0,0,,,,-0.001,-0.001,0,0,,,,,,,,"E0:effect=6,aura=51,base=3,trigger=0;E1:effect=6,aura=42,base=-1,trigger=23602"
Warrior,Protection,12727,Shield Specialization,passive/talent,0,0,,,,-0.001,-0.001,0,0,,,,,,,,"E0:effect=6,aura=51,base=4,trigger=0;E1:effect=6,aura=42,base=-1,trigger=23602"
Warrior,Protection,12750,Anticipation,utility/rank,0,0,,,,-0.001,-0.001,0,0,,,,,,,,"E0:effect=6,aura=98,base=7,trigger=0"
Warrior,Protection,12751,Anticipation,utility/rank,0,0,,,,-0.001,-0.001,0,0,,,,,,,,"E0:effect=6,aura=98,base=11,trigger=0"
Warrior,Protection,12752,Anticipation,utility/rank,0,0,,,,-0.001,-0.001,0,0,,,,,,,,"E0:effect=6,aura=98,base=15,trigger=0"
Warrior,Protection,12753,Anticipation,utility/rank,0,0,,,,-0.001,-0.001,0,0,,,,,,,,"E0:effect=6,aura=98,base=19,trigger=0"
Warrior,Protection,12761,Toughness,utility/rank,0,0,,,,-0.001,-0.001,0,0,,,,,,,,"E0:effect=6,aura=142,base=3,trigger=0"
Warrior,Protection,12762,Toughness,utility/rank,0,0,,,,-0.001,-0.001,0,0,,,,,,,,"E0:effect=6,aura=142,base=5,trigger=0"
Warrior,Protection,12763,Toughness,utility/rank,0,0,,,,-0.001,-0.001,0,0,,,,,,,,"E0:effect=6,aura=142,base=7,trigger=0"
Warrior,Protection,12764,Toughness,utility/rank,0,0,,,,-0.001,-0.001,0,0,,,,,,,,"E0:effect=6,aura=142,base=9,trigger=0"
Warrior,Protection,12765,Improved Taunt,tanking,0,0,,,,-0.001,-0.001,0,0,,,,,,,,"E0:effect=6,aura=107,base=-2001,trigger=0"
Warrior,Protection,12788,Defiance,utility/rank,0,0,,,,,,0,0,,131072,0,,,,,"E0:effect=6,aura=10,base=9,trigger=0;E1:effect=6,aura=107,base=3,trigger=0"
Warrior,Protection,12789,Defiance,utility/rank,0,0,,,,,,0,0,,131072,0,,,,,"E0:effect=6,aura=10,base=14,trigger=0;E1:effect=6,aura=107,base=5,trigger=0"
Warrior,Protection,12797,Improved Revenge,tanking,0,0,,,,-0.001,-0.001,0,0,,,,,,,,"E0:effect=6,aura=42,base=-1,trigger=12798"
Warrior,Protection,12798,Revenge Stun,tanking,0,0,,,,3,3,0,100,,,,,,,,"E0:effect=6,aura=12,base=99,trigger=0"
Warrior,Protection,12799,Improved Revenge,tanking,0,0,,,,-0.001,-0.001,0,0,,,,,,,,"E0:effect=6,aura=42,base=-1,trigger=12798"
Warrior,Protection,12800,Improved Revenge,tanking,0,0,,,,-0.001,-0.001,0,0,,,,,,,,"E0:effect=6,aura=42,base=-1,trigger=12798"
Warrior,Protection,12803,Improved Shield Wall,passive/talent,0,0,,,,-0.001,-0.001,0,0,,,,,,,,"E0:effect=6,aura=107,base=4999,trigger=0"
Warrior,Protection,12804,Improved Disarm,passive/talent,0,0,,,,-0.001,-0.001,0,0,,,,,,,,"E0:effect=6,aura=107,base=1999,trigger=0"
Warrior,Protection,12807,Improved Disarm,passive/talent,0,0,,,,-0.001,-0.001,0,0,,,,,,,,"E0:effect=6,aura=107,base=2999,trigger=0"
Warrior,Protection,12809,Concussion Blow,utility/rank,0,0,0,45,0,5,5,0,5,type1:150,,,,,2,173555,"E0:effect=6,aura=12,base=-1,trigger=0"
Warrior,Protection,12810,Improved Sunder Armor,tanking,0,0,,,,-0.001,-0.001,0,0,,,,,,,,"E0:effect=6,aura=107,base=-21,trigger=0"
Warrior,Protection,12811,Improved Sunder Armor,tanking,0,0,,,,-0.001,-0.001,0,0,,,,,,,,"E0:effect=6,aura=107,base=-31,trigger=0"
Warrior,Protection,12818,Improved Bloodrage,passive/talent,0,0,,,,-0.001,-0.001,0,0,,,,,,,,"E0:effect=6,aura=107,base=59,trigger=0"
Warrior,Protection,12945,Improved Shield Block,tanking,0,0,,,,-0.001,-0.001,0,0,,,,,,,,"E0:effect=6,aura=107,base=0,trigger=0;E1:effect=6,aura=107,base=999,trigger=0"
Warrior,Protection,12958,Improved Shield Bash,passive/talent,0,0,,,,-0.001,-0.001,0,0,,,,,,,,"E0:effect=6,aura=42,base=-1,trigger=18498"
Warrior,Protection,12975,Last Stand,utility/rank,0,0,0,480,0,,,0,0,,,,,,,,"E0:effect=3,aura=0,base=0,trigger=0"
Warrior,Protection,12976,Last Stand,utility/rank,0,0,,,,20,20,0,0,,,,,,,,"E0:effect=6,aura=34,base=0,trigger=0"
Warrior,Protection,16538,One-Handed Weapon Specialization,passive/talent,0,0,,,,,,0,0,,,,,,2,41105,"E0:effect=6,aura=79,base=1,trigger=0"
Warrior,Protection,16539,One-Handed Weapon Specialization,passive/talent,0,0,,,,,,0,0,,,,,,2,41105,"E0:effect=6,aura=79,base=3,trigger=0"
Warrior,Protection,16540,One-Handed Weapon Specialization,passive/talent,0,0,,,,,,0,0,,,,,,2,41105,"E0:effect=6,aura=79,base=5,trigger=0"
Warrior,Protection,16541,One-Handed Weapon Specialization,passive/talent,0,0,,,,,,0,0,,,,,,2,41105,"E0:effect=6,aura=79,base=7,trigger=0"
Warrior,Protection,16542,One-Handed Weapon Specialization,passive/talent,0,0,,,,,,0,0,,,,,,2,41105,"E0:effect=6,aura=79,base=9,trigger=0"
Warrior,Protection,18498,Shield Bash - Silenced,pvp-control,0,0,,,,3,3,0,50000,,134217728,0,,,,,"E0:effect=6,aura=27,base=0,trigger=0"
Warrior,Protection,20243,Devastate,tanking,0,0,1.5,0,0,,,0,5,type1:150,,,,,2,41105,"E0:effect=31,aura=0,base=49,trigger=0;E1:effect=121,aura=0,base=14,trigger=0"
Warrior,Protection,23920,Spell Reflection,utility/rank,0,0,0,10,0,5,5,0,0,type1:250,196608,0,,,4,64,"E0:effect=6,aura=28,base=99,trigger=0"
Warrior,Protection,23922,Shield Slam,tanking,0,0,1.5,0,6,,,0,5,type1:200,,,,,4,64,"E0:effect=38,aura=0,base=0,trigger=0;E1:effect=2,aura=0,base=224,trigger=0"
Warrior,Protection,23923,Shield Slam,tanking,0,0,1.5,0,6,,,0,5,type1:200,,,,,4,64,"E0:effect=38,aura=0,base=0,trigger=0;E1:effect=2,aura=0,base=263,trigger=0"
Warrior,Protection,23924,Shield Slam,tanking,0,0,1.5,0,6,,,0,5,type1:200,,,,,4,64,"E0:effect=38,aura=0,base=0,trigger=0;E1:effect=2,aura=0,base=302,trigger=0"
Warrior,Protection,23925,Shield Slam,tanking,0,0,1.5,0,6,,,0,5,type1:200,,,,,4,64,"E0:effect=38,aura=0,base=0,trigger=0;E1:effect=2,aura=0,base=341,trigger=0"
Warrior,Protection,25225,Sunder Armor,tanking,0,0,1.5,0,0,30,30,0,5,type1:150,,,,,2,173555,"E0:effect=6,aura=22,base=-521,trigger=0"
Warrior,Protection,25258,Shield Slam,tanking,0,0,1.5,0,6,,,0,5,type1:200,,,,,4,64,"E0:effect=38,aura=0,base=0,trigger=0;E1:effect=2,aura=0,base=380,trigger=0"
Warrior,Protection,25269,Revenge,tanking,0,0,1.5,0,5,,,0,5,type1:50,131072,0,,,2,173555,"E0:effect=2,aura=0,base=359,trigger=0"
Warrior,Protection,25288,Revenge,tanking,0,0,1.5,0,5,,,0,5,type1:50,131072,0,,,2,173555,"E0:effect=2,aura=0,base=341,trigger=0"
Warrior,Protection,29140,Vitality,utility/rank,0,0,,,,-0.001,-0.001,0,0,,,,,,,,"E0:effect=6,aura=137,base=0,trigger=0;E1:effect=6,aura=137,base=1,trigger=0"
Warrior,Protection,29143,Vitality,utility/rank,0,0,,,,-0.001,-0.001,0,0,,,,,,,,"E0:effect=6,aura=137,base=1,trigger=0;E1:effect=6,aura=137,base=3,trigger=0"
Warrior,Protection,29144,Vitality,utility/rank,0,0,,,,-0.001,-0.001,0,0,,,,,,,,"E0:effect=6,aura=137,base=2,trigger=0;E1:effect=6,aura=137,base=5,trigger=0"
Warrior,Protection,29145,Vitality,utility/rank,0,0,,,,-0.001,-0.001,0,0,,,,,,,,"E0:effect=6,aura=137,base=3,trigger=0;E1:effect=6,aura=137,base=7,trigger=0"
Warrior,Protection,29146,Vitality,utility/rank,0,0,,,,-0.001,-0.001,0,0,,,,,,,,"E0:effect=6,aura=137,base=4,trigger=0;E1:effect=6,aura=137,base=9,trigger=0"
Warrior,Protection,29593,Improved Defensive Stance,passive/talent,0,0,,,,-0.001,-0.001,0,0,,131072,0,,,,,"E0:effect=6,aura=87,base=-3,trigger=0"
Warrior,Protection,29594,Improved Defensive Stance,passive/talent,0,0,,,,-0.001,-0.001,0,0,,131072,0,,,,,"E0:effect=6,aura=87,base=-5,trigger=0"
Warrior,Protection,29595,Improved Defensive Stance,passive/talent,0,0,,,,-0.001,-0.001,0,0,,131072,0,,,,,"E0:effect=6,aura=87,base=-7,trigger=0"
Warrior,Protection,29598,Shield Mastery,passive/talent,0,0,,,,-0.001,-0.001,0,0,,,,,,,,"E0:effect=6,aura=561,base=9,trigger=0"
Warrior,Protection,29599,Shield Mastery,passive/talent,0,0,,,,-0.001,-0.001,0,0,,,,,,,,"E0:effect=6,aura=561,base=19,trigger=0"
Warrior,Protection,29600,Shield Mastery,passive/talent,0,0,,,,-0.001,-0.001,0,0,,,,,,,,"E0:effect=6,aura=561,base=29,trigger=0"
Warrior,Protection,29704,Shield Bash,utility/rank,0,0,1.5,0,12,6,6,0,5,type1:100,196608,0,,,4,64,"E0:effect=68,aura=0,base=-1,trigger=0;E1:effect=2,aura=0,base=62,trigger=0;E2:effect=64,aura=0,base=0,trigger=29703"
Warrior,Protection,29787,Focused Rage,passive/talent,0,0,,,,,,0,0,,,,,,,,"E0:effect=6,aura=107,base=-11,trigger=0"
Warrior,Protection,29790,Focused Rage,passive/talent,0,0,,,,,,0,0,,,,,,,,"E0:effect=6,aura=107,base=-21,trigger=0"
Warrior,Protection,29792,Focused Rage,passive/talent,0,0,,,,,,0,0,,,,,,,,"E0:effect=6,aura=107,base=-31,trigger=0"
Warrior,Protection,30016,Devastate,tanking,0,0,1.5,0,0,,,0,5,type1:150,,,,,2,41105,"E1:effect=121,aura=0,base=24,trigger=0;E0:effect=31,aura=0,base=49,trigger=0"
Warrior,Protection,30022,Devastate,tanking,0,0,1.5,0,0,,,0,5,type1:150,,,,,2,41105,"E1:effect=121,aura=0,base=34,trigger=0;E0:effect=31,aura=0,base=49,trigger=0"
Warrior,Protection,30356,Shield Slam,tanking,0,0,1.5,0,6,,,0,5,type1:200,,,,,4,64,"E0:effect=38,aura=0,base=0,trigger=0;E1:effect=2,aura=0,base=419,trigger=0"
Warrior,Protection,30357,Revenge,tanking,0,0,1.5,0,5,,,0,5,type1:50,131072,0,,,2,173555,"E0:effect=2,aura=0,base=413,trigger=0"
Warrior,Protection,45471,Defiance Expertise Passive (DND),utility/rank,0,0,,,,,,0,0,,,,,,,,"E0:effect=6,aura=240,base=-1,trigger=0"
